indice,id_producto,nombre_producto,hexadecimal,categoria_prenda,subcategoria_prenda,adventurous,weather,style,application,print,basic,nivel,subnivel
3,6e6b4255-006a-4d13-b312-3b1426290d8e,Poly Pant deeluxe,B11730,bottoms,cigarette,3,warm_season,casual,freetime,smooth,False,2,2.2
21,2ccf1dc1-0e59-4cc7-8c5f-ee7a7d59a750,Long Tshirt stripe,ECE9D6,top,hoodies,2,warm_season,boho,freetime,horizontal_stripes,False,3,3.1
22,ce077e88-0e94-46c9-b838-cd4ad6b9c9c2,Turna Top flounce ,5F5E5E,top,tops,3,warm_season,boho,work,smooth,False,3,3.1
23,4c05f17f-d370-4f39-8e6c-4cb3053133d8,Raye Tshirt peak ,00008b,top,t-shirts,3,warm_season,boho,freetime,horizontal_stripes,False,3,3.1
24,04a76335-e215-4c32-bf11-40cf9dc95284,Burle Jacket bomb,000000,outerwear,bomber,4,warm_season,boho,freetime,sheets,False,4,4.1
25,68052b19-9f70-4bf5-a9d4-9be52d2c0e2d,Denim Jacket sew ,00008b,outerwear,biker,2,warm_season,street,freetime,smooth,False,4,4.1
27,e9915d28-1516-4fac-96e9-51f65a8ecee5,Onlblush Jeans noos,FFFFFF,bottoms,cigarette,3,warm_season,street,freetime,smooth,False,2,2.2
45,1657c9fa-aedf-487d-8578-0c703190d283,Ball Jacket bomber ,666633,outerwear,bomber,3,cold_season,street,freetime,smooth,False,4,4.1
46,1657c9fa-aedf-487d-8578-0c703190d283,Ball Jacket bomber ,00008b,outerwear,bomber,3,cold_season,street,freetime,smooth,False,4,4.1
47,466c3a14-4f23-4c66-a25e-dd7265d364c8,Wall Shirt kilky ,008000,top,shirt,2,warm_season,casual,work,vertical_stripes,False,3,3.1
48,466c3a14-4f23-4c66-a25e-dd7265d364c8,Wall Shirt kilky ,87CEFA,top,shirt,2,warm_season,casual,work,vertical_stripes,False,3,3.1
49,cfd5b0c1-044a-411f-93a4-032b02fa0560,Lua Cardigan colors ,D3D3D3,top,cardigan,3,cold_season,street,freetime,horizontal_stripes,False,3,3.1
50,cfd5b0c1-044a-411f-93a4-032b02fa0560,Lua Cardigan colors ,000081,top,cardigan,3,cold_season,street,freetime,horizontal_stripes,False,3,3.1
51,86ac8e1c-3288-4872-9e38-5257041a1d7f,Lunce Top colors ,FFFFFF,top,tops,3,warm_season,classic,night,smooth,False,3,3.1
52,86ac8e1c-3288-4872-9e38-5257041a1d7f,Lunce Top colors ,008000,top,tops,3,warm_season,classic,night,smooth,False,3,3.1
53,86ac8e1c-3288-4872-9e38-5257041a1d7f,Lunce Top colors ,DEB24C,top,tops,3,warm_season,classic,night,smooth,False,3,3.1
54,86ac8e1c-3288-4872-9e38-5257041a1d7f,Lunce Top colors ,000000,top,tops,3,warm_season,classic,night,smooth,False,3,3.1
55,86ac8e1c-3288-4872-9e38-5257041a1d7f,Lunce Top colors ,FFA500,top,tops,3,warm_season,classic,night,smooth,False,3,3.1
56,17b3aeca-22dc-419c-b207-a1ebc106df5e,Jule Sweater colors ,000000,top,sweaters,2,cold_season,boho,freetime,smooth,False,3,3.1
57,17b3aeca-22dc-419c-b207-a1ebc106df5e,Jule Sweater colors ,B11730,top,sweaters,2,cold_season,boho,freetime,smooth,False,3,3.1
58,17b3aeca-22dc-419c-b207-a1ebc106df5e,Jule Sweater colors ,FFFFFF,top,sweaters,2,cold_season,boho,freetime,smooth,False,3,3.1
59,17b3aeca-22dc-419c-b207-a1ebc106df5e,Jule Sweater colors ,DEB24C,top,sweaters,2,cold_season,boho,freetime,smooth,False,3,3.1
60,c83994fb-903b-493b-af93-1239aa691d65,Aitana Jacket moon,00008b,outerwear,bomber,3,warm_season,casual,freetime,smooth,False,4,4.1
70,8cbed41b-7e50-4ab7-be33-fb3d6d4730ab,Olive Pant crux ,000000,bottoms,jegging,2,cold_season,classic,work,herringbone,False,2,2.2
71,878d0b20-a0f7-4c8e-948c-03762e67dda2,Ava Dress printed,FFFFFF,dress,with_pleat,3,warm,boho,freetime,floral,False,1,1.1
72,878d0b20-a0f7-4c8e-948c-03762e67dda2,Ava Dress printed,00008b,dress,with_pleat,3,warm,boho,freetime,floral,False,1,1.1
73,649769c3-e30c-4018-8474-31f750affd84,Akoz Shirt venus ,F29985,top,shirt,2,warm_season,classic,work,smooth,False,3,3.1
74,649769c3-e30c-4018-8474-31f750affd84,Akoz Shirt venus ,BBE2AD,top,shirt,2,warm_season,classic,work,smooth,False,3,3.1
75,649769c3-e30c-4018-8474-31f750affd84,Akoz Shirt venus ,DEB24C,top,shirt,2,warm_season,classic,work,smooth,False,3,3.1
76,649769c3-e30c-4018-8474-31f750affd84,Akoz Shirt venus ,00008b,top,shirt,2,warm_season,classic,work,smooth,False,3,3.1
77,649769c3-e30c-4018-8474-31f750affd84,Akoz Shirt venus ,ECE9D6,top,shirt,2,warm_season,classic,work,smooth,False,3,3.1
78,649769c3-e30c-4018-8474-31f750affd84,Akoz Shirt venus ,000000,top,shirt,2,warm_season,classic,work,smooth,False,3,3.1
79,b71a1920-5853-4238-b92e-6e3d1e3c4c72,Viseana Pant chino ,666633,bottoms,chino,2,warm_season,classic,work,smooth,False,2,2.2
80,b71a1920-5853-4238-b92e-6e3d1e3c4c72,Viseana Pant chino ,ECE9D6,bottoms,chino,2,warm_season,classic,work,smooth,False,2,2.2
81,3e4da57d-808c-423e-a82b-924659ba09d1,Arya Shirt easy,008000,top,shirt,3,warm_season,boho,freetime,floral,False,3,3.1
83,a8b270cc-39e9-4f22-aab7-cf295e1368e3,Cerise Top juno ,DEB24C,top,tops,3,warm,boho,work,floral,False,3,3.1
87,6884fe3a-bd99-4e37-b4f0-b95065c9d0f9,Boho Top cerise,FFFFFF,top,tops,2,warm,boho,freetime,smooth,False,3,3.1
93,37063d28-8cb5-4b98-9309-0817824f734b,Akoz Skirt spring ,B94600,skirt,pleated,3,warm_season,boho,freetime,retro,False,2,2.1
94,0c068baa-9644-4961-a928-4c55badec158,Vijules Jeans washed,000081,bottoms,mom_jeans,3,warm_season,street,freetime,smooth,False,2,2.2
95,0c068baa-9644-4961-a928-4c55badec158,Vijules Jeans washed,FFC0CB,bottoms,mom_jeans,3,warm_season,street,freetime,smooth,False,2,2.2
96,f488b259-9e26-41df-9f45-ffb32411b53a,Lindex Pant nice,DEB24C,bottoms,skinny,2,warm_season,boho,freetime,smooth,False,2,2.2
97,63cf15e3-4200-414f-b0d6-085963bcd9a3,Lindex Shirt dots,00008b,top,shirt,2,warm_season,classic,work,polka_dot,False,3,3.1
98,7c28b581-1710-4c76-aade-52cb58c9c38e,Lindex Shirt stripes,F29985,top,shirt,2,warm_season,classic,work,vertical_stripes,False,3,3.1
99,ea3eee88-e9ee-4313-8824-c612208f5094,Lindex Pant hannah,87CEFA,bottoms,chino,2,warm_season,classic,work,smooth,False,2,2.2
100,ea3eee88-e9ee-4313-8824-c612208f5094,Lindex Pant hannah,00008b,bottoms,chino,2,warm_season,classic,work,smooth,False,2,2.2
101,8602347f-7474-49d4-8491-a8caee98ae9d,Sally Jeans denim,00008b,bottoms,skinny,2,warm_season,classic,work,smooth,False,2,2.2
103,51173c8f-3b85-4ac6-bb2a-73ec910e7985,Holly Shirt light,87CEFA,top,shirt,3,warm_season,classic,work,printed,False,3,3.1
111,d9c1cfe0-821e-4759-8b6e-1af60075b166,Feather Top cerise ,FFA500,top,tops,2,warm_season,boho,freetime,sheets,False,3,3.1
115,a8cc33d4-08c3-44b4-b259-904fb745e36c,Lindex Jacket belt ,5F5E5E,outerwear,trench,3,warm_season,boho,freetime,smooth,False,4,4.1
116,a8cc33d4-08c3-44b4-b259-904fb745e36c,Lindex Jacket belt ,FFC0CB,outerwear,trench,3,warm_season,boho,freetime,smooth,False,4,4.1
117,a8cc33d4-08c3-44b4-b259-904fb745e36c,Lindex Jacket belt ,666633,outerwear,trench,3,warm_season,boho,freetime,smooth,False,4,4.1
125,511a24b0-c422-4833-a646-669cb4a75373,Leopard Sweatshirt dixie,ECE9D6,top,hoodies,3,cold_season,street,freetime,animal_print,False,3,3.1
126,c6a2397c-cb85-429f-a04e-4d2a1f3fb4bf,Objwin Skirt denim,FFFFFF,skirt,straight,3,warm_season,casual,freetime,smooth,False,2,2.1
128,d633120b-d79f-4674-b692-fffb790b5d49,Closet Jacket arizona,ECE9D6,outerwear,kimono,3,warm_season,boho,freetime,floral,False,4,4.1
131,33dbd617-92e5-457d-bcee-5c33145050f6,Alanis Sweatshirt mellow,FFFF00,top,hoodies,3,cold_season,casual,freetime,smooth,False,3,3.1
132,fd1de2ea-773b-4de3-8f10-ab67f354be73,Eurydice Top nice ,666633,top,tops,3,warm,night,night,smooth,False,3,3.1
133,fd1de2ea-773b-4de3-8f10-ab67f354be73,Eurydice Top nice ,000000,top,tops,3,warm,night,night,smooth,False,3,3.1
137,0976f186-9b3f-425d-a1a6-33aa309557ed,Nissa Shirt sweet,ECE9D6,top,shirt,2,warm_season,classic,work,smooth,False,3,3.1
138,0976f186-9b3f-425d-a1a6-33aa309557ed,Nissa Shirt sweet,000000,top,shirt,2,warm_season,classic,work,smooth,False,3,3.1
141,ed6f3632-46ab-491a-8bc6-bec0e5c5409b,Jrqueen Jeans slim,000000,bottoms,cigarette,2,warm_season,casual,freetime,smooth,False,2,2.2
142,3e7974a6-8bd4-4895-88f4-5d332e84d0fb,Masha Tshirt tee,ECE9D6,top,t-shirts,2,warm,casual,freetime,horizontal_stripes,False,3,3.1
143,190ecf40-c116-4c35-8736-57b273383902,Masha Tshirt mid,ECE9D6,top,t-shirts,2,warm_season,casual,freetime,horizontal_stripes,False,3,3.1
144,aa5ca9a2-5114-4b08-9d8e-988007475ae0,Panik Tshirt one,FFFFFF,top,t-shirts,2,warm,boho,freetime,smooth,False,3,3.1
147,00cef638-ccb2-4ed6-8256-1cd62a187bf3,Brun Tshirt bananas,00008b,top,t-shirts,2,cold_season,casual,freetime,horizontal_stripes,False,3,3.1
148,92ace421-bca5-46b7-a5fb-02d8d84730dd,Joy Shirt giraffe,FFFFFF,top,shirt,4,warm_season,boho,freetime,printed,False,3,3.1
149,d03d4b59-0807-4f12-86d3-461846648dac,Flower Scarf big,614051,scarf,handkerchief,3,warm,boho,freetime,animal_print,False,4,4.2
150,d03d4b59-0807-4f12-86d3-461846648dac,Flower Scarf big,008000,scarf,handkerchief,3,warm,boho,freetime,animal_print,False,4,4.2
151,ad8fb61a-85d8-41a5-9776-7ae7d4feb843,Closet Shirt maine,ECE9D6,top,shirt,2,warm_season,classic,freetime,floral,False,3,3.1
155,5f2048c6-4e7b-45f7-bc30-ae187b0b5cec,Cherry Sweater print ,00008b,top,sweaters,3,cold_season,boho,freetime,printed,False,3,3.1
156,8a7b4bf2-dc4c-4698-a7f4-69a77b612bf1,Nando Scarf stola ,800000,scarf,foulard,3,warm_season,casual,work,smooth,False,4,4.2
157,8a7b4bf2-dc4c-4698-a7f4-69a77b612bf1,Nando Scarf stola ,808080,scarf,foulard,3,warm_season,casual,work,smooth,False,4,4.2
158,8a7b4bf2-dc4c-4698-a7f4-69a77b612bf1,Nando Scarf stola ,00008b,scarf,foulard,3,warm_season,casual,work,smooth,False,4,4.2
159,8b2abe8a-1737-4f5b-9c49-3870d48f7d7d,Closet Dress texas,000081,dress,shirt,3,warm,boho,freetime,floral,False,1,1.1
162,e5991517-b8a3-483b-917a-5befa1c31503,Edith Pant beng,00008b,bottoms,chino,2,warm_season,classic,work,smooth,False,2,2.2
163,e5991517-b8a3-483b-917a-5befa1c31503,Edith Pant beng,000000,bottoms,chino,2,warm_season,classic,work,smooth,False,2,2.2
164,e5991517-b8a3-483b-917a-5befa1c31503,Edith Pant beng,DFC8B2,bottoms,chino,2,warm_season,classic,work,smooth,False,2,2.2
166,0491fefe-ed47-4361-8f72-a56a733e4ff8,Closet Dress michigan,000000,dress,shirt,3,warm,boho,freetime,floral,False,1,1.1
170,312ea917-b9ef-4cff-bcc5-a665122e67b5,Lesa Shirt saint,000000,top,blouse,2,warm_season,classic,work,miniprint,False,3,3.1
173,e86d3683-5746-4bf0-a6db-10d54e585539,Coco Tshirt tank,BBE2AD,top,t-shirts,3,warm,street,freetime,smooth,False,3,3.1
174,e86d3683-5746-4bf0-a6db-10d54e585539,Coco Tshirt tank,5F5E5E,top,t-shirts,3,warm,street,freetime,smooth,False,3,3.1
175,6f13b71f-4667-49d0-9c67-3aa65209ea3d,Amuse Tshirt society,5F5E5E,top,t-shirts,2,warm_season,street,freetime,smooth,False,3,3.1
176,6f13b71f-4667-49d0-9c67-3aa65209ea3d,Amuse Tshirt society,ECE9D6,top,t-shirts,2,warm_season,street,freetime,smooth,False,3,3.1
178,47f52c55-05c8-4e2b-9bce-97ebe640b782,Closet Jacket illinois,000000,outerwear,kimono,3,warm,night,freetime,floral,False,4,4.1
179,47f17c66-962b-46e0-89f0-79a79dc4a7de,Palm Tshirt rainbow ,FFFFFF,top,hoodies,3,warm_season,street,freetime,horizontal_stripes,False,3,3.1
187,93cc89ac-f4f8-41ca-9420-2bd7fc4869e7,Limbo Scarf stola,000081,scarf,foulard,2,warm_season,casual,freetime,horizontal_stripes,False,4,4.2
188,93cc89ac-f4f8-41ca-9420-2bd7fc4869e7,Limbo Scarf stola,FFC0CB,scarf,foulard,2,warm_season,casual,freetime,horizontal_stripes,False,4,4.2
200,85fe5f92-4bdf-4d21-a503-5ca6eba08435,Dusta Skirt doll ,462C0E,skirt,pleated,3,warm_season,boho,work,polka_dot,False,2,2.1
201,85fe5f92-4bdf-4d21-a503-5ca6eba08435,Dusta Skirt doll ,000000,skirt,pleated,3,warm_season,boho,work,polka_dot,False,2,2.1
209,0f069273-af2d-4d67-9a94-b48c79374070,Carth Jeans noss ,000081,bottoms,cigarette,2,warm_season,street,freetime,smooth,False,2,2.2
238,9675fef9-377f-4cf1-9e8e-1891d459dc0a,Vinaja Jacket short,164A0A,outerwear,jacket,1,cold_season,classic,working_girl,smooth,True,4,4.1
244,9675fef9-377f-4cf1-9e8e-1891d459dc0a,Vinaja Jacket short,808080,outerwear,jacket,1,cold_season,classic,working_girl,smooth,True,4,4.1
245,9675fef9-377f-4cf1-9e8e-1891d459dc0a,Vinaja Jacket short,00008b,outerwear,jacket,1,cold_season,classic,working_girl,smooth,True,4,4.1
254,f492187f-9cc1-42bf-9f04-c64a0932db1b,Ycoo Pant nice ,DFC8B2,bottoms,chino,2,warm_season,classic,work,smooth,False,2,2.2
255,6650308e-bfd3-46b2-8310-2d78a3dfaaf3,Organic Cardigan rose,DEB24C,top,cardigan,3,warm_season,boho,work,smooth,False,3,3.1
256,6650308e-bfd3-46b2-8310-2d78a3dfaaf3,Organic Cardigan rose,800000,top,cardigan,3,warm_season,boho,work,smooth,False,3,3.1
257,6650308e-bfd3-46b2-8310-2d78a3dfaaf3,Organic Cardigan rose,87CEFA,top,cardigan,3,warm_season,boho,work,smooth,False,3,3.1
258,6650308e-bfd3-46b2-8310-2d78a3dfaaf3,Organic Cardigan rose,FFA500,top,cardigan,3,warm_season,boho,work,smooth,False,3,3.1
269,0fe6f14c-86cf-4bf8-9327-ce28725cd153,Elina Sweater blaz ,00008b,top,sweaters,2,warm_season,casual,work,smooth,False,3,3.1
270,0fe6f14c-86cf-4bf8-9327-ce28725cd153,Elina Sweater blaz ,666633,top,sweaters,2,warm_season,casual,work,smooth,False,3,3.1
271,0fe6f14c-86cf-4bf8-9327-ce28725cd153,Elina Sweater blaz ,ECE9D6,top,sweaters,2,warm_season,casual,work,smooth,False,3,3.1
272,64ad6071-b430-4831-a3a1-639dd58400bd,Ihcayce Tshirt stripes ,000081,top,t-shirts,3,warm_season,casual,freetime,horizontal_stripes,False,3,3.1
273,64ad6071-b430-4831-a3a1-639dd58400bd,Ihcayce Tshirt stripes ,FFFF00,top,t-shirts,3,warm_season,casual,freetime,horizontal_stripes,False,3,3.1
274,64ad6071-b430-4831-a3a1-639dd58400bd,Ihcayce Tshirt stripes ,000000,top,t-shirts,3,warm_season,casual,freetime,horizontal_stripes,False,3,3.1
275,816d9469-61c6-4fcc-b679-2ba4b4e1057e,Zinka Dress summer,000000,dress,beachy,2,warm_season,boho,freetime,sheets,False,1,1.1
276,816d9469-61c6-4fcc-b679-2ba4b4e1057e,Zinka Dress summer,B11730,dress,beachy,2,warm_season,boho,freetime,sheets,False,1,1.1
277,6725ccf1-cb4b-4a23-9e1e-91a3764f9aa2,Zinka Shirt flower,000000,top,blouse,2,warm_season,classic,work,floral,False,3,3.1
278,4862a20d-5121-4350-8a4b-af7d7a0f53d7,Spice Tshirt mila,FFFF00,top,t-shirts,3,warm_season,boho,freetime,printed,False,3,3.1
279,4862a20d-5121-4350-8a4b-af7d7a0f53d7,Spice Tshirt mila,D84936,top,t-shirts,3,warm_season,boho,freetime,printed,False,3,3.1
280,4862a20d-5121-4350-8a4b-af7d7a0f53d7,Spice Tshirt mila,FFFFFF,top,t-shirts,3,warm_season,boho,freetime,printed,False,3,3.1
281,4862a20d-5121-4350-8a4b-af7d7a0f53d7,Spice Tshirt mila,00008b,top,t-shirts,3,warm_season,boho,freetime,printed,False,3,3.1
285,27f6e752-0cbf-4d54-bf5f-89c08a861760,Vidream Tshirt pure ,008000,top,t-shirts,2,warm_season,casual,freetime,smooth,False,3,3.1
286,27f6e752-0cbf-4d54-bf5f-89c08a861760,Vidream Tshirt pure ,666633,top,t-shirts,2,warm_season,casual,freetime,smooth,False,3,3.1
287,8b361e4f-f5e4-41da-9ff8-728d5b166fc8,Film Bag autum ,DFC8B2,bag,crossbag,3,warm,boho,freetime,smooth,False,4,4.3
289,f66d8fbf-eb72-422f-a4b3-ea00cfae5067,Kate Jeans denim ,800000,bottoms,bermuda,3,warm,casual,freetime,smooth,False,2,2.2
290,66449b3d-d567-41fe-82cc-59503e582bc8,Objcecil Pant season ,FFC0CB,bottoms,straight,3,warm_season,classic,work,smooth,False,2,2.2
291,66449b3d-d567-41fe-82cc-59503e582bc8,Objcecil Pant season ,008000,bottoms,straight,3,warm_season,classic,work,smooth,False,2,2.2
292,66449b3d-d567-41fe-82cc-59503e582bc8,Objcecil Pant season ,164A0A,bottoms,straight,3,warm_season,classic,work,smooth,False,2,2.2
297,30d6b5b8-fa1c-449c-adc3-c166d8acf729,Carstorm Jeans noos ,00008b,bottoms,cigarette,2,warm_season,casual,work,smooth,False,2,2.2
301,9d21c8f0-1551-459e-926b-0fc10ed41ae0,King Skirt garden ,ECE9D6,skirt,circle_skirt,3,warm_season,boho,freetime,floral,False,2,2.1
305,6428e8ac-5ee5-4948-853e-2075859c3aad,Pcfive Jean skn ,000000,bottoms,cigarette,2,warm_season,street,freetime,smooth,False,2,2.2
306,47b81561-93bc-43b3-8676-a28b71844ff4,Tiel Pant paris ,C19A6B,bottoms,paper_bag,3,warm_season,minimal,work,smooth,False,2,2.2
307,47b81561-93bc-43b3-8676-a28b71844ff4,Tiel Pant paris ,B94600,bottoms,paper_bag,3,warm_season,minimal,work,smooth,False,2,2.2
308,47b81561-93bc-43b3-8676-a28b71844ff4,Tiel Pant paris ,000000,bottoms,paper_bag,3,warm_season,minimal,work,smooth,False,2,2.2
309,47b81561-93bc-43b3-8676-a28b71844ff4,Tiel Pant paris ,164A0A,bottoms,paper_bag,3,warm_season,minimal,work,smooth,False,2,2.2
310,1fb66c41-be23-4432-9028-71f0ff48a69a,Laure Dress itta,164A0A,dress,with_pleat,2,warm,boho,freetime,retro,False,1,1.1
311,a64d05a8-2960-4ce3-94ab-bde73967e54b,Minnie Dress flower,00008b,dress,with_pleat,2,warm_season,boho,freetime,floral,False,1,1.1
312,a64d05a8-2960-4ce3-94ab-bde73967e54b,Minnie Dress flower,D84936,dress,with_pleat,2,warm_season,boho,freetime,floral,False,1,1.1
313,5cc88cfc-aa93-491e-b3f9-adef65f4f3f6,Allison Skirt easy,008000,skirt,flared_skirt,3,warm,boho,freetime,floral,False,2,2.1
318,6806dda3-1c23-4347-8036-f3c26e674cbd,Dita Dress sharp,D84936,dress,shirt,3,warm,boho,freetime,smooth,False,1,1.1
319,f00e115d-86a7-4cc3-a2c6-6d2c8de67dff,Arel Bag gold ,462C0E,bag,crossbag,4,warm_season,classic,freetime,smooth,False,4,4.3
325,92853f63-855f-4840-812a-dcb3bf6326d8,Dust Short summer,A57E62,bottoms,shorts,3,warm,boho,freetime,vertical_stripes,False,2,2.2
326,fe0dbe3f-bd18-44ef-8ef6-76ba1a5c1f9d,Paisley Shirt multi,BBA9E4,top,blouse,3,warm_season,classic,work,cachemere,False,3,3.1
327,f32b68cb-3274-4f18-a2b8-c1e33216b4c5,Buttons Top summ,DFC8B2,top,tops,3,warm,boho,freetime,smooth,False,3,3.1
328,f32b68cb-3274-4f18-a2b8-c1e33216b4c5,Buttons Top summ,B94600,top,tops,3,warm,boho,freetime,smooth,False,3,3.1
329,f32b68cb-3274-4f18-a2b8-c1e33216b4c5,Buttons Top summ,DEB24C,top,tops,3,warm,boho,freetime,smooth,False,3,3.1
330,920eb514-d33c-4e43-90dd-00f28b05b443,Alice Shirt off,000000,top,blouse,3,warm,boho,work,smooth,False,3,3.1
331,920eb514-d33c-4e43-90dd-00f28b05b443,Alice Shirt off,ECE9D6,top,blouse,3,warm,boho,work,smooth,False,3,3.1
332,ab499095-d110-40db-9906-63947eb34ec3,Mannie Dress dark,00008b,dress,lady,3,warm,classic,work,retro,False,1,1.1
334,a6912d44-eea3-4deb-ad57-2166db14e335,Utility Dress pocket,164A0A,dress,knitted,2,warm_season,boho,freetime,smooth,False,1,1.1
335,12bcb495-4eba-4bcd-a5bd-6be22f3ba884,Vneck Jumpsuit back,D84936,jumpsuit,jumpsuit,3,warm,classic,work,smooth,False,1,1.2
345,c7ab5f58-85b5-47a6-9f38-7e84e77609c5,Majo Jacket bomber ,00008b,outerwear,bomber,3,cold_season,street,freetime,floral,False,4,4.1
346,183bb934-5555-4265-b83a-7f0e7b48eb3e,Pretty Top season ,FFFFFF,top,tops,2,warm,boho,freetime,smooth,False,3,3.1
347,183bb934-5555-4265-b83a-7f0e7b48eb3e,Pretty Top season ,C19A6B,top,tops,2,warm,boho,freetime,smooth,False,3,3.1
357,63bc3d09-05fc-49b7-a19e-66cdf0117bf1,Cio Shirt blue,87CEFA,top,shirt,2,cold_season,casual,freetime,smooth,False,3,3.1
358,535e6ed4-300c-461d-88b1-a3c1a2a541f4,Objstep Skirt noos,00008b,skirt,straight,3,warm,street,freetime,horizontal_stripes,False,2,2.1
359,535e6ed4-300c-461d-88b1-a3c1a2a541f4,Objstep Skirt noos,008000,skirt,straight,3,warm,street,freetime,horizontal_stripes,False,2,2.1
371,dba48a17-1f89-4a61-bc22-ff679e6a19df,Cerise Dress solid,000000,dress,straight,3,warm,boho,freetime,smooth,False,1,1.1
372,dba48a17-1f89-4a61-bc22-ff679e6a19df,Cerise Dress solid,FFFFFF,dress,straight,3,warm,boho,freetime,smooth,False,1,1.1
375,c6b8c5a7-8820-46fc-a3f2-57aa1df28ebb,Ycoo Top shine ,000000,top,tops,3,warm,boho,freetime,smooth,False,3,3.1
376,c6b8c5a7-8820-46fc-a3f2-57aa1df28ebb,Ycoo Top shine ,00008b,top,tops,3,warm,boho,freetime,smooth,False,3,3.1
392,c78a35dd-b6b3-4ee5-bc9c-efeb8b82e9c8,Ihma Sweater nice,808080,top,sweaters,1,cold_season,classic,work,smooth,True,3,3.1
393,c78a35dd-b6b3-4ee5-bc9c-efeb8b82e9c8,Ihma Sweater nice,00008b,top,sweaters,1,cold_season,classic,work,smooth,True,3,3.1
394,c78a35dd-b6b3-4ee5-bc9c-efeb8b82e9c8,Ihma Sweater nice,000000,top,sweaters,1,cold_season,classic,work,smooth,True,3,3.1
400,834359f6-3803-4570-b935-0a308ae697f2,Amapola Shirt print,ECE9D6,top,shirt,3,warm_season,classic,freetime,miniprint,False,3,3.1
401,6e49d1c1-cdec-47ae-977e-905b680356ff,Freeman Jeans mavuto,808080,bottoms,cigarette,2,cold_season,boho,freetime,smooth,False,2,2.2
402,72f9f5b8-73ae-443e-a259-61408b36944f,Flower Jacket bomb,000000,outerwear,bomber,3,warm_season,boho,freetime,floral,False,4,4.1
403,6cda9f3c-d5a0-4079-94ea-4e6e07463915,Lisa Shirt romb,C19A6B,top,shirt,3,warm_season,street,freetime,retro,False,3,3.1
405,6a19dd27-137e-4ee7-8413-c9fcb7783764,Elle Tshirt cotton ,87CEFA,top,t-shirts,2,warm_season,casual,freetime,smooth,False,3,3.1
406,6a19dd27-137e-4ee7-8413-c9fcb7783764,Elle Tshirt cotton ,ECE9D6,top,t-shirts,2,warm_season,casual,freetime,smooth,False,3,3.1
407,6a19dd27-137e-4ee7-8413-c9fcb7783764,Elle Tshirt cotton ,000000,top,t-shirts,2,warm_season,casual,freetime,smooth,False,3,3.1
437,a9b7e9be-9391-48a1-8615-249bfc537fd1,Ihhuva Skirt denim ,000081,skirt,tube,2,warm_season,casual,freetime,smooth,False,2,2.1
438,0a843a05-028e-47e1-9fb3-5eb9d1f4fd99,Closet Skirt urano ,DFC8B2,skirt,straight,3,warm,boho,freetime,animal_print,False,2,2.1
444,2aa36495-76ff-4250-8bfe-254055433a8f,Odell Jacket fit,666633,outerwear,structured_jacket,2,warm_season,casual,freetime,smooth,False,4,4.1
445,2aa36495-76ff-4250-8bfe-254055433a8f,Odell Jacket fit,FFFFFF,outerwear,structured_jacket,2,warm_season,casual,freetime,smooth,False,4,4.1
448,112a4113-11e1-41e6-8be9-962bb939db9d,Jaliva Parka solid ,00008b,outerwear,parka,2,cold_season,boho,freetime,smooth,False,4,4.1
449,112a4113-11e1-41e6-8be9-962bb939db9d,Jaliva Parka solid ,666633,outerwear,parka,2,cold_season,boho,freetime,smooth,False,4,4.1
450,a99013ff-674a-4c29-91a5-c875b46e2cca,Pclogan Jeans slim ,666633,bottoms,chino,2,cold_season,classic,work,pied_de_poule,False,2,2.2
451,a99013ff-674a-4c29-91a5-c875b46e2cca,Pclogan Jeans slim ,DFC8B2,bottoms,chino,2,cold_season,classic,work,pied_de_poule,False,2,2.2
452,cadc062a-be3b-410a-95a6-a4acfcaa0155,Alva Tshirt msch ,FFFFFF,top,t-shirts,2,warm_season,street,freetime,smooth,False,3,3.1
453,cadc062a-be3b-410a-95a6-a4acfcaa0155,Alva Tshirt msch ,0000FF,top,t-shirts,2,warm_season,street,freetime,smooth,False,3,3.1
454,cadc062a-be3b-410a-95a6-a4acfcaa0155,Alva Tshirt msch ,000000,top,t-shirts,2,warm_season,street,freetime,smooth,False,3,3.1
455,cadc062a-be3b-410a-95a6-a4acfcaa0155,Alva Tshirt msch ,164A0A,top,t-shirts,2,warm_season,street,freetime,smooth,False,3,3.1
456,cadc062a-be3b-410a-95a6-a4acfcaa0155,Alva Tshirt msch ,614051,top,t-shirts,2,warm_season,street,freetime,smooth,False,3,3.1
457,6bc7aae2-1318-4430-8529-5ecfa0c7077a,Vidream T-shirt city,00008b,top,t-shirts,2,warm,casual,freetime,horizontal_stripes,False,3,3.1
458,77b6e69b-19e7-4a79-b03b-cdb2b6c628ca,Hainaut Dress fantasy,ECE9D6,dress,puff,3,warm,boho,freetime,floral,False,1,1.1
459,fea9a3f0-37b6-47fd-9da9-2abf2e9868bc,Rane Pant denim ,87CEFA,bottoms,cigarette,3,warm_season,street,freetime,vertical_stripes,False,2,2.2
460,dfc2d073-72f9-4a00-9e0b-cd84aaaceccf,Malou Jacket blazer,FFFFFF,outerwear,blazer,2,warm_season,classic,work,smooth,False,4,4.1
461,dfc2d073-72f9-4a00-9e0b-cd84aaaceccf,Malou Jacket blazer,00008b,outerwear,blazer,2,warm_season,classic,work,smooth,False,4,4.1
466,e6d2758e-974d-4dcb-b5a6-93dc1d65d764,Onlnew Parka spring ,DFC8B2,outerwear,parka,2,cold_season,casual,freetime,smooth,False,4,4.1
467,66d3f2df-89e6-4ede-b156-d8e09eaf8ece,Beorganic Tshirt amazone ,008000,top,t-shirts,2,warm_season,street,freetime,smooth,False,3,3.1
468,aaa7c084-c2a3-4a3f-9274-8ba4724d9894,Amour Sweatshirt french ,0000FF,top,hoodies,3,cold_season,street,freetime,smooth,False,3,3.1
469,aaa7c084-c2a3-4a3f-9274-8ba4724d9894,Amour Sweatshirt french ,008000,top,hoodies,3,cold_season,street,freetime,smooth,False,3,3.1
470,6f90337b-b2b3-4318-b9bd-e31157410b0f,Charlene Dress easy,00008b,dress,shirt,3,warm_season,classic,freetime,floral,False,1,1.1
471,01785177-92ef-40e9-a65f-ea46da938610,Abby Dress caribbean,B11730,dress,shirt,3,warm,classic,work,printed,False,1,1.1
472,d9b30e8a-bb97-4867-88e5-7e5a44fddde3,Coco Shirt paradise,DEB24C,top,tops,3,warm,boho,freetime,printed,False,3,3.1
473,b373d637-14bf-4a8c-b73a-e5123b227872,Neme Jumpsuit print,000000,jumpsuit,jumpsuit,3,warm_season,classic,freetime,floral,False,1,1.2
490,de794743-c8e2-49c7-ad2b-16a4168d2cd5,Tulle Skirt flowers ,FFC0CB,skirt,circle_skirt,3,warm_season,boho,special_occasion,floral,False,2,2.1
491,de794743-c8e2-49c7-ad2b-16a4168d2cd5,Tulle Skirt flowers ,000081,skirt,circle_skirt,3,warm_season,boho,special_occasion,floral,False,2,2.1
492,da531fbb-0faa-4b37-af12-ef207ca8a1e6,Vilukki Shorts south ,87CEFA,bottoms,shorts,2,warm,classic,freetime,smooth,False,2,2.2
493,da531fbb-0faa-4b37-af12-ef207ca8a1e6,Vilukki Shorts south ,C19A6B,bottoms,shorts,2,warm,classic,freetime,smooth,False,2,2.2
523,bf394ac0-3815-4629-95c6-382b70998a7b,Eros Sweater rue ,DEB24C,top,sweaters,2,cold_season,classic,work,smooth,False,3,3.1
524,bf394ac0-3815-4629-95c6-382b70998a7b,Eros Sweater rue ,0000FF,top,sweaters,2,cold_season,classic,work,smooth,False,3,3.1
525,bf394ac0-3815-4629-95c6-382b70998a7b,Eros Sweater rue ,B11730,top,sweaters,2,cold_season,classic,work,smooth,False,3,3.1
526,bf394ac0-3815-4629-95c6-382b70998a7b,Eros Sweater rue ,D3D3D3,top,sweaters,2,cold_season,classic,work,smooth,False,3,3.1
527,bf394ac0-3815-4629-95c6-382b70998a7b,Eros Sweater rue ,000000,top,sweaters,2,cold_season,classic,work,smooth,False,3,3.1
528,bf394ac0-3815-4629-95c6-382b70998a7b,Eros Sweater rue ,FFFFFF,top,sweaters,2,cold_season,classic,work,smooth,False,3,3.1
530,441cd6e3-6620-4edd-8fd8-79f52f6c7f3c,Alexa Jeans slim ,D84936,bottoms,cigarette,2,cold_season,street,freetime,smooth,False,2,2.2
531,441cd6e3-6620-4edd-8fd8-79f52f6c7f3c,Alexa Jeans slim ,FFFF00,bottoms,cigarette,2,cold_season,street,freetime,smooth,False,2,2.2
532,441cd6e3-6620-4edd-8fd8-79f52f6c7f3c,Alexa Jeans slim ,164A0A,bottoms,cigarette,2,cold_season,street,freetime,smooth,False,2,2.2
537,441cd6e3-6620-4edd-8fd8-79f52f6c7f3c,Alexa Jeans slim ,BBE2AD,bottoms,cigarette,2,cold_season,street,freetime,smooth,False,2,2.2
539,441cd6e3-6620-4edd-8fd8-79f52f6c7f3c,Alexa Jeans slim ,DFC8B2,bottoms,cigarette,2,cold_season,street,freetime,smooth,False,2,2.2
543,dc9f2663-2a12-47a3-8c73-5f305dbab716,Ihalpa Tshirt clay ,DEB24C,top,sweaters,3,cold,boho,freetime,smooth,False,3,3.1
544,dc9f2663-2a12-47a3-8c73-5f305dbab716,Ihalpa Tshirt clay ,FFC0CB,top,sweaters,3,cold,boho,freetime,smooth,False,3,3.1
547,dc9f2663-2a12-47a3-8c73-5f305dbab716,Ihalpa Tshirt clay ,00008b,top,sweaters,3,cold,boho,freetime,smooth,False,3,3.1
556,1327047e-dcfe-4145-bf2c-4384ba97da6b,Erin Jeans izaro ,000081,bottoms,cigarette,2,cold_season,casual,freetime,smooth,False,2,2.2
558,e024fbcc-4a95-4d46-bde9-8180a7c5c25a,Carthund Jeans noir ,000000,bottoms,cigarette,1,warm_season,casual,freetime,smooth,False,2,2.2
559,2a3b7d6c-f46c-4e0d-9c90-4ddda8095e9b,Ihbrunse Dress noir ,000000,dress,straight,3,cold_season,classic,work,smooth,False,1,1.1
560,5f211a9c-67aa-4ff3-8cc8-b67e597c9bf1,Visumi Top snow ,164A0A,top,tops,2,warm_season,casual,freetime,smooth,False,3,3.1
561,5f211a9c-67aa-4ff3-8cc8-b67e597c9bf1,Visumi Top snow ,666633,top,tops,2,warm_season,casual,freetime,smooth,False,3,3.1
562,4f52e267-7e12-45d4-ad00-cf22917869f2,French Sweater abba ,FFFFFF,top,sweaters,3,cold_season,casual,freetime,smooth,False,3,3.1
563,4f52e267-7e12-45d4-ad00-cf22917869f2,French Sweater abba ,00008b,top,sweaters,3,cold_season,casual,freetime,smooth,False,3,3.1
564,4f52e267-7e12-45d4-ad00-cf22917869f2,French Sweater abba ,000000,top,sweaters,3,cold_season,casual,freetime,smooth,False,3,3.1
581,288b9929-8430-4ad4-a64c-c97262af9112,Karla Cardigan buttons,00008b,top,cardigan,2,cold,boho,freetime,smooth,False,3,3.1
582,288b9929-8430-4ad4-a64c-c97262af9112,Karla Cardigan buttons,DEB24C,top,cardigan,2,cold,boho,freetime,smooth,False,3,3.1
583,288b9929-8430-4ad4-a64c-c97262af9112,Karla Cardigan buttons,FFC0CB,top,cardigan,2,cold,boho,freetime,smooth,False,3,3.1
584,48a3221b-d0a1-459d-b4ad-acd6ee4aa0f2,Intime Top charlior ,E65A5B,top,tops,3,warm,boho,freetime,smooth,False,3,3.1
585,48a3221b-d0a1-459d-b4ad-acd6ee4aa0f2,Intime Top charlior ,000000,top,tops,3,warm,boho,freetime,smooth,False,3,3.1
586,48a3221b-d0a1-459d-b4ad-acd6ee4aa0f2,Intime Top charlior ,800000,top,tops,3,warm,boho,freetime,smooth,False,3,3.1
587,48a3221b-d0a1-459d-b4ad-acd6ee4aa0f2,Intime Top charlior ,FFFFFF,top,tops,3,warm,boho,freetime,smooth,False,3,3.1
588,48a3221b-d0a1-459d-b4ad-acd6ee4aa0f2,Intime Top charlior ,DEB24C,top,tops,3,warm,boho,freetime,smooth,False,3,3.1
589,48a3221b-d0a1-459d-b4ad-acd6ee4aa0f2,Intime Top charlior ,00008b,top,tops,3,warm,boho,freetime,smooth,False,3,3.1
590,5fc058e0-9d1f-415c-8f5e-06fd4b9264e7,Square Sweater grace ,00008b,top,sweaters,3,warm_season,classic,work,smooth,False,3,3.1
591,5fc058e0-9d1f-415c-8f5e-06fd4b9264e7,Square Sweater grace ,DFC8B2,top,sweaters,3,warm_season,classic,work,smooth,False,3,3.1
592,5fc058e0-9d1f-415c-8f5e-06fd4b9264e7,Square Sweater grace ,B94600,top,sweaters,3,warm_season,classic,work,smooth,False,3,3.1
593,deaa6878-6e5a-400d-bcd8-ee5b5cbd049d,Flintstone Pant short,462C0E,bottoms,shorts,3,warm,boho,freetime,bodoque,False,2,2.2
594,9bcb74dc-74eb-4b34-a80d-ea04335842ab,Keira Tshirt lace,FFFFFF,top,tops,3,warm,boho,freetime,smooth,False,3,3.1
595,15ab11fc-18ee-4ce5-884f-46b116ab9d46,Fira Dress origin,000000,dress,tunica,3,warm,boho,freetime,smooth,False,1,1.1
598,96c2c11b-0144-409f-8986-c300cb3aaf21,Pcdelly Jeans noos ,000081,bottoms,cigarette,1,cold_season,casual,freetime,smooth,False,2,2.2
599,14e656b8-72e8-409c-9954-3a60cb2748a5,Pcsusan Sweater knit,FFFF00,top,sweaters,2,cold_season,casual,freetime,smooth,False,3,3.1
600,a09b0ae2-549a-40c1-9343-865aa1f996cd,Blake Skirt pencil ,000000,skirt,pencil,2,warm_season,classic,work,smooth,False,2,2.1
602,a6d5c615-e9ec-434d-b74f-3f5e7f0fbd35,Bsabena Skirt med ,00008b,skirt,straight,3,warm_season,casual,freetime,smooth,False,2,2.1
603,0b332ace-b46f-49e5-9c55-05c2ff7cec29,Lea Dress pint ,000000,dress,crossed,3,warm_season,classic,freetime,miniprint,False,1,1.1
604,c6971323-0bea-4ba8-8b91-0228e7097cbb,French Dress brunella ,000000,dress,shirt,3,cold_season,classic,work,floral,False,1,1.1
605,ea4240f3-85f8-4ba8-a7b4-dafeb511f85a,Heron Sweatshirt brakeburn ,0000FF,top,hoodies,3,cold_season,casual,freetime,printed,False,3,3.1
606,440b6d83-576d-4c35-8a15-6c9b18bf35ec,Den Skirt pencil ,00008b,skirt,straight,2,warm_season,classic,freetime,smooth,False,2,2.1
613,3732a3ce-8d72-49ff-9db8-d7d38eca427b,Pins Top cerise,DFC8B2,top,tops,2,warm,classic,freetime,floral,False,3,3.1
614,7e71f139-3ad0-4687-87a6-5261eb76a22d,Lindex Shirt fashion,00008b,top,shirt,2,warm_season,classic,work,geometric,False,3,3.1
615,cf9a8539-2b50-4e20-8897-48e4ea85b9ef,Cammi Jacket oliv,666633,outerwear,safari_jacket,3,cold_season,street,freetime,smooth,False,4,4.1
616,c52c7896-0b68-4fae-9648-cf48ea30251b,Padme Short amazing,FFC0CB,bottoms,bermuda,3,warm,classic,freetime,vertical_stripes,False,2,2.2
617,c52c7896-0b68-4fae-9648-cf48ea30251b,Padme Short amazing,000081,bottoms,bermuda,3,warm,classic,freetime,vertical_stripes,False,2,2.2
618,3f10995f-41ac-42d0-96d7-7c3ea836d454,Polina Pant comfort,FFFFFF,bottoms,shorts,3,warm,classic,freetime,vertical_stripes,False,2,2.2
619,3f10995f-41ac-42d0-96d7-7c3ea836d454,Polina Pant comfort,000000,bottoms,shorts,3,warm,classic,freetime,vertical_stripes,False,2,2.2
620,f7388b95-d43d-4b28-8b4c-82780f9fc6b0,Lou Pant slim,87CEFA,bottoms,cigarette,3,warm_season,street,freetime,smooth,False,2,2.2
621,f7388b95-d43d-4b28-8b4c-82780f9fc6b0,Lou Pant slim,FFFFFF,bottoms,cigarette,3,warm_season,street,freetime,smooth,False,2,2.2
622,f7388b95-d43d-4b28-8b4c-82780f9fc6b0,Lou Pant slim,00008b,bottoms,cigarette,3,warm_season,street,freetime,smooth,False,2,2.2
624,6aba34c9-c7c0-45e9-95c7-486712c18492,Laria Scarf cahier,DEB24C,scarf,handkerchief,3,warm_season,classic,freetime,retro,False,4,4.2
628,a7eb55af-b4a9-43f1-922b-86428151f3ce,Sandra Cardigan melang,D3D3D3,top,cardigan,1,warm_season,boho,work,smooth,False,3,3.1
629,a7eb55af-b4a9-43f1-922b-86428151f3ce,Sandra Cardigan melang,00008b,top,cardigan,1,warm_season,boho,work,smooth,False,3,3.1
630,a7eb55af-b4a9-43f1-922b-86428151f3ce,Sandra Cardigan melang,000000,top,cardigan,1,warm_season,boho,work,smooth,False,3,3.1
631,c2e02e5b-9f28-4ac5-823c-90b9f6251c90,Addi Playsuit flowers,DEB24C,jumpsuit,jumpsuit,4,warm,boho,freetime,floral,False,1,1.2
632,51366d92-303a-4116-9c5d-a86cb971a5f2,Jeno Foulard closet,FFFF00,scarf,foulard,3,warm_season,boho,freetime,ethnic,False,4,4.2
633,51366d92-303a-4116-9c5d-a86cb971a5f2,Jeno Foulard closet,B11730,scarf,foulard,3,warm_season,boho,freetime,ethnic,False,4,4.2
634,51366d92-303a-4116-9c5d-a86cb971a5f2,Jeno Foulard closet,40E0D0,scarf,foulard,3,warm_season,boho,freetime,ethnic,False,4,4.2
635,79912978-62a6-470c-9f10-70d60c3eeab4,Vilinea Pant dark,666633,bottoms,baggie,3,warm_season,casual,freetime,smooth,False,2,2.2
653,1afe6229-99d6-4802-84ac-dab57809c80d,Shells Shirt lace ,ECE9D6,top,tops,3,warm,boho,work,smooth,False,3,3.1
667,9fd58b6f-d9ac-489f-869f-9e118951d463,Ihmarrakech Shirt dots,DEB24C,top,shirt,3,warm_season,boho,work,floral,False,3,3.1
674,2aace574-fb43-4fc6-a674-37f525fe1617,Dora Tshirt season ,87CEFA,top,t-shirts,2,warm,boho,freetime,polka_dot,False,3,3.1
675,2aace574-fb43-4fc6-a674-37f525fe1617,Dora Tshirt season ,FFFFFF,top,t-shirts,2,warm,boho,freetime,polka_dot,False,3,3.1
676,2aace574-fb43-4fc6-a674-37f525fe1617,Dora Tshirt season ,B94600,top,t-shirts,2,warm,boho,freetime,polka_dot,False,3,3.1
677,2aace574-fb43-4fc6-a674-37f525fe1617,Dora Tshirt season ,D84936,top,t-shirts,2,warm,boho,freetime,polka_dot,False,3,3.1
678,0019ca8e-f47d-41c4-8d1a-66c9247581ef,Swim Tshirt season,DEB24C,top,t-shirts,3,warm,boho,freetime,miniprint,False,3,3.1
679,0019ca8e-f47d-41c4-8d1a-66c9247581ef,Swim Tshirt season,00008b,top,t-shirts,3,warm,boho,freetime,miniprint,False,3,3.1
680,0019ca8e-f47d-41c4-8d1a-66c9247581ef,Swim Tshirt season,FFFFFF,top,t-shirts,3,warm,boho,freetime,miniprint,False,3,3.1
681,0019ca8e-f47d-41c4-8d1a-66c9247581ef,Swim Tshirt season,008000,top,t-shirts,3,warm,boho,freetime,miniprint,False,3,3.1
682,ff83b398-8370-40d8-b0d7-7667c5b47953,Details Tshirt season ,87CEFA,top,t-shirts,3,warm,boho,freetime,printed,False,3,3.1
683,ff83b398-8370-40d8-b0d7-7667c5b47953,Details Tshirt season ,DEB24C,top,t-shirts,3,warm,boho,freetime,printed,False,3,3.1
684,ff83b398-8370-40d8-b0d7-7667c5b47953,Details Tshirt season ,FFFFFF,top,t-shirts,3,warm,boho,freetime,printed,False,3,3.1
687,fb1e3618-1d1c-4495-b743-ef445504db46,Ycoo Pant work,000000,bottoms,paper_bag,2,cold_season,classic,work,smooth,False,2,2.2
688,fb1e3618-1d1c-4495-b743-ef445504db46,Ycoo Pant work,00008b,bottoms,paper_bag,2,cold_season,classic,work,smooth,False,2,2.2
689,fb1e3618-1d1c-4495-b743-ef445504db46,Ycoo Pant work,B94600,bottoms,paper_bag,2,cold_season,classic,work,smooth,False,2,2.2
698,bca086ac-6b7c-4cc6-90e9-856a589f2adc,Beach Tshirt season,FFFFFF,top,t-shirts,3,warm,boho,freetime,printed,False,3,3.1
699,bca086ac-6b7c-4cc6-90e9-856a589f2adc,Beach Tshirt season,00008b,top,t-shirts,3,warm,boho,freetime,printed,False,3,3.1
700,bca086ac-6b7c-4cc6-90e9-856a589f2adc,Beach Tshirt season,FFA500,top,t-shirts,3,warm,boho,freetime,printed,False,3,3.1
701,bca086ac-6b7c-4cc6-90e9-856a589f2adc,Beach Tshirt season,87CEFA,top,t-shirts,3,warm,boho,freetime,printed,False,3,3.1
702,307947be-d54a-4e60-af0a-533c204da7cb,Collection Jeans stretch ,00008b,bottoms,cigarette,3,warm_season,classic,freetime,smooth,False,2,2.2
703,1eb6c75a-88a1-45b2-b37f-551a0fa04ecf,Collection Dress knitted ,000000,dress,tube,1,warm_season,classic,working_girl,smooth,False,1,1.1
717,30fc5add-3362-4eed-ae83-f0501770a43e,Sophie Dress tropical,FFA500,dress,lady,4,warm,classic,work,retro,False,1,1.1
718,1d2bd754-dd28-49c3-918f-cbcb63828e26,Rista Tshirt fresh,008000,top,t-shirts,3,warm_season,street,freetime,horizontal_stripes,False,3,3.1
719,1d2bd754-dd28-49c3-918f-cbcb63828e26,Rista Tshirt fresh,00008b,top,t-shirts,3,warm_season,street,freetime,horizontal_stripes,False,3,3.1
720,1d2bd754-dd28-49c3-918f-cbcb63828e26,Rista Tshirt fresh,E65A5B,top,t-shirts,3,warm_season,street,freetime,horizontal_stripes,False,3,3.1
722,48b26ba7-4030-4b39-974f-fdfa355510ba,Eli Jeans flow,00008b,bottoms,cigarette,2,cold_season,casual,freetime,smooth,False,2,2.2
723,e638b151-c3f0-4a32-812b-bfbc72e0ff29,Lili Jeans flow ,87CEFA,bottoms,cigarette,2,warm_season,casual,freetime,smooth,False,2,2.2
726,5930c1a8-bcb8-4ea5-98f1-6aa1defe1b15,Wende Sweater melange,D3D3D3,top,sweaters,3,cold_season,minimal,freetime,smooth,False,3,3.1
727,8a2f42f1-b029-4eb1-9813-a7f937661d12,Pcbillo Top stripes ,000000,top,t-shirts,2,cold,classic,work,horizontal_stripes,False,3,3.1
728,96c0d1a1-53e7-4ab8-8637-2e9fed671729,Rhoda Tshirt sew,B11730,top,t-shirts,2,warm_season,boho,freetime,smooth,False,3,3.1
730,43d53080-2701-451b-a7a2-31848290f849,Laura Jacket jo ,00008b,outerwear,biker,2,cold_season,street,freetime,smooth,False,4,4.1
731,43d53080-2701-451b-a7a2-31848290f849,Laura Jacket jo ,000000,outerwear,biker,2,cold_season,street,freetime,smooth,False,4,4.1
734,c37b1af5-3c56-4625-ada4-dccd9b0570b0,Cargo Jacket rut,008000,outerwear,over_shirt,3,warm_season,boho,freetime,smooth,False,4,4.1
735,9cee8ff9-f915-4aa7-9ed8-2d7ef83850a2,Kaline Dress signe ,614051,top,shirt,3,warm,boho,freetime,vertical_stripes,False,3,3.1
736,9cee8ff9-f915-4aa7-9ed8-2d7ef83850a2,Kaline Dress signe ,00008b,top,shirt,3,warm,boho,freetime,vertical_stripes,False,3,3.1
737,9cee8ff9-f915-4aa7-9ed8-2d7ef83850a2,Kaline Dress signe ,DEB24C,top,shirt,3,warm,boho,freetime,vertical_stripes,False,3,3.1
738,9cee8ff9-f915-4aa7-9ed8-2d7ef83850a2,Kaline Dress signe ,5F5E5E,top,shirt,3,warm,boho,freetime,vertical_stripes,False,3,3.1
739,723c3e4f-e0d6-4d97-81a8-a945abd85f6a,Sabagabo Jeans light ,808080,bottoms,cigarette,3,warm_season,street,freetime,smooth,False,2,2.2
740,723c3e4f-e0d6-4d97-81a8-a945abd85f6a,Sabagabo Jeans light ,87CEFA,bottoms,cigarette,3,warm_season,street,freetime,smooth,False,2,2.2
741,723c3e4f-e0d6-4d97-81a8-a945abd85f6a,Sabagabo Jeans light ,000000,bottoms,cigarette,3,warm_season,street,freetime,smooth,False,2,2.2
742,d8f9766b-c529-42b1-b272-76910159a307,Regular Short fit ,FFFF00,bottoms,shorts,3,warm,casual,freetime,smooth,False,2,2.2
743,d8f9766b-c529-42b1-b272-76910159a307,Regular Short fit ,FFC0CB,bottoms,shorts,3,warm,casual,freetime,smooth,False,2,2.2
744,d8f9766b-c529-42b1-b272-76910159a307,Regular Short fit ,000000,bottoms,shorts,3,warm,casual,freetime,smooth,False,2,2.2
745,d8f9766b-c529-42b1-b272-76910159a307,Regular Short fit ,40E0D0,bottoms,shorts,3,warm,casual,freetime,smooth,False,2,2.2
746,d8f9766b-c529-42b1-b272-76910159a307,Regular Short fit ,ECE9D6,bottoms,shorts,3,warm,casual,freetime,smooth,False,2,2.2
747,d8f9766b-c529-42b1-b272-76910159a307,Regular Short fit ,E65A5B,bottoms,shorts,3,warm,casual,freetime,smooth,False,2,2.2
748,1e8b26a3-658f-43ee-87e5-87e476c9ba41,Rena Pant sew,000000,bottoms,culotte,3,warm_season,boho,freetime,ethnic,False,2,2.2
749,5d588200-71f7-45af-9295-b3d62d4dc6fa,Bleach Jeans kookai,000081,bottoms,cigarette,2,warm_season,street,freetime,smooth,False,2,2.2
750,87b245b1-c561-4c29-b894-09d4e1004788,Fiery Tshirt plains ,00008b,top,t-shirts,2,warm_season,classic,freetime,smooth,False,3,3.1
751,87b245b1-c561-4c29-b894-09d4e1004788,Fiery Tshirt plains ,D84936,top,t-shirts,2,warm_season,classic,freetime,smooth,False,3,3.1
752,31bb3cf0-9b7c-493e-bdac-52a2cab3fd9c,Powder Sweater melange ,87CEFA,top,sweaters,2,warm_season,classic,work,smooth,False,3,3.1
753,8410d9e8-b559-4242-955e-fd05d1111e47,Elos Dress multi ,000000,dress,straight,3,warm_season,classic,work,floral,False,1,1.1
754,c8f7f749-798d-4e5b-9725-79e5f4d35a73,Summ Dress rigas ,462C0E,dress,lady,3,warm,boho,freetime,vertical_stripes,False,1,1.1
755,c8f7f749-798d-4e5b-9725-79e5f4d35a73,Summ Dress rigas ,000081,dress,lady,3,warm,boho,freetime,vertical_stripes,False,1,1.1
756,54560267-0f00-44a9-a33f-43cb25faf282,Stripy Playsuit denim ,87CEFA,jumpsuit,jumpsuit,3,warm,boho,freetime,smooth,False,1,1.2
759,efd28f5f-fd62-436c-bb0f-44d35ff51154,Pcdelly Jeans noos,000081,bottoms,cigarette,2,cold_season,street,freetime,smooth,False,2,2.2
760,6140aa27-2f07-4b47-bc14-ecad124e957c,Candy Skirt stripe ,000081,skirt,flared,3,warm_season,casual,freetime,vertical_stripes,False,2,2.1
761,e48b58ab-0db4-42df-8933-3a82fb6f39aa,Jane Top flying ,00008b,top,tops,3,warm_season,classic,freetime,printed,False,3,3.1
762,795e5af6-5ab5-4a7f-a472-b4a8772d35e7,Pierrot Short colour ,FFC0CB,bottoms,shorts,2,warm,casual,freetime,smooth,False,2,2.2
763,795e5af6-5ab5-4a7f-a472-b4a8772d35e7,Pierrot Short colour ,666633,bottoms,shorts,2,warm,casual,freetime,smooth,False,2,2.2
764,795e5af6-5ab5-4a7f-a472-b4a8772d35e7,Pierrot Short colour ,FFFFFF,bottoms,shorts,2,warm,casual,freetime,smooth,False,2,2.2
765,795e5af6-5ab5-4a7f-a472-b4a8772d35e7,Pierrot Short colour ,00008b,bottoms,shorts,2,warm,casual,freetime,smooth,False,2,2.2
766,f223fb15-1102-4a46-9751-63c6bfdd9400,Anne Shirt nice,FFFF00,top,shirt,3,warm_season,street,work,animal_print,False,3,3.1
767,a5e2a617-4ccb-4c95-b230-8db3de21ad8d,Olive Pant check,FFFFFF,bottoms,chino,3,warm_season,classic,work,miniprint,False,2,2.2
768,b03c35dc-fc98-4999-9703-4d668d35d9da,Bypandina Skirt night ,00008b,skirt,knitted,2,warm_season,casual,freetime,smooth,False,2,2.1
769,b03c35dc-fc98-4999-9703-4d668d35d9da,Bypandina Skirt night ,DEB24C,skirt,knitted,2,warm_season,casual,freetime,smooth,False,2,2.1
770,867321d7-15d8-43a8-b4b1-07b5e50161e9,Collection Jeans jogger ,DFC8B2,bottoms,chino,3,warm_season,classic,work,smooth,False,2,2.2
771,867321d7-15d8-43a8-b4b1-07b5e50161e9,Collection Jeans jogger ,F29985,bottoms,chino,3,warm_season,classic,work,smooth,False,2,2.2
772,867321d7-15d8-43a8-b4b1-07b5e50161e9,Collection Jeans jogger ,008000,bottoms,chino,3,warm_season,classic,work,smooth,False,2,2.2
774,f0f34643-8c76-4307-b030-eb86f43d02a5,Olive Pant jungle ,000000,bottoms,chino,2,warm_season,classic,work,herringbone,False,2,2.2
775,4fc585b1-ad25-4cb4-aac1-d0a90be0c962,Olive Pant solid,000000,bottoms,chino,2,warm_season,classic,work,smooth,True,2,2.2
776,4fc585b1-ad25-4cb4-aac1-d0a90be0c962,Olive Pant solid,00008b,bottoms,chino,2,warm_season,classic,work,smooth,True,2,2.2
777,60d4c4fa-b66a-424e-b86b-41232274e8d8,Twill Pant inch,00008b,bottoms,chino,2,warm_season,classic,work,miniprint,False,2,2.2
778,60d4c4fa-b66a-424e-b86b-41232274e8d8,Twill Pant inch,000000,bottoms,chino,2,warm_season,classic,work,miniprint,False,2,2.2
779,37fa0eba-a1b1-4f03-889d-fc4a08653518,Pocket Shirt stripe ,008000,top,shirt,2,warm_season,casual,work,vertical_stripes,False,3,3.1
780,37fa0eba-a1b1-4f03-889d-fc4a08653518,Pocket Shirt stripe ,000000,top,shirt,2,warm_season,casual,work,vertical_stripes,False,3,3.1
781,7dd3d098-9983-4087-ae65-8dc5f851304a,Wacotton Jakect stripes ,DEB24C,outerwear,blazer,3,warm_season,boho,work,vertical_stripes,False,4,4.1
782,2cef2fb2-67af-48d9-877c-77551d9e2e17,Wastripe Dress summer ,ECE9D6,dress,straight,3,warm,classic,work,vertical_stripes,False,1,1.1
783,2cafdbfd-c5e6-4440-8fea-49871df4b92c,Varny Tshirt tees,000081,top,t-shirts,2,cold_season,street,freetime,horizontal_stripes,False,3,3.1
784,2cafdbfd-c5e6-4440-8fea-49871df4b92c,Varny Tshirt tees,FFA500,top,t-shirts,2,cold_season,street,freetime,horizontal_stripes,False,3,3.1
821,fcd580f2-8e3a-4ae2-bec1-444faada895a,Selma Dress grace,A57E62,dress,shirt,3,cold_season,classic,freetime,animal_print,False,1,1.1
823,8f82d5b2-7df8-4595-be5c-f4bf4dd9a6fc,Geo Shirt cerise,FFFF00,top,blouse,2,warm_season,classic,work,geometric,False,3,3.1
824,b0b6bf60-aac1-4bfc-a17c-17a375ed06ba,Cerise Top flower ,00008b,top,tops,3,warm,boho,freetime,floral,False,3,3.1
825,b0b6bf60-aac1-4bfc-a17c-17a375ed06ba,Cerise Top flower ,DEB24C,top,tops,3,warm,boho,freetime,floral,False,3,3.1
826,75c9058b-ba58-48d5-a48e-931eb08cb966,Cerise Shirt dots ,DEB24C,top,shirt,3,warm_season,boho,work,miniprint,False,3,3.1
827,75c9058b-ba58-48d5-a48e-931eb08cb966,Cerise Shirt dots ,000081,top,shirt,3,warm_season,boho,work,miniprint,False,3,3.1
830,2673a3e1-c00b-460f-b156-d496e6ce0448,Anc Pant silver,DFC8B2,bottoms,baggie,3,warm_season,boho,freetime,smooth,False,2,2.2
831,2673a3e1-c00b-460f-b156-d496e6ce0448,Anc Pant silver,666633,bottoms,baggie,3,warm_season,boho,freetime,smooth,False,2,2.2
832,8c4c9aa1-6040-4a1e-a1e2-1160361eda75,Athenus Top versus,DEB24C,top,tops,3,warm,boho,freetime,smooth,False,3,3.1
833,8c4c9aa1-6040-4a1e-a1e2-1160361eda75,Athenus Top versus,FFFFFF,top,tops,3,warm,boho,freetime,smooth,False,3,3.1
834,8c4c9aa1-6040-4a1e-a1e2-1160361eda75,Athenus Top versus,B94600,top,tops,3,warm,boho,freetime,smooth,False,3,3.1
841,8884902d-3759-4eb4-9b07-64374f065e7c,Susa Shirt printed,DEB24C,top,shirt,3,warm_season,boho,freetime,ethnic,False,3,3.1
842,8884902d-3759-4eb4-9b07-64374f065e7c,Susa Shirt printed,FFC0CB,top,shirt,3,warm_season,boho,freetime,ethnic,False,3,3.1
843,fab6d3fa-33c2-4b22-bfb2-86d706f28e34,Jason Shirt ocre,DEB24C,top,shirt,3,warm_season,boho,freetime,floral,False,3,3.1
844,fab6d3fa-33c2-4b22-bfb2-86d706f28e34,Jason Shirt ocre,ECE9D6,top,shirt,3,warm_season,boho,freetime,floral,False,3,3.1
846,6c0654fe-64e6-4944-9c9e-f982b0dc87c6,Otopic Sweatshirt felpa,FFC0CB,top,hoodies,3,cold_season,boho,freetime,floral,False,3,3.1
847,072fc61a-c8fb-48ef-9a1f-9a9caa1882a7,Osport Sweatshirt felpa,00008b,top,hoodies,3,cold_season,boho,freetime,floral,False,3,3.1
848,db1f13f0-d253-4d58-9b09-dfd2e821e930,Kigali Jacket denim,FF00A8,outerwear,cowgirl,4,cold_season,street,freetime,smooth,False,4,4.1
850,86984353-bcd6-4bf4-aa60-e6374892b834,Mou Cardigan knit,DEB24C,top,cardigan,2,cold_season,boho,freetime,smooth,False,3,3.1
851,806567d7-8605-4835-ada3-66936ed1f65b,Medos Tshirt slub ,164A0A,top,t-shirts,2,warm_season,casual,freetime,smooth,False,3,3.1
852,806567d7-8605-4835-ada3-66936ed1f65b,Medos Tshirt slub ,FFA500,top,t-shirts,2,warm_season,casual,freetime,smooth,False,3,3.1
853,806567d7-8605-4835-ada3-66936ed1f65b,Medos Tshirt slub ,FFFFFF,top,t-shirts,2,warm_season,casual,freetime,smooth,False,3,3.1
854,806567d7-8605-4835-ada3-66936ed1f65b,Medos Tshirt slub ,008000,top,t-shirts,2,warm_season,casual,freetime,smooth,False,3,3.1
855,806567d7-8605-4835-ada3-66936ed1f65b,Medos Tshirt slub ,00008b,top,t-shirts,2,warm_season,casual,freetime,smooth,False,3,3.1
856,806567d7-8605-4835-ada3-66936ed1f65b,Medos Tshirt slub ,DEB24C,top,t-shirts,2,warm_season,casual,freetime,smooth,False,3,3.1
857,806567d7-8605-4835-ada3-66936ed1f65b,Medos Tshirt slub ,FFC0CB,top,t-shirts,2,warm_season,casual,freetime,smooth,False,3,3.1
859,b2a1e0d3-4c3f-485d-a869-dac2610f5504,Banda Pant shine,462C0E,bottoms,jogger,3,warm_season,boho,freetime,smooth,False,2,2.2
860,b2a1e0d3-4c3f-485d-a869-dac2610f5504,Banda Pant shine,000000,bottoms,jogger,3,warm_season,boho,freetime,smooth,False,2,2.2
863,2dbc45de-d423-425d-a92d-531b231cb63b,Coated Pant anna,000000,bottoms,cigarette,3,cold_season,street,night,smooth,False,2,2.2
864,2dbc45de-d423-425d-a92d-531b231cb63b,Coated Pant anna,00008b,bottoms,cigarette,3,cold_season,street,night,smooth,False,2,2.2
867,575a8cc1-b9b9-4070-819c-fa5db6a9a234,Space Sweater stripes,87CEFA,top,sweaters,2,cold_season,classic,freetime,horizontal_stripes,False,3,3.1
875,9ddc209c-c97a-496b-b8e1-8d8f675f5c2c,Friche Shirt solid ,FFFFFF,top,shirt,2,warm_season,classic,work,smooth,True,3,3.1
876,9ddc209c-c97a-496b-b8e1-8d8f675f5c2c,Friche Shirt solid ,E65A5B,top,shirt,2,warm_season,classic,work,smooth,True,3,3.1
877,9ddc209c-c97a-496b-b8e1-8d8f675f5c2c,Friche Shirt solid ,000000,top,shirt,2,warm_season,classic,work,smooth,True,3,3.1
878,bc8c60fe-af51-41e8-9d11-499d62200dc8,Clea T-shirt deeluxe,000000,top,t-shirts,3,warm_season,night,freetime,smooth,False,3,3.1
879,c7ba732b-e8a8-47ec-a328-31cb3efca58d,Bonnie Jeans denim,000081,bottoms,culotte,3,warm_season,street,freetime,smooth,False,2,2.2
880,d0ec3aa9-b284-4e87-81e6-cc9de7881fd4,Vicky Tshirt street,00008b,top,tops,2,warm,boho,freetime,smooth,False,3,3.1
881,d0ec3aa9-b284-4e87-81e6-cc9de7881fd4,Vicky Tshirt street,800000,top,tops,2,warm,boho,freetime,smooth,False,3,3.1
882,d0ec3aa9-b284-4e87-81e6-cc9de7881fd4,Vicky Tshirt street,FFFFFF,top,tops,2,warm,boho,freetime,smooth,False,3,3.1
888,bbc64445-2207-45bc-a800-dd51ec8706af,Closet Shirt maryland,ECE9D6,top,shirt,3,warm_season,classic,freetime,floral,False,3,3.1
890,c0a94e06-441f-4fa2-906d-6a8d48622a46,Douglas Cardigan shine,00008b,top,cardigan,3,warm_season,classic,freetime,smooth,False,3,3.1
891,c0a94e06-441f-4fa2-906d-6a8d48622a46,Douglas Cardigan shine,B94600,top,cardigan,3,warm_season,classic,freetime,smooth,False,3,3.1
892,c0a94e06-441f-4fa2-906d-6a8d48622a46,Douglas Cardigan shine,164A0A,top,cardigan,3,warm_season,classic,freetime,smooth,False,3,3.1
893,c0a94e06-441f-4fa2-906d-6a8d48622a46,Douglas Cardigan shine,B11730,top,cardigan,3,warm_season,classic,freetime,smooth,False,3,3.1
894,d29db84f-21b5-4a9b-9b8d-7f9a18e6fdae,Closet Jacket candem,DFC8B2,outerwear,kimono,3,warm,boho,freetime,animal_print,False,4,4.1
899,014db934-9a22-410a-bb15-d70b64d57309,Viwise Coat garden ,164A0A,outerwear,coat,2,cold_season,classic,freetime,smooth,False,4,4.1
900,535eb1b3-7e65-41b4-9f9d-62e073331761,Onlparis Pant noos ,00008b,bottoms,chino,2,warm_season,classic,work,smooth,True,2,2.2
901,535eb1b3-7e65-41b4-9f9d-62e073331761,Onlparis Pant noos ,9A8176,bottoms,chino,2,warm_season,classic,work,smooth,True,2,2.2
902,535eb1b3-7e65-41b4-9f9d-62e073331761,Onlparis Pant noos ,FFC0CB,bottoms,chino,2,warm_season,classic,work,smooth,True,2,2.2
903,535eb1b3-7e65-41b4-9f9d-62e073331761,Onlparis Pant noos ,000000,bottoms,chino,2,warm_season,classic,work,smooth,True,2,2.2
905,49a58b8d-dcd7-477d-9aea-ad8dcd3bf983,Marshiano Pant ello,FFA500,bottoms,chino,3,warm_season,classic,work,smooth,False,2,2.2
906,49a58b8d-dcd7-477d-9aea-ad8dcd3bf983,Marshiano Pant ello,DEB24C,bottoms,chino,3,warm_season,classic,work,smooth,False,2,2.2
907,0e1dc187-9d50-4e24-b2e0-cdfd2e027c11,Jiya Sweater pull,DEB24C,top,tops,4,warm,classic,freetime,smooth,False,3,3.1
913,2e2a719b-ad8b-4c9f-aacd-0ee741e31cbb,Pollen Shirt print,DEB24C,top,shirt,3,warm_season,street,work,ethnic,False,3,3.1
931,f0c3396a-4cc6-4be1-a01a-d3a13bd8b054,Anna T-shirt oneck,FFFFFF,top,t-shirts,2,warm_season,casual,work,smooth,True,3,3.1
932,f0c3396a-4cc6-4be1-a01a-d3a13bd8b054,Anna T-shirt oneck,D3D3D3,top,t-shirts,2,warm_season,casual,work,smooth,True,3,3.1
933,f0c3396a-4cc6-4be1-a01a-d3a13bd8b054,Anna T-shirt oneck,00008b,top,t-shirts,2,warm_season,casual,work,smooth,True,3,3.1
934,f0c3396a-4cc6-4be1-a01a-d3a13bd8b054,Anna T-shirt oneck,000000,top,t-shirts,2,warm_season,casual,work,smooth,True,3,3.1
935,f0c3396a-4cc6-4be1-a01a-d3a13bd8b054,Anna T-shirt oneck,5F5E5E,top,t-shirts,2,warm_season,casual,work,smooth,True,3,3.1
939,ee0f55ba-e275-45db-8030-6b1d7033efaa,Sun Top embro,ECE9D6,top,tops,3,warm_season,boho,work,smooth,False,3,3.1
940,8546f280-2cb1-46e3-b7fa-07f5a1b510ae,Collection Dress knitted ,000000,dress,puff,3,warm_season,minimal,freetime,vertical_stripes,False,1,1.1
941,d5d7a484-b510-420e-927d-9bc7ebb5c734,Luce Cardigan shine ,D3D3D3,top,cardigan,2,cold_season,boho,freetime,smooth,False,3,3.1
942,0a90b0c7-5436-4bc5-a12f-92b7e0f5aca7,Place Short summer ,87CEFA,bottoms,shorts,3,warm,street,freetime,vertical_stripes,False,2,2.2
952,2f36f792-483c-4c9a-8a81-8274b391fa7a,Onlskylar Parka spring ,0000FF,outerwear,parka,2,warm_season,casual,freetime,smooth,False,4,4.1
953,2f36f792-483c-4c9a-8a81-8274b391fa7a,Onlskylar Parka spring ,666633,outerwear,parka,2,warm_season,casual,freetime,smooth,False,4,4.1
954,2f36f792-483c-4c9a-8a81-8274b391fa7a,Onlskylar Parka spring ,FFC0CB,outerwear,parka,2,warm_season,casual,freetime,smooth,False,4,4.1
955,2f36f792-483c-4c9a-8a81-8274b391fa7a,Onlskylar Parka spring ,00008b,outerwear,parka,2,warm_season,casual,freetime,smooth,False,4,4.1
956,2f36f792-483c-4c9a-8a81-8274b391fa7a,Onlskylar Parka spring ,FFFF00,outerwear,parka,2,warm_season,casual,freetime,smooth,False,4,4.1
958,8895bdca-1b33-42a8-933f-4ea0378b29d4,Itta Pant denim ,0000FF,bottoms,chino,1,cold_season,classic,work,smooth,True,2,2.2
959,8895bdca-1b33-42a8-933f-4ea0378b29d4,Itta Pant denim ,5F5E5E,bottoms,chino,1,cold_season,classic,work,smooth,True,2,2.2
960,8895bdca-1b33-42a8-933f-4ea0378b29d4,Itta Pant denim ,D3D3D3,bottoms,chino,1,cold_season,classic,work,smooth,True,2,2.2
961,8895bdca-1b33-42a8-933f-4ea0378b29d4,Itta Pant denim ,B11730,bottoms,chino,1,cold_season,classic,work,smooth,True,2,2.2
964,8895bdca-1b33-42a8-933f-4ea0378b29d4,Itta Pant denim ,462C0E,bottoms,chino,1,cold_season,classic,work,smooth,True,2,2.2
965,8895bdca-1b33-42a8-933f-4ea0378b29d4,Itta Pant denim ,DFC8B2,bottoms,chino,1,cold_season,classic,work,smooth,True,2,2.2
968,8895bdca-1b33-42a8-933f-4ea0378b29d4,Itta Pant denim ,40E0D0,bottoms,chino,1,cold_season,classic,work,smooth,True,2,2.2
969,8895bdca-1b33-42a8-933f-4ea0378b29d4,Itta Pant denim ,FFFFFF,bottoms,chino,1,cold_season,classic,work,smooth,True,2,2.2
970,8895bdca-1b33-42a8-933f-4ea0378b29d4,Itta Pant denim ,00008b,bottoms,chino,1,cold_season,classic,work,smooth,True,2,2.2
971,8895bdca-1b33-42a8-933f-4ea0378b29d4,Itta Pant denim ,C7A2A2,bottoms,chino,1,cold_season,classic,work,smooth,True,2,2.2
973,8895bdca-1b33-42a8-933f-4ea0378b29d4,Itta Pant denim ,9A8176,bottoms,chino,1,cold_season,classic,work,smooth,True,2,2.2
974,8895bdca-1b33-42a8-933f-4ea0378b29d4,Itta Pant denim ,666633,bottoms,chino,1,cold_season,classic,work,smooth,True,2,2.2
975,8895bdca-1b33-42a8-933f-4ea0378b29d4,Itta Pant denim ,000000,bottoms,chino,1,cold_season,classic,work,smooth,True,2,2.2
976,5ece08ee-103c-4ff8-b1ee-3664df3eb910,Onlshape Jeans regs ,00008b,bottoms,cigarette,2,warm_season,street,freetime,smooth,False,2,2.2
981,ec9dfe89-32d8-4dcc-a4b3-029e748c3ee6,Rarya Top flower,00008b,top,tops,2,warm,boho,freetime,sheets,False,3,3.1
983,908463c1-4137-4237-8cc4-1ad1c2717bc3,Caravana Jacket biker,00008b,outerwear,biker,3,cold_season,street,freetime,smooth,False,4,4.1
988,908463c1-4137-4237-8cc4-1ad1c2717bc3,Caravana Jacket biker,BBE2AD,outerwear,biker,3,cold_season,street,freetime,smooth,False,4,4.1
991,3ed52c5f-215a-4e44-a8c9-21a9443df036,Jrarya Pant flow T. L C. black,000000,bottoms,baggie,3,warm_season,classic,work,floral,False,2,2.2
992,7647ea21-2fd5-4c4a-a11c-30c664606390,Leopard Pant print,462C0E,bottoms,straight,4,warm_season,classic,freetime,animal_print,False,2,2.2
995,9ff96255-0bbf-44a6-94c0-13b93f6001b7,Onlroyal Jeans noos,87CEFA,bottoms,skinny,2,cold_season,casual,freetime,smooth,False,2,2.2
996,51e6294f-d8d6-4732-b9e3-c04736e1d18f,French Shirt rhodes,00008b,top,blouse,3,warm_season,minimal,freetime,smooth,False,3,3.1
997,51e6294f-d8d6-4732-b9e3-c04736e1d18f,French Shirt rhodes,87CEFA,top,blouse,3,warm_season,minimal,freetime,smooth,False,3,3.1
1003,f6093be3-4954-47ae-8fd5-baf8cae2c583,Beau Pant lili,00008b,bottoms,culotte,3,warm_season,boho,freetime,smooth,False,2,2.2
1004,f6093be3-4954-47ae-8fd5-baf8cae2c583,Beau Pant lili,B94600,bottoms,culotte,3,warm_season,boho,freetime,smooth,False,2,2.2
1005,f6093be3-4954-47ae-8fd5-baf8cae2c583,Beau Pant lili,164A0A,bottoms,culotte,3,warm_season,boho,freetime,smooth,False,2,2.2
1006,7f68db6d-caed-4ecb-9556-645b9501bbf4,Shine Shirt gold,000000,top,blouse,3,warm_season,boho,night,geometric,False,3,3.1
1007,a7a69f58-25ca-4f95-8509-dee5e921f0f5,Suley Cardigan knit,462C0E,top,cardigan,3,cold_season,casual,freetime,smooth,False,3,3.1
1008,a7a69f58-25ca-4f95-8509-dee5e921f0f5,Suley Cardigan knit,DEB24C,top,cardigan,3,cold_season,casual,freetime,smooth,False,3,3.1
1009,41b722c2-e8a4-4fd8-b376-22f3f4ce5f35,Loret Sweater brille ,D3D3D3,top,sweaters,2,cold_season,classic,work,smooth,False,3,3.1
1010,41b722c2-e8a4-4fd8-b376-22f3f4ce5f35,Loret Sweater brille ,00008b,top,sweaters,2,cold_season,classic,work,smooth,False,3,3.1
1011,41b722c2-e8a4-4fd8-b376-22f3f4ce5f35,Loret Sweater brille ,0000FF,top,sweaters,2,cold_season,classic,work,smooth,False,3,3.1
1012,41b722c2-e8a4-4fd8-b376-22f3f4ce5f35,Loret Sweater brille ,DEB24C,top,sweaters,2,cold_season,classic,work,smooth,False,3,3.1
1013,41b722c2-e8a4-4fd8-b376-22f3f4ce5f35,Loret Sweater brille ,008000,top,sweaters,2,cold_season,classic,work,smooth,False,3,3.1
1014,41b722c2-e8a4-4fd8-b376-22f3f4ce5f35,Loret Sweater brille ,FFC0CB,top,sweaters,2,cold_season,classic,work,smooth,False,3,3.1
1015,41b722c2-e8a4-4fd8-b376-22f3f4ce5f35,Loret Sweater brille ,FFA500,top,sweaters,2,cold_season,classic,work,smooth,False,3,3.1
1018,41b722c2-e8a4-4fd8-b376-22f3f4ce5f35,Loret Sweater brille ,808080,top,sweaters,2,cold_season,classic,work,smooth,False,3,3.1
1020,12ef6ca4-e66b-42ec-98c7-3a2c6f9b7f85,Lua Pant season,00008b,bottoms,baggie,2,warm_season,boho,freetime,miniprint,False,2,2.2
1021,7c64c875-751e-4f35-9315-f03851c3c824,Necka Shirt sweewe,ECE9D6,top,blouse,2,warm_season,boho,work,vertical_stripes,False,3,3.1
1022,a8e89a03-0759-4471-9d06-56b29b6e0516,Top Scarf sun,000081,scarf,handkerchief,3,warm_season,boho,freetime,polka_dot,False,4,4.2
1023,99bb1c6f-c0fb-4aa1-95ca-6f9ceb1a48b0,Pinafore Dress denim,000081,dress,other,3,warm,boho,freetime,smooth,False,1,1.1
1028,6b037192-f6cf-4e30-ad9e-7d5a8e564f9f,Palmira Shirt nice ,000000,top,t-shirts,2,warm_season,classic,freetime,smooth,False,3,3.1
1029,6b037192-f6cf-4e30-ad9e-7d5a8e564f9f,Palmira Shirt nice ,FFA500,top,t-shirts,2,warm_season,classic,freetime,smooth,False,3,3.1
1031,6b037192-f6cf-4e30-ad9e-7d5a8e564f9f,Palmira Shirt nice ,FFFFFF,top,t-shirts,2,warm_season,classic,freetime,smooth,False,3,3.1
1038,78e48f3a-6178-445d-a53c-39acfbf33ebe,Vilucy Shirt lux ,000081,top,shirt,2,cold_season,boho,freetime,floral,False,3,3.1
1039,4d0b5bc8-e3c8-4be1-855c-5f943289ddf2,Luna Top look ,00008b,top,tops,3,warm_season,boho,freetime,smooth,False,3,3.1
1043,a6aadc56-59b1-4ff7-ac9c-2b71cc247a64,Savi Skirt grace,B94600,skirt,flared_skirt,4,warm_season,street,freetime,animal_print,False,2,2.1
1044,85cc2498-2596-44eb-b11f-4e2315f2834e,Croix Tshirt cotton,DFC8B2,top,t-shirts,3,warm_season,street,freetime,smooth,False,3,3.1
1045,85cc2498-2596-44eb-b11f-4e2315f2834e,Croix Tshirt cotton,000000,top,t-shirts,3,warm_season,street,freetime,smooth,False,3,3.1
1046,fd31e987-9810-4f68-8d72-3bbc627b3936,Pinc Pant waist,DFC8B2,bottoms,paper_bag,3,warm_season,classic,work,smooth,False,2,2.2
1047,fd31e987-9810-4f68-8d72-3bbc627b3936,Pinc Pant waist,B94600,bottoms,paper_bag,3,warm_season,classic,work,smooth,False,2,2.2
1048,603f1315-3eaa-4df8-9306-0014446555c1,Peask Tshirt charlior,F29985,top,t-shirts,2,warm,casual,freetime,smooth,True,3,3.1
1049,603f1315-3eaa-4df8-9306-0014446555c1,Peask Tshirt charlior,00008b,top,t-shirts,2,warm,casual,freetime,smooth,True,3,3.1
1050,603f1315-3eaa-4df8-9306-0014446555c1,Peask Tshirt charlior,BBE2AD,top,t-shirts,2,warm,casual,freetime,smooth,True,3,3.1
1051,37039c6e-691e-4cb6-b49d-384fde2eadff,Bird Dress muse,87CEFA,dress,with_pleat,4,warm_season,classic,freetime,vertical_stripes,False,1,1.1
1052,a39d547a-bb8c-4971-9b53-ac4e2ae5d18f,Bird Shirt muse,87CEFA,top,tops,3,warm,boho,freetime,vertical_stripes,False,3,3.1
1053,0d7923a1-89bb-4629-8944-45c7bfb1ed22,Cherry Top paris,DEB24C,top,tops,3,warm,minimal,work,smooth,False,3,3.1
1054,0d7923a1-89bb-4629-8944-45c7bfb1ed22,Cherry Top paris,B94600,top,tops,3,warm,minimal,work,smooth,False,3,3.1
1055,0d7923a1-89bb-4629-8944-45c7bfb1ed22,Cherry Top paris,666633,top,tops,3,warm,minimal,work,smooth,False,3,3.1
1056,0d7923a1-89bb-4629-8944-45c7bfb1ed22,Cherry Top paris,000081,top,tops,3,warm,minimal,work,smooth,False,3,3.1
1065,57e89490-df1a-40db-bcd6-9dd677e07ddd,Vicom Jeans noos,000000,bottoms,cigarette,2,cold_season,street,freetime,smooth,False,2,2.2
1069,8b30be61-1658-4c01-8607-3493c3da358b,Viblue Jacket noos,000000,outerwear,biker,3,cold_season,street,freetime,smooth,False,4,4.1
1070,30d92414-21d6-4e5c-ae8f-3cf5cb474188,Ihbelinda Dress season,800000,dress,with_pleat,3,warm_season,classic,working_girl,smooth,False,1,1.1
1071,30d92414-21d6-4e5c-ae8f-3cf5cb474188,Ihbelinda Dress season,000000,dress,with_pleat,3,warm_season,classic,working_girl,smooth,False,1,1.1
1072,8535d29e-8d7b-48fd-8521-4b8ed15333fa,Yu Cardigan hippie,DEB24C,top,cardigan,2,warm_season,boho,work,herringbone,False,3,3.1
1073,8535d29e-8d7b-48fd-8521-4b8ed15333fa,Yu Cardigan hippie,D3D3D3,top,cardigan,2,warm_season,boho,work,herringbone,False,3,3.1
1074,ffe50924-2e04-4574-ab5d-caa76b3bb833,Yubi Cardigan solid,00008b,top,cardigan,3,cold_season,classic,work,smooth,False,3,3.1
1075,ffe50924-2e04-4574-ab5d-caa76b3bb833,Yubi Cardigan solid,D3D3D3,top,cardigan,3,cold_season,classic,work,smooth,False,3,3.1
1076,ffe50924-2e04-4574-ab5d-caa76b3bb833,Yubi Cardigan solid,DEB24C,top,cardigan,3,cold_season,classic,work,smooth,False,3,3.1
1077,0c2a0437-f094-4ace-bfbe-a6446d963125,Hippie Tshirt french,DFC8B2,top,t-shirts,2,warm_season,casual,freetime,smooth,False,3,3.1
1078,0c2a0437-f094-4ace-bfbe-a6446d963125,Hippie Tshirt french,00008b,top,t-shirts,2,warm_season,casual,freetime,smooth,False,3,3.1
1079,0c2a0437-f094-4ace-bfbe-a6446d963125,Hippie Tshirt french,FFFF00,top,t-shirts,2,warm_season,casual,freetime,smooth,False,3,3.1
1080,2866fabd-6c86-43c9-9c9b-2e64a262a0bf,Ginger Dress lace,00008b,jumpsuit,jumpsuit,3,warm,boho,freetime,smooth,False,1,1.2
1085,18dea950-03fa-4dc5-b911-17f26bccd327,Lina Cardigan longer,E65A5B,top,cardigan,2,cold_season,casual,freetime,smooth,False,3,3.1
1088,18dea950-03fa-4dc5-b911-17f26bccd327,Lina Cardigan longer,00008b,top,cardigan,2,cold_season,casual,freetime,smooth,False,3,3.1
1093,18dea950-03fa-4dc5-b911-17f26bccd327,Lina Cardigan longer,000000,top,cardigan,2,cold_season,casual,freetime,smooth,False,3,3.1
1095,18dea950-03fa-4dc5-b911-17f26bccd327,Lina Cardigan longer,B11730,top,cardigan,2,cold_season,casual,freetime,smooth,False,3,3.1
1096,18dea950-03fa-4dc5-b911-17f26bccd327,Lina Cardigan longer,DEB24C,top,cardigan,2,cold_season,casual,freetime,smooth,False,3,3.1
1097,65813fa9-0dc8-425f-aba5-85ee7450b3c7,Closet Dress dakota,FFFF00,dress,tunica,3,warm,boho,freetime,geometric,False,1,1.1
1099,3891e6d1-d864-4c15-9b4e-8581125dcb4a,Lola Pant jean ,87CEFA,bottoms,cigarette,2,warm_season,street,freetime,smooth,False,2,2.2
1100,3891e6d1-d864-4c15-9b4e-8581125dcb4a,Lola Pant jean ,FFFFFF,bottoms,cigarette,2,warm_season,street,freetime,smooth,False,2,2.2
1101,3891e6d1-d864-4c15-9b4e-8581125dcb4a,Lola Pant jean ,00008b,bottoms,cigarette,2,warm_season,street,freetime,smooth,False,2,2.2
1104,8e76dfa5-b2dc-4c78-b695-df5f4448b747,Sienna Shirt flower,000000,top,blouse,3,warm_season,classic,freetime,floral,False,3,3.1
1105,3c016781-5183-4009-994f-610ff0bf9092,Samantha T-shirt grace,B94600,top,t-shirts,3,warm_season,street,freetime,smooth,False,3,3.1
1106,3c016781-5183-4009-994f-610ff0bf9092,Samantha T-shirt grace,00008b,top,t-shirts,3,warm_season,street,freetime,smooth,False,3,3.1
1107,21d36a3f-adc4-4570-917a-261ab53517be,Closet Top brick,DEB24C,top,tops,3,warm,boho,freetime,retro,False,3,3.1
1108,31c3b1d5-e3e2-41ac-9834-5ded29fdb826,Closet Top chester,DFC8B2,top,tops,3,warm,boho,freetime,animal_print,False,3,3.1
1109,e592e06f-b178-4ad5-9f60-d60b19d2fef8,Closet Top somerville,DEB24C,top,tops,3,warm,boho,freetime,retro,False,3,3.1
1110,5eedf9ee-c4e3-4515-a8f0-eaa74699a109,Madison Tshirt group ,FFA500,top,t-shirts,3,cold_season,street,freetime,horizontal_stripes,False,3,3.1
1111,f93b41a6-5c8b-4c4a-aa48-09c61b3e6ae3,Amalfi Skirt leaf ,008000,skirt,flared,4,warm,boho,freetime,tropical,False,2,2.1
1112,ce571395-f6e1-4a26-96e9-97ab11b49181,Camou Skirt onado,666633,skirt,tube,4,warm_season,street,freetime,army,False,2,2.1
1113,766d4df5-2285-45ce-a4ea-c2ba6615b63b,Dimas Jacket denim ,000081,outerwear,structured_jacket,2,warm_season,casual,freetime,smooth,False,4,4.1
1115,203cc4e2-77ba-4193-9185-07fec0c6abe9,Trissa Jeans sky ,00008b,bottoms,chino,2,cold_season,classic,work,smooth,False,2,2.2
1116,203cc4e2-77ba-4193-9185-07fec0c6abe9,Trissa Jeans sky ,000000,bottoms,chino,2,cold_season,classic,work,smooth,False,2,2.2
1117,714c9aa8-b165-43e1-9f67-a7032ee1f559,Paniz Short regular,FFFFFF,bottoms,shorts,3,warm,classic,freetime,smooth,False,2,2.2
1118,714c9aa8-b165-43e1-9f67-a7032ee1f559,Paniz Short regular,00008b,bottoms,shorts,3,warm,classic,freetime,smooth,False,2,2.2
1120,f2f9dafe-6e0c-404a-bb76-9542a0296108,Bernice Dress bohck,800000,dress,shirt,2,warm_season,classic,freetime,smooth,False,1,1.1
1121,b83d72f0-15f9-425d-86ce-150d27598593,Aure Sweater ward,800000,top,sweaters,2,cold_season,casual,freetime,smooth,False,3,3.1
1122,b83d72f0-15f9-425d-86ce-150d27598593,Aure Sweater ward,DEB24C,top,sweaters,2,cold_season,casual,freetime,smooth,False,3,3.1
1123,b83d72f0-15f9-425d-86ce-150d27598593,Aure Sweater ward,000081,top,sweaters,2,cold_season,casual,freetime,smooth,False,3,3.1
1124,b83d72f0-15f9-425d-86ce-150d27598593,Aure Sweater ward,008000,top,sweaters,2,cold_season,casual,freetime,smooth,False,3,3.1
1125,b83d72f0-15f9-425d-86ce-150d27598593,Aure Sweater ward,666633,top,sweaters,2,cold_season,casual,freetime,smooth,False,3,3.1
1126,b83d72f0-15f9-425d-86ce-150d27598593,Aure Sweater ward,5F5E5E,top,sweaters,2,cold_season,casual,freetime,smooth,False,3,3.1
1127,9233067b-69cc-4d1b-9277-fd8fb66a9766,Senes Dress night ,000000,dress,straight,3,warm,classic,night,smooth,False,1,1.1
1136,816a75ee-c969-4802-9ebb-8d47662656ec,Vimelli Tshirt noos,00008b,top,blouse,2,cold_season,classic,work,smooth,True,3,3.1
1138,816a75ee-c969-4802-9ebb-8d47662656ec,Vimelli Tshirt noos,FFC0CB,top,blouse,2,cold_season,classic,work,smooth,True,3,3.1
1140,816a75ee-c969-4802-9ebb-8d47662656ec,Vimelli Tshirt noos,FFFFFF,top,blouse,2,cold_season,classic,work,smooth,True,3,3.1
1144,34d7b5e3-eeec-43b4-b856-88f9e015c580,Ihmarrakech Skirt mus,DEB24C,skirt,knitted,3,warm_season,boho,freetime,floral,False,2,2.1
1145,3b294f3f-dac3-448f-8015-58132818c03f,Erin Jeans medium,000081,bottoms,cigarette,2,cold_season,casual,freetime,smooth,False,2,2.2
1148,13abd201-df09-48ae-b8d1-e52bdcbfa03c,Ihmarrakech Skirt safari,462C0E,skirt,straight,3,warm_season,boho,freetime,vertical_stripes,False,2,2.1
1155,07c9a753-2d46-40d2-9328-ec631623a982,Pamila Tshirt lisa ,FFC0CB,top,t-shirts,1,warm_season,casual,freetime,smooth,True,3,3.1
1156,07c9a753-2d46-40d2-9328-ec631623a982,Pamila Tshirt lisa ,FFFFFF,top,t-shirts,1,warm_season,casual,freetime,smooth,True,3,3.1
1157,07c9a753-2d46-40d2-9328-ec631623a982,Pamila Tshirt lisa ,000000,top,t-shirts,1,warm_season,casual,freetime,smooth,True,3,3.1
1158,1d668f7d-7541-4972-932c-9bcfab498501,Deper Parka softy,FFC0CB,outerwear,raincoat,2,cold_season,classic,freetime,smooth,False,4,4.1
1159,917ed9eb-8d1f-4dce-b2aa-33dd5bf33029,Ara Dress dark,00008b,dress,straight,2,warm_season,classic,freetime,smooth,False,1,1.1
1160,7e72f056-365e-44b1-b448-3ed096f73667,Senes Shirt sas,0000FF,top,blouse,2,warm_season,classic,work,smooth,False,3,3.1
1161,7e72f056-365e-44b1-b448-3ed096f73667,Senes Shirt sas,008000,top,blouse,2,warm_season,classic,work,smooth,False,3,3.1
1162,dbde276d-3185-438a-9b2e-8150f2043626,Vinoel T-shirt noos,FFC0CB,top,t-shirts,2,warm,casual,freetime,smooth,False,3,3.1
1163,dbde276d-3185-438a-9b2e-8150f2043626,Vinoel T-shirt noos,000000,top,t-shirts,2,warm,casual,freetime,smooth,False,3,3.1
1164,dbde276d-3185-438a-9b2e-8150f2043626,Vinoel T-shirt noos,FFFFFF,top,t-shirts,2,warm,casual,freetime,smooth,False,3,3.1
1165,dbde276d-3185-438a-9b2e-8150f2043626,Vinoel T-shirt noos,00008b,top,t-shirts,2,warm,casual,freetime,smooth,False,3,3.1
1166,dda75755-1bb4-4095-b524-84864382c3fa,Charlior Skirt dalmata,A57E62,skirt,straight,3,warm,boho,freetime,miniprint,False,2,2.1
1167,dda75755-1bb4-4095-b524-84864382c3fa,Charlior Skirt dalmata,DFC8B2,skirt,straight,3,warm,boho,freetime,miniprint,False,2,2.1
1174,af725486-9846-42f7-b52a-fbce2235b79f,Paulie Sweatshirt print ,BBA9E4,top,hoodies,4,warm_season,street,freetime,animal_print,False,3,3.1
1175,8f7d088d-7c48-40af-9328-53c32df9ea92,Billi Tshirt embro,FFFFFF,top,t-shirts,2,warm_season,boho,freetime,floral,False,3,3.1
1176,8f7d088d-7c48-40af-9328-53c32df9ea92,Billi Tshirt embro,808080,top,t-shirts,2,warm_season,boho,freetime,floral,False,3,3.1
1177,5bf765fc-ea07-45de-8be0-603622f58e29,Utah Shirt floral ,BBA9E4,top,blouse,2,warm_season,classic,work,floral,False,3,3.1
1178,328c7472-ae98-44e8-832f-0ba42e6ac529,Fano Jeans denim,00008b,bottoms,cigarette,2,warm_season,street,freetime,smooth,False,2,2.2
1179,905cfc44-3c43-46ea-8a37-388165bd532e,Aretha Tshirt soya,FFFF00,top,t-shirts,3,warm,boho,freetime,gradient,False,3,3.1
1182,aae3590f-bc9f-4354-b079-a3f0fdd5095b,Hila Top luxe,00008b,top,tops,3,warm_season,classic,freetime,smooth,False,3,3.1
1183,aae3590f-bc9f-4354-b079-a3f0fdd5095b,Hila Top luxe,BBE2AD,top,tops,3,warm_season,classic,freetime,smooth,False,3,3.1
1184,aae3590f-bc9f-4354-b079-a3f0fdd5095b,Hila Top luxe,0000FF,top,tops,3,warm_season,classic,freetime,smooth,False,3,3.1
1185,aae3590f-bc9f-4354-b079-a3f0fdd5095b,Hila Top luxe,000000,top,tops,3,warm_season,classic,freetime,smooth,False,3,3.1
1186,78553a75-bb48-4235-9986-f90dab696de9,Luca Top cerise ,40E0D0,top,tops,3,warm,classic,freetime,smooth,False,3,3.1
1187,78553a75-bb48-4235-9986-f90dab696de9,Luca Top cerise ,FFFFFF,top,tops,3,warm,classic,freetime,smooth,False,3,3.1
1188,78553a75-bb48-4235-9986-f90dab696de9,Luca Top cerise ,DEB24C,top,tops,3,warm,classic,freetime,smooth,False,3,3.1
1189,78553a75-bb48-4235-9986-f90dab696de9,Luca Top cerise ,00008b,top,tops,3,warm,classic,freetime,smooth,False,3,3.1
1190,78553a75-bb48-4235-9986-f90dab696de9,Luca Top cerise ,000000,top,tops,3,warm,classic,freetime,smooth,False,3,3.1
1191,174a6386-abc2-49de-b5bb-303bede114b7,Olive Pant alabama,000000,bottoms,chino,2,cold_season,classic,work,miniprint,False,2,2.2
1192,174a6386-abc2-49de-b5bb-303bede114b7,Olive Pant alabama,9A8176,bottoms,chino,2,cold_season,classic,work,miniprint,False,2,2.2
1193,174a6386-abc2-49de-b5bb-303bede114b7,Olive Pant alabama,00008b,bottoms,chino,2,cold_season,classic,work,miniprint,False,2,2.2
1195,de32662c-6444-4720-acb8-c2d0a149ddfb,Haiz Tshirt ss,FFFFFF,top,t-shirts,2,warm,boho,freetime,bodoque,False,3,3.1
1196,de32662c-6444-4720-acb8-c2d0a149ddfb,Haiz Tshirt ss,00008b,top,t-shirts,2,warm,boho,freetime,bodoque,False,3,3.1
1197,de32662c-6444-4720-acb8-c2d0a149ddfb,Haiz Tshirt ss,000000,top,t-shirts,2,warm,boho,freetime,bodoque,False,3,3.1
1198,18d61972-34bb-4ea5-a08b-bb4f0a5e01e7,Zea Short pant,FFC0CB,bottoms,shorts,2,warm,classic,freetime,smooth,False,2,2.2
1199,18d61972-34bb-4ea5-a08b-bb4f0a5e01e7,Zea Short pant,DFC8B2,bottoms,shorts,2,warm,classic,freetime,smooth,False,2,2.2
1200,18d61972-34bb-4ea5-a08b-bb4f0a5e01e7,Zea Short pant,000000,bottoms,shorts,2,warm,classic,freetime,smooth,False,2,2.2
1202,2b8e6b9f-9773-426c-97f4-b262b59174b4,Charis Shirt film,000081,top,tops,3,warm_season,boho,freetime,floral,False,3,3.1
1203,5093150b-777d-47a5-ac27-16530925eac1,Candace Shirt film,DEB24C,top,shirt,3,warm_season,boho,freetime,animal_print,False,3,3.1
1204,e21c22f3-086d-48db-96e8-c148ad221dd3,Cascadia Shirt film,DEB24C,top,shirt,3,warm_season,boho,work,geometric,False,3,3.1
1205,6eaa376a-c916-4940-bae2-473308ba560b,Jana Sweater knit,462C0E,top,cardigan,2,cold_season,casual,freetime,smooth,False,3,3.1
1206,6eaa376a-c916-4940-bae2-473308ba560b,Jana Sweater knit,DEB24C,top,cardigan,2,cold_season,casual,freetime,smooth,False,3,3.1
1207,6eaa376a-c916-4940-bae2-473308ba560b,Jana Sweater knit,000000,top,cardigan,2,cold_season,casual,freetime,smooth,False,3,3.1
1208,ac5d07f0-2298-46ee-baa0-95288203ca99,Circle Shirt colors,DFC8B2,top,blouse,3,warm_season,boho,freetime,polka_dot,False,3,3.1
1209,8f6d36f2-6471-44d4-806c-515f698a1b95,Casacche Top wide,ECE9D6,top,tops,2,warm,boho,freetime,smooth,False,3,3.1
1210,8f6d36f2-6471-44d4-806c-515f698a1b95,Casacche Top wide,666633,top,tops,2,warm,boho,freetime,smooth,False,3,3.1
1211,8f6d36f2-6471-44d4-806c-515f698a1b95,Casacche Top wide,000000,top,tops,2,warm,boho,freetime,smooth,False,3,3.1
1213,15d179f5-205a-4e9a-ba2d-33e2a25b9027,Juas Jumpsuit mika,000000,jumpsuit,jumpsuit,4,warm_season,street,freetime,miniprint,False,1,1.2
1214,e0b0aa54-b194-4160-91c5-78e847cdfc48,Ihlisa Skirt sweet,00008b,skirt,circle_skirt,3,warm,boho,freetime,floral,False,2,2.1
1215,21f0549a-4136-4005-b332-4841a5a46372,Hailey Playsuit flower,000000,jumpsuit,jumpsuit,3,warm,boho,freetime,ethnic,False,1,1.2
1216,36ac5228-f6c5-4cbd-b97c-db6564ad652e,Eyes Jacket bomb,D84936,outerwear,bomber,3,warm_season,street,freetime,printed,False,4,4.1
1217,b34f2b8c-bfcc-4f3b-bb63-3c5dee6af302,Una Dress navy,00008b,dress,evase,3,warm_season,classic,night,smooth,False,1,1.1
1218,848cec5d-1031-4baa-9f9d-8bdd8ac11230,Powi Pant fit,00008b,bottoms,skinny,2,cold_season,street,freetime,smooth,False,2,2.2
1219,bfbb30db-b515-4eca-b455-f6ddb3139ac8,Florrie Dress dots ,00008b,dress,babydoll,2,warm_season,classic,freetime,miniprint,False,1,1.1
1220,ed69d316-5734-451e-bf31-3ac02025f077,Catrina Shirt cats ,FFFFFF,top,shirt,3,cold_season,boho,freetime,animal_print,False,3,3.1
1221,b36a0408-f9e7-4c69-b953-d56f3d76b301,Ycoo Skirt cat,00008b,skirt,miniskirt,3,warm,boho,freetime,miniprint,False,2,2.1
1224,92f96835-501e-4fd9-9cf6-57f9c782dda1,Esprit Shirt flow,87CEFA,top,blouse,2,warm_season,boho,work,vertical_stripes,False,3,3.1
1230,0b4ff44f-a3a2-472a-8c97-5540bf56bcf1,Visti Jacket bomber ,BBA9E4,outerwear,bomber,3,cold_season,street,freetime,floral,False,4,4.1
1231,0b4ff44f-a3a2-472a-8c97-5540bf56bcf1,Visti Jacket bomber ,FFA500,outerwear,bomber,3,cold_season,street,freetime,floral,False,4,4.1
1232,8d322b3a-308c-4703-a943-710ea3a3df08,Than Pant place ,800000,bottoms,cigarette,2,cold_season,casual,freetime,smooth,False,2,2.2
1233,8d322b3a-308c-4703-a943-710ea3a3df08,Than Pant place ,00008b,bottoms,cigarette,2,cold_season,casual,freetime,smooth,False,2,2.2
1234,8d322b3a-308c-4703-a943-710ea3a3df08,Than Pant place ,B94600,bottoms,cigarette,2,cold_season,casual,freetime,smooth,False,2,2.2
1235,8d322b3a-308c-4703-a943-710ea3a3df08,Than Pant place ,000000,bottoms,cigarette,2,cold_season,casual,freetime,smooth,False,2,2.2
1236,8d322b3a-308c-4703-a943-710ea3a3df08,Than Pant place ,9A8176,bottoms,cigarette,2,cold_season,casual,freetime,smooth,False,2,2.2
1237,d21a3c3c-b6dc-417e-91b6-dd9b2f745475,Eos Jacket peach ,D3D3D3,outerwear,jacket,2,cold_season,street,freetime,smooth,False,4,4.1
1238,37e3d8f4-951c-4b2e-95d0-5eb21a2866b0,Bomb Jacket gold,008000,outerwear,bomber,3,cold_season,boho,freetime,sheets,False,4,4.1
1239,9ba7ad5b-8fd4-4cc3-b557-c71533efae68,Inside Shirt print,808080,top,t-shirts,3,warm_season,boho,freetime,horizontal_stripes,False,3,3.1
1240,457462ef-1e4e-4476-8081-6ebbcebebd86,Kilibbi Shirt print,00008b,top,blouse,3,warm_season,boho,work,ethnic,False,3,3.1
1241,b02cc7b2-d5f6-485e-bc2b-d6baafc4eaa4,Pcsky Skirt aop,462C0E,skirt,miniskirt,3,warm_season,street,freetime,animal_print,False,2,2.1
1242,1a7531fc-aa8e-4d7b-b75c-bed3ba7567d5,Contrast Shirt hem ,000000,top,hoodies,2,cold_season,classic,freetime,geometric,False,3,3.1
1243,11d9d5c8-f761-43aa-8c18-538ebba2af82,Vera Pant deep ,000000,bottoms,chino,3,cold_season,classic,work,smooth,False,2,2.2
1245,11d9d5c8-f761-43aa-8c18-538ebba2af82,Vera Pant deep ,00008b,bottoms,chino,3,cold_season,classic,work,smooth,False,2,2.2
1246,d46cc604-60d3-43e3-a27a-9211b7e0e12b,Limba Foulard closet,FFFF00,scarf,foulard,3,warm_season,casual,freetime,horizontal_stripes,False,4,4.2
1247,d46cc604-60d3-43e3-a27a-9211b7e0e12b,Limba Foulard closet,40E0D0,scarf,foulard,3,warm_season,casual,freetime,horizontal_stripes,False,4,4.2
1248,d46cc604-60d3-43e3-a27a-9211b7e0e12b,Limba Foulard closet,00008b,scarf,foulard,3,warm_season,casual,freetime,horizontal_stripes,False,4,4.2
1249,0b54c19f-a622-4ded-8279-f9ceeea2bbc3,Lyris Foulard closet,00008b,scarf,foulard,3,warm_season,boho,freetime,ethnic,False,4,4.2
1250,0b54c19f-a622-4ded-8279-f9ceeea2bbc3,Lyris Foulard closet,DEB24C,scarf,foulard,3,warm_season,boho,freetime,ethnic,False,4,4.2
1254,fa987964-6f2d-47af-a278-bfb67107f603,Fragola Skirt stripes ,FFC0CB,skirt,straight,4,warm_season,classic,freetime,horizontal_stripes,False,2,2.1
1261,1b1d1ee5-4922-4736-a4b9-10fe798f2cd4,Laia Shirt rue,000000,top,blouse,3,warm_season,boho,freetime,smooth,False,3,3.1
1262,18525073-4947-482c-8753-7d0a956273cb,Ally Shirt bright ,00008b,top,tops,2,warm_season,classic,work,smooth,False,3,3.1
1263,18525073-4947-482c-8753-7d0a956273cb,Ally Shirt bright ,FFFF00,top,tops,2,warm_season,classic,work,smooth,False,3,3.1
1264,18525073-4947-482c-8753-7d0a956273cb,Ally Shirt bright ,FFFFFF,top,tops,2,warm_season,classic,work,smooth,False,3,3.1
1266,930eb14b-bd4e-411e-a679-9ea7e1598ac9,Linen Shirt vneck,B11730,top,t-shirts,2,warm_season,casual,freetime,smooth,False,3,3.1
1267,930eb14b-bd4e-411e-a679-9ea7e1598ac9,Linen Shirt vneck,FFFF00,top,t-shirts,2,warm_season,casual,freetime,smooth,False,3,3.1
1268,930eb14b-bd4e-411e-a679-9ea7e1598ac9,Linen Shirt vneck,00008b,top,t-shirts,2,warm_season,casual,freetime,smooth,False,3,3.1
1269,930eb14b-bd4e-411e-a679-9ea7e1598ac9,Linen Shirt vneck,ECE9D6,top,t-shirts,2,warm_season,casual,freetime,smooth,False,3,3.1
1270,930eb14b-bd4e-411e-a679-9ea7e1598ac9,Linen Shirt vneck,0000FF,top,t-shirts,2,warm_season,casual,freetime,smooth,False,3,3.1
1271,a200b3ba-9ca3-42a9-9ca2-f401ee1eca97,Athlete Jacket bomb,00008b,outerwear,bomber,3,cold_season,boho,freetime,smooth,False,4,4.1
1272,c3314789-1c1a-4418-9daa-b5e5392efc37,Ronja Jacket blazer,DFC8B2,outerwear,jacket,2,cold_season,classic,work,smooth,False,4,4.1
1273,c3314789-1c1a-4418-9daa-b5e5392efc37,Ronja Jacket blazer,00008b,outerwear,jacket,2,cold_season,classic,work,smooth,False,4,4.1
1274,54732b17-da1a-47c2-b400-c14037f4d402,Riz Shirt sew,00008b,top,blouse,3,warm_season,boho,work,floral,False,3,3.1
1276,088cf6b1-b7d8-414b-a707-b324582d9f73,Evadne Shirt sew,00008b,top,shirt,3,cold_season,boho,freetime,vertical_stripes,False,3,3.1
1277,088cf6b1-b7d8-414b-a707-b324582d9f73,Evadne Shirt sew,000000,top,shirt,3,cold_season,boho,freetime,vertical_stripes,False,3,3.1
1278,0dd65aa3-9bab-4ce5-bb6c-fa72113c66d2,Stripemix Shirt collar,000081,top,shirt,2,warm_season,classic,work,vertical_stripes,False,3,3.1
1279,17595038-4b0e-49b6-ac9c-869fbff12bda,Oahu Skirt lili,008000,skirt,circle_skirt,3,warm,boho,freetime,sheets,False,2,2.1
1286,c0c2b93f-5bf7-4b21-9c7d-a0150c845e56,Cherry Sweater tie,808080,top,sweaters,2,cold_season,classic,work,smooth,False,3,3.1
1287,82dcf130-2d5e-4f7d-b7fd-0f43c437a74e,Hippie Dress mustard,DEB24C,dress,tunica,3,warm,boho,freetime,floral,False,1,1.1
1288,271ebfb9-4945-49ed-b39e-2f30101fc30c,Closet Shirt iowa ,000081,top,shirt,2,warm_season,boho,freetime,floral,False,3,3.1
1289,d6697aad-e227-4bda-bdb9-fabb3f374bdf,Viatta Shirt parda,008000,top,shirt,3,warm_season,street,freetime,animal_print,False,3,3.1
1290,98d3a64c-7503-4cff-9a1a-562d4fd98cb6,Pirme Pant best,462C0E,bottoms,baggie,3,warm_season,boho,freetime,floral,False,2,2.2
1292,d1a3dfa8-e961-4de3-aefb-efedf382f1c2,Oces Jeans skinny,FFFFFF,bottoms,skinny,2,warm_season,casual,freetime,smooth,False,2,2.2
1300,c7e579dd-09a1-4b6a-8605-c28cafdb27a7,Eriel Short loose ,00008b,bottoms,shorts,3,warm,classic,freetime,sheets,False,2,2.2
1301,923dba31-ec3e-4289-b79b-6ea96491aada,Parastoo Pant comfort,DEB24C,bottoms,chino,2,warm_season,classic,work,smooth,False,2,2.2
1302,e70e551e-f46c-4bf5-90af-c6c50497c2a0,Elise Sweatshirt hoody,000081,top,hoodies,3,cold_season,casual,freetime,horizontal_stripes,False,3,3.1
1303,b4197ea3-5ce4-46d1-a08e-548c900fd2a8,Charlior Skirt mustard,00008b,skirt,flared_skirt,4,warm,boho,freetime,geometric,False,2,2.1
1304,d3a0f255-40cb-4baf-b8f8-6cf65e6d9142,Carmira Top strap,ECE9D6,top,tops,2,warm,boho,freetime,smooth,False,3,3.1
1310,dacc6570-6aca-4b0a-801e-e5a63be27a77,Juse Pant charlior ,D3D3D3,bottoms,paper_bag,2,cold_season,classic,freetime,smooth,False,2,2.2
1311,dacc6570-6aca-4b0a-801e-e5a63be27a77,Juse Pant charlior ,00008b,bottoms,paper_bag,2,cold_season,classic,freetime,smooth,False,2,2.2
1312,dacc6570-6aca-4b0a-801e-e5a63be27a77,Juse Pant charlior ,B94600,bottoms,paper_bag,2,cold_season,classic,freetime,smooth,False,2,2.2
1313,dacc6570-6aca-4b0a-801e-e5a63be27a77,Juse Pant charlior ,B11730,bottoms,paper_bag,2,cold_season,classic,freetime,smooth,False,2,2.2
1314,4cd9d9d8-5aaf-45cb-99f5-37e5076a7d65,Blus Cardigan season ,00008b,top,cardigan,2,warm_season,classic,work,smooth,False,3,3.1
1315,4dc4afbd-8568-47e6-bdff-8bd32ae63306,Addi Skirt even,DEB24C,skirt,circle_skirt,3,warm_season,boho,freetime,floral,False,2,2.1
1316,4dc4afbd-8568-47e6-bdff-8bd32ae63306,Addi Skirt even,ECE9D6,skirt,circle_skirt,3,warm_season,boho,freetime,floral,False,2,2.1
1317,997c270b-f6c1-4c49-9548-5ca8eb058122,Paigee Shirt brand ,FFFFFF,top,blouse,2,warm_season,boho,work,smooth,False,3,3.1
1318,57fae03f-5950-40a4-8f13-1dd28929545b,Tulipan Shirt cerise ,FFFFFF,top,shirt,2,warm_season,boho,freetime,floral,False,3,3.1
1320,b17a923b-c6b8-4b18-9985-2aeb826c0b5f,Olive Pant miniprint ,000000,bottoms,chino,2,warm_season,classic,work,miniprint,False,2,2.2
1322,b17a923b-c6b8-4b18-9985-2aeb826c0b5f,Olive Pant miniprint ,00008b,bottoms,chino,2,warm_season,classic,work,miniprint,False,2,2.2
1323,9b112cac-0e28-4e28-86d0-c0c4995ebc89,Bsfatima Dress print,FFA500,dress,with_pleat,3,warm,boho,freetime,floral,False,1,1.1
1324,d141fd4c-7eba-47a3-8a12-81c00c91b995,Bsbernadette Tshirt peacoat,FFA500,top,t-shirts,2,warm_season,casual,freetime,horizontal_stripes,False,3,3.1
1325,d141fd4c-7eba-47a3-8a12-81c00c91b995,Bsbernadette Tshirt peacoat,00008b,top,t-shirts,2,warm_season,casual,freetime,horizontal_stripes,False,3,3.1
1326,fb2f2bd4-e992-4614-bada-0c64813c6100,Canotta Tshirt fluor,FFA500,top,t-shirts,3,warm,street,freetime,horizontal_stripes,False,3,3.1
1327,fb2f2bd4-e992-4614-bada-0c64813c6100,Canotta Tshirt fluor,FFFF00,top,t-shirts,3,warm,street,freetime,horizontal_stripes,False,3,3.1
1331,f85e10be-6a9c-4b0a-a7c3-e2d42e533f22,Olivia Pant vichy ,000000,bottoms,cigarette,3,warm_season,classic,work,vichy,False,2,2.2
1332,3387ffb5-63f7-4099-a3da-f4b59ba52c1c,Vono Shirt point,000081,top,shirt,2,warm_season,classic,work,vertical_stripes,False,3,3.1
1333,05035bb6-bb87-4825-afee-9685be01f279,Kadaluz Skirt plaid,00008b,skirt,circle_skirt,2,warm_season,boho,work,smooth,False,2,2.1
1340,7d934d02-0851-48de-8b6b-428e33d43b7d,Stripes T-shirt charlior,00008b,top,t-shirts,2,warm,casual,freetime,horizontal_stripes,False,3,3.1
1341,7d934d02-0851-48de-8b6b-428e33d43b7d,Stripes T-shirt charlior,F29985,top,t-shirts,2,warm,casual,freetime,horizontal_stripes,False,3,3.1
1342,7d934d02-0851-48de-8b6b-428e33d43b7d,Stripes T-shirt charlior,0000FF,top,t-shirts,2,warm,casual,freetime,horizontal_stripes,False,3,3.1
1349,27a92f07-742b-43e0-98e4-b7c23a4bfc2e,Jeanne Shirt dusty,ECE9D6,top,blouse,3,warm_season,classic,work,bodoque,False,3,3.1
1350,5b82abfc-4968-4cee-9479-6b123b22e677,Naomi Pant short,87CEFA,bottoms,shorts,2,warm,casual,freetime,smooth,False,2,2.2
1351,604c0a9a-141c-4538-93c6-44be1b65babd,Naomi Pant short,000000,bottoms,shorts,2,warm,street,work,smooth,False,2,2.2
1352,9fdb4f94-ae53-4eb1-896b-78e4517a2cb8,Noreli Dress noir,000000,dress,shirt,3,warm_season,classic,freetime,smooth,False,1,1.1
1353,9fdb4f94-ae53-4eb1-896b-78e4517a2cb8,Noreli Dress noir,F29985,dress,shirt,3,warm_season,classic,freetime,smooth,False,1,1.1
1357,6072c9cb-cfa6-418d-9a7b-b0db055a082d,Majolica Short solid,00008b,bottoms,shorts,3,warm,classic,freetime,smooth,False,2,2.2
1358,6072c9cb-cfa6-418d-9a7b-b0db055a082d,Majolica Short solid,000000,bottoms,shorts,3,warm,classic,freetime,smooth,False,2,2.2
1359,8779c76a-4ea7-4a82-bcf2-33061329c6bb,Summer Shirt majolica,000000,top,shirt,3,warm_season,classic,work,vertical_stripes,False,3,3.1
1360,8779c76a-4ea7-4a82-bcf2-33061329c6bb,Summer Shirt majolica,FFA500,top,shirt,3,warm_season,classic,work,vertical_stripes,False,3,3.1
1361,6d892726-7b23-4268-b433-f23f49d49a65,Cerise Playsuit tokyo,FFFFFF,top,sweatshirt,3,warm,boho,freetime,floral,False,3,3.1
1362,6d892726-7b23-4268-b433-f23f49d49a65,Cerise Playsuit tokyo,000000,top,sweatshirt,3,warm,boho,freetime,floral,False,3,3.1
1365,a99551fc-9d2a-4d39-a61a-1be1b3e62fdd,Akoz Top solid ,00008b,top,blouse,3,warm_season,casual,freetime,smooth,False,3,3.1
1366,a99551fc-9d2a-4d39-a61a-1be1b3e62fdd,Akoz Top solid ,D84936,top,blouse,3,warm_season,casual,freetime,smooth,False,3,3.1
1367,a99551fc-9d2a-4d39-a61a-1be1b3e62fdd,Akoz Top solid ,000000,top,blouse,3,warm_season,casual,freetime,smooth,False,3,3.1
1368,a99551fc-9d2a-4d39-a61a-1be1b3e62fdd,Akoz Top solid ,666633,top,blouse,3,warm_season,casual,freetime,smooth,False,3,3.1
1369,a99551fc-9d2a-4d39-a61a-1be1b3e62fdd,Akoz Top solid ,008000,top,blouse,3,warm_season,casual,freetime,smooth,False,3,3.1
1370,a99551fc-9d2a-4d39-a61a-1be1b3e62fdd,Akoz Top solid ,FFC0CB,top,blouse,3,warm_season,casual,freetime,smooth,False,3,3.1
1371,a99551fc-9d2a-4d39-a61a-1be1b3e62fdd,Akoz Top solid ,FFA500,top,blouse,3,warm_season,casual,freetime,smooth,False,3,3.1
1372,a99551fc-9d2a-4d39-a61a-1be1b3e62fdd,Akoz Top solid ,0000FF,top,blouse,3,warm_season,casual,freetime,smooth,False,3,3.1
1373,a99551fc-9d2a-4d39-a61a-1be1b3e62fdd,Akoz Top solid ,B11730,top,blouse,3,warm_season,casual,freetime,smooth,False,3,3.1
1375,a99551fc-9d2a-4d39-a61a-1be1b3e62fdd,Akoz Top solid ,FFD200,top,blouse,3,warm_season,casual,freetime,smooth,False,3,3.1
1376,a99551fc-9d2a-4d39-a61a-1be1b3e62fdd,Akoz Top solid ,B94600,top,blouse,3,warm_season,casual,freetime,smooth,False,3,3.1
1383,a99551fc-9d2a-4d39-a61a-1be1b3e62fdd,Akoz Top solid ,FFFFFF,top,blouse,3,warm_season,casual,freetime,smooth,False,3,3.1
1385,4d35ffd5-178e-4d0b-a30b-764408acc88e,Merle Shirt stripe,B11730,top,t-shirts,2,warm_season,boho,freetime,horizontal_stripes,False,3,3.1
1386,4d35ffd5-178e-4d0b-a30b-764408acc88e,Merle Shirt stripe,87CEFA,top,t-shirts,2,warm_season,boho,freetime,horizontal_stripes,False,3,3.1
1387,4d35ffd5-178e-4d0b-a30b-764408acc88e,Merle Shirt stripe,00008b,top,t-shirts,2,warm_season,boho,freetime,horizontal_stripes,False,3,3.1
1388,13a93944-e358-4785-a4b6-c4f02ea89a78,Objpamela Pant poppy,D84936,bottoms,culotte,3,warm_season,boho,freetime,floral,False,2,2.2
1391,58470600-152e-4289-bcb7-57e677f55017,Majo Shirt geo ,ECE9D6,top,shirt,3,cold_season,boho,freetime,miniprint,False,3,3.1
1395,736f8232-30b1-4d7f-a07f-6cdb8e388087,Closet Dress vania ,000081,dress,shirt,3,warm_season,boho,freetime,floral,False,1,1.1
1396,4f846ff7-4145-4a1d-8932-f6750c7d5b11,French Dress eleonore,000000,dress,straight,3,cold_season,classic,freetime,floral,False,1,1.1
1404,9838fda9-2ba6-4575-97d2-e143e360cd18,French Dress fifine,87CEFA,dress,with_pleat,3,warm_season,boho,freetime,floral,False,1,1.1
1405,514dc57a-e77c-4fd0-be21-3500528dfdc0,Isa Dress dusty,00008b,dress,shirt,3,cold_season,classic,freetime,vertical_stripes,False,1,1.1
1407,81efe32e-ea19-4199-aa33-e8f8ce8d4dd9,Rupo Tshirt polo,462C0E,top,sweaters,3,cold_season,classic,work,smooth,False,3,3.1
1408,81efe32e-ea19-4199-aa33-e8f8ce8d4dd9,Rupo Tshirt polo,DFC8B2,top,sweaters,3,cold_season,classic,work,smooth,False,3,3.1
1411,c942f5ad-709f-46c6-b7f9-521448877467,Hearts Skirt mini,000000,skirt,circle_skirt,3,warm,boho,freetime,printed,False,2,2.1
1417,3f6ce391-b395-490d-bdcd-d7361953f8f7,Minie Shirt cerise,FFFFFF,top,shirt,3,warm_season,classic,freetime,miniprint,False,3,3.1
1423,34305014-f3d3-4682-a5f2-d2e94315d6ad,Rizetta Dress copen ,00008b,dress,with_pleat,3,cold_season,classic,work,horizontal_stripes,False,1,1.1
1424,4dae66e6-1975-41d9-bc4e-4a962890eb0d,Lulu Cardigan pep ,00008b,top,cardigan,2,warm_season,classic,work,horizontal_stripes,False,3,3.1
1425,d6ba9618-6a4b-4ba0-9bfa-51325717bfde,Buttons Sweater back ,00008b,top,sweaters,3,warm_season,classic,work,smooth,False,3,3.1
1426,d6ba9618-6a4b-4ba0-9bfa-51325717bfde,Buttons Sweater back ,B94600,top,sweaters,3,warm_season,classic,work,smooth,False,3,3.1
1427,d6ba9618-6a4b-4ba0-9bfa-51325717bfde,Buttons Sweater back ,B11730,top,sweaters,3,warm_season,classic,work,smooth,False,3,3.1
1431,94024d51-c692-42cd-a844-f8e988d7c178,Helene Shirt cerise,B11730,top,shirt,3,warm_season,boho,work,sheets,False,3,3.1
1433,c2503e9f-f228-42bc-afa0-feed242bb80d,Ihmoto Tshirt wide,DEB24C,top,t-shirts,2,warm_season,casual,freetime,horizontal_stripes,False,3,3.1
1434,58598bf2-b2af-4add-a812-d99627e63ab8,Itsolid Dress hippie ,000000,dress,with_pleat,1,warm_season,boho,freetime,smooth,False,1,1.1
1443,e27b9f2f-7479-4df1-b6b8-68d3aeb42f0e,Simas Dress hippie,00008b,dress,with_pleat,3,warm,boho,freetime,floral,False,1,1.1
1444,767c0c08-d8b2-4d1c-8501-1769eaf35089,Darcey Cardigan organic ,FFFFFF,top,cardigan,2,warm_season,boho,work,smooth,False,3,3.1
1448,ab964cd7-7d6e-4da8-8baa-8ca446ebbcaa,Mina Top klein ,000000,top,tops,2,warm,classic,freetime,smooth,False,3,3.1
1449,ab964cd7-7d6e-4da8-8baa-8ca446ebbcaa,Mina Top klein ,40E0D0,top,tops,2,warm,classic,freetime,smooth,False,3,3.1
1450,ab964cd7-7d6e-4da8-8baa-8ca446ebbcaa,Mina Top klein ,FFFFFF,top,tops,2,warm,classic,freetime,smooth,False,3,3.1
1451,ab964cd7-7d6e-4da8-8baa-8ca446ebbcaa,Mina Top klein ,800000,top,tops,2,warm,classic,freetime,smooth,False,3,3.1
1463,ab964cd7-7d6e-4da8-8baa-8ca446ebbcaa,Mina Top klein ,DEB24C,top,tops,2,warm,classic,freetime,smooth,False,3,3.1
1466,ab964cd7-7d6e-4da8-8baa-8ca446ebbcaa,Mina Top klein ,164A0A,top,tops,2,warm,classic,freetime,smooth,False,3,3.1
1470,ab964cd7-7d6e-4da8-8baa-8ca446ebbcaa,Mina Top klein ,00008b,top,tops,2,warm,classic,freetime,smooth,False,3,3.1
1471,bde4e324-360d-47a7-b117-64d155f17f42,Cerise Dress solid ,B94600,dress,shirt,3,warm,boho,freetime,smooth,False,1,1.1
1472,bde4e324-360d-47a7-b117-64d155f17f42,Cerise Dress solid ,DEB24C,dress,shirt,3,warm,boho,freetime,smooth,False,1,1.1
1473,bde4e324-360d-47a7-b117-64d155f17f42,Cerise Dress solid ,666633,dress,shirt,3,warm,boho,freetime,smooth,False,1,1.1
1474,bba616f4-3fd2-468a-a83d-fa3c23bdc3fc,Onlcar Jeans noos,00008b,bottoms,skinny,3,cold_season,street,freetime,smooth,False,2,2.2
1493,d494c9ed-73e8-4610-80a5-e5c12110f40b,Olive Pant les ,000000,bottoms,jegging,2,cold_season,classic,work,miniprint,False,2,2.2
1495,18585abf-7cb4-435f-9689-5f4a6655e1ca,Vert Pant bonnes ,DFC8B2,bottoms,jegging,2,cold_season,classic,freetime,checked,False,2,2.2
1497,5dfe4b01-5d0c-428e-89ee-f03b9a043164,Vmcallie Jacket bomber ,000000,outerwear,bomber,3,cold_season,street,freetime,floral,False,4,4.1
1506,a7de5206-a282-451d-8a37-367a28dd28e4,Printed Pant summ,164A0A,bottoms,palazzo,2,warm,boho,freetime,tropical,False,2,2.2
1507,d5be422b-c99c-4717-b623-298e72f2c211,Buttons Skirt ycoo,B94600,skirt,flared_skirt,2,warm,boho,work,smooth,False,2,2.1
1508,d5be422b-c99c-4717-b623-298e72f2c211,Buttons Skirt ycoo,666633,skirt,flared_skirt,2,warm,boho,work,smooth,False,2,2.1
1535,3d33a057-6a1a-4037-bbf8-317fb92d0967,Terentis Bag sew ,B5A45F,bag,envelope,4,warm_season,boho,night,smooth,False,4,4.3
1536,de5018d2-e126-4160-b955-1b4ee5122774,Tansy Bag sew ,B5A45F,bag,crossbag,4,warm_season,boho,freetime,smooth,False,4,4.3
1537,60bf55b4-8a48-4848-b145-b24edcaf3886,Objwin Jacket seasonal,DFC8B2,outerwear,cowgirl,3,warm_season,street,freetime,animal_print,False,4,4.1
1542,37749629-4872-4928-9089-a7bf6d662bc2,Viril Sweater neck,FFFFFF,top,sweaters,2,cold,classic,freetime,smooth,True,3,3.1
1575,a58e7e4a-86c6-4baa-9370-27022eb87492,Vipeny Skirt fav,666633,skirt,tube,3,warm_season,street,freetime,smooth,False,2,2.1
1582,e962f2f2-0298-4ab9-9da0-341dfcc95399,Onlvienna Coat humus ,DFC8B2,outerwear,coat,2,cold_season,classic,work,smooth,False,4,4.1
1583,33d3f0e7-190d-4d4a-a73a-aa8c0997304d,Onado Skirt hibiscus,87CEFA,skirt,miniskirt,3,warm_season,boho,freetime,floral,False,2,2.1
1599,0a56a571-1c34-4e06-b178-9cb1badbd035,Aster Top blue ,F29985,top,tops,2,warm,classic,work,smooth,False,3,3.1
1600,0a56a571-1c34-4e06-b178-9cb1badbd035,Aster Top blue ,000000,top,tops,2,warm,classic,work,smooth,False,3,3.1
1601,0a56a571-1c34-4e06-b178-9cb1badbd035,Aster Top blue ,D84936,top,tops,2,warm,classic,work,smooth,False,3,3.1
1603,0a56a571-1c34-4e06-b178-9cb1badbd035,Aster Top blue ,0000FF,top,tops,2,warm,classic,work,smooth,False,3,3.1
1604,0a56a571-1c34-4e06-b178-9cb1badbd035,Aster Top blue ,00008b,top,tops,2,warm,classic,work,smooth,False,3,3.1
1605,0a56a571-1c34-4e06-b178-9cb1badbd035,Aster Top blue ,B11730,top,tops,2,warm,classic,work,smooth,False,3,3.1
1606,0a56a571-1c34-4e06-b178-9cb1badbd035,Aster Top blue ,008000,top,tops,2,warm,classic,work,smooth,False,3,3.1
1613,1551622e-aaf6-4d6f-b80c-3048f08221b6,Kate Jacket knit ,00008b,top,sweaters,2,mid_season,classic,freetime,smooth,False,3,3.1
1614,1551622e-aaf6-4d6f-b80c-3048f08221b6,Kate Jacket knit ,000000,top,sweaters,2,mid_season,classic,freetime,smooth,False,3,3.1
1615,1551622e-aaf6-4d6f-b80c-3048f08221b6,Kate Jacket knit ,87CEFA,top,sweaters,2,mid_season,classic,freetime,smooth,False,3,3.1
1619,1551622e-aaf6-4d6f-b80c-3048f08221b6,Kate Jacket knit ,808080,top,sweaters,2,mid_season,classic,freetime,smooth,False,3,3.1
1620,1551622e-aaf6-4d6f-b80c-3048f08221b6,Kate Jacket knit ,000081,top,sweaters,2,mid_season,classic,freetime,smooth,False,3,3.1
1622,1551622e-aaf6-4d6f-b80c-3048f08221b6,Kate Jacket knit ,FFC0CB,top,sweaters,2,mid_season,classic,freetime,smooth,False,3,3.1
1633,1551622e-aaf6-4d6f-b80c-3048f08221b6,Kate Jacket knit ,D3D3D3,top,sweaters,2,mid_season,classic,freetime,smooth,False,3,3.1
1636,1551622e-aaf6-4d6f-b80c-3048f08221b6,Kate Jacket knit ,0000FF,top,sweaters,2,mid_season,classic,freetime,smooth,False,3,3.1
1638,1551622e-aaf6-4d6f-b80c-3048f08221b6,Kate Jacket knit ,9A8176,top,sweaters,2,mid_season,classic,freetime,smooth,False,3,3.1
1640,3db6fe72-3f1c-48ed-9f92-403683bad203,Alba Top dots ,FFFFFF,top,tops,3,warm,boho,freetime,polka_dot,False,3,3.1
1641,3db6fe72-3f1c-48ed-9f92-403683bad203,Alba Top dots ,D84936,top,tops,3,warm,boho,freetime,polka_dot,False,3,3.1
1642,3db6fe72-3f1c-48ed-9f92-403683bad203,Alba Top dots ,C19A6B,top,tops,3,warm,boho,freetime,polka_dot,False,3,3.1
1653,cba46bfb-b8fa-4523-8fa3-58f591d8ce5b,Nora Sweatshirt cahier ,00008b,top,hoodies,2,warm_season,casual,freetime,smooth,False,3,3.1
1654,cba46bfb-b8fa-4523-8fa3-58f591d8ce5b,Nora Sweatshirt cahier ,5F5E5E,top,hoodies,2,warm_season,casual,freetime,smooth,False,3,3.1
1655,cba46bfb-b8fa-4523-8fa3-58f591d8ce5b,Nora Sweatshirt cahier ,A57E62,top,hoodies,2,warm_season,casual,freetime,smooth,False,3,3.1
1656,52a5ae7c-707e-478d-8fae-2701718ac2b3,Calantha Shirt bohck ,000000,top,t-shirts,2,warm_season,minimal,freetime,smooth,False,3,3.1
1657,52a5ae7c-707e-478d-8fae-2701718ac2b3,Calantha Shirt bohck ,800000,top,t-shirts,2,warm_season,minimal,freetime,smooth,False,3,3.1
1658,52a5ae7c-707e-478d-8fae-2701718ac2b3,Calantha Shirt bohck ,666633,top,t-shirts,2,warm_season,minimal,freetime,smooth,False,3,3.1
1660,c59f85a8-4b6b-4b1e-b5b7-e81ea6598765,Tiara Shirt print ,DEB24C,top,t-shirts,3,warm,boho,freetime,miniprint,False,3,3.1
1661,c59f85a8-4b6b-4b1e-b5b7-e81ea6598765,Tiara Shirt print ,164A0A,top,t-shirts,3,warm,boho,freetime,miniprint,False,3,3.1
1662,6be3f16e-7383-4c4c-b95a-6d45c7d09f41,Ihtiffany Pant arona ,87CEFA,bottoms,culotte,2,warm,boho,freetime,vertical_stripes,False,2,2.2
1663,fd3230de-fcc0-4692-9163-5d2bdb933261,Bydena Pant combi ,DFC8B2,bottoms,culotte,2,warm,classic,work,vertical_stripes,False,2,2.2
1664,fd3230de-fcc0-4692-9163-5d2bdb933261,Bydena Pant combi ,000081,bottoms,culotte,2,warm,classic,work,vertical_stripes,False,2,2.2
1669,2e37c35e-4633-4a80-8346-14e695e3aebe,Rayes Tshirt peak ,FFFFFF,top,t-shirts,2,warm_season,casual,freetime,vertical_stripes,False,3,3.1
1670,2e37c35e-4633-4a80-8346-14e695e3aebe,Rayes Tshirt peak ,00008b,top,t-shirts,2,warm_season,casual,freetime,vertical_stripes,False,3,3.1
1671,1743f273-767b-45f9-9512-790bf9c975cc,Senes Shirt bambi ,87CEFA,top,shirt,3,warm_season,classic,work,printed,False,3,3.1
1672,1743f273-767b-45f9-9512-790bf9c975cc,Senes Shirt bambi ,FFFFFF,top,shirt,3,warm_season,classic,work,printed,False,3,3.1
1673,35390aaf-95bd-457a-953c-cca83e12d061,Wahidden Dress parrot,008000,dress,shirt,3,warm,boho,freetime,tropical,False,1,1.1
1674,ea27d216-5bfa-40fd-9d33-55a09830f814,Florencia Jumpsuit uni,164A0A,jumpsuit,jumpsuit,2,warm,boho,freetime,smooth,False,1,1.2
1675,ea27d216-5bfa-40fd-9d33-55a09830f814,Florencia Jumpsuit uni,000000,jumpsuit,jumpsuit,2,warm,boho,freetime,smooth,False,1,1.2
1676,836419ee-f777-4818-8e2e-8790bf68265b,Woven Tshirt collar,000000,top,t-shirts,2,warm,classic,freetime,smooth,False,3,3.1
1677,836419ee-f777-4818-8e2e-8790bf68265b,Woven Tshirt collar,164A0A,top,t-shirts,2,warm,classic,freetime,smooth,False,3,3.1
1678,836419ee-f777-4818-8e2e-8790bf68265b,Woven Tshirt collar,FFFFFF,top,t-shirts,2,warm,classic,freetime,smooth,False,3,3.1
1679,53ec77e5-5bb6-40bb-b2a4-62dedb371f7b,Taily Tshirt knot,B11730,top,t-shirts,2,warm,casual,freetime,horizontal_stripes,False,3,3.1
1680,53ec77e5-5bb6-40bb-b2a4-62dedb371f7b,Taily Tshirt knot,000000,top,t-shirts,2,warm,casual,freetime,horizontal_stripes,False,3,3.1
1681,53ec77e5-5bb6-40bb-b2a4-62dedb371f7b,Taily Tshirt knot,666633,top,t-shirts,2,warm,casual,freetime,horizontal_stripes,False,3,3.1
1682,bd3dbefa-832e-4f87-ab1d-52f9155371b2,Haylie Sweater draw ,87CEFA,top,sweaters,3,cold_season,street,freetime,smooth,False,3,3.1
1683,bd3dbefa-832e-4f87-ab1d-52f9155371b2,Haylie Sweater draw ,0000FF,top,sweaters,3,cold_season,street,freetime,smooth,False,3,3.1
1693,807b947d-6501-4102-a616-3b90facc334e,Veina Sweatshirt tokyo,D3D3D3,top,hoodies,3,cold_season,casual,freetime,smooth,False,3,3.1
1694,807b947d-6501-4102-a616-3b90facc334e,Veina Sweatshirt tokyo,5F5E5E,top,hoodies,3,cold_season,casual,freetime,smooth,False,3,3.1
1697,3c27442c-a06b-465d-8706-5593ca9cf457,Ihkate Pant spring,00008b,bottoms,culotte,4,warm_season,street,freetime,vertical_stripes,False,2,2.2
1699,dda5cae8-5d9b-4a81-814e-734e27b76ca7,Elida Pant deeluxe,666633,bottoms,baggie,2,warm_season,boho,freetime,smooth,False,2,2.2
1700,dda5cae8-5d9b-4a81-814e-734e27b76ca7,Elida Pant deeluxe,FFA500,bottoms,baggie,2,warm_season,boho,freetime,smooth,False,2,2.2
1701,107d63e0-c1e9-49dd-967c-9defcff235f1,Viril Sweatshirt hoodie,D3D3D3,top,sweaters,3,cold_season,casual,freetime,smooth,False,3,3.1
1702,107d63e0-c1e9-49dd-967c-9defcff235f1,Viril Sweatshirt hoodie,00008b,top,sweaters,3,cold_season,casual,freetime,smooth,False,3,3.1
1703,107d63e0-c1e9-49dd-967c-9defcff235f1,Viril Sweatshirt hoodie,FFC0CB,top,sweaters,3,cold_season,casual,freetime,smooth,False,3,3.1
1707,8e94941c-38d5-4e87-b686-5fd334a2e7af,Onllorca Parka spring,DFC8B2,outerwear,parka,3,cold_season,casual,freetime,smooth,False,4,4.1
1708,8e94941c-38d5-4e87-b686-5fd334a2e7af,Onllorca Parka spring,00008b,outerwear,parka,3,cold_season,casual,freetime,smooth,False,4,4.1
1709,8e94941c-38d5-4e87-b686-5fd334a2e7af,Onllorca Parka spring,FFC0CB,outerwear,parka,3,cold_season,casual,freetime,smooth,False,4,4.1
1712,7ac62232-3aa9-4a66-9043-beb70999f3d8,Onlmay Parka spring,666633,outerwear,parka,2,cold_season,casual,freetime,smooth,False,4,4.1
1713,7ac62232-3aa9-4a66-9043-beb70999f3d8,Onlmay Parka spring,00008b,outerwear,parka,2,cold_season,casual,freetime,smooth,False,4,4.1
1714,7ac62232-3aa9-4a66-9043-beb70999f3d8,Onlmay Parka spring,FFC0CB,outerwear,parka,2,cold_season,casual,freetime,smooth,False,4,4.1
1721,8e9f677e-599a-4f00-b181-8989a2de91bd,Iona Dress wdc,800000,dress,tube,2,cold_season,classic,work,smooth,False,1,1.1
1722,8e9f677e-599a-4f00-b181-8989a2de91bd,Iona Dress wdc,00008b,dress,tube,2,cold_season,classic,work,smooth,False,1,1.1
1723,7e4d62cc-7312-4db6-a62d-16f819a33b45,Gold Jacket bomb,00008b,outerwear,bomber,3,cold_season,street,freetime,smooth,False,4,4.1
1724,7e4d62cc-7312-4db6-a62d-16f819a33b45,Gold Jacket bomb,000000,outerwear,bomber,3,cold_season,street,freetime,smooth,False,4,4.1
1725,8f6bd7d1-88d8-45c8-9d67-24c21d452411,Bsfiona Jeans nova,FFA500,bottoms,cigarette,4,warm_season,casual,freetime,smooth,False,2,2.2
1726,8f6bd7d1-88d8-45c8-9d67-24c21d452411,Bsfiona Jeans nova,000000,bottoms,cigarette,4,warm_season,casual,freetime,smooth,False,2,2.2
1727,f120d726-6062-4776-9c67-5c79ad344c9c,Ihmafa Cardigan sweet ,000000,top,cardigan,2,cold_season,classic,work,smooth,False,3,3.1
1728,f120d726-6062-4776-9c67-5c79ad344c9c,Ihmafa Cardigan sweet ,00008b,top,cardigan,2,cold_season,classic,work,smooth,False,3,3.1
1729,925b8852-f28b-4be6-86dd-23c6db3adcd4,Izaro Jeans slim ,D3D3D3,bottoms,cigarette,2,cold_season,classic,freetime,smooth,False,2,2.2
1730,c25b1f3c-5517-42d6-906e-4bc37b898667,Teri T-shirt flower,FFFFFF,top,t-shirts,2,warm,boho,freetime,floral,False,3,3.1
1732,cb8255cc-4a73-46e2-ad6d-72dc5ef58236,Adina Jeans button,00008b,bottoms,chino,2,cold_season,casual,freetime,smooth,False,2,2.2
1733,cb8255cc-4a73-46e2-ad6d-72dc5ef58236,Adina Jeans button,FFA500,bottoms,chino,2,cold_season,casual,freetime,smooth,False,2,2.2
1734,cb8255cc-4a73-46e2-ad6d-72dc5ef58236,Adina Jeans button,FFC0CB,bottoms,chino,2,cold_season,casual,freetime,smooth,False,2,2.2
1736,517e12df-69df-423d-9b9c-d8c0fe236c74,Maddy Shirt stripe,ECE9D6,top,blouse,2,warm_season,casual,work,vertical_stripes,False,3,3.1
1737,64cbdb60-1a84-422e-bc55-f2736cb74837,Ipnosy Scarf lurex,808080,scarf,foulard,3,warm_season,street,freetime,vertical_stripes,False,4,4.2
1738,64cbdb60-1a84-422e-bc55-f2736cb74837,Ipnosy Scarf lurex,BBE2AD,scarf,foulard,3,warm_season,street,freetime,vertical_stripes,False,4,4.2
1739,64cbdb60-1a84-422e-bc55-f2736cb74837,Ipnosy Scarf lurex,000081,scarf,foulard,3,warm_season,street,freetime,vertical_stripes,False,4,4.2
1740,64cbdb60-1a84-422e-bc55-f2736cb74837,Ipnosy Scarf lurex,ECE9D6,scarf,foulard,3,warm_season,street,freetime,vertical_stripes,False,4,4.2
1741,dd574edf-f255-45c7-806b-cf0e344a9845,Tibolo Bag cahier,B94600,bag,envelope,3,warm_season,boho,freetime,smooth,False,4,4.3
1742,dd574edf-f255-45c7-806b-cf0e344a9845,Tibolo Bag cahier,164A0A,bag,envelope,3,warm_season,boho,freetime,smooth,False,4,4.3
1743,dd574edf-f255-45c7-806b-cf0e344a9845,Tibolo Bag cahier,DEB24C,bag,envelope,3,warm_season,boho,freetime,smooth,False,4,4.3
1744,10a83f25-09c2-44b9-95d0-735d238d57a8,Timeus Bag cahier,B94600,bag,crossbag,3,warm_season,boho,freetime,smooth,False,4,4.3
1745,10a83f25-09c2-44b9-95d0-735d238d57a8,Timeus Bag cahier,164A0A,bag,crossbag,3,warm_season,boho,freetime,smooth,False,4,4.3
1746,10a83f25-09c2-44b9-95d0-735d238d57a8,Timeus Bag cahier,DEB24C,bag,crossbag,3,warm_season,boho,freetime,smooth,False,4,4.3
1747,9082de35-a585-411a-b782-a0fd346322f7,Maltinto Scarf small,FFA500,scarf,foulard,2,warm_season,boho,freetime,checked,False,4,4.2
1748,9082de35-a585-411a-b782-a0fd346322f7,Maltinto Scarf small,87CEFA,scarf,foulard,2,warm_season,boho,freetime,checked,False,4,4.2
1749,9082de35-a585-411a-b782-a0fd346322f7,Maltinto Scarf small,FFFF00,scarf,foulard,2,warm_season,boho,freetime,checked,False,4,4.2
1750,9082de35-a585-411a-b782-a0fd346322f7,Maltinto Scarf small,008000,scarf,foulard,2,warm_season,boho,freetime,checked,False,4,4.2
1752,5579e52f-7985-4ffe-bde4-b00b03aa0231,Rob Dress print,D84936,dress,with_pleat,3,warm_season,boho,freetime,floral,False,1,1.1
1753,bd612f2d-b3be-4a61-a2fc-f530aeb98a0f,Melodia Cardigan grette,164A0A,top,cardigan,2,warm_season,casual,freetime,smooth,False,3,3.1
1754,bd612f2d-b3be-4a61-a2fc-f530aeb98a0f,Melodia Cardigan grette,9A8176,top,cardigan,2,warm_season,casual,freetime,smooth,False,3,3.1
1755,bd612f2d-b3be-4a61-a2fc-f530aeb98a0f,Melodia Cardigan grette,808080,top,cardigan,2,warm_season,casual,freetime,smooth,False,3,3.1
1756,bd612f2d-b3be-4a61-a2fc-f530aeb98a0f,Melodia Cardigan grette,D3D3D3,top,cardigan,2,warm_season,casual,freetime,smooth,False,3,3.1
1766,7e110eaa-cf1f-495c-aa84-df9ef0bb14ce,Acacia Jacket ward,00008b,outerwear,blazer,2,warm_season,classic,work,smooth,False,4,4.1
1767,7e110eaa-cf1f-495c-aa84-df9ef0bb14ce,Acacia Jacket ward,000000,outerwear,blazer,2,warm_season,classic,work,smooth,False,4,4.1
1770,c4020021-b49b-4693-82f8-86aa8382fd8b,Roxana Jacket pale,D3D3D3,outerwear,cowgirl,3,warm_season,street,freetime,smooth,False,4,4.1
1771,c4020021-b49b-4693-82f8-86aa8382fd8b,Roxana Jacket pale,FFC0CB,outerwear,cowgirl,3,warm_season,street,freetime,smooth,False,4,4.1
1772,ad67d466-1dca-4226-b85b-17c11d654bb9,Roxa Jacket knit,000081,outerwear,cowgirl,3,warm,street,freetime,smooth,False,4,4.1
1774,cd2d7464-de6f-4cc0-97cb-fafe4baf896e,Kara Foulard closet,DEB24C,scarf,foulard,2,warm_season,classic,work,smooth,False,4,4.2
1775,cd2d7464-de6f-4cc0-97cb-fafe4baf896e,Kara Foulard closet,B11730,scarf,foulard,2,warm_season,classic,work,smooth,False,4,4.2
1776,3bf9c9a7-3c5b-4ee4-9589-d0d15f0668ad,Lysandra Foulard closet ,00008b,scarf,foulard,2,warm_season,boho,work,cachemere,False,4,4.2
1777,3bf9c9a7-3c5b-4ee4-9589-d0d15f0668ad,Lysandra Foulard closet ,008000,scarf,foulard,2,warm_season,boho,work,cachemere,False,4,4.2
1778,728832d7-a69b-4956-b09c-a88556c8b859,Sophie Bag bohck ,000000,bag,shopper,3,warm_season,street,work,smooth,False,4,4.3
1779,728832d7-a69b-4956-b09c-a88556c8b859,Sophie Bag bohck ,B11730,bag,shopper,3,warm_season,street,work,smooth,False,4,4.3
1780,96f96f81-6897-4f83-a54a-bc7474811128,Saba Bag bohck,000000,bag,crossbag,3,warm_season,casual,freetime,smooth,False,4,4.3
1781,96f96f81-6897-4f83-a54a-bc7474811128,Saba Bag bohck,B11730,bag,crossbag,3,warm_season,casual,freetime,smooth,False,4,4.3
1784,8c26fa78-3fec-4470-beab-5030d12c254e,Utah Jumpsuit floral,BBA9E4,jumpsuit,jumpsuit,3,warm_season,classic,freetime,floral,False,1,1.2
1785,4b186f7f-4c34-49ed-aa67-2e87040a8899,Flonce Top cerise,B11730,top,tops,2,warm_season,boho,work,smooth,False,3,3.1
1786,4b186f7f-4c34-49ed-aa67-2e87040a8899,Flonce Top cerise,ECE9D6,top,tops,2,warm_season,boho,work,smooth,False,3,3.1
1787,6a939e81-d8cf-4ed3-b824-6088583d9799,Kakira Shirt v-neck,FFFFFF,top,blouse,2,warm_season,classic,work,floral,False,3,3.1
1790,f55a7bb8-8a8c-49e6-ad7f-4196a84884a8,Seema Bag sew ,B94600,bag,shoulder_bag,3,warm_season,boho,work,smooth,False,4,4.3
1791,f55a7bb8-8a8c-49e6-ad7f-4196a84884a8,Seema Bag sew ,C7A2A2,bag,shoulder_bag,3,warm_season,boho,work,smooth,False,4,4.3
1792,996276cc-85d5-4906-ada9-38c58a5c0980,Sibley Bag sew ,B94600,bag,crossbag,3,warm_season,boho,freetime,smooth,False,4,4.3
1793,996276cc-85d5-4906-ada9-38c58a5c0980,Sibley Bag sew ,C7A2A2,bag,crossbag,3,warm_season,boho,freetime,smooth,False,4,4.3
1794,7fa89330-60fc-4165-943d-2b5db5da0b2e,Denim Jeans york,E65A5B,bottoms,cigarette,3,warm_season,street,freetime,smooth,False,2,2.2
1795,7fa89330-60fc-4165-943d-2b5db5da0b2e,Denim Jeans york,FFFF00,bottoms,cigarette,3,warm_season,street,freetime,smooth,False,2,2.2
1796,9f4b1aba-a7c1-4439-85ca-f69ad9c15cf9,Galina Dress zebra,00008b,dress,with_pleat,4,warm_season,street,freetime,animal_print,False,1,1.1
1799,080e801a-685c-41e3-9147-897e7664b379,Ihgreenfire Sweater maroon ,ECE9D6,top,sweaters,3,cold,casual,freetime,horizontal_stripes,False,3,3.1
1800,7218bb80-533b-43b4-ae83-6da52a8c8bca,Closet Top tennessee ,ECE9D6,top,tops,3,warm,boho,freetime,floral,False,3,3.1
1801,8b6586c7-ffb3-47ae-b6df-6a2e13ce2479,Senes Top arizona ,00008b,top,tops,2,warm,classic,freetime,floral,False,3,3.1
1802,8b6586c7-ffb3-47ae-b6df-6a2e13ce2479,Senes Top arizona ,D84936,top,tops,2,warm,classic,freetime,floral,False,3,3.1
1803,39d3d729-8657-418e-9686-1a3af01a61d8,Street Dress neck ,164A0A,dress,with_pleat,3,warm_season,boho,freetime,smooth,False,1,1.1
1804,39d3d729-8657-418e-9686-1a3af01a61d8,Street Dress neck ,000000,dress,with_pleat,3,warm_season,boho,freetime,smooth,False,1,1.1
1805,052ae075-52d0-46ac-93e8-fcacf6f3dcba,Street Skirt pepica ,000000,skirt,straight,3,warm_season,boho,freetime,smooth,False,2,2.1
1806,052ae075-52d0-46ac-93e8-fcacf6f3dcba,Street Skirt pepica ,164A0A,skirt,straight,3,warm_season,boho,freetime,smooth,False,2,2.1
1807,9abc1514-9931-448d-809e-bebbee156a39,Filena Cardigan nais ,FF00A8,top,cardigan,2,warm_season,boho,work,smooth,False,3,3.1
1808,9abc1514-9931-448d-809e-bebbee156a39,Filena Cardigan nais ,FFFF00,top,cardigan,2,warm_season,boho,work,smooth,False,3,3.1
1809,9abc1514-9931-448d-809e-bebbee156a39,Filena Cardigan nais ,E65A5B,top,cardigan,2,warm_season,boho,work,smooth,False,3,3.1
1810,9abc1514-9931-448d-809e-bebbee156a39,Filena Cardigan nais ,D3D3D3,top,cardigan,2,warm_season,boho,work,smooth,False,3,3.1
1811,9abc1514-9931-448d-809e-bebbee156a39,Filena Cardigan nais ,FFFFFF,top,cardigan,2,warm_season,boho,work,smooth,False,3,3.1
1812,f3da3e5f-5c49-401e-aa75-125346c32ad6,Timandra Bag film,E65A5B,bag,envelope,3,warm_season,night,freetime,smooth,False,4,4.3
1813,f3da3e5f-5c49-401e-aa75-125346c32ad6,Timandra Bag film,C7A2A2,bag,envelope,3,warm_season,night,freetime,smooth,False,4,4.3
1814,9e8f99bb-24fc-4f1d-96b1-ebbc2bba176c,Ostripe Tshirt cotton,ECE9D6,top,tops,2,warm,boho,freetime,vertical_stripes,False,3,3.1
1823,20c8f148-5412-4b3e-a916-d0821658fe30,Esprit Dress knit,614051,dress,knitted,3,warm_season,casual,freetime,horizontal_stripes,False,1,1.1
1824,64cfad63-3487-4e39-8b44-fe775ac1ca61,Denise Dress stripes,DFC8B2,dress,shirt,2,warm,boho,freetime,vertical_stripes,False,1,1.1
1825,64cfad63-3487-4e39-8b44-fe775ac1ca61,Denise Dress stripes,000000,dress,shirt,2,warm,boho,freetime,vertical_stripes,False,1,1.1
1826,64cfad63-3487-4e39-8b44-fe775ac1ca61,Denise Dress stripes,000081,dress,shirt,2,warm,boho,freetime,vertical_stripes,False,1,1.1
1827,ea6e0c6d-7ed4-4cc7-9a32-54e02be5dcd7,Dalias Pant summ,FFFF00,bottoms,paper_bag,3,warm,boho,work,retro,False,2,2.2
1828,ea6e0c6d-7ed4-4cc7-9a32-54e02be5dcd7,Dalias Pant summ,008000,bottoms,paper_bag,3,warm,boho,work,retro,False,2,2.2
1835,e6185e9e-26cb-4a55-829b-a61fca3c00d0,Elly Jeans denim ,00008b,bottoms,straight,2,cold_season,classic,work,smooth,False,2,2.2
1839,016c8e92-c49a-4619-95ef-2b4c8aaf338a,Viril Cardigan noos,DFC8B2,top,cardigan,2,cold_season,boho,freetime,smooth,False,3,3.1
1840,016c8e92-c49a-4619-95ef-2b4c8aaf338a,Viril Cardigan noos,0000FF,top,cardigan,2,cold_season,boho,freetime,smooth,False,3,3.1
1841,016c8e92-c49a-4619-95ef-2b4c8aaf338a,Viril Cardigan noos,F29985,top,cardigan,2,cold_season,boho,freetime,smooth,False,3,3.1
1843,016c8e92-c49a-4619-95ef-2b4c8aaf338a,Viril Cardigan noos,40E0D0,top,cardigan,2,cold_season,boho,freetime,smooth,False,3,3.1
1863,25805d22-612e-4937-ae59-ce7fe4f30d44,Wide Jeans slim,164A0A,bottoms,straight,3,warm_season,minimal,work,smooth,False,2,2.2
1866,f8509c25-23cc-45b4-a6f1-de8bed570712,Mafa Sweater wint ,808080,top,cardigan,2,cold_season,classic,freetime,smooth,True,3,3.1
1871,f8509c25-23cc-45b4-a6f1-de8bed570712,Mafa Sweater wint ,00008b,top,cardigan,2,cold_season,classic,freetime,smooth,True,3,3.1
1873,127eaecf-3294-431d-bc37-f0761a94b383,Onlmila Jeans anke,000081,bottoms,cigarette,2,cold_season,casual,freetime,smooth,False,2,2.2
1878,598ce1bc-5c0c-4bff-b195-2705aef7f5c7,Maf Sweater V ,00008b,top,cardigan,1,warm_season,classic,freetime,smooth,True,3,3.1
1880,598ce1bc-5c0c-4bff-b195-2705aef7f5c7,Maf Sweater V ,808080,top,cardigan,1,warm_season,classic,freetime,smooth,True,3,3.1
1882,598ce1bc-5c0c-4bff-b195-2705aef7f5c7,Maf Sweater V ,000000,top,cardigan,1,warm_season,classic,freetime,smooth,True,3,3.1
1888,99ce23a8-e4dc-4f2b-acff-0d589422bca3,Hainaut Dress flower ,000000,dress,puff,3,warm,boho,freetime,floral,False,1,1.1
1889,54f9b260-7cf6-4101-89c2-59ad49836286,Dots Top charlior,000000,top,tops,3,warm,classic,freetime,polka_dot,False,3,3.1
1890,54f9b260-7cf6-4101-89c2-59ad49836286,Dots Top charlior,FFC0CB,top,tops,3,warm,classic,freetime,polka_dot,False,3,3.1
1891,54f9b260-7cf6-4101-89c2-59ad49836286,Dots Top charlior,ECE9D6,top,tops,3,warm,classic,freetime,polka_dot,False,3,3.1
1892,a4bf060c-2ffb-4ed2-baf6-ddc3c4e53f2f,Soles Scarf big,FFFF00,scarf,foulard,3,warm_season,boho,freetime,polka_dot,False,4,4.2
1893,a4bf060c-2ffb-4ed2-baf6-ddc3c4e53f2f,Soles Scarf big,0000FF,scarf,foulard,3,warm_season,boho,freetime,polka_dot,False,4,4.2
1898,c2aef791-8dd1-4f68-92a6-de62ae78cd31,Lilly Jeans denim,87CEFA,bottoms,cigarette,2,warm_season,street,freetime,smooth,False,2,2.2
1899,c2aef791-8dd1-4f68-92a6-de62ae78cd31,Lilly Jeans denim,00008b,bottoms,cigarette,2,warm_season,street,freetime,smooth,False,2,2.2
1902,f72312ff-798e-40f6-a24e-26cd55563649,Ahina Pant floral,000000,bottoms,shorts,3,warm,boho,freetime,floral,False,2,2.2
1920,b9c2a3f5-0687-4e4e-8680-34c1f43026b4,Lulu Cardigan long ,D3D3D3,top,cardigan,2,cold_season,casual,work,smooth,False,3,3.1
1921,b9c2a3f5-0687-4e4e-8680-34c1f43026b4,Lulu Cardigan long ,C19A6B,top,cardigan,2,cold_season,casual,work,smooth,False,3,3.1
1922,b9c2a3f5-0687-4e4e-8680-34c1f43026b4,Lulu Cardigan long ,DEB24C,top,cardigan,2,cold_season,casual,work,smooth,False,3,3.1
1923,b9c2a3f5-0687-4e4e-8680-34c1f43026b4,Lulu Cardigan long ,000000,top,cardigan,2,cold_season,casual,work,smooth,False,3,3.1
1924,b9c2a3f5-0687-4e4e-8680-34c1f43026b4,Lulu Cardigan long ,164A0A,top,cardigan,2,cold_season,casual,work,smooth,False,3,3.1
1927,d39c1c8d-13ef-40f7-8c98-0e030a41093f,Objtessi Tshirt slub,462C0E,top,t-shirts,2,warm,casual,freetime,horizontal_stripes,False,3,3.1
1931,d39c1c8d-13ef-40f7-8c98-0e030a41093f,Objtessi Tshirt slub,FFFF00,top,t-shirts,2,warm,casual,freetime,horizontal_stripes,False,3,3.1
1932,d39c1c8d-13ef-40f7-8c98-0e030a41093f,Objtessi Tshirt slub,000081,top,t-shirts,2,warm,casual,freetime,horizontal_stripes,False,3,3.1
1937,8613eb69-06d6-4d7f-ae34-5ff3cb3cd858,Onsuzana Pullover knit ,000000,top,sweaters,3,cold_season,classic,work,horizontal_stripes,False,3,3.1
1939,8835f596-3351-4947-ad73-1fd3052dba68,Jrqueen Jeans denim ,00008b,bottoms,cigarette,1,warm_season,casual,freetime,smooth,False,2,2.2
1941,cdb085db-3437-466e-9d82-7381a4e3ddec,Hizto Jean denim,000081,bottoms,cigarette,2,warm_season,casual,freetime,smooth,False,2,2.2
1948,fe45050d-1e6d-4fd1-bebc-88fb51a1fd36,Florida Trench sof ,800000,outerwear,trench,2,cold_season,classic,work,smooth,False,4,4.1
1949,fe45050d-1e6d-4fd1-bebc-88fb51a1fd36,Florida Trench sof ,000000,outerwear,trench,2,cold_season,classic,work,smooth,False,4,4.1
1951,69ac010f-c847-4cc0-bcd2-e636263d0c8f,Astra Sweatshirt ward ,000081,top,hoodies,2,warm_season,casual,freetime,smooth,False,3,3.1
1952,69ac010f-c847-4cc0-bcd2-e636263d0c8f,Astra Sweatshirt ward ,5F5E5E,top,hoodies,2,warm_season,casual,freetime,smooth,False,3,3.1
1961,2f1dce3c-79db-4152-9148-f68f63410c95,Dora Pant film,00008b,bottoms,culotte,3,warm_season,boho,freetime,animal_print,False,2,2.2
1962,2f1dce3c-79db-4152-9148-f68f63410c95,Dora Pant film,000000,bottoms,culotte,3,warm_season,boho,freetime,animal_print,False,2,2.2
1966,bb72dee7-282f-40c4-b60b-2c37648671f8,Laurie Shirt mustard,DEB24C,top,shirt,3,warm_season,boho,freetime,smooth,False,3,3.1
1967,031261eb-e061-47a7-92dd-3c2a8bad05e7,Liel Top ceris,ECE9D6,top,tops,3,warm_season,street,night,animal_print,False,3,3.1
1968,98777d4d-a91e-4b20-87de-d5ae310f7440,Camille Pant black ,000000,bottoms,cigarette,3,warm_season,street,freetime,smooth,False,2,2.2
1972,82b38045-f940-46be-bdee-5d75e7896d4f,Zara Sweater turtleneck ,000000,top,sweaters,2,cold,classic,work,smooth,True,3,3.1
1973,82b38045-f940-46be-bdee-5d75e7896d4f,Zara Sweater turtleneck ,00008b,top,sweaters,2,cold,classic,work,smooth,True,3,3.1
1974,82b38045-f940-46be-bdee-5d75e7896d4f,Zara Sweater turtleneck ,ECE9D6,top,sweaters,2,cold,classic,work,smooth,True,3,3.1
1978,166691ce-95d7-4131-96a1-37cc557503e6,Ava Tshirt season,B11730,top,t-shirts,2,warm_season,classic,work,smooth,False,3,3.1
1979,166691ce-95d7-4131-96a1-37cc557503e6,Ava Tshirt season,00008b,top,t-shirts,2,warm_season,classic,work,smooth,False,3,3.1
1980,166691ce-95d7-4131-96a1-37cc557503e6,Ava Tshirt season,ECE9D6,top,t-shirts,2,warm_season,classic,work,smooth,False,3,3.1
1981,166691ce-95d7-4131-96a1-37cc557503e6,Ava Tshirt season,008000,top,t-shirts,2,warm_season,classic,work,smooth,False,3,3.1
1982,62a7e4c6-4fec-4000-bd49-e14b76b3ada1,Elli Skirt midi,FFC0CB,skirt,flared,3,warm_season,boho,freetime,smooth,False,2,2.1
1983,62a7e4c6-4fec-4000-bd49-e14b76b3ada1,Elli Skirt midi,DFC8B2,skirt,flared,3,warm_season,boho,freetime,smooth,False,2,2.1
1984,62a7e4c6-4fec-4000-bd49-e14b76b3ada1,Elli Skirt midi,FFFFFF,skirt,flared,3,warm_season,boho,freetime,smooth,False,2,2.1
1985,62a7e4c6-4fec-4000-bd49-e14b76b3ada1,Elli Skirt midi,DEB24C,skirt,flared,3,warm_season,boho,freetime,smooth,False,2,2.1
1986,62a7e4c6-4fec-4000-bd49-e14b76b3ada1,Elli Skirt midi,000000,skirt,flared,3,warm_season,boho,freetime,smooth,False,2,2.1
1987,888b74ce-ae65-4974-8f0c-099324ad9aab,Kilibbi Skirt print,00008b,skirt,miniskirt,3,warm_season,boho,freetime,ethnic,False,2,2.1
1992,11e288fa-773e-403f-94c9-b94838b0ef99,Trudy Pant stripe ,666633,bottoms,cigarette,2,cold_season,street,freetime,smooth,False,2,2.2
1993,11e288fa-773e-403f-94c9-b94838b0ef99,Trudy Pant stripe ,000000,bottoms,cigarette,2,cold_season,street,freetime,smooth,False,2,2.2
1996,11e288fa-773e-403f-94c9-b94838b0ef99,Trudy Pant stripe ,ECE9D6,bottoms,cigarette,2,cold_season,street,freetime,smooth,False,2,2.2
2000,34a9bf09-1d34-4fb5-8cfc-54ea50f5960d,Pcbellance Jacket grape,666633,outerwear,safari_jacket,3,cold_season,casual,freetime,smooth,False,4,4.1
2002,305b5a80-336e-46b4-be88-f1a81e02c110,Carwilly Jeans skinny,87CEFA,bottoms,skinny,3,warm_season,street,freetime,smooth,False,2,2.2
2003,b2907b35-5059-4349-bbbb-201faf900d77,Hummingbird Dress blue,00008b,dress,shirt,3,warm,boho,work,printed,False,1,1.1
2007,a1390939-4a70-4a8f-ad4d-5886db4f3efb,Bista Jeans lulu ,00008b,bottoms,cigarette,2,warm_season,street,freetime,smooth,False,2,2.2
2008,a1390939-4a70-4a8f-ad4d-5886db4f3efb,Bista Jeans lulu ,5C2F83,bottoms,cigarette,2,warm_season,street,freetime,smooth,False,2,2.2
2009,85fe00af-716f-477b-a836-351eb54beb1f,Young Dress night ,00008b,dress,straight,2,cold_season,classic,freetime,smooth,True,1,1.1
2010,c05367ab-c55e-4ead-872c-a3d8e31d840b,Pcbeth Bag leather ,A57E62,bag,crossbody,2,warm_season,boho,work,smooth,False,4,4.3
2011,c05367ab-c55e-4ead-872c-a3d8e31d840b,Pcbeth Bag leather ,D84936,bag,crossbody,2,warm_season,boho,work,smooth,False,4,4.3
2012,c05367ab-c55e-4ead-872c-a3d8e31d840b,Pcbeth Bag leather ,008000,bag,crossbody,2,warm_season,boho,work,smooth,False,4,4.3
2013,47888823-d217-418e-b256-820d13fcddc5,Sia Top satin ,00008b,top,sweaters,2,cold_season,classic,freetime,horizontal_stripes,False,3,3.1
2014,117ce71e-4f28-4294-9b91-d66a429dc9d3,Dree Shirt floral ,FFFFFF,top,shirt,2,warm_season,boho,work,floral,False,3,3.1
2015,117ce71e-4f28-4294-9b91-d66a429dc9d3,Dree Shirt floral ,000000,top,shirt,2,warm_season,boho,work,floral,False,3,3.1
2016,1af4d5f0-dcd7-4a86-b838-ce667179cc2d,Turner Top ware ,000000,top,tops,2,warm_season,classic,work,smooth,False,3,3.1
2017,a478d856-4c46-403f-9630-f45be0f887c7,Pcshape Jeans noos ,000081,bottoms,cigarette,2,warm_season,casual,freetime,smooth,False,2,2.2
2019,04f16876-fb7c-47e8-9f8d-b00c7dc964c9,Vifeli Jeans slim ,808080,bottoms,cigarette,2,warm_season,casual,freetime,smooth,False,2,2.2
2020,06a8d1bc-04b6-4087-896b-a2591da0ad12,Ihkate Jacket spring ,00008b,outerwear,blazer,3,cold_season,classic,work,vertical_stripes,False,4,4.1
2021,929b9fd5-675a-42eb-9d1b-254384422581,Ihkate Jacket four ,00008b,outerwear,blazer,2,cold_season,classic,work,smooth,False,4,4.1
2022,929b9fd5-675a-42eb-9d1b-254384422581,Ihkate Jacket four ,000000,outerwear,blazer,2,cold_season,classic,work,smooth,False,4,4.1
2023,51e1ec0a-a691-457b-b273-7cba7bf0f581,Pimba Cardigan short ,000000,top,cardigan,2,warm_season,classic,work,horizontal_stripes,False,3,3.1
2024,06b1c4a5-c329-4e1c-8831-81e13fe8b9e7,Oriana Jacket qr ,00008b,outerwear,blazer,2,cold_season,classic,work,geometric,False,4,4.1
2025,609fa45a-13e8-4d4f-8153-767814a303c8,Arla Pant short ,000000,bottoms,bermuda,2,warm,boho,freetime,smooth,False,2,2.2
2026,609fa45a-13e8-4d4f-8153-767814a303c8,Arla Pant short ,666633,bottoms,bermuda,2,warm,boho,freetime,smooth,False,2,2.2
2027,609fa45a-13e8-4d4f-8153-767814a303c8,Arla Pant short ,FFA500,bottoms,bermuda,2,warm,boho,freetime,smooth,False,2,2.2
2028,ac9b27a0-c04c-41e2-866e-4aa134412563,Onlstarry Parka long ,FFC0CB,outerwear,parka,2,cold_season,casual,freetime,smooth,False,4,4.1
2029,ac9b27a0-c04c-41e2-866e-4aa134412563,Onlstarry Parka long ,666633,outerwear,parka,2,cold_season,casual,freetime,smooth,False,4,4.1
2030,ac9b27a0-c04c-41e2-866e-4aa134412563,Onlstarry Parka long ,00008b,outerwear,parka,2,cold_season,casual,freetime,smooth,False,4,4.1
2031,692905c3-e153-494d-acf2-555a06c721d6,Onlfloria Skirt short ,000000,skirt,tulip,2,warm_season,street,night,smooth,False,2,2.1
2032,692905c3-e153-494d-acf2-555a06c721d6,Onlfloria Skirt short ,00008b,skirt,tulip,2,warm_season,street,night,smooth,False,2,2.1
2033,ed64df00-92d5-453b-a3f2-412a8d54ff24,Vinamia Top nice ,00008b,top,tops,3,warm_season,street,freetime,smooth,False,3,3.1
2034,ed64df00-92d5-453b-a3f2-412a8d54ff24,Vinamia Top nice ,ECE9D6,top,tops,3,warm_season,street,freetime,smooth,False,3,3.1
2035,28179fca-a6b1-46dc-87c0-621af66ba9ce,Floun Shirt cerise ,87CEFA,top,shirt,2,cold_season,boho,work,vertical_stripes,False,3,3.1
2036,71cefed7-a4cf-4999-a52a-3b873b357574,Leo Shirt cerise ,00008b,top,blouse,4,cold_season,street,freetime,animal_print,False,3,3.1
2037,90e0271e-10f4-489f-8c23-df6b2a3e34f3,Emily Jacket denim ,00008b,outerwear,cowgirl,2,warm_season,casual,freetime,smooth,False,4,4.1
2038,10fb1650-3c9e-402d-b171-ec29e6f7be58,Rebeca Cardigan blue ,40E0D0,top,cardigan,3,warm_season,boho,freetime,smooth,False,3,3.1
2039,7eec0f7f-d0b4-430c-a5f2-e50b071d746d,Ara Sweater season,D3D3D3,top,sweaters,2,warm_season,casual,work,smooth,False,3,3.1
2040,7eec0f7f-d0b4-430c-a5f2-e50b071d746d,Ara Sweater season,00008b,top,sweaters,2,warm_season,casual,work,smooth,False,3,3.1
2041,7eec0f7f-d0b4-430c-a5f2-e50b071d746d,Ara Sweater season,ECE9D6,top,sweaters,2,warm_season,casual,work,smooth,False,3,3.1
2042,7eec0f7f-d0b4-430c-a5f2-e50b071d746d,Ara Sweater season,008000,top,sweaters,2,warm_season,casual,work,smooth,False,3,3.1
2043,742f85d8-40ab-44fe-87f1-b1cfb70c7dd0,Lence Top season,87CEFA,top,tops,3,warm,boho,freetime,smooth,False,3,3.1
2044,742f85d8-40ab-44fe-87f1-b1cfb70c7dd0,Lence Top season,DEB24C,top,tops,3,warm,boho,freetime,smooth,False,3,3.1
2045,3925a050-7622-4437-b2e1-6dbac23e820b,Shiny Top season,008000,top,tops,3,warm_season,boho,freetime,smooth,False,3,3.1
2046,3925a050-7622-4437-b2e1-6dbac23e820b,Shiny Top season,00008b,top,tops,3,warm_season,boho,freetime,smooth,False,3,3.1
2047,fcbaf897-e4c8-4c38-9a96-8e231859cf54,Glitter Tshirt peak,B94600,top,t-shirts,3,warm_season,boho,night,smooth,False,3,3.1
2048,f9c67e25-8968-417d-8044-34986ac37806,Sauvage Sweatshirt look,ECE9D6,top,hoodies,3,cold_season,casual,freetime,smooth,False,3,3.1
2049,cd2f5c7c-66de-462d-b8c3-ece26bd35478,Bridget Shirt chambray ,87CEFA,top,shirt,2,warm_season,classic,work,smooth,False,3,3.1
2051,4d2dc7e7-0000-4734-bfa6-a84949707654,Esprit Shirt woven ,FFFF00,top,tops,2,warm,boho,freetime,miniprint,False,3,3.1
2052,f86c9372-f7f3-4ff7-bf0b-1d70ab51004b,Cerise Skirt pistachio ,86BE2D,skirt,miniskirt,3,warm,boho,freetime,sheets,False,2,2.1
2057,e2ab9852-519b-4cc5-b619-cf0d16770329,Jinx Jacket eight ,DFC8B2,outerwear,cowgirl,3,warm_season,boho,freetime,smooth,False,4,4.1
2058,e2ab9852-519b-4cc5-b619-cf0d16770329,Jinx Jacket eight ,666633,outerwear,cowgirl,3,warm_season,boho,freetime,smooth,False,4,4.1
2059,0a700f4b-2d27-41d7-853a-b3e3fbfcd048,Salwa Jacket both ,00008b,outerwear,raincoat,2,warm_season,casual,freetime,smooth,False,4,4.1
2060,0a700f4b-2d27-41d7-853a-b3e3fbfcd048,Salwa Jacket both ,DFC8B2,outerwear,raincoat,2,warm_season,casual,freetime,smooth,False,4,4.1
2061,d8acbd5b-28c5-4549-a99e-93c8689b4faf,Salento Scarf fazz ,00008b,scarf,handkerchief,2,warm_season,minimal,freetime,horizontal_stripes,False,4,4.2
2062,d8acbd5b-28c5-4549-a99e-93c8689b4faf,Salento Scarf fazz ,666633,scarf,handkerchief,2,warm_season,minimal,freetime,horizontal_stripes,False,4,4.2
2063,3338a03b-8780-41ab-aad8-c4d14197f97f,Closet Skirt mexico ,000000,skirt,straight,3,warm,boho,freetime,floral,False,2,2.1
2064,631523fb-8aaa-47bf-bed2-4963cef12e90,Turke Shirt cerise,40E0D0,top,shirt,3,warm_season,classic,work,sheets,False,3,3.1
2065,1ce980f5-2e10-406a-adfc-63706703d8bd,Nude Foulard juno ,DFC8B2,scarf,foulard,3,warm_season,classic,freetime,smooth,False,4,4.2
2070,bcd96463-bf65-4069-a652-8fd190e6250f,Ingun Tshirt sc,ECE9D6,top,t-shirts,3,warm_season,boho,freetime,smooth,False,3,3.1
2071,a2293cb2-48ff-40cd-b816-b6e3b77670a7,Soraya Pant cap ,00008b,bottoms,chino,2,warm_season,classic,work,smooth,False,2,2.2
2072,a2293cb2-48ff-40cd-b816-b6e3b77670a7,Soraya Pant cap ,DEB24C,bottoms,chino,2,warm_season,classic,work,smooth,False,2,2.2
2073,a2293cb2-48ff-40cd-b816-b6e3b77670a7,Soraya Pant cap ,666633,bottoms,chino,2,warm_season,classic,work,smooth,False,2,2.2
2074,bc0327b9-9292-4f32-9a2c-65b144c126b4,Sindy Skirt gim ,008000,skirt,circle_skirt,3,warm,boho,freetime,sheets,False,2,2.1
2075,bc0327b9-9292-4f32-9a2c-65b144c126b4,Sindy Skirt gim ,D84936,skirt,circle_skirt,3,warm,boho,freetime,sheets,False,2,2.1
2083,1e3a8102-2a60-4145-8c4b-50db15257729,Duna Jacket origin ,000000,outerwear,biker,3,warm_season,street,freetime,smooth,False,4,4.1
2084,1e3a8102-2a60-4145-8c4b-50db15257729,Duna Jacket origin ,666633,outerwear,biker,3,warm_season,street,freetime,smooth,False,4,4.1
2085,b9eacc80-d0c1-4db6-8ab4-ae49f52bbefe,Jeki Shirt chain ,ECE9D6,top,shirt,2,warm_season,classic,work,other,False,3,3.1
2086,233dc378-67a3-4f71-a443-bbc773fe10a1,Sporty Dress lurex ,000000,dress,with_pleat,2,warm_season,classic,freetime,smooth,False,1,1.1
2087,233dc378-67a3-4f71-a443-bbc773fe10a1,Sporty Dress lurex ,008000,dress,with_pleat,2,warm_season,classic,freetime,smooth,False,1,1.1
2088,233dc378-67a3-4f71-a443-bbc773fe10a1,Sporty Dress lurex ,00008b,dress,with_pleat,2,warm_season,classic,freetime,smooth,False,1,1.1
2089,83392804-3e6a-42a4-9f81-c00304d8d829,Fluent Dress itta ,DEB24C,dress,straight,3,warm_season,classic,freetime,smooth,False,1,1.1
2092,83392804-3e6a-42a4-9f81-c00304d8d829,Fluent Dress itta ,00008b,dress,straight,3,warm_season,classic,freetime,smooth,False,1,1.1
2093,83392804-3e6a-42a4-9f81-c00304d8d829,Fluent Dress itta ,008000,dress,straight,3,warm_season,classic,freetime,smooth,False,1,1.1
2094,83392804-3e6a-42a4-9f81-c00304d8d829,Fluent Dress itta ,000000,dress,straight,3,warm_season,classic,freetime,smooth,False,1,1.1
2096,e5b77570-9a0e-4621-8103-a1f45b9ce431,Jarrel Cardigan mine ,87CEFA,top,cardigan,4,cold_season,classic,work,smooth,False,3,3.1
2097,32ea113c-bd6c-4739-a28f-7f6d44ddda0a,Star Sweater cashmere ,00008b,top,sweaters,3,warm_season,street,freetime,smooth,False,3,3.1
2098,32ea113c-bd6c-4739-a28f-7f6d44ddda0a,Star Sweater cashmere ,808080,top,sweaters,3,warm_season,street,freetime,smooth,False,3,3.1
2101,d9ce47ce-d99c-4bb7-b78f-68a77e6c3e28,Piper Pant loose ,000000,bottoms,cigarett,3,warm_season,street,work,vertical_stripes,False,2,2.2
2102,d9ce47ce-d99c-4bb7-b78f-68a77e6c3e28,Piper Pant loose ,ECE9D6,bottoms,cigarett,3,warm_season,street,work,vertical_stripes,False,2,2.2
2103,71a011ac-037b-4e2b-8759-dc61437abc3e,Lina Top back ,DEB24C,top,tops,2,warm,boho,work,smooth,False,3,3.1
2104,71a011ac-037b-4e2b-8759-dc61437abc3e,Lina Top back ,B94600,top,tops,2,warm,boho,work,smooth,False,3,3.1
2105,71a011ac-037b-4e2b-8759-dc61437abc3e,Lina Top back ,DFC8B2,top,tops,2,warm,boho,work,smooth,False,3,3.1
2106,a973d391-257f-45e6-a943-40c5d35c5e81,Zipe Sweater season ,B11730,top,hoodies,3,warm_season,casual,freetime,smooth,False,3,3.1
2107,a973d391-257f-45e6-a943-40c5d35c5e81,Zipe Sweater season ,00008b,top,hoodies,3,warm_season,casual,freetime,smooth,False,3,3.1
2108,16b930c6-afb2-4681-88e0-dc2b3dc1a045,French Tshirt tim ,00008b,top,t-shirts,2,warm,casual,freetime,horizontal_stripes,False,3,3.1
2109,1932920a-8ea0-4492-a213-1304b33246f3,Colour Cardigan block ,D3D3D3,top,cardigan,3,cold_season,casual,freetime,smooth,False,3,3.1
2110,0e891575-3fad-4d9c-b3b6-fe06371a196f,Bella Tshirt navy ,00008b,top,hoodies,3,cold_season,casual,freetime,horizontal_stripes,False,3,3.1
2115,9cc7733e-69e2-4ddd-a587-b7af58c794d7,Lana Skirt denim ,00008b,skirt,straight,2,warm_season,casual,freetime,bodoque,False,2,2.1
2116,c634a6e4-efda-4676-82cc-ba95d55ffb1b,Laia Jeans sky ,000081,bottoms,cigarette,2,warm_season,casual,freetime,smooth,False,2,2.2
2120,cd50d401-bc16-47aa-b6e8-306dbddd240f,Street Shirt stripes ,000000,top,shirt,2,warm_season,casual,freetime,horizontal_stripes,False,3,3.1
2121,cd50d401-bc16-47aa-b6e8-306dbddd240f,Street Shirt stripes ,666633,top,shirt,2,warm_season,casual,freetime,horizontal_stripes,False,3,3.1
2122,5ca9fe2d-e0eb-45ee-8204-6a0f6f89ef82,Ramona Shirt colourblock ,FFC0CB,top,t-shirts,3,warm,casual,freetime,horizontal_stripes,False,3,3.1
2123,1595053b-d968-4868-a96e-2f5d609754dc,Vinyla Cardigan knit ,FFC0CB,top,cardigan,3,warm_season,boho,freetime,smooth,False,3,3.1
2124,0c5e7906-3805-4c43-80ee-ad06b912964a,Vilvera Top cloud ,666633,top,tops,3,warm_season,boho,freetime,smooth,False,3,3.1
2125,0c5e7906-3805-4c43-80ee-ad06b912964a,Vilvera Top cloud ,ECE9D6,top,tops,3,warm_season,boho,freetime,smooth,False,3,3.1
2126,a461af9e-80f8-4888-bff6-75fbcb03951e,Peach Jacket denim ,87CEFA,outerwear,structured_jacket,2,warm_season,casual,freetime,smooth,False,4,4.1
2128,d75aebc6-14d6-4cce-86f4-a4d7f9b5f205,Leafs Pant season ,666633,bottoms,baggie,3,warm_season,boho,freetime,miniprint,False,2,2.2
2129,ac060e2f-42d7-4ffd-ac6d-23a8e9c225d8,Tula Shirt season ,B94600,top,shirt,3,warm_season,classic,work,floral,False,3,3.1
2130,395aa31f-838e-4949-a4d7-a869bf66c3c4,Weerda Sweater mustard ,BBE2AD,top,sweaters,3,cold_season,casual,freetime,smooth,False,3,3.1
2131,5c1fa828-3470-4928-afeb-0db9a7491b48,Elioh Tshirt off ,ECE9D6,top,t-shirts,2,warm,casual,freetime,smooth,False,3,3.1
2132,cdbcce2c-9da9-45ce-bad7-a9cb77fe5a94,Carturner Top sky ,00008b,top,blouse,2,cold_season,classic,work,smooth,False,3,3.1
2133,6ac59fe3-df22-47e6-a1e6-7c03ceaa9549,Alexandra Short stripe ,FFFFFF,bottoms,shorts,3,warm,boho,freetime,vertical_stripes,False,2,2.2
2134,fa8d002e-113b-454a-a0d3-559e7868592e,Carlux Pant saint ,000000,bottoms,culotte,3,warm_season,boho,freetime,sheets,False,2,2.2
2135,6ea50181-bb95-405b-9215-a56908503953,Kawilla Shirt flower ,FFC0CB,top,blouse,3,warm_season,boho,freetime,floral,False,3,3.1
2136,eb241664-ae83-4e3b-9bba-2568af7dfd3e,Carjones Jeans skinny ,000000,bottoms,cigarette,2,cold_season,casual,work,smooth,False,2,2.2
2137,c1be04ea-d353-4287-9259-11e5df7e27ca,Visofina Pant short ,00008b,bottoms,shorts,3,warm,classic,work,smooth,False,2,2.2
2138,c1be04ea-d353-4287-9259-11e5df7e27ca,Visofina Pant short ,000000,bottoms,shorts,3,warm,classic,work,smooth,False,2,2.2
2139,9f15060b-40f4-40c8-ae08-32a53a5f8bed,Onlsky Skirt midi ,FFFFFF,skirt,miniskirt,2,warm,street,freetime,smooth,False,2,2.1
2140,05b7ad2d-50bf-4356-8d5f-8c32cabd5120,Print Jacket bomb ,00008b,outerwear,bomber,3,warm_season,street,freetime,ethnic,False,4,4.1
2141,e7380202-5461-4934-9ba6-9fe0223fcb9b,Summ Playsuit ycoo ,000000,jumpsuit,jumpsuit,3,warm,boho,freetime,smooth,False,1,1.2
2142,e7380202-5461-4934-9ba6-9fe0223fcb9b,Summ Playsuit ycoo ,00008b,jumpsuit,jumpsuit,3,warm,boho,freetime,smooth,False,1,1.2
2143,50369792-053e-4a10-ad4c-537b91b1de06,Collection Shirt chi ,00008b,top,tops,2,warm,classic,work,smooth,False,3,3.1
2144,50369792-053e-4a10-ad4c-537b91b1de06,Collection Shirt chi ,FFFFFF,top,tops,2,warm,classic,work,smooth,False,3,3.1
2145,50369792-053e-4a10-ad4c-537b91b1de06,Collection Shirt chi ,000000,top,tops,2,warm,classic,work,smooth,False,3,3.1
2146,7022e45f-2576-49c1-b0ad-0e32d6970661,Japan Shirt season ,FFFFFF,top,blouse,3,warm_season,boho,work,floral,False,3,3.1
2147,5acd4351-402b-4946-ae29-76e691ff7549,Striped Top one ,164A0A,top,tops,2,warm,classic,freetime,vertical_stripes,False,3,3.1
2148,5acd4351-402b-4946-ae29-76e691ff7549,Striped Top one ,FFFFFF,top,tops,2,warm,classic,freetime,vertical_stripes,False,3,3.1
2149,efb38a65-e4dd-4942-8f73-d9268f284055,Leandra Scarf cahier ,40E0D0,scarf,handkerchief,2,warm_season,classic,work,geometric,False,4,4.2
2150,efb38a65-e4dd-4942-8f73-d9268f284055,Leandra Scarf cahier ,008000,scarf,handkerchief,2,warm_season,classic,work,geometric,False,4,4.2
2151,e4000baa-8e51-4647-a892-a49b8c12ce8b,Layna Scarf cahier ,008000,scarf,handkerchief,2,warm_season,classic,work,miniprint,False,4,4.2
2152,0d35a664-1859-4a7f-b62c-868e57be230d,Lilah Scarf cahier ,008000,scarf,handkerchief,2,warm_season,classic,freetime,geometric,False,4,4.2
2157,3ea7f03e-f546-467e-bb38-f9a400641506,Seis Tshirt jers ,FFC0CB,top,t-shirts,2,warm,casual,freetime,horizontal_stripes,False,3,3.1
2158,3ea7f03e-f546-467e-bb38-f9a400641506,Seis Tshirt jers ,40E0D0,top,t-shirts,2,warm,casual,freetime,horizontal_stripes,False,3,3.1
2159,3ea7f03e-f546-467e-bb38-f9a400641506,Seis Tshirt jers ,FFFFFF,top,t-shirts,2,warm,casual,freetime,horizontal_stripes,False,3,3.1
2160,7adac8b3-7af5-4025-9e92-0cb1ce93e2cf,Jrmadalan Short nice ,B94600,bottoms,shorts,3,warm,boho,freetime,smooth,False,2,2.2
2161,6438398c-f314-44ba-9f48-12c584995eb2,Jrfive Jeans mahela ,00008b,bottoms,straight,3,warm_season,boho,freetime,smooth,False,2,2.2
2162,abf17df8-7205-4ed4-8daa-c0326aebd603,Sia Short pant ,00008b,bottoms,shorts,3,warm,casual,freetime,polka_dot,False,2,2.2
2163,2b2833d0-819a-460e-a46c-ec921a12bc9f,Season Shirt flower ,153668,top,blouse,2,warm_season,boho,freetime,floral,False,3,3.1
2164,55c2d87b-3923-4475-843e-943c39c46421,Majolica Top detail ,87CEFA,top,tops,2,warm,classic,freetime,smooth,False,3,3.1
2166,eb7c1f9f-dba6-4b99-a904-eb6406065bef,Wabias Skirt satin ,666633,skirt,flared_skirt,4,warm,classic,special_occasion,smooth,False,2,2.1
2167,eb7c1f9f-dba6-4b99-a904-eb6406065bef,Wabias Skirt satin ,FFC0CB,skirt,flared_skirt,4,warm,classic,special_occasion,smooth,False,2,2.1
2168,3e82b9ae-e4e5-4fc1-a983-4b72ca89125b,Wahidden Jumpsuit print ,000000,jumpsuit,jumpsuit,4,warm,boho,freetime,tropical,False,1,1.2
2169,b4c5c3cb-b4a9-4aa4-a28a-3bf00db390ae,Haywood Cardigan bay ,164A0A,top,cardigan,3,cold_season,boho,freetime,smooth,False,3,3.1
2170,08d89d4a-f7eb-4fcf-af87-ffbe16f77394,Animals Top print ,462C0E,top,tops,3,warm,boho,freetime,printed,False,3,3.1
2173,8772bba7-13ee-4edc-a326-30afb7a40428,Cerise Playsuit solid ,DEB24C,top,sweatshirt,3,warm,classic,freetime,smooth,False,3,3.1
2174,8772bba7-13ee-4edc-a326-30afb7a40428,Cerise Playsuit solid ,666633,top,sweatshirt,3,warm,classic,freetime,smooth,False,3,3.1
2178,8772bba7-13ee-4edc-a326-30afb7a40428,Cerise Playsuit solid ,800000,top,sweatshirt,3,warm,classic,freetime,smooth,False,3,3.1
2179,8772bba7-13ee-4edc-a326-30afb7a40428,Cerise Playsuit solid ,00008b,top,sweatshirt,3,warm,classic,freetime,smooth,False,3,3.1
2180,8772bba7-13ee-4edc-a326-30afb7a40428,Cerise Playsuit solid ,FFC0CB,top,sweatshirt,3,warm,classic,freetime,smooth,False,3,3.1
2181,8772bba7-13ee-4edc-a326-30afb7a40428,Cerise Playsuit solid ,000000,top,sweatshirt,3,warm,classic,freetime,smooth,False,3,3.1
2182,31b86155-5184-4e01-beaa-73944d5b280b,Cerise Skirt karai ,00008b,skirt,miniskirt,3,warm,boho,freetime,floral,False,2,2.1
2183,2b1f8708-21cf-4af1-80f4-13f1fe48bb99,Combi Jumpsuit summ ,00008b,top,sweatshirt,3,warm,boho,freetime,animal_print,False,3,3.1
2184,2b1f8708-21cf-4af1-80f4-13f1fe48bb99,Combi Jumpsuit summ ,B11730,top,sweatshirt,3,warm,boho,freetime,animal_print,False,3,3.1
2185,661cd95f-0c8d-40d7-9ecf-b2a0577f9d98,Viki Shirt burnout ,164A0A,top,blouse,2,warm_season,boho,work,smooth,False,3,3.1
2186,60e61d82-70d6-46ce-95f4-dba9f7cf4412,Vivana Tshirt ltd ,800000,top,t-shirts,3,warm,casual,freetime,horizontal_stripes,False,3,3.1
2187,60e61d82-70d6-46ce-95f4-dba9f7cf4412,Vivana Tshirt ltd ,008000,top,t-shirts,3,warm,casual,freetime,horizontal_stripes,False,3,3.1
2188,60e61d82-70d6-46ce-95f4-dba9f7cf4412,Vivana Tshirt ltd ,00008b,top,t-shirts,3,warm,casual,freetime,horizontal_stripes,False,3,3.1
2189,c71f59b5-6b2d-45d1-b52f-0ac4f44ca535,Bspenelopes Sweater peac,00008b,top,sweaters,4,cold_season,classic,freetime,horizontal_stripes,False,3,3.1
2193,1692bd79-6fab-4781-a777-f5ea7e96972e,Bygina Top rib ,000000,top,tops,3,warm_season,boho,freetime,sheets,False,3,3.1
2244,2a9910f9-d511-484f-a067-f66f50fbb197,Naya Skirt fit ,00008b,skirt,straight,2,warm_season,casual,freetime,smooth,False,2,2.1
2245,2a9910f9-d511-484f-a067-f66f50fbb197,Naya Skirt fit ,DFC8B2,skirt,straight,2,warm_season,casual,freetime,smooth,False,2,2.1
2259,269f91d6-6551-484a-a62f-45172980003b,Nanni Pant ankle,00008b,bottoms,other,3,warm_season,street,freetime,smooth,False,2,2.2
2260,269f91d6-6551-484a-a62f-45172980003b,Nanni Pant ankle,0000FF,bottoms,other,3,warm_season,street,freetime,smooth,False,2,2.2
2264,269f91d6-6551-484a-a62f-45172980003b,Nanni Pant ankle,000000,bottoms,other,3,warm_season,street,freetime,smooth,False,2,2.2
2268,fe3c8256-90f7-4827-b4a7-4dd5d24531db,Ivan Top ware ,B94600,top,shirt,3,warm_season,classic,work,animal_print,False,3,3.1
2269,37013051-4c93-48d0-bb88-edecbfe7f5bf,Pep Cardigan one ,00008b,top,cardigan,2,cold_season,classic,work,smooth,True,3,3.1
2345,3101ace8-cd87-4df2-9c8d-fcec880db179,Mix Shirt stripes ,D84936,top,t-shirts,2,cold_season,casual,freetime,horizontal_stripes,False,3,3.1
2346,3101ace8-cd87-4df2-9c8d-fcec880db179,Mix Shirt stripes ,00008b,top,t-shirts,2,cold_season,casual,freetime,horizontal_stripes,False,3,3.1
2347,462b1d34-bf85-4791-a428-65febf688b11,Floun Top colors,B11730,top,tops,2,warm,boho,freetime,smooth,False,3,3.1
2348,462b1d34-bf85-4791-a428-65febf688b11,Floun Top colors,00008b,top,tops,2,warm,boho,freetime,smooth,False,3,3.1
2349,462b1d34-bf85-4791-a428-65febf688b11,Floun Top colors,87CEFA,top,tops,2,warm,boho,freetime,smooth,False,3,3.1
2350,462b1d34-bf85-4791-a428-65febf688b11,Floun Top colors,000000,top,tops,2,warm,boho,freetime,smooth,False,3,3.1
2351,462b1d34-bf85-4791-a428-65febf688b11,Floun Top colors,164A0A,top,tops,2,warm,boho,freetime,smooth,False,3,3.1
2388,88e2d887-9ffe-48fe-81f7-96650fff8cca,Hippie Shirt geo,00008b,top,shirt,2,warm_season,classic,work,retro,False,3,3.1
2417,985d7aa0-9c0a-4c7b-8ce1-9c51397a4a70,Bsrae Pant short ,FFA500,bottoms,shorts,2,warm,casual,freetime,smooth,False,2,2.2
2418,985d7aa0-9c0a-4c7b-8ce1-9c51397a4a70,Bsrae Pant short ,000081,bottoms,shorts,2,warm,casual,freetime,smooth,False,2,2.2
2425,3a583d4f-8384-4dd8-90ee-d9a8b5bfffc5,Icone Skirt hearts,B11730,skirt,frill,3,warm,boho,freetime,miniprint,False,2,2.1
2426,3a583d4f-8384-4dd8-90ee-d9a8b5bfffc5,Icone Skirt hearts,ECE9D6,skirt,frill,3,warm,boho,freetime,miniprint,False,2,2.1
2427,4b5e895d-ccb8-425f-8eb4-63828b648e6f,Verta Sweater ycoo,DEB24C,top,sweaters,3,warm_season,street,freetime,geometric,False,3,3.1
2428,4b5e895d-ccb8-425f-8eb4-63828b648e6f,Verta Sweater ycoo,008000,top,sweaters,3,warm_season,street,freetime,geometric,False,3,3.1
2429,4b5e895d-ccb8-425f-8eb4-63828b648e6f,Verta Sweater ycoo,B11730,top,sweaters,3,warm_season,street,freetime,geometric,False,3,3.1
2490,bba59650-bca3-4094-90e1-ec3e67503fd7,Cerise Jacket green ,008000,outerwear,bomber,3,warm_season,boho,freetime,floral,False,4,4.1
2491,fa33b8b4-ace9-4a12-aa0a-3675098c8c5d,Cream Jacket bomber,DFC8B2,outerwear,bomber,3,warm_season,boho,freetime,floral,False,4,4.1
2510,e5ea2d9f-325b-4a91-aaa4-72e9a77decb8,Denim Jeans anna,00008b,bottoms,cigarette,2,warm_season,street,freetime,smooth,False,2,2.2
2531,ab13f05e-b0a2-49a9-99de-a211187093fc,Senes Sweater rainbow ,FFFFFF,top,sweaters,2,warm_season,casual,freetime,smooth,False,3,3.1
2532,ab13f05e-b0a2-49a9-99de-a211187093fc,Senes Sweater rainbow ,86BE2D,top,sweaters,2,warm_season,casual,freetime,smooth,False,3,3.1
2533,ab13f05e-b0a2-49a9-99de-a211187093fc,Senes Sweater rainbow ,BBE2AD,top,sweaters,2,warm_season,casual,freetime,smooth,False,3,3.1
2534,ab13f05e-b0a2-49a9-99de-a211187093fc,Senes Sweater rainbow ,FFC0CB,top,sweaters,2,warm_season,casual,freetime,smooth,False,3,3.1
2535,ab13f05e-b0a2-49a9-99de-a211187093fc,Senes Sweater rainbow ,D3D3D3,top,sweaters,2,warm_season,casual,freetime,smooth,False,3,3.1
2536,ab13f05e-b0a2-49a9-99de-a211187093fc,Senes Sweater rainbow ,00008b,top,sweaters,2,warm_season,casual,freetime,smooth,False,3,3.1
2537,ab13f05e-b0a2-49a9-99de-a211187093fc,Senes Sweater rainbow ,E65A5B,top,sweaters,2,warm_season,casual,freetime,smooth,False,3,3.1
2538,ab13f05e-b0a2-49a9-99de-a211187093fc,Senes Sweater rainbow ,000000,top,sweaters,2,warm_season,casual,freetime,smooth,False,3,3.1
2539,ab13f05e-b0a2-49a9-99de-a211187093fc,Senes Sweater rainbow ,FFFF00,top,sweaters,2,warm_season,casual,freetime,smooth,False,3,3.1
2540,ab13f05e-b0a2-49a9-99de-a211187093fc,Senes Sweater rainbow ,008000,top,sweaters,2,warm_season,casual,freetime,smooth,False,3,3.1
2541,ab13f05e-b0a2-49a9-99de-a211187093fc,Senes Sweater rainbow ,FFA500,top,sweaters,2,warm_season,casual,freetime,smooth,False,3,3.1
2542,ab13f05e-b0a2-49a9-99de-a211187093fc,Senes Sweater rainbow ,000081,top,sweaters,2,warm_season,casual,freetime,smooth,False,3,3.1
2543,ab13f05e-b0a2-49a9-99de-a211187093fc,Senes Sweater rainbow ,B11730,top,sweaters,2,warm_season,casual,freetime,smooth,False,3,3.1
2544,ab13f05e-b0a2-49a9-99de-a211187093fc,Senes Sweater rainbow ,87CEFA,top,sweaters,2,warm_season,casual,freetime,smooth,False,3,3.1
2556,16591494-23da-45df-b19a-7584e008ff9d,Jog Skirt happy ,00008b,skirt,straight,2,warm,casual,freetime,smooth,False,2,2.1
2557,16591494-23da-45df-b19a-7584e008ff9d,Jog Skirt happy ,B11730,skirt,straight,2,warm,casual,freetime,smooth,False,2,2.1
2558,cc4ecbc9-9603-4ccd-aa52-8ab6f386217e,Neo Shirt cahier,ECE9D6,top,shirt,3,warm_season,boho,freetime,floral,False,3,3.1
2560,05f31733-6229-4ffa-a4b5-a53313897211,Ambrose Dress ward,FFFFFF,dress,crossed,3,warm_season,classic,freetime,horizontal_stripes,False,1,1.1
2579,7f2899c5-8363-4b9a-9404-c3a248021d26,Ademia Top ward,800000,top,tops,3,warm_season,street,freetime,horizontal_stripes,False,3,3.1
2589,44c9c809-19d7-4966-baae-29187ff20475,Cassie Pant neo ,9A8176,bottoms,chino,2,warm_season,classic,work,smooth,False,2,2.2
2590,44c9c809-19d7-4966-baae-29187ff20475,Cassie Pant neo ,ECE9D6,bottoms,chino,2,warm_season,classic,work,smooth,False,2,2.2
2591,44c9c809-19d7-4966-baae-29187ff20475,Cassie Pant neo ,FFC0CB,bottoms,chino,2,warm_season,classic,work,smooth,False,2,2.2
2636,adbb8ff1-c684-4eb6-bd76-30c7a0528f4a,Margarie Shirt season ,B11730,top,blouse,3,warm_season,boho,work,floral,False,3,3.1
2655,50e4be4b-c4cd-4925-b002-9d21c33df8d1,Rob Dress rouge ,B11730,dress,with_pleat,2,warm_season,classic,freetime,sheets,False,1,1.1
2671,a2ccb434-9ca2-4a0e-8d44-f28de6dfaab7,Closet Jacket ohio,000000,outerwear,kimono,3,warm,boho,freetime,floral,False,4,4.1
2677,fddac2ae-d3d9-4bab-9ac4-db35cc7e6cda,Olinou T-shirt mc,DEB24C,top,t-shirts,3,warm_season,boho,freetime,smooth,False,3,3.1
2678,fddac2ae-d3d9-4bab-9ac4-db35cc7e6cda,Olinou T-shirt mc,666633,top,t-shirts,3,warm_season,boho,freetime,smooth,False,3,3.1
2679,fddac2ae-d3d9-4bab-9ac4-db35cc7e6cda,Olinou T-shirt mc,00008b,top,t-shirts,3,warm_season,boho,freetime,smooth,False,3,3.1
2686,31b13415-6f57-4e68-b76e-9073843ee3dc,Closet Shirt delaware ,800000,top,blouse,2,warm_season,boho,freetime,geometric,False,3,3.1
2687,9575c0ba-0344-4a7b-a8f4-ce23fce68617,Closet Top mays,DFC8B2,top,tops,2,warm,boho,freetime,animal_print,False,3,3.1
2688,06567ff4-6cc3-4527-978c-9ff7d98a5fd1,Closet Skirt saturno ,DEB24C,skirt,straight,3,warm,boho,freetime,retro,False,2,2.1
2689,1f64985a-9b97-4f90-97cc-40e871c27612,Laras Tshirt order,FFFFFF,top,t-shirts,2,warm,street,freetime,smooth,False,3,3.1
2692,15230c70-fec6-4331-b4ba-d4912a8756ee,Kansas Tshirt fit,FFFFFF,top,t-shirts,3,warm_season,casual,freetime,smooth,False,3,3.1
2693,15230c70-fec6-4331-b4ba-d4912a8756ee,Kansas Tshirt fit,00008b,top,t-shirts,3,warm_season,casual,freetime,smooth,False,3,3.1
2700,928bb15e-bf36-408a-948a-a7f70a303b0b,Likke Skirt denim ,008000,skirt,straight,3,warm_season,casual,freetime,smooth,False,2,2.1
2701,928bb15e-bf36-408a-948a-a7f70a303b0b,Likke Skirt denim ,FFFF00,skirt,straight,3,warm_season,casual,freetime,smooth,False,2,2.1
2705,42e6a13c-5d7b-4d9e-be71-efb396111f3d,Pckamala Tshirt noos,FFC0CB,top,t-shirts,2,warm_season,casual,freetime,smooth,False,3,3.1
2706,42e6a13c-5d7b-4d9e-be71-efb396111f3d,Pckamala Tshirt noos,000000,top,t-shirts,2,warm_season,casual,freetime,smooth,False,3,3.1
2713,42e6a13c-5d7b-4d9e-be71-efb396111f3d,Pckamala Tshirt noos,B94600,top,t-shirts,2,warm_season,casual,freetime,smooth,False,3,3.1
2714,42e6a13c-5d7b-4d9e-be71-efb396111f3d,Pckamala Tshirt noos,666633,top,t-shirts,2,warm_season,casual,freetime,smooth,False,3,3.1
2716,b7392531-9447-47eb-8555-75d290466fe8,Moy Coat lion,5F5E5E,outerwear,coat,3,cold,classic,freetime,animal_print,False,4,4.1
2717,b3e94388-35ef-4fb8-891f-4310ad859a6c,Denim Pant short,87CEFA,bottoms,shorts,4,warm_season,casual,freetime,smooth,False,2,2.2
2718,b3e94388-35ef-4fb8-891f-4310ad859a6c,Denim Pant short,00008b,bottoms,shorts,4,warm_season,casual,freetime,smooth,False,2,2.2
2719,06de9431-d05c-4e9f-85c4-553e391f1de0,Lola Skirt raw,FFFFFF,skirt,miniskirt,3,warm_season,street,freetime,smooth,False,2,2.1
2720,06de9431-d05c-4e9f-85c4-553e391f1de0,Lola Skirt raw,FFFF00,skirt,miniskirt,3,warm_season,street,freetime,smooth,False,2,2.1
2721,06de9431-d05c-4e9f-85c4-553e391f1de0,Lola Skirt raw,FFC0CB,skirt,miniskirt,3,warm_season,street,freetime,smooth,False,2,2.1
2723,1b02e27f-1b7a-4bd5-93f9-e1e116fbcd44,Nairobi Skirt sage ,40E0D0,skirt,skater,3,warm_season,street,freetime,smooth,False,2,2.1
2736,a396fd8f-090c-42ad-be59-348beb96fc52,Cerise Skirt long ,00008b,skirt,frill,3,warm_season,classic,freetime,miniprint,False,2,2.1
2737,d89f8a20-28c5-45c5-8294-2d77690384ac,Cerise Top mykonos ,FFFFFF,top,tops,3,warm,boho,freetime,smooth,False,3,3.1
2755,2c9c7c84-e8c3-4425-98e3-1648b51d46bc,Tiwa Pant one ,000000,bottoms,cigarette,2,warm_season,casual,freetime,smooth,True,2,2.2
2757,2c9c7c84-e8c3-4425-98e3-1648b51d46bc,Tiwa Pant one ,000081,bottoms,cigarette,2,warm_season,casual,freetime,smooth,True,2,2.2
2765,0d63fc99-c6da-47b0-98b0-ec7449b9ab3f,Closet Jacket colorado,000081,outerwear,kimono,3,warm,boho,freetime,floral,False,4,4.1
2766,021367e3-0137-4490-9442-ce69046baadc,Queen Jeans slim,FFFFFF,bottoms,cigarette,2,warm_season,classic,work,smooth,False,2,2.2
2771,629c1520-41c9-4963-868c-098f6a6ff782,Grenat Tshirt vic ,800000,top,t-shirts,3,warm_season,street,freetime,smooth,False,3,3.1
2772,0c0f2c6c-b9f1-49f6-971a-1c7660788cf9,Bygrace Dress combi,B94600,dress,evase,3,warm,boho,freetime,cachemere,False,1,1.1
2778,4e526dbe-39c5-41ea-8782-d79d88c424ff,Hoody Sweater stripe ,000000,top,hoodies,3,cold_season,casual,freetime,horizontal_stripes,False,3,3.1
2779,123daad1-1f63-4fa5-8632-9c7bb0419bd4,Pigniu Top vest,00008b,top,tops,3,warm,boho,freetime,floral,False,3,3.1
2790,17707a86-1e51-4079-8ba6-28016d13a95c,Pcbippa Sweater wool ,FFC0CB,top,sweaters,3,cold,casual,freetime,horizontal_stripes,False,3,3.1
2791,64b264c6-c9c9-4322-9cb9-c29c6fb2e6a5,Bowie Tshirt cat,FFFFFF,top,t-shirts,2,cold_season,casual,freetime,horizontal_stripes,False,3,3.1
2792,814c1f03-172a-47bf-aa36-16c92c7199dc,Mlubi Sweater colour,D3D3D3,top,sweaters,2,cold_season,boho,freetime,smooth,False,3,3.1
2793,814c1f03-172a-47bf-aa36-16c92c7199dc,Mlubi Sweater colour,00008b,top,sweaters,2,cold_season,boho,freetime,smooth,False,3,3.1
2794,814c1f03-172a-47bf-aa36-16c92c7199dc,Mlubi Sweater colour,B94600,top,sweaters,2,cold_season,boho,freetime,smooth,False,3,3.1
2795,814c1f03-172a-47bf-aa36-16c92c7199dc,Mlubi Sweater colour,666633,top,sweaters,2,cold_season,boho,freetime,smooth,False,3,3.1
2796,8cff4932-c6fc-46d6-8d08-075acfcdf8f6,Kathytu Skirt tube,00008b,skirt,straight,2,warm_season,classic,freetime,smooth,False,2,2.1
2797,6a6ea269-ecc4-476d-9583-b89ad4b9fdcf,Odecoup Tshirt sm,FFFFFF,top,tops,2,warm,classic,freetime,smooth,False,3,3.1
2798,6a6ea269-ecc4-476d-9583-b89ad4b9fdcf,Odecoup Tshirt sm,FFC0CB,top,tops,2,warm,classic,freetime,smooth,False,3,3.1
2808,c53622ab-5db1-417f-b98a-6c750538d4ba,Objelisa Tshirt combo ,000000,top,t-shirts,3,cold_season,casual,freetime,horizontal_stripes,False,3,3.1
2809,c53622ab-5db1-417f-b98a-6c750538d4ba,Objelisa Tshirt combo ,FFFF00,top,t-shirts,3,cold_season,casual,freetime,horizontal_stripes,False,3,3.1
2812,3d0f7537-92e7-4358-82a5-7ee0c1aa4bb5,Anta Jacket blazer ,00008b,outerwear,blazer,3,cold_season,classic,work,checked,False,4,4.1
2813,3d0f7537-92e7-4358-82a5-7ee0c1aa4bb5,Anta Jacket blazer ,0000FF,outerwear,blazer,3,cold_season,classic,work,checked,False,4,4.1
2825,d699a152-a2d0-4869-8234-4a1c8a1ad430,Vibirdon Dress salia ,008000,dress,with_pleat,3,warm,boho,freetime,floral,False,1,1.1
2848,8780d58a-9535-4a6e-998c-696b4f765111,Femme Sweater mohair ,DEB24C,top,sweaters,2,cold,casual,freetime,smooth,False,3,3.1
2849,8780d58a-9535-4a6e-998c-696b4f765111,Femme Sweater mohair ,C7A2A2,top,sweaters,2,cold,casual,freetime,smooth,False,3,3.1
2850,aab51161-56c4-4465-8470-7db1702bb7c4,Cen Skirt check,FFC0CB,skirt,straight,3,warm_season,classic,work,prince_of_wales,False,2,2.1
2852,8ab787f1-0790-4bdd-9eec-8dfdaf42c255,Olive Pant bubble,000000,bottoms,chino,2,warm_season,classic,work,miniprint,False,2,2.2
2853,8ab787f1-0790-4bdd-9eec-8dfdaf42c255,Olive Pant bubble,A57E62,bottoms,chino,2,warm_season,classic,work,miniprint,False,2,2.2
2854,8ab787f1-0790-4bdd-9eec-8dfdaf42c255,Olive Pant bubble,C19A6B,bottoms,chino,2,warm_season,classic,work,miniprint,False,2,2.2
2855,8ab787f1-0790-4bdd-9eec-8dfdaf42c255,Olive Pant bubble,00008b,bottoms,chino,2,warm_season,classic,work,miniprint,False,2,2.2
2856,8ab787f1-0790-4bdd-9eec-8dfdaf42c255,Olive Pant bubble,DEB24C,bottoms,chino,2,warm_season,classic,work,miniprint,False,2,2.2
2857,ac9a8d20-bbd5-4fa9-bbfd-03c9df6d51ca,Closet Bag nice ,DEB24C,bag,crossbag,3,warm_season,boho,freetime,smooth,False,4,4.3
2858,ac9a8d20-bbd5-4fa9-bbfd-03c9df6d51ca,Closet Bag nice ,FFA500,bag,crossbag,3,warm_season,boho,freetime,smooth,False,4,4.3
2859,ac9a8d20-bbd5-4fa9-bbfd-03c9df6d51ca,Closet Bag nice ,000000,bag,crossbag,3,warm_season,boho,freetime,smooth,False,4,4.3
2860,ac9a8d20-bbd5-4fa9-bbfd-03c9df6d51ca,Closet Bag nice ,FFC0CB,bag,crossbag,3,warm_season,boho,freetime,smooth,False,4,4.3
2861,ef6e6d8d-5575-4927-98c9-62a3ecd27832,Kaia Foulard film ,FFFF00,scarf,foulard,2,warm_season,classic,freetime,floral,False,4,4.2
2862,ef6e6d8d-5575-4927-98c9-62a3ecd27832,Kaia Foulard film ,800000,scarf,foulard,2,warm_season,classic,freetime,floral,False,4,4.2
2863,62e1489f-4276-4566-b4e1-727374dff101,Karissa Foulard film,800000,scarf,foulard,2,warm_season,boho,freetime,ethnic,False,4,4.2
2864,62e1489f-4276-4566-b4e1-727374dff101,Karissa Foulard film,00008b,scarf,foulard,2,warm_season,boho,freetime,ethnic,False,4,4.2
2865,ef6cc2bb-ff66-43f9-ae0d-b4cc89cd929b,Kalica Foulard film,00008b,scarf,foulard,2,warm_season,boho,freetime,ethnic,False,4,4.2
2866,ef6cc2bb-ff66-43f9-ae0d-b4cc89cd929b,Kalica Foulard film,DEB24C,scarf,foulard,2,warm_season,boho,freetime,ethnic,False,4,4.2
2867,d15073f2-cfc9-4e4c-b6aa-b31a10273776,Jacinda Foulard film,0000FF,scarf,foulard,2,warm_season,classic,work,geometric,False,4,4.2
2868,d15073f2-cfc9-4e4c-b6aa-b31a10273776,Jacinda Foulard film,40E0D0,scarf,foulard,2,warm_season,classic,work,geometric,False,4,4.2
2869,d15073f2-cfc9-4e4c-b6aa-b31a10273776,Jacinda Foulard film,FFFF00,scarf,foulard,2,warm_season,classic,work,geometric,False,4,4.2
2870,e6d93cc6-7b51-45c2-a835-b243095f180f,Jacinthe Foulard closet,0000FF,scarf,foulard,2,warm_season,classic,work,geometric,False,4,4.2
2871,e6d93cc6-7b51-45c2-a835-b243095f180f,Jacinthe Foulard closet,FFFF00,scarf,foulard,2,warm_season,classic,work,geometric,False,4,4.2
2872,e6d93cc6-7b51-45c2-a835-b243095f180f,Jacinthe Foulard closet,B11730,scarf,foulard,2,warm_season,classic,work,geometric,False,4,4.2
2873,028c8294-8542-4883-9e6e-1290cd06c975,Timon Bag film,E65A5B,bag,envelope,2,warm_season,boho,freetime,smooth,False,4,4.3
2874,028c8294-8542-4883-9e6e-1290cd06c975,Timon Bag film,164A0A,bag,envelope,2,warm_season,boho,freetime,smooth,False,4,4.3
2875,028c8294-8542-4883-9e6e-1290cd06c975,Timon Bag film,C7A2A2,bag,envelope,2,warm_season,boho,freetime,smooth,False,4,4.3
2876,9cc05acd-efbf-4f30-87ef-9e5748778f4d,Lux Bag films,164A0A,bag,crossbag,3,warm_season,boho,freetime,smooth,False,4,4.3
2877,f7e6f4e6-e0ce-4853-a29d-8554f83c4931,Cahier Foulard aurora,00008b,scarf,foulard,2,warm_season,classic,work,geometric,False,4,4.2
2878,950b6bb1-5b56-4084-bc2b-859a8a032142,Cahier Foulard diana,00008b,scarf,foulard,2,warm_season,classic,work,floral,False,4,4.2
2879,7d5f2a88-5c8a-47f8-9529-4f1b75ea6043,Cahier Foulard juventas,00008b,scarf,foulard,2,warm_season,classic,work,horizontal_stripes,False,4,4.2
2884,dcfd9950-6799-4d51-98b2-3a0ceb72eb19,Vikatay T-shirt stripes,FFA500,top,sweaters,3,cold_season,casual,freetime,horizontal_stripes,False,3,3.1
2885,dcfd9950-6799-4d51-98b2-3a0ceb72eb19,Vikatay T-shirt stripes,00008b,top,sweaters,3,cold_season,casual,freetime,horizontal_stripes,False,3,3.1
2886,e31c1191-ae80-43cd-ad00-33cff78a3a4b,Small Dress blues,0000FF,dress,puff,3,warm_season,classic,freetime,floral,False,1,1.1
2890,344490b7-36cc-46f9-837e-5fd53ac70664,Objbay Top maize,FFFF00,top,tops,2,warm,casual,freetime,smooth,False,3,3.1
2891,d98e5d89-4704-4531-b91d-4a779f463cfd,Onlvegas Pant belt,DFC8B2,bottoms,paper_bag,3,warm_season,classic,freetime,smooth,False,2,2.2
2892,168fe5d5-397f-4fe1-a974-6dfd7973154c,Silver Dress nine,DFC8B2,dress,shirt,3,warm_season,boho,freetime,smooth,False,1,1.1
2893,168fe5d5-397f-4fe1-a974-6dfd7973154c,Silver Dress nine,666633,dress,shirt,3,warm_season,boho,freetime,smooth,False,1,1.1
2898,4fd5d944-4ed9-417d-a5c7-fe700ba83ef7,Isabel Scarf print,FFFF00,scarf,foulard,3,warm,street,work,animal_print,False,4,4.2
2899,3e729ffc-6499-49cf-b360-1709456315d4,Ester Tshirt blush,DEB24C,top,t-shirts,2,warm_season,street,freetime,horizontal_stripes,False,3,3.1
2900,3e729ffc-6499-49cf-b360-1709456315d4,Ester Tshirt blush,E65A5B,top,t-shirts,2,warm_season,street,freetime,horizontal_stripes,False,3,3.1
2901,bfda8e4d-87f2-4c5f-a97d-fcd2584ac2fa,Hiaz Skirt ycoo,008000,skirt,knitted,3,warm,boho,freetime,floral,False,2,2.1
2902,bfda8e4d-87f2-4c5f-a97d-fcd2584ac2fa,Hiaz Skirt ycoo,000000,skirt,knitted,3,warm,boho,freetime,floral,False,2,2.1
2906,2b3f3c42-ab8d-4ffd-a152-a4fd364f2090,Simetric Dress paris,000000,dress,shirt,3,warm_season,boho,work,floral,False,1,1.1
2908,e83312ff-a661-4ac2-b1c2-06eb2f74d880,Ciao Sweater eslogan ,B11730,top,sweaters,3,cold_season,casual,freetime,horizontal_stripes,False,3,3.1
2909,43b055d3-e20e-49e5-b2b9-68d265f1c33c,Fluit Top kale ,666633,top,tops,2,warm,boho,freetime,smooth,False,3,3.1
2910,43b055d3-e20e-49e5-b2b9-68d265f1c33c,Fluit Top kale ,000081,top,tops,2,warm,boho,freetime,smooth,False,3,3.1
2911,43b055d3-e20e-49e5-b2b9-68d265f1c33c,Fluit Top kale ,FFFFFF,top,tops,2,warm,boho,freetime,smooth,False,3,3.1
2912,7ad3c872-79c1-45ec-9922-0770b7ec8151,Tank Top gold,ECE9D6,top,t-shirts,3,warm,boho,freetime,horizontal_stripes,False,3,3.1
2913,89004359-b5bb-45ee-a00e-c29fabec13bf,Combi Jumpsuit night ,00008b,jumpsuit,jumpsuit,3,warm_season,boho,freetime,printed,False,1,1.2
2915,74a8ca05-9427-4ca3-9f5f-86b2e508e512,Envy Jeans denim ,008000,bottoms,cigarette,3,cold_season,casual,freetime,smooth,False,2,2.2
2916,6bad2c63-9ae5-40f9-8c28-8155b5fb09e9,Shiny Dress flower,008000,dress,shirt,3,warm_season,boho,freetime,floral,False,1,1.1
2917,7585bb9c-4980-4902-8cab-3caa52d3e823,Crissi Jacket brown ,462C0E,outerwear,trench,2,warm_season,classic,work,prince_of_wales,False,4,4.1
2920,e13015b7-c901-4f6a-b4bd-abe20068fe62,Tila Top mia ,00008b,top,shirt,3,cold_season,classic,work,vertical_stripes,False,3,3.1
2921,96050ee3-885d-44b9-8fe0-7d2dd8c8c465,Lindex Jeans season ,00008b,bottoms,bell,2,cold_season,boho,freetime,smooth,False,2,2.2
2922,be1f14f7-2e73-4e05-bc84-a95ec37fd560,Dots Shirt majolica ,000000,top,shirt,3,warm_season,boho,work,polka_dot,False,3,3.1
2923,be1f14f7-2e73-4e05-bc84-a95ec37fd560,Dots Shirt majolica ,FFC0CB,top,shirt,3,warm_season,boho,work,polka_dot,False,3,3.1
2927,2351ce43-9d5e-4cb3-924e-a80f703038c6,Iris Jumpsuit floral,00008b,jumpsuit,jumpsuit,3,warm,boho,freetime,floral,False,1,1.2
2928,e3aaca6e-492b-488e-b52a-0e8c6d3bf686,Starts Shirt majolica ,000000,top,shirt,3,warm_season,boho,work,vertical_stripes,False,3,3.1
2929,e3aaca6e-492b-488e-b52a-0e8c6d3bf686,Starts Shirt majolica ,B11730,top,shirt,3,warm_season,boho,work,vertical_stripes,False,3,3.1
2932,a22a4e06-9fa2-42d8-a0e9-341925971fa8,Nala Cardigan nais,FF00A8,top,cardigan,3,warm_season,boho,freetime,smooth,False,3,3.1
2933,a22a4e06-9fa2-42d8-a0e9-341925971fa8,Nala Cardigan nais,000081,top,cardigan,3,warm_season,boho,freetime,smooth,False,3,3.1
2934,a22a4e06-9fa2-42d8-a0e9-341925971fa8,Nala Cardigan nais,BBE2AD,top,cardigan,3,warm_season,boho,freetime,smooth,False,3,3.1
2935,a22a4e06-9fa2-42d8-a0e9-341925971fa8,Nala Cardigan nais,FFFF00,top,cardigan,3,warm_season,boho,freetime,smooth,False,3,3.1
2936,bb2d7c0b-3ab0-4ab1-bb97-b14fc67dcc86,Nial Cardigan knit,00008b,top,cardigan,3,warm_season,boho,freetime,smooth,False,3,3.1
2937,bb2d7c0b-3ab0-4ab1-bb97-b14fc67dcc86,Nial Cardigan knit,666633,top,cardigan,3,warm_season,boho,freetime,smooth,False,3,3.1
2938,bb2d7c0b-3ab0-4ab1-bb97-b14fc67dcc86,Nial Cardigan knit,000081,top,cardigan,3,warm_season,boho,freetime,smooth,False,3,3.1
2939,bb2d7c0b-3ab0-4ab1-bb97-b14fc67dcc86,Nial Cardigan knit,B11730,top,cardigan,3,warm_season,boho,freetime,smooth,False,3,3.1
2940,770a9b38-a2f9-4943-acdc-5d3ae9357660,Colorfull Jacket bomb,DFC8B2,outerwear,bomber,3,warm_season,street,freetime,tropical,False,4,4.1
2941,a023c99b-0fa4-489d-873b-f15d87ecd385,Long Jumpsuit flowers,00008b,jumpsuit,jumpsuit,3,warm,boho,freetime,floral,False,1,1.2
2942,9ed8bef0-de29-45ed-8e6b-19ffe77c3776,Nues Dress majo,00008b,dress,evase,3,warm_season,classic,night,smooth,False,1,1.1
2943,9ed8bef0-de29-45ed-8e6b-19ffe77c3776,Nues Dress majo,000000,dress,evase,3,warm_season,classic,night,smooth,False,1,1.1
2954,7cb20eaa-d33c-4292-b689-f4324b479bcc,Pcnellie Pant noos,B94600,bottoms,palazzo,3,warm_season,boho,freetime,vertical_stripes,False,2,2.2
2955,7cb20eaa-d33c-4292-b689-f4324b479bcc,Pcnellie Pant noos,DEB24C,bottoms,palazzo,3,warm_season,boho,freetime,vertical_stripes,False,2,2.2
2964,16698b3c-74f4-4d7a-afaa-a70ee46f8101,Alpaca Sweater femme ,87CEFA,top,sweaters,2,cold_season,casual,freetime,smooth,False,3,3.1
2965,16698b3c-74f4-4d7a-afaa-a70ee46f8101,Alpaca Sweater femme ,D84936,top,sweaters,2,cold_season,casual,freetime,smooth,False,3,3.1
2966,16698b3c-74f4-4d7a-afaa-a70ee46f8101,Alpaca Sweater femme ,FFC0CB,top,sweaters,2,cold_season,casual,freetime,smooth,False,3,3.1
2967,e7cd3f84-862e-4aa6-85d8-e05ccf446b41,Mila T-shirt stripe,FFFFFF,top,t-shirts,3,warm_season,street,freetime,vertical_stripes,False,3,3.1
2968,e8128829-f094-4c85-999e-1a6eb2662cb8,Ellen Sweatshirt orange,FFA500,top,hoodies,4,cold_season,street,freetime,smooth,False,3,3.1
2969,55b89737-f2eb-4c20-942c-f8f404042938,Elsa Shirt leopard,DEB24C,top,blouse,5,warm_season,street,freetime,miniprint,False,3,3.1
2989,77f24c79-1689-4de2-9636-8b4174afa5a5,Anna Jeans style,00008b,bottoms,cigarette,3,warm_season,street,freetime,smooth,False,2,2.2
2990,77f24c79-1689-4de2-9636-8b4174afa5a5,Anna Jeans style,666633,bottoms,cigarette,3,warm_season,street,freetime,smooth,False,2,2.2
2991,77f24c79-1689-4de2-9636-8b4174afa5a5,Anna Jeans style,FFFFFF,bottoms,cigarette,3,warm_season,street,freetime,smooth,False,2,2.2
3000,12de09d0-f877-40b6-8d8d-bce8c723acf7,Randal Sweater raye ,FFFFFF,top,sweaters,3,cold_season,classic,freetime,horizontal_stripes,False,3,3.1
3001,12de09d0-f877-40b6-8d8d-bce8c723acf7,Randal Sweater raye ,00008b,top,sweaters,3,cold_season,classic,freetime,horizontal_stripes,False,3,3.1
3005,c6329399-8f68-4cc8-919c-123fad022a52,Vesna Pant wdc,00008b,bottoms,jegging,3,cold_season,classic,work,checked,False,2,2.2
3006,e47d5636-0198-4907-af50-055215d55d33,Flare Jeans kick,000000,bottoms,mom_jeans,3,cold_season,street,freetime,smooth,False,2,2.2
3035,41416ce8-5cc5-4f8a-b22f-892197585958,Sunny Shirt dots ,00008b,top,shirt,2,warm_season,boho,freetime,polka_dot,False,3,3.1
3036,41416ce8-5cc5-4f8a-b22f-892197585958,Sunny Shirt dots ,ECE9D6,top,shirt,2,warm_season,boho,freetime,polka_dot,False,3,3.1
3037,41416ce8-5cc5-4f8a-b22f-892197585958,Sunny Shirt dots ,008000,top,shirt,2,warm_season,boho,freetime,polka_dot,False,3,3.1
3038,a3f16a5a-27ef-466a-bd17-889d3344667e,Sun Top polo ,87CEFA,top,tops,2,warm_season,boho,freetime,printed,False,3,3.1
3039,a3f16a5a-27ef-466a-bd17-889d3344667e,Sun Top polo ,ECE9D6,top,tops,2,warm_season,boho,freetime,printed,False,3,3.1
3047,d0b57e4f-056b-40aa-b349-a02b1099727c,Araxas Cardigan colors ,153668,top,cardigan,2,warm_season,classic,work,smooth,False,3,3.1
3048,d0b57e4f-056b-40aa-b349-a02b1099727c,Araxas Cardigan colors ,FF00A8,top,cardigan,2,warm_season,classic,work,smooth,False,3,3.1
3049,d0b57e4f-056b-40aa-b349-a02b1099727c,Araxas Cardigan colors ,87CEFA,top,cardigan,2,warm_season,classic,work,smooth,False,3,3.1
3058,0acad89a-1aa7-4705-8f3d-fb7199460c0b,Onldulcie Dress top ,000000,dress,a_line,3,warm_season,boho,work,smooth,False,1,1.1
3059,0acad89a-1aa7-4705-8f3d-fb7199460c0b,Onldulcie Dress top ,FFFFFF,dress,a_line,3,warm_season,boho,work,smooth,False,1,1.1
3068,c9f11891-1d04-4021-aaaa-47610dda6f20,Onlnew Sweater knit ,ECE9D6,top,sweaters,3,cold_season,street,freetime,vertical_stripes,False,3,3.1
3069,7d7b6f55-b437-4fbb-902b-3718f6d32cdb,Gema Sweater charlior ,D3D3D3,top,sweaters,3,cold,casual,freetime,smooth,False,3,3.1
3070,7d7b6f55-b437-4fbb-902b-3718f6d32cdb,Gema Sweater charlior ,DEB24C,top,sweaters,3,cold,casual,freetime,smooth,False,3,3.1
3079,b96da649-132a-47d8-a309-6cf3e7433d79,Mia Dress season ,000000,dress,shirt,2,warm_season,boho,freetime,floral,False,1,1.1
3083,1f50a91d-efa3-4972-b0e3-b2dbaf5d5441,Senes Cardigan summer ,E65A5B,top,cardigan,2,warm_season,boho,work,smooth,False,3,3.1
3084,1f50a91d-efa3-4972-b0e3-b2dbaf5d5441,Senes Cardigan summer ,000000,top,cardigan,2,warm_season,boho,work,smooth,False,3,3.1
3085,1f50a91d-efa3-4972-b0e3-b2dbaf5d5441,Senes Cardigan summer ,008000,top,cardigan,2,warm_season,boho,work,smooth,False,3,3.1
3086,1f50a91d-efa3-4972-b0e3-b2dbaf5d5441,Senes Cardigan summer ,FFFF00,top,cardigan,2,warm_season,boho,work,smooth,False,3,3.1
3087,1f50a91d-efa3-4972-b0e3-b2dbaf5d5441,Senes Cardigan summer ,D84936,top,cardigan,2,warm_season,boho,work,smooth,False,3,3.1
3088,1f50a91d-efa3-4972-b0e3-b2dbaf5d5441,Senes Cardigan summer ,00008b,top,cardigan,2,warm_season,boho,work,smooth,False,3,3.1
3092,9ce52dc6-0e2e-4b25-8688-bd94895d7617,Closet Top georgia ,000000,top,tops,2,warm_season,boho,freetime,smooth,False,3,3.1
3093,a8872cdc-e6b3-4a48-86f8-faee32920c0e,Trila Sweater nais ,FFC0CB,top,sweaters,2,cold_season,boho,freetime,smooth,False,3,3.1
3094,a8872cdc-e6b3-4a48-86f8-faee32920c0e,Trila Sweater nais ,E65A5B,top,sweaters,2,cold_season,boho,freetime,smooth,False,3,3.1
3095,a8872cdc-e6b3-4a48-86f8-faee32920c0e,Trila Sweater nais ,FFA500,top,sweaters,2,cold_season,boho,freetime,smooth,False,3,3.1
3098,92c22ffe-37af-4897-b715-8672f9304a9c,Maria Scarf nice ,00008b,scarf,collar,3,warm_season,street,freetime,miniprint,False,4,4.2
3099,ecb88a20-ec78-406a-a6fb-fff93a772468,Kassia Foulard cahier ,40E0D0,scarf,foulard,2,warm_season,boho,freetime,polka_dot,False,4,4.2
3100,ecb88a20-ec78-406a-a6fb-fff93a772468,Kassia Foulard cahier ,B11730,scarf,foulard,2,warm_season,boho,freetime,polka_dot,False,4,4.2
3101,13151015-172b-41d0-8b6a-439a0c8073b3,Leonidas Scarf cahier ,800000,scarf,handkerchief,2,warm_season,classic,work,miniprint,False,4,4.2
3102,5373087c-3012-45a8-b040-d6e4a245a6ac,Akoz Dress print ,00008b,dress,straight,3,warm_season,boho,freetime,floral,False,1,1.1
3103,5373087c-3012-45a8-b040-d6e4a245a6ac,Akoz Dress print ,153668,dress,straight,3,warm_season,boho,freetime,floral,False,1,1.1
3104,810340ce-c0fe-4317-893e-028fc9cfe961,Post Sweater plains ,D3D3D3,top,sweaters,3,warm_season,classic,work,smooth,False,3,3.1
3105,810340ce-c0fe-4317-893e-028fc9cfe961,Post Sweater plains ,00008b,top,sweaters,3,warm_season,classic,work,smooth,False,3,3.1
3106,6de436fe-c949-45dc-9472-4975137184d2,Vendel Shirt blouse ,DEB24C,top,tops,3,warm_season,boho,work,floral,False,3,3.1
3107,6de436fe-c949-45dc-9472-4975137184d2,Vendel Shirt blouse ,666633,top,tops,3,warm_season,boho,work,floral,False,3,3.1
3114,dd1aa0e4-8d27-4663-9425-df19b408e6dd,Gally Jeans slim ,00008b,bottoms,denim,2,warm_season,casual,freetime,smooth,False,2,2.2
3115,dd1aa0e4-8d27-4663-9425-df19b408e6dd,Gally Jeans slim ,000081,bottoms,denim,2,warm_season,casual,freetime,smooth,False,2,2.2
3116,9294c8a6-3384-4ecb-98a5-a7a0ab99631d,Loni Pant short ,A57E62,bottoms,shorts,3,warm,boho,freetime,smooth,False,2,2.2
3117,9294c8a6-3384-4ecb-98a5-a7a0ab99631d,Loni Pant short ,ECE9D6,bottoms,shorts,3,warm,boho,freetime,smooth,False,2,2.2
3122,1323a4ec-ff37-424a-84bc-0d5144ed30ae,Bsamelia Sweater striped ,008000,top,sweaters,2,cold_season,classic,freetime,horizontal_stripes,False,3,3.1
3137,7305c7cf-8dfe-468e-a554-6e877eac2dc9,Feli T-shirt print ,ECE9D6,top,t-shirts,2,warm_season,street,freetime,smooth,False,3,3.1
3139,a4b45a06-d401-47e5-8e0d-15f7f1cf7729,Flower Pant smock ,008000,bottoms,shorts,4,warm,boho,freetime,floral,False,2,2.2
3140,3802f9f8-39d5-41c0-92b8-334052c30410,Jenna Pant who ,FFFFFF,bottoms,cigarette,2,warm,casual,freetime,smooth,False,2,2.2
3141,3802f9f8-39d5-41c0-92b8-334052c30410,Jenna Pant who ,BBE2AD,bottoms,cigarette,2,warm,casual,freetime,smooth,False,2,2.2
3142,3802f9f8-39d5-41c0-92b8-334052c30410,Jenna Pant who ,FFFF00,bottoms,cigarette,2,warm,casual,freetime,smooth,False,2,2.2
3147,a10a5f30-f8d1-48f4-962d-be8ace3ecb9c,Closet Dress manhattan ,FFFF00,dress,tunica,3,warm_season,boho,freetime,geometric,False,1,1.1
3148,fe60817c-8c4e-401b-be44-39127871af01,Kacia Tshirt numph ,40E0D0,top,t-shirts,2,warm,classic,freetime,horizontal_stripes,False,3,3.1
3149,fe60817c-8c4e-401b-be44-39127871af01,Kacia Tshirt numph ,00008b,top,t-shirts,2,warm,classic,freetime,horizontal_stripes,False,3,3.1
3151,c4fd46c8-12f0-4754-b62f-8a597aefc7a0,Onlroyal Jeans noos ,00008b,bottoms,cigarette,3,warm_season,street,freetime,smooth,False,2,2.2
3152,7170403f-ecec-400e-bb32-dfe498b25bcd,Jrlobe Dress midi ,B94600,dress,straight,3,warm,boho,freetime,smooth,False,1,1.1
3153,e7be430f-9811-44ce-8751-2f2c23a924c9,Bsfarah Top provence ,000081,top,tops,3,warm,classic,freetime,smooth,False,3,3.1
3154,e7be430f-9811-44ce-8751-2f2c23a924c9,Bsfarah Top provence ,FFA500,top,tops,3,warm,classic,freetime,smooth,False,3,3.1
3155,0aeaf3de-a29d-44f4-8b68-5179af84792a,Pine Jeans place ,ECE9D6,bottoms,cigarette,4,warm_season,boho,freetime,floral,False,2,2.2
3162,735761e6-8f79-43c9-8279-a7af97fe00eb,Vilucy Tshirt fav ,008000,top,tops,2,warm_season,classic,freetime,smooth,False,3,3.1
3177,2d354358-c919-450d-bf9a-2377560943ca,Lion Dress moi ,462C0E,dress,puff,4,warm_season,street,freetime,animal_print,False,1,1.1
3178,b28b4d03-696b-4b07-a2cc-28108c104423,Pcbertha Dress martime ,B94600,dress,with_pleat,2,warm,minimal,freetime,smooth,False,1,1.1
3179,b28b4d03-696b-4b07-a2cc-28108c104423,Pcbertha Dress martime ,00008b,dress,with_pleat,2,warm,minimal,freetime,smooth,False,1,1.1
3183,75cfd62a-cd66-4bba-a00d-80811a540222,Rarya Shirt flower ,00008b,top,tops,3,warm_season,boho,freetime,floral,False,3,3.1
3186,184976eb-09bc-42a5-b535-cbecde6bf453,Rarya Short flower ,00008b,bottoms,shorts,3,warm,boho,freetime,floral,False,2,2.2
3195,9d650ff1-7788-439c-93e9-25d7569c3f86,Majolica Skirt night ,000000,skirt,pleated,3,warm,classic,freetime,floral,False,2,2.1
3196,11c89d21-dc4f-40dd-a7d6-762cb9ed3f1f,Majolica Shirt spring ,FFFFFF,top,shirt,3,warm_season,boho,freetime,miniprint,False,3,3.1
3197,8f0c6283-3f6c-4a85-b649-1595ada42376,Itfloral Jacket bomber ,DEB24C,outerwear,bomber,3,warm_season,boho,freetime,floral,False,4,4.1
3217,f657ee07-c321-4c1a-afab-0590d2690b64,Dana Skirt pencil ,800000,skirt,tube,2,cold_season,street,working_girl,smooth,True,2,2.1
3218,f657ee07-c321-4c1a-afab-0590d2690b64,Dana Skirt pencil ,000000,skirt,tube,2,cold_season,street,working_girl,smooth,True,2,2.1
3233,35c8c25d-2a7d-47f4-a156-8d57433fa834,Pcbillo Tshirt noos ,ECE9D6,top,t-shirts,3,warm_season,casual,freetime,horizontal_stripes,False,3,3.1
3234,35c8c25d-2a7d-47f4-a156-8d57433fa834,Pcbillo Tshirt noos ,FFC0CB,top,t-shirts,3,warm_season,casual,freetime,horizontal_stripes,False,3,3.1
3245,df5c1cac-f143-48a1-9c46-604f0dc323e1,Viallia Tshirt button ,00008b,top,blouse,2,warm_season,classic,work,smooth,False,3,3.1
3246,df5c1cac-f143-48a1-9c46-604f0dc323e1,Viallia Tshirt button ,FFFFFF,top,blouse,2,warm_season,classic,work,smooth,False,3,3.1
3261,e0309422-441c-4e6f-9958-98262c6c15a8,Rizetta Jacket blazer,87CEFA,outerwear,blazer,2,cold_season,classic,work,horizontal_stripes,False,4,4.1
3262,e0309422-441c-4e6f-9958-98262c6c15a8,Rizetta Jacket blazer,FFFFFF,outerwear,blazer,2,cold_season,classic,work,horizontal_stripes,False,4,4.1
3281,d21c831c-1939-4550-bf1e-f4c67c368ebc,Lindex Jeans denim ,000081,bottoms,cigarette,3,warm_season,street,freetime,smooth,False,2,2.2
3288,38279020-2830-4bfb-9279-188c022ec141,Wayra Dress dark ,00008b,dress,with_pleat,2,cold_season,classic,work,smooth,False,1,1.1
3289,ce572ce0-755a-4882-a014-c42474a6fad1,Thisbe Bag cahier ,462C0E,bag,shopper,3,warm_season,boho,freetime,smooth,False,4,4.3
3290,ce572ce0-755a-4882-a014-c42474a6fad1,Thisbe Bag cahier ,DEB24C,bag,shopper,3,warm_season,boho,freetime,smooth,False,4,4.3
3295,0de12254-8200-47bc-8bdb-2308292564a5,Dream Top film ,C19A6B,top,tops,3,warm,boho,freetime,geometric,False,3,3.1
3297,85fea60c-ac42-45b6-91df-6b2a130a1db6,Cahier Foulard minerva ,666633,scarf,foulard,2,warm_season,classic,freetime,bodoque,False,4,4.2
3298,85fea60c-ac42-45b6-91df-6b2a130a1db6,Cahier Foulard minerva ,800000,scarf,foulard,2,warm_season,classic,freetime,bodoque,False,4,4.2
3299,30a9acb0-cd78-4054-b89b-fd498a06ba44,Neelda Pant sage ,008000,bottoms,straight,2,warm_season,classic,work,smooth,False,2,2.2
3302,60e36b37-f56c-4be7-9dc2-897acf1f6f2e,French Sweater ebba ,D3D3D3,top,sweaters,2,cold_season,minimal,freetime,smooth,False,3,3.1
3303,60e36b37-f56c-4be7-9dc2-897acf1f6f2e,French Sweater ebba ,FFC0CB,top,sweaters,2,cold_season,minimal,freetime,smooth,False,3,3.1
3306,86a7b7ec-03a8-4159-ac45-ea83899bf07c,Fabianne Shirt stripe ,FFC0CB,top,shirt,2,warm_season,classic,work,vertical_stripes,False,3,3.1
3307,86a7b7ec-03a8-4159-ac45-ea83899bf07c,Fabianne Shirt stripe ,000000,top,shirt,2,warm_season,classic,work,vertical_stripes,False,3,3.1
3308,ac8b450d-539f-4b9c-b870-d2f423ea3ab5,Jrsmilla Pant ankle ,000000,bottoms,cigarette,2,cold_season,classic,work,smooth,False,2,2.2
3333,84a7be01-2813-47f0-ba1b-8e5b4f90e2be,Dollie Sweater six ,D3D3D3,top,sweaters,3,cold_season,casual,freetime,smooth,False,3,3.1
3334,84a7be01-2813-47f0-ba1b-8e5b4f90e2be,Dollie Sweater six ,ECE9D6,top,sweaters,3,cold_season,casual,freetime,smooth,False,3,3.1
3335,84a7be01-2813-47f0-ba1b-8e5b4f90e2be,Dollie Sweater six ,00008b,top,sweaters,3,cold_season,casual,freetime,smooth,False,3,3.1
3336,84a7be01-2813-47f0-ba1b-8e5b4f90e2be,Dollie Sweater six ,666633,top,sweaters,3,cold_season,casual,freetime,smooth,False,3,3.1
3356,e0111c2f-ecb5-4ce9-91e9-4b01b0e59378,Sheer Skirt grace ,00008b,skirt,pleated,3,cold_season,classic,work,smooth,False,2,2.1
3358,6982ad13-24da-431d-b781-b107069b0df0,Majo Top nice,000000,top,blouse,3,cold_season,classic,work,smooth,False,3,3.1
3359,6982ad13-24da-431d-b781-b107069b0df0,Majo Top nice,D84936,top,blouse,3,cold_season,classic,work,smooth,False,3,3.1
3360,d57974cf-c79e-4e2d-a0ab-87ae4f8df6b3,Eunice Skirt sew ,000000,skirt,knitted,3,warm_season,boho,freetime,ethnic,False,2,2.1
3365,b4365a87-a7ff-49e9-8935-3867220800f1,Lia Tshirt sew ,5F5E5E,top,t-shirts,2,warm_season,casual,freetime,smooth,False,3,3.1
3367,32e7774e-bbd3-443d-9ad0-453a26a5f18d,Jaylene Sweater diff,87CEFA,top,sweaters,4,cold_season,classic,work,smooth,False,3,3.1
3369,63afb315-545e-46c3-a377-8c98c1de2391,Closet Top calipso ,000000,top,tops,2,warm,boho,freetime,smooth,False,3,3.1
3370,63afb315-545e-46c3-a377-8c98c1de2391,Closet Top calipso ,00008b,top,tops,2,warm,boho,freetime,smooth,False,3,3.1
3371,63afb315-545e-46c3-a377-8c98c1de2391,Closet Top calipso ,ECE9D6,top,tops,2,warm,boho,freetime,smooth,False,3,3.1
3384,44615d8b-0696-4614-b751-084b15b653af,Viril Cardigan knit ,F29985,top,cardigan,2,cold_season,casual,work,smooth,False,3,3.1
3391,44615d8b-0696-4614-b751-084b15b653af,Viril Cardigan knit ,D3D3D3,top,cardigan,2,cold_season,casual,work,smooth,False,3,3.1
3392,44615d8b-0696-4614-b751-084b15b653af,Viril Cardigan knit ,0000FF,top,cardigan,2,cold_season,casual,work,smooth,False,3,3.1
3398,44615d8b-0696-4614-b751-084b15b653af,Viril Cardigan knit ,DFC8B2,top,cardigan,2,cold_season,casual,work,smooth,False,3,3.1
3400,44615d8b-0696-4614-b751-084b15b653af,Viril Cardigan knit ,00008b,top,cardigan,2,cold_season,casual,work,smooth,False,3,3.1
3401,c37b7851-0f25-43fd-978d-e2c5406d99d2,Closet Bag leather ,000000,bag,bucket,3,warm_season,classic,freetime,smooth,False,4,4.3
3402,c37b7851-0f25-43fd-978d-e2c5406d99d2,Closet Bag leather ,FFC0CB,bag,bucket,3,warm_season,classic,freetime,smooth,False,4,4.3
3403,41b89d56-4d87-4b51-b72c-aba471a03533,Bastian Jacket bohck,666633,outerwear,jacket,3,warm_season,boho,freetime,smooth,False,4,4.1
3404,41b89d56-4d87-4b51-b72c-aba471a03533,Bastian Jacket bohck,000000,outerwear,jacket,3,warm_season,boho,freetime,smooth,False,4,4.1
3405,e4046e7d-7c62-4b7d-ab5e-2274371fac40,Jrarya Top juna ,000000,top,tops,3,warm,boho,freetime,floral,False,3,3.1
3412,018973b9-3e05-4411-ae3b-daed8c972e2d,Basha Skirt bohck,666633,skirt,tulip,2,warm_season,classic,work,smooth,False,2,2.1
3415,018973b9-3e05-4411-ae3b-daed8c972e2d,Basha Skirt bohck,000000,skirt,tulip,2,warm_season,classic,work,smooth,False,2,2.1
3419,9330e0d0-aa81-4214-a259-b2177aef506a,Pully Jacket denim ,C7A2A2,outerwear,cowgirl,2,warm_season,casual,work,smooth,True,4,4.1
3420,9330e0d0-aa81-4214-a259-b2177aef506a,Pully Jacket denim ,FFFFFF,outerwear,cowgirl,2,warm_season,casual,work,smooth,True,4,4.1
3421,9330e0d0-aa81-4214-a259-b2177aef506a,Pully Jacket denim ,00008b,outerwear,cowgirl,2,warm_season,casual,work,smooth,True,4,4.1
3422,9330e0d0-aa81-4214-a259-b2177aef506a,Pully Jacket denim ,000081,outerwear,cowgirl,2,warm_season,casual,work,smooth,True,4,4.1
3424,a4a1557e-bd94-4b4a-addd-b36b485d4f8e,Film Bag spring ,40E0D0,bag,crossbag,3,warm_season,boho,freetime,ethnic,False,4,4.3
3435,1d4ed719-db94-4593-a38b-c49a4449079e,Piros Cardigan grette ,800000,top,cardigan,2,cold_season,casual,freetime,smooth,False,3,3.1
3436,1d4ed719-db94-4593-a38b-c49a4449079e,Piros Cardigan grette ,000000,top,cardigan,2,cold_season,casual,freetime,smooth,False,3,3.1
3437,1d4ed719-db94-4593-a38b-c49a4449079e,Piros Cardigan grette ,D3D3D3,top,cardigan,2,cold_season,casual,freetime,smooth,False,3,3.1
3444,f6cd750b-64cf-4c1e-8256-98ebce2b3c17,Visemah Pant short ,ECE9D6,bottoms,shorts,3,warm_season,boho,freetime,smooth,False,2,2.2
3445,56a3b7f7-93ed-4879-9aa5-bbbbeee37741,Danta Pant crops ,000000,bottoms,chino,3,warm_season,classic,work,smooth,False,2,2.2
3451,56a3b7f7-93ed-4879-9aa5-bbbbeee37741,Danta Pant crops ,00008b,bottoms,chino,3,warm_season,classic,work,smooth,False,2,2.2
3454,56a3b7f7-93ed-4879-9aa5-bbbbeee37741,Danta Pant crops ,FFC0CB,bottoms,chino,3,warm_season,classic,work,smooth,False,2,2.2
3455,56a3b7f7-93ed-4879-9aa5-bbbbeee37741,Danta Pant crops ,D3D3D3,bottoms,chino,3,warm_season,classic,work,smooth,False,2,2.2
3458,9351f695-16f9-42f5-8c7d-8f1c86a2f3d9,Chloe Jeans smoke ,D3D3D3,bottoms,cigarette,3,cold_season,casual,freetime,smooth,False,2,2.2
3459,b4cd3c39-0eb6-475e-a213-94e4bc54eefa,Cressida Jacket film ,40E0D0,outerwear,chanel,3,warm_season,classic,work,other,False,4,4.1
3460,b4cd3c39-0eb6-475e-a213-94e4bc54eefa,Cressida Jacket film ,800000,outerwear,chanel,3,warm_season,classic,work,other,False,4,4.1
3461,b4cd3c39-0eb6-475e-a213-94e4bc54eefa,Cressida Jacket film ,008000,outerwear,chanel,3,warm_season,classic,work,other,False,4,4.1
3462,176ff139-6fd1-4196-a9c4-5b6d79ac4e17,Cherry Jacket trench,DFC8B2,outerwear,trench,2,cold_season,classic,work,smooth,False,4,4.1
3463,176ff139-6fd1-4196-a9c4-5b6d79ac4e17,Cherry Jacket trench,666633,outerwear,trench,2,cold_season,classic,work,smooth,False,4,4.1
3464,4ec1b4dd-9c11-4fd2-876e-edbed084495b,Lesta Top night ,000000,top,tops,3,warm_season,classic,night,floral,False,3,3.1
3465,301993a3-51e7-47e4-9e14-de9b635654db,Street Tshirt happy ,DEB24C,top,t-shirts,3,warm,casual,freetime,smooth,False,3,3.1
3466,301993a3-51e7-47e4-9e14-de9b635654db,Street Tshirt happy ,164A0A,top,t-shirts,3,warm,casual,freetime,smooth,False,3,3.1
3467,9ee640d6-677c-426f-a0b5-42ea181fafdd,Lindex Pant suede ,B94600,bottoms,baggie,2,warm_season,boho,freetime,smooth,False,2,2.2
3468,9ee640d6-677c-426f-a0b5-42ea181fafdd,Lindex Pant suede ,000000,bottoms,baggie,2,warm_season,boho,freetime,smooth,False,2,2.2
3469,1bc5e202-16bd-4b7d-83eb-cbabb6212ba8,Francisa Top draper ,00008b,top,t-shirts,2,warm,boho,night,smooth,False,3,3.1
3470,1bc5e202-16bd-4b7d-83eb-cbabb6212ba8,Francisa Top draper ,666633,top,t-shirts,2,warm,boho,night,smooth,False,3,3.1
3471,dfbc2011-0121-41a1-8f9e-a56f37cd26b4,Sel Shirt dots ,ECE9D6,top,shirt,3,warm_season,boho,work,vertical_stripes,False,3,3.1
3472,be42b632-5438-4b7f-b98b-82828fe447ef,Laurie Shirt print ,000000,top,blouse,3,warm_season,boho,freetime,ethnic,False,3,3.1
3473,3627cb46-55ed-4fab-9597-4bcf79447aeb,Ellen Pant high ,000000,bottoms,cigarette,2,warm_season,street,freetime,smooth,False,2,2.2
3474,0c9a3691-eb09-4c28-96e6-f37b0050271b,Bird Dress circus ,00008b,dress,puff,3,warm,classic,freetime,printed,False,1,1.1
3475,1cb60a6b-ddf3-4012-bea4-368176abadd6,Mejh Top lace,000000,top,tops,3,warm,classic,night,smooth,False,3,3.1
3479,1cb60a6b-ddf3-4012-bea4-368176abadd6,Mejh Top lace,DEB24C,top,tops,3,warm,classic,night,smooth,False,3,3.1
3480,1cb60a6b-ddf3-4012-bea4-368176abadd6,Mejh Top lace,D3D3D3,top,tops,3,warm,classic,night,smooth,False,3,3.1
3481,1cb60a6b-ddf3-4012-bea4-368176abadd6,Mejh Top lace,DFC8B2,top,tops,3,warm,classic,night,smooth,False,3,3.1
3486,42f9d121-4cbb-4c53-8939-0c4557268ef0,Nanoki Tshirt coral ,000000,top,t-shirts,3,warm,casual,freetime,horizontal_stripes,False,3,3.1
3487,42f9d121-4cbb-4c53-8939-0c4557268ef0,Nanoki Tshirt coral ,E65A5B,top,t-shirts,3,warm,casual,freetime,horizontal_stripes,False,3,3.1
3488,42f9d121-4cbb-4c53-8939-0c4557268ef0,Nanoki Tshirt coral ,FFA500,top,t-shirts,3,warm,casual,freetime,horizontal_stripes,False,3,3.1
3489,cfc41744-0505-41e8-8a77-d34d1175dd62,Lau Dress lily ,0000FF,dress,with_pleat,3,warm_season,boho,freetime,floral,False,1,1.1
3490,d7de3bf9-a43f-4a5b-be45-815399e47d7c,Moon Dress floral ,000000,dress,with_pleat,3,warm_season,classic,freetime,floral,False,1,1.1
3491,e6ded763-8058-4430-84ae-fb8d68be190d,Leah Scarf cahier ,00008b,scarf,handkerchief,3,warm_season,classic,freetime,polka_dot,False,4,4.2
3492,45245b36-f8a6-4b66-952f-c99c061ec1c1,Epaper Pant fit ,00008b,bottoms,paper_bag,2,warm_season,classic,work,smooth,False,2,2.2
3496,45245b36-f8a6-4b66-952f-c99c061ec1c1,Epaper Pant fit ,666633,bottoms,paper_bag,2,warm_season,classic,work,smooth,False,2,2.2
3497,45245b36-f8a6-4b66-952f-c99c061ec1c1,Epaper Pant fit ,B94600,bottoms,paper_bag,2,warm_season,classic,work,smooth,False,2,2.2
3498,155beca9-5f41-4b6d-ab32-164b51b15596,Carla Top soft ,00008b,top,tops,2,warm_season,classic,work,smooth,False,3,3.1
3499,155beca9-5f41-4b6d-ab32-164b51b15596,Carla Top soft ,000000,top,tops,2,warm_season,classic,work,smooth,False,3,3.1
3500,155beca9-5f41-4b6d-ab32-164b51b15596,Carla Top soft ,FFFF00,top,tops,2,warm_season,classic,work,smooth,False,3,3.1
3501,362da663-9d6b-444a-b159-1ff1c7718566,French Shirt blair ,164A0A,top,blouse,3,warm_season,minimal,freetime,smooth,False,3,3.1
3502,54851105-578d-4ed8-9e54-82b186d11a03,Vistrike Sweater noos,FFFFFF,top,sweaters,2,cold_season,classic,freetime,horizontal_stripes,False,3,3.1
3503,54851105-578d-4ed8-9e54-82b186d11a03,Vistrike Sweater noos,00008b,top,sweaters,2,cold_season,classic,freetime,horizontal_stripes,False,3,3.1
3507,4e689b20-1c6c-4b56-b4a7-bcba5a618db8,Multi Sweater warehouse ,FFC0CB,top,sweaters,3,warm_season,street,freetime,horizontal_stripes,False,3,3.1
3508,ce052692-56cb-4ba5-b0b6-3e4332ec43d5,Vidreamers Tshirt stripes ,FFC0CB,top,t-shirts,2,warm_season,casual,freetime,horizontal_stripes,False,3,3.1
3509,50e98878-b79e-46eb-92a6-fcb0c897f4e5,Chain Dress summ ,FFA500,dress,with_pleat,3,warm,boho,freetime,smooth,False,1,1.1
3510,50e98878-b79e-46eb-92a6-fcb0c897f4e5,Chain Dress summ ,000081,dress,with_pleat,3,warm,boho,freetime,smooth,False,1,1.1
3511,27e7a635-c757-4716-be31-f21464641fb7,Callia Skirt film,00008b,skirt,knitted,3,warm,boho,freetime,printed,False,2,2.1
3512,27e7a635-c757-4716-be31-f21464641fb7,Callia Skirt film,000000,skirt,knitted,3,warm,boho,freetime,printed,False,2,2.1
3513,19d25b8b-7c3f-498a-9824-5a9f505d81f6,Pocket Pant jegging ,00008b,bottoms,cigarette,2,warm_season,classic,work,smooth,False,2,2.2
3514,19d25b8b-7c3f-498a-9824-5a9f505d81f6,Pocket Pant jegging ,000000,bottoms,cigarette,2,warm_season,classic,work,smooth,False,2,2.2
3515,0df79143-ac70-4c70-9024-aa664eaf8a39,Felp Dress canale ,808080,dress,hoodie,3,warm_season,casual,freetime,smooth,False,1,1.1
3521,4d754bb0-9211-41bc-9ffa-f7491e3bb14b,Alana Pant ancle ,00008b,bottoms,culotte,3,warm_season,boho,work,vertical_stripes,False,2,2.2
3524,639f09b4-05a9-43d7-94df-ff30eaf79948,Erika Jean fashion ,00008b,bottoms,cigarette,2,cold_season,classic,work,smooth,True,2,2.2
3525,b30c5850-a06c-4fce-a43c-19309cabc3c9,Peach Shirt cerise ,ECE9D6,top,shirt,2,warm_season,boho,work,floral,False,3,3.1
3527,1ea098fa-a104-4f12-b09a-5a26dfb35010,Onlsoho Cardigan noos ,D3D3D3,outerwear,coat,2,cold_season,classic,work,smooth,False,4,4.1
3530,1ea098fa-a104-4f12-b09a-5a26dfb35010,Onlsoho Cardigan noos ,FFC0CB,outerwear,coat,2,cold_season,classic,work,smooth,False,4,4.1
3531,1ea098fa-a104-4f12-b09a-5a26dfb35010,Onlsoho Cardigan noos ,00008b,outerwear,coat,2,cold_season,classic,work,smooth,False,4,4.1
3532,6f98c114-769e-48ff-8c2c-0ddce1723dab,Lindex Shirt day ,ECE9D6,top,shirt,2,warm_season,classic,work,smooth,False,3,3.1
3534,8d9240b7-9add-45ff-a792-442e844dc8fa,Cooler Pant ycoo ,87CEFA,bottoms,wide_leg,2,warm_season,classic,work,smooth,False,2,2.2
3535,8d9240b7-9add-45ff-a792-442e844dc8fa,Cooler Pant ycoo ,164A0A,bottoms,wide_leg,2,warm_season,classic,work,smooth,False,2,2.2
3536,8d9240b7-9add-45ff-a792-442e844dc8fa,Cooler Pant ycoo ,00008b,bottoms,wide_leg,2,warm_season,classic,work,smooth,False,2,2.2
3537,8d9240b7-9add-45ff-a792-442e844dc8fa,Cooler Pant ycoo ,DEB24C,bottoms,wide_leg,2,warm_season,classic,work,smooth,False,2,2.2
3538,8d9240b7-9add-45ff-a792-442e844dc8fa,Cooler Pant ycoo ,000000,bottoms,wide_leg,2,warm_season,classic,work,smooth,False,2,2.2
3539,8d9240b7-9add-45ff-a792-442e844dc8fa,Cooler Pant ycoo ,DFC8B2,bottoms,wide_leg,2,warm_season,classic,work,smooth,False,2,2.2
3540,8d9240b7-9add-45ff-a792-442e844dc8fa,Cooler Pant ycoo ,FFC0CB,bottoms,wide_leg,2,warm_season,classic,work,smooth,False,2,2.2
3541,8d9240b7-9add-45ff-a792-442e844dc8fa,Cooler Pant ycoo ,666633,bottoms,wide_leg,2,warm_season,classic,work,smooth,False,2,2.2
3542,8d9240b7-9add-45ff-a792-442e844dc8fa,Cooler Pant ycoo ,ECE9D6,bottoms,wide_leg,2,warm_season,classic,work,smooth,False,2,2.2
3543,8d9240b7-9add-45ff-a792-442e844dc8fa,Cooler Pant ycoo ,C7A2A2,bottoms,wide_leg,2,warm_season,classic,work,smooth,False,2,2.2
3544,f5d3f58b-ea3d-4e10-a052-b294be2b9f1e,Miniprint Shirt peak ,DEB24C,top,blouse,2,warm_season,boho,work,miniprint,False,3,3.1
3545,f5d3f58b-ea3d-4e10-a052-b294be2b9f1e,Miniprint Shirt peak ,B11730,top,blouse,2,warm_season,boho,work,miniprint,False,3,3.1
3554,aa49c47e-d79e-4bb6-ac41-e89c04365b39,Zell Parka brand ,666633,outerwear,parka,3,warm_season,street,freetime,smooth,False,4,4.1
3555,e500028b-5db5-4e1d-8a14-cce9e76e1e71,Star Sweater postcard ,ECE9D6,top,hoodies,3,warm_season,street,freetime,smooth,False,3,3.1
3556,e500028b-5db5-4e1d-8a14-cce9e76e1e71,Star Sweater postcard ,000000,top,hoodies,3,warm_season,street,freetime,smooth,False,3,3.1
3557,e500028b-5db5-4e1d-8a14-cce9e76e1e71,Star Sweater postcard ,000081,top,hoodies,3,warm_season,street,freetime,smooth,False,3,3.1
3558,c53b9d93-c42f-402a-a8e1-fc32a06f2d96,Georgia Jeans crop ,FFFFFF,bottoms,cigarette,3,warm_season,casual,freetime,smooth,False,2,2.2
3559,c53b9d93-c42f-402a-a8e1-fc32a06f2d96,Georgia Jeans crop ,666633,bottoms,cigarette,3,warm_season,casual,freetime,smooth,False,2,2.2
3560,c53b9d93-c42f-402a-a8e1-fc32a06f2d96,Georgia Jeans crop ,00008b,bottoms,cigarette,3,warm_season,casual,freetime,smooth,False,2,2.2
3564,467ab193-a474-40d4-a6e5-218dba623f48,Pelle Sweater kilky ,FFC0CB,top,sweaters,2,cold_season,boho,work,smooth,False,3,3.1
3565,f4766148-0908-41f9-ba98-094d136a452a,Pcbianca Bag cross ,E65A5B,bag,crossbag,2,warm,boho,freetime,smooth,False,4,4.3
3566,f4766148-0908-41f9-ba98-094d136a452a,Pcbianca Bag cross ,FFFF00,bag,crossbag,2,warm,boho,freetime,smooth,False,4,4.3
3567,f4766148-0908-41f9-ba98-094d136a452a,Pcbianca Bag cross ,000081,bag,crossbag,2,warm,boho,freetime,smooth,False,4,4.3
3568,f4766148-0908-41f9-ba98-094d136a452a,Pcbianca Bag cross ,C19A6B,bag,crossbag,2,warm,boho,freetime,smooth,False,4,4.3
3569,114aab75-256e-4eb1-aeb9-b8c52b94af93,Hedda Skirt strong,B11730,skirt,flared,3,warm_season,classic,freetime,floral,False,2,2.1
3570,1dada170-ce2b-4a94-a3d6-22884226e325,Holly Shirt white,F29985,top,shirt,2,warm_season,classic,work,smooth,False,3,3.1
3592,dccfacca-c984-4981-98bd-e93931913c29,Vicommit Skirt noos,000081,skirt,tube,2,warm_season,casual,freetime,smooth,False,2,2.1
3593,87a0559f-153b-4993-a1b3-6949cec0cde7,Pcsimilar Shirt ls,00008b,top,shirt,3,cold_season,classic,work,smooth,False,3,3.1
3594,ca5da220-cb8b-4b37-9648-1357fe12bc59,Pcfive Jeans noos,87CEFA,bottoms,cigarette,3,warm_season,street,freetime,smooth,False,2,2.2
3595,3017ed3b-11e7-47e8-8a64-91cfa3597b51,Onado Jacket vintage,5F5E5E,outerwear,cowgirl,3,cold_season,street,freetime,smooth,False,4,4.1
3596,fc3730e8-ffe1-45db-bd64-6cb11fd3590a,Onlnew Trench melia,DFC8B2,outerwear,trench,2,warm_season,classic,freetime,smooth,False,4,4.1
3597,fc3730e8-ffe1-45db-bd64-6cb11fd3590a,Onlnew Trench melia,00008b,outerwear,trench,2,warm_season,classic,freetime,smooth,False,4,4.1
3606,cff6cd02-9128-4aef-9d41-6ec6766403a4,Olive Pant print,462C0E,bottoms,chino,3,cold_season,street,freetime,animal_print,False,2,2.2
3607,49103afd-4bc2-45d0-86b7-c9d10dd6e7b5,Geo Skirt colorful ,FFFF00,skirt,circle_skirt,4,warm,street,freetime,geometric,False,2,2.1
3608,58da28ff-c26e-4fe3-81c9-512a4e88952d,Lace Tshirt mix ,800000,top,tops,3,warm,classic,freetime,smooth,False,3,3.1
3609,58da28ff-c26e-4fe3-81c9-512a4e88952d,Lace Tshirt mix ,FFFFFF,top,tops,3,warm,classic,freetime,smooth,False,3,3.1
3610,58da28ff-c26e-4fe3-81c9-512a4e88952d,Lace Tshirt mix ,00008b,top,tops,3,warm,classic,freetime,smooth,False,3,3.1
3612,2232c54e-73f6-49b5-ae3f-f3e1678629fc,Jacquard Scarf sun,ECE9D6,scarf,foulard,3,warm_season,boho,freetime,printed,False,4,4.2
3613,2232c54e-73f6-49b5-ae3f-f3e1678629fc,Jacquard Scarf sun,000081,scarf,foulard,3,warm_season,boho,freetime,printed,False,4,4.2
3614,d39675ef-d2e8-4ab0-bc3b-bcbf3704dcd3,Onldavid Tshirt bowie,FFFFFF,top,t-shirts,3,warm_season,casual,freetime,smooth,False,3,3.1
3615,d39675ef-d2e8-4ab0-bc3b-bcbf3704dcd3,Onldavid Tshirt bowie,000000,top,t-shirts,3,warm_season,casual,freetime,smooth,False,3,3.1
3616,74dbff29-9d3c-424c-8ad7-14b38fc990d5,Onlstar Dress leo,B11730,dress,straight,3,cold_season,boho,work,animal_print,False,1,1.1
3618,d9864735-d773-4f20-be15-5fa457d99854,Power Jeans lexy ,FF00A8,bottoms,cigarette,2,warm_season,casual,freetime,smooth,False,2,2.2
3619,d9864735-d773-4f20-be15-5fa457d99854,Power Jeans lexy ,FFFFFF,bottoms,cigarette,2,warm_season,casual,freetime,smooth,False,2,2.2
3620,923c3713-5cab-4bd3-86aa-2a1ebc97309b,Retro Pant short ,FFFFFF,bottoms,shorts,4,warm_season,boho,freetime,smooth,False,2,2.2
3621,923c3713-5cab-4bd3-86aa-2a1ebc97309b,Retro Pant short ,000000,bottoms,shorts,4,warm_season,boho,freetime,smooth,False,2,2.2
3622,8a65fdfc-56bf-4d4f-8a7d-b7c5929db5c5,Dezie Jeans denim,164A0A,bottoms,cigarette,3,cold_season,street,freetime,smooth,False,2,2.2
3623,8a65fdfc-56bf-4d4f-8a7d-b7c5929db5c5,Dezie Jeans denim,000000,bottoms,cigarette,3,cold_season,street,freetime,smooth,False,2,2.2
3624,9ec84b19-9b22-4405-a634-2664ee8d3599,Olina Shirt collect ,FFFFFF,top,tops,2,warm_season,classic,work,smooth,False,3,3.1
3625,9ec84b19-9b22-4405-a634-2664ee8d3599,Olina Shirt collect ,E65A5B,top,tops,2,warm_season,classic,work,smooth,False,3,3.1
3626,ac60f410-bf34-4c36-a541-dfd1217d07fb,Hanea Short mazarine ,B94600,bottoms,shorts,3,warm,boho,freetime,floral,False,2,2.2
3627,f571507d-b21c-4f4b-ad9f-891897245870,Abelone Playsuit miniprint ,000000,jumpsuit,jumpsuit,4,warm,boho,freetime,sheets,False,1,1.2
3628,2c61f285-377b-4a57-8433-3dd88ec7105d,Eugenia Dress sew,000000,dress,straight,3,warm_season,boho,freetime,ethnic,False,1,1.1
3629,8e331053-a708-4b00-87c7-123165dcc6ba,Elina Pant sew,666633,bottoms,shorts,3,warm,casual,freetime,smooth,False,2,2.2
3630,8e331053-a708-4b00-87c7-123165dcc6ba,Elina Pant sew,00008b,bottoms,shorts,3,warm,casual,freetime,smooth,False,2,2.2
3632,99190a6e-68d8-4e5a-b754-ecf0662c380d,Naousca Tshirt lurex,FFFFFF,top,t-shirts,2,warm_season,casual,freetime,horizontal_stripes,False,3,3.1
3633,99190a6e-68d8-4e5a-b754-ecf0662c380d,Naousca Tshirt lurex,00008b,top,t-shirts,2,warm_season,casual,freetime,horizontal_stripes,False,3,3.1
3637,54821c6d-909e-467a-8d4c-7dd0c33856ab,Esprit Jeans denim,FFC0CB,bottoms,cigarette,3,warm_season,street,freetime,smooth,False,2,2.2
3641,abda3542-06bc-477c-8c48-81e57548c4ba,Leoni T-shirt deeluxe,ECE9D6,top,t-shirts,2,warm,minimal,freetime,smooth,False,3,3.1
3642,abda3542-06bc-477c-8c48-81e57548c4ba,Leoni T-shirt deeluxe,FFC0CB,top,t-shirts,2,warm,minimal,freetime,smooth,False,3,3.1
3643,abda3542-06bc-477c-8c48-81e57548c4ba,Leoni T-shirt deeluxe,00008b,top,t-shirts,2,warm,minimal,freetime,smooth,False,3,3.1
3644,50126b01-26d2-4e5c-8754-81181103d1c4,Closet Skirt kansas,000081,skirt,straight,3,warm,boho,freetime,floral,False,2,2.1
3645,876fa0c5-8d8d-42b6-a850-e172be9814a3,Strap Top number ,00008b,top,tops,3,warm,night,freetime,smooth,False,3,3.1
3646,876fa0c5-8d8d-42b6-a850-e172be9814a3,Strap Top number ,000000,top,tops,3,warm,night,freetime,smooth,False,3,3.1
3647,7db8bbf3-329b-49bc-8898-c92c561052cc,Sus Dress ss ,00008b,dress,beachy,3,warm_season,street,freetime,horizontal_stripes,False,1,1.1
3648,7db8bbf3-329b-49bc-8898-c92c561052cc,Sus Dress ss ,FFA500,dress,beachy,3,warm_season,street,freetime,horizontal_stripes,False,1,1.1
3649,9858f10d-ec3c-4107-ba07-ca052d6684ef,Closet Top titan,000081,top,tops,3,warm_season,boho,freetime,floral,False,3,3.1
3657,4701fed6-252c-4ae8-8978-bd584337180a,Onlamber Tshirt high,FFFFFF,top,t-shirts,3,warm_season,street,freetime,smooth,False,3,3.1
3658,4701fed6-252c-4ae8-8978-bd584337180a,Onlamber Tshirt high,B94600,top,t-shirts,3,warm_season,street,freetime,smooth,False,3,3.1
3659,4701fed6-252c-4ae8-8978-bd584337180a,Onlamber Tshirt high,5F5E5E,top,t-shirts,3,warm_season,street,freetime,smooth,False,3,3.1
3660,6005d394-01da-4682-ae0b-8e81c2fd236f,Season Dress brand,FF00A8,dress,tunica,2,warm,boho,freetime,smooth,False,1,1.1
3661,6005d394-01da-4682-ae0b-8e81c2fd236f,Season Dress brand,000000,dress,tunica,2,warm,boho,freetime,smooth,False,1,1.1
3662,6005d394-01da-4682-ae0b-8e81c2fd236f,Season Dress brand,40E0D0,dress,tunica,2,warm,boho,freetime,smooth,False,1,1.1
3663,481d265a-e76a-407b-8cf2-1208a3eafd7d,Ramona Shirt diagonal ,000000,top,t-shirts,2,warm,casual,freetime,horizontal_stripes,False,3,3.1
3664,481d265a-e76a-407b-8cf2-1208a3eafd7d,Ramona Shirt diagonal ,666633,top,t-shirts,2,warm,casual,freetime,horizontal_stripes,False,3,3.1
3665,f1f32672-ea60-4a71-8677-208ce39a1065,Canale Tshirt season,87CEFA,top,sweaters,3,warm_season,classic,freetime,smooth,False,3,3.1
3666,f1f32672-ea60-4a71-8677-208ce39a1065,Canale Tshirt season,00008b,top,sweaters,3,warm_season,classic,freetime,smooth,False,3,3.1
3667,f1f32672-ea60-4a71-8677-208ce39a1065,Canale Tshirt season,008000,top,sweaters,3,warm_season,classic,freetime,smooth,False,3,3.1
3673,9fcb0601-3ea4-4659-b423-27330813b2c4,Onlkairo Sweater knit ,FFFFFF,top,sweaters,3,cold_season,street,freetime,horizontal_stripes,False,3,3.1
3674,9fcb0601-3ea4-4659-b423-27330813b2c4,Onlkairo Sweater knit ,00008b,top,sweaters,3,cold_season,street,freetime,horizontal_stripes,False,3,3.1
3675,b6f0e2f0-49e4-4671-92e6-c8a00d7be983,Yani Sweatshirt ls,00008b,top,hoodies,3,warm_season,casual,freetime,smooth,False,3,3.1
3676,b6f0e2f0-49e4-4671-92e6-c8a00d7be983,Yani Sweatshirt ls,FFC0CB,top,hoodies,3,warm_season,casual,freetime,smooth,False,3,3.1
3677,1276d122-de4d-4565-bc24-e41bd9a293da,Sanne Pant coated,00008b,bottoms,cigarette,3,warm_season,street,freetime,smooth,False,2,2.2
3678,1276d122-de4d-4565-bc24-e41bd9a293da,Sanne Pant coated,000000,bottoms,cigarette,3,warm_season,street,freetime,smooth,False,2,2.2
3679,1276d122-de4d-4565-bc24-e41bd9a293da,Sanne Pant coated,FFC0CB,bottoms,cigarette,3,warm_season,street,freetime,smooth,False,2,2.2
3680,1276d122-de4d-4565-bc24-e41bd9a293da,Sanne Pant coated,9A8176,bottoms,cigarette,3,warm_season,street,freetime,smooth,False,2,2.2
3681,cdc9f0ee-4b50-418a-ba2a-a5c25addd50c,Concept Pant zeze,00008b,bottoms,culotte,3,warm_season,street,freetime,vertical_stripes,False,2,2.2
3682,cdc9f0ee-4b50-418a-ba2a-a5c25addd50c,Concept Pant zeze,000000,bottoms,culotte,3,warm_season,street,freetime,vertical_stripes,False,2,2.2
3686,4e495c38-e23a-4c64-95f6-568009cf2d8b,Shape Pant twill,000000,bottoms,cigarette,2,warm_season,classic,freetime,smooth,False,2,2.2
3687,4e495c38-e23a-4c64-95f6-568009cf2d8b,Shape Pant twill,008000,bottoms,cigarette,2,warm_season,classic,freetime,smooth,False,2,2.2
3688,63e014af-3bce-484c-8828-ecf7ed6bdc36,Sessa Shirt stripe,00008b,outerwear,chanel,2,warm_season,classic,work,horizontal_stripes,False,4,4.1
3689,43151b7a-c023-4627-9312-6e45e6ee37dc,Dena Skirt solid,00008b,skirt,tube,2,warm_season,street,freetime,smooth,False,2,2.1
3692,f19eeed0-d537-4c7f-8dfa-5da554948df4,Carwilly Jeans reg ,000000,bottoms,skinny,2,cold_season,casual,freetime,smooth,False,2,2.2
3695,bae528e8-9bda-4754-9bcf-908aff274a29,Satya Skirt grace,000000,skirt,knitted,3,warm_season,boho,freetime,polka_dot,False,2,2.1
3697,a3509188-edb9-4c8c-bc87-f006e6f6b2bc,Carwilly Jeans reg ,87CEFA,bottoms,cigarette,3,cold_season,casual,freetime,smooth,False,2,2.2
3698,4266ef2c-e4ac-4140-bbfb-a9dba34532c6,Gallo Skirt rubi,000000,skirt,frill,3,warm_season,classic,work,pied_de_poule,False,2,2.1
3699,4fac7bc9-7be8-4283-a6db-f830653b1197,Nude Foulard fortuna,000000,scarf,foulard,2,warm_season,boho,freetime,retro,False,4,4.2
3700,4fac7bc9-7be8-4283-a6db-f830653b1197,Nude Foulard fortuna,ECE9D6,scarf,foulard,2,warm_season,boho,freetime,retro,False,4,4.2
3701,99b260f6-17b5-4eea-9837-53a85b29ccd7,Litsa Foulard closet,DEB24C,scarf,foulard,3,warm_season,boho,freetime,ethnic,False,4,4.2
3702,99b260f6-17b5-4eea-9837-53a85b29ccd7,Litsa Foulard closet,00008b,scarf,foulard,3,warm_season,boho,freetime,ethnic,False,4,4.2
3704,2b27e77d-03fd-4a92-b8b7-5d7ac76cccb0,Vishow Jacket denim ,FFFFFF,outerwear,structured_jacket,2,warm_season,casual,work,smooth,False,4,4.1
3705,d2a69fa7-a652-4fc4-8478-60a5f0458f6d,Vmtoby Jacket check,462C0E,outerwear,blazer,2,cold_season,classic,work,checked,False,4,4.1
3706,95239668-309f-43ca-936a-2fe45d98444b,Ihlisa Dress sleeve,00008b,dress,puff,3,warm_season,boho,work,floral,False,1,1.1
3707,8b81a80c-a5bb-4b2c-bb55-448465632d66,Calandra Shirt bohck ,800000,top,t-shirts,3,cold_season,street,night,smooth,False,3,3.1
3708,8b81a80c-a5bb-4b2c-bb55-448465632d66,Calandra Shirt bohck ,000000,top,t-shirts,3,cold_season,street,night,smooth,False,3,3.1
3709,8b81a80c-a5bb-4b2c-bb55-448465632d66,Calandra Shirt bohck ,666633,top,t-shirts,3,cold_season,street,night,smooth,False,3,3.1
3710,a61fe5f1-8b5a-4a63-bd16-06f280a76e73,Laia Cardigan touch ,FFC0CB,top,cardigan,2,warm_season,classic,work,smooth,False,3,3.1
3711,6521f0f0-8550-4c1e-a57d-c7c156d45ae4,Begi Jumpsuit house,00008b,jumpsuit,jumpsuit,4,warm,boho,freetime,floral,False,1,1.2
3712,3b088072-d123-4233-8975-945c72647ee0,Leila Top ycoo ,00008b,top,tops,3,warm_season,boho,freetime,smooth,False,3,3.1
3716,8602a141-943f-453b-997a-01794aa170ba,Onllaura Sweater knit,00008b,top,sweaters,2,cold_season,street,freetime,smooth,False,3,3.1
3717,8602a141-943f-453b-997a-01794aa170ba,Onllaura Sweater knit,B11730,top,sweaters,2,cold_season,street,freetime,smooth,False,3,3.1
3718,2950d013-9470-4829-89d4-75f9908e70dd,Chelsea Skirt boho ,DEB24C,bottoms,pant_skirt,3,warm,boho,freetime,floral,False,2,2.2
3719,1b7e438d-ff49-4a82-9a87-31c8fb0951dd,Laura Jacket nice,DFC8B2,outerwear,structured_jacket,3,cold_season,street,freetime,smooth,False,4,4.1
3720,1b7e438d-ff49-4a82-9a87-31c8fb0951dd,Laura Jacket nice,C19A6B,outerwear,structured_jacket,3,cold_season,street,freetime,smooth,False,4,4.1
3721,1b7e438d-ff49-4a82-9a87-31c8fb0951dd,Laura Jacket nice,00008b,outerwear,structured_jacket,3,cold_season,street,freetime,smooth,False,4,4.1
3722,1b7e438d-ff49-4a82-9a87-31c8fb0951dd,Laura Jacket nice,666633,outerwear,structured_jacket,3,cold_season,street,freetime,smooth,False,4,4.1
3723,1b7e438d-ff49-4a82-9a87-31c8fb0951dd,Laura Jacket nice,B11730,outerwear,structured_jacket,3,cold_season,street,freetime,smooth,False,4,4.1
3724,1b7e438d-ff49-4a82-9a87-31c8fb0951dd,Laura Jacket nice,C7A2A2,outerwear,structured_jacket,3,cold_season,street,freetime,smooth,False,4,4.1
3725,7adee0d3-f386-4c72-afdd-1f28c1346890,Gmsurimi Top cap ,B11730,top,tops,2,warm,classic,freetime,smooth,False,3,3.1
3726,7adee0d3-f386-4c72-afdd-1f28c1346890,Gmsurimi Top cap ,DEB24C,top,tops,2,warm,classic,freetime,smooth,False,3,3.1
3727,7adee0d3-f386-4c72-afdd-1f28c1346890,Gmsurimi Top cap ,008000,top,tops,2,warm,classic,freetime,smooth,False,3,3.1
3728,7adee0d3-f386-4c72-afdd-1f28c1346890,Gmsurimi Top cap ,FFFFFF,top,tops,2,warm,classic,freetime,smooth,False,3,3.1
3729,4472c839-1bcb-47f3-988e-324aa812b17d,Gilet Cardigan lurex,FFA500,top,cardigan,3,warm,boho,freetime,vertical_stripes,False,3,3.1
3730,4472c839-1bcb-47f3-988e-324aa812b17d,Gilet Cardigan lurex,E65A5B,top,cardigan,3,warm,boho,freetime,vertical_stripes,False,3,3.1
3731,4472c839-1bcb-47f3-988e-324aa812b17d,Gilet Cardigan lurex,BBA9E4,top,cardigan,3,warm,boho,freetime,vertical_stripes,False,3,3.1
3735,a058712b-54d2-4875-a1e8-549ba8904d02,Zick Jacket blazer ,000000,outerwear,blazer,3,cold_season,classic,work,geometric,False,4,4.1
3736,5d2c7974-47c0-46b5-8858-fa620cb05048,Into Dress jungle ,164A0A,dress,knitted,3,warm,boho,freetime,floral,False,1,1.1
3737,0f724f17-5d1e-4b90-86bb-e4525e452a5f,Linen Dress square,000000,dress,evase,3,warm,boho,freetime,smooth,False,1,1.1
3738,c0377dd4-347e-4c7e-b98c-8cf823630a06,Malica Dress maxi,FFA500,dress,knitted,3,warm,boho,freetime,ethnic,False,1,1.1
3742,2b49af61-eb0e-44b1-941a-8925ec8e035a,Bspippa Sweater flame ,B11730,top,hoodies,3,cold_season,casual,freetime,horizontal_stripes,False,3,3.1
3743,25dc5a4f-51f6-4692-a09a-8ae4c091222f,Melody Dress noir,000000,dress,with_pleat,3,cold_season,classic,freetime,smooth,False,1,1.1
3744,51622935-d9e4-43f2-ae47-c5da4f973c65,Floral Scarf square,00008b,scarf,scarf,2,warm_season,classic,freetime,floral,False,4,4.2
3745,506f11b1-6729-41e1-9c62-ceb8d421b87d,Bohemia Jumpsuit print ,00008b,top,sweatshirt,4,warm,boho,freetime,floral,False,3,3.1
3746,6f2d1554-1d1a-4c16-b178-518a40634d50,Nanni Jacket stripe,FFFFFF,outerwear,blazer,3,warm_season,classic,work,vertical_stripes,False,4,4.1
3747,6f2d1554-1d1a-4c16-b178-518a40634d50,Nanni Jacket stripe,00008b,outerwear,blazer,3,warm_season,classic,work,vertical_stripes,False,4,4.1
3752,265b138d-eeb0-4951-9c38-6ece5df78966,Bygina Dress long,000000,dress,tunica,3,warm_season,classic,work,floral,False,1,1.1
3753,54f79095-d403-4c41-ad22-7253bf9766fb,Mandala Jacket bomb,FFFFFF,outerwear,bomber,3,warm_season,boho,freetime,retro,False,4,4.1
3754,54f79095-d403-4c41-ad22-7253bf9766fb,Mandala Jacket bomb,000000,outerwear,bomber,3,warm_season,boho,freetime,retro,False,4,4.1
3757,20d7f104-5297-4a14-a31c-c9e5f9b782e5,Danta Pant belt ,008000,bottoms,paper_bag,2,warm_season,classic,work,smooth,False,2,2.2
3758,20d7f104-5297-4a14-a31c-c9e5f9b782e5,Danta Pant belt ,FFC0CB,bottoms,paper_bag,2,warm_season,classic,work,smooth,False,2,2.2
3759,20d7f104-5297-4a14-a31c-c9e5f9b782e5,Danta Pant belt ,00008b,bottoms,paper_bag,2,warm_season,classic,work,smooth,False,2,2.2
3760,20d7f104-5297-4a14-a31c-c9e5f9b782e5,Danta Pant belt ,000000,bottoms,paper_bag,2,warm_season,classic,work,smooth,False,2,2.2
3761,980fdf10-9325-4c1b-9340-428a934418b6,Lou Jeans broadway,000081,bottoms,cigarette,3,warm_season,casual,freetime,smooth,False,2,2.2
3762,2d384a67-ec5d-4ccb-99e7-be9ef4008827,Rizetta Dress sleeveless ,000000,dress,with_pleat,3,cold_season,classic,work,smooth,False,1,1.1
3763,2d384a67-ec5d-4ccb-99e7-be9ef4008827,Rizetta Dress sleeveless ,00008b,dress,with_pleat,3,cold_season,classic,work,smooth,False,1,1.1
3764,cf4f743b-d736-471d-a49c-d763af4de65a,Urle Cardigan long ,C19A6B,top,cardigan,2,cold_season,boho,freetime,smooth,False,3,3.1
3765,cf4f743b-d736-471d-a49c-d763af4de65a,Urle Cardigan long ,666633,top,cardigan,2,cold_season,boho,freetime,smooth,False,3,3.1
3766,cf4f743b-d736-471d-a49c-d763af4de65a,Urle Cardigan long ,9A8176,top,cardigan,2,cold_season,boho,freetime,smooth,False,3,3.1
3767,cf4f743b-d736-471d-a49c-d763af4de65a,Urle Cardigan long ,FFC0CB,top,cardigan,2,cold_season,boho,freetime,smooth,False,3,3.1
3768,cf4f743b-d736-471d-a49c-d763af4de65a,Urle Cardigan long ,B94600,top,cardigan,2,cold_season,boho,freetime,smooth,False,3,3.1
3769,cf4f743b-d736-471d-a49c-d763af4de65a,Urle Cardigan long ,DEB24C,top,cardigan,2,cold_season,boho,freetime,smooth,False,3,3.1
3770,f2e4c78f-0d21-4cf0-b73d-eaf66f6f6c47,Charior Skirt geo ,B11730,skirt,straight,3,warm,classic,freetime,geometric,False,2,2.1
3771,f2e4c78f-0d21-4cf0-b73d-eaf66f6f6c47,Charior Skirt geo ,00008b,skirt,straight,3,warm,classic,freetime,geometric,False,2,2.1
3781,495c562f-d2da-4ecc-af1e-1bb8120706fc,Nona Cardigan short ,DEB24C,top,cardigan,2,cold_season,classic,freetime,smooth,False,3,3.1
3782,495c562f-d2da-4ecc-af1e-1bb8120706fc,Nona Cardigan short ,00008b,top,cardigan,2,cold_season,classic,freetime,smooth,False,3,3.1
3783,495c562f-d2da-4ecc-af1e-1bb8120706fc,Nona Cardigan short ,DFC8B2,top,cardigan,2,cold_season,classic,freetime,smooth,False,3,3.1
3784,17cca12b-de75-4fcb-bb15-74caac92007f,Nona Sweater oneck ,FFFF00,top,sweaters,2,cold_season,classic,work,smooth,False,3,3.1
3786,17cca12b-de75-4fcb-bb15-74caac92007f,Nona Sweater oneck ,00008b,top,sweaters,2,cold_season,classic,work,smooth,False,3,3.1
3790,34d0cde0-66f1-4454-b16b-9916c89e1fd3,Multi Shirt combo ,FFA500,top,blouse,3,warm_season,classic,work,floral,False,3,3.1
3791,8c7022be-0867-4beb-8fa9-c1c7afb3292b,Gold Tshirt details ,FFFFFF,top,t-shirts,2,warm,boho,freetime,polka_dot,False,3,3.1
3792,8c7022be-0867-4beb-8fa9-c1c7afb3292b,Gold Tshirt details ,00008b,top,t-shirts,2,warm,boho,freetime,polka_dot,False,3,3.1
3793,8c7022be-0867-4beb-8fa9-c1c7afb3292b,Gold Tshirt details ,B94600,top,t-shirts,2,warm,boho,freetime,polka_dot,False,3,3.1
3794,8c7022be-0867-4beb-8fa9-c1c7afb3292b,Gold Tshirt details ,E65A5B,top,t-shirts,2,warm,boho,freetime,polka_dot,False,3,3.1
3795,e45d9daf-6756-48c3-aa33-2ba0a41eb1b6,Kalykke Skirt bci ,00008b,skirt,tube,3,warm,boho,work,sheets,False,2,2.1
3805,bb8e9645-bcaf-429c-b689-ec9e690d4763,Onljosie Cardigan knit ,008000,top,cardigan,4,cold_season,casual,freetime,horizontal_stripes,False,3,3.1
3806,bb8e9645-bcaf-429c-b689-ec9e690d4763,Onljosie Cardigan knit ,DEB24C,top,cardigan,4,cold_season,casual,freetime,horizontal_stripes,False,3,3.1
3807,ae8506e2-16d8-4d5a-8d1f-5d928f54b3ee,Haze Sweater knit ,FFFF00,top,sweaters,2,cold_season,casual,freetime,horizontal_stripes,False,3,3.1
3808,ae8506e2-16d8-4d5a-8d1f-5d928f54b3ee,Haze Sweater knit ,B11730,top,sweaters,2,cold_season,casual,freetime,horizontal_stripes,False,3,3.1
3809,d652fd63-6ffe-4d43-9c21-37c9c6f43b6c,Onlnanna Jacket only ,FFC0CB,outerwear,blazer,3,cold_season,minimal,freetime,vertical_stripes,False,4,4.1
3810,e601a285-7a97-4ed5-b81b-7d64033297cb,Hailey Top ethnic ,000000,top,tops,3,warm,boho,freetime,ethnic,False,3,3.1
3811,a9813d10-34ca-45d0-9465-50c5f57ad918,Daisy Sweatshirt contrast ,FFFFFF,top,sweaters,2,cold_season,street,freetime,smooth,False,3,3.1
3812,e640caf8-4417-4d27-9fe7-f38af56ff08f,Prett Jacket bomb,DFC8B2,outerwear,bomber,4,warm_season,boho,freetime,retro,False,4,4.1
3824,b36bc7a9-cc0d-4ba8-b504-a548d6433f78,Mini Short pant ,00008b,bottoms,shorts,3,warm,boho,freetime,floral,False,2,2.2
3825,b36bc7a9-cc0d-4ba8-b504-a548d6433f78,Mini Short pant ,008000,bottoms,shorts,3,warm,boho,freetime,floral,False,2,2.2
3831,3235fb70-5296-404d-a14c-aa9a5d44d287,Fleur Skirt charlior ,000000,skirt,pleated,3,warm_season,boho,freetime,floral,False,2,2.1
3832,dde081a9-eeac-4f89-93ad-2464e9ee247d,Cyril Dress film ,00008b,dress,with_pleat,3,cold_season,boho,freetime,floral,False,1,1.1
3833,a9c55ac7-c892-4630-b172-da88eaf4072f,Tienette Bag film ,DEB24C,bag,envelope,3,warm_season,night,freetime,smooth,False,4,4.3
3834,c180495b-2a45-4dec-8875-f74a55a5c65b,Hippie Jacket bomber ,00008b,outerwear,bomber,3,warm_season,boho,freetime,printed,False,4,4.1
3838,f800f481-de85-4509-bd05-7b1bcbf68a81,Rafe Dress ware ,00008b,dress,crossed,2,warm_season,classic,freetime,smooth,False,1,1.1
3843,fc7dba01-ac8f-49d7-b510-30c8ee3d14da,Jungle Top ware ,ECE9D6,top,shirt,3,cold_season,boho,work,floral,False,3,3.1
3844,ffd097ae-f6f6-4b3c-b526-0bc956068ac7,Acentia Short own ,00008b,bottoms,shorts,3,warm,boho,freetime,floral,False,2,2.2
3845,a76c4b9e-83d1-46a7-bd44-b03ce5ba6bf1,Ycoo Pant west ,462C0E,bottoms,paper_bag,3,warm_season,classic,work,smooth,False,2,2.2
3846,918217d1-c28e-451e-9299-855552ff0efb,Ycoo Dress print ,00008b,dress,with_pleat,3,warm,boho,work,floral,False,1,1.1
3847,86f2ed64-0e1e-445e-9750-7e6b4dbc096d,Saturne Pant grace ,00008b,bottoms,straight,2,cold_season,minimal,work,smooth,False,2,2.2
3848,86f2ed64-0e1e-445e-9750-7e6b4dbc096d,Saturne Pant grace ,F29985,bottoms,straight,2,cold_season,minimal,work,smooth,False,2,2.2
3849,86f2ed64-0e1e-445e-9750-7e6b4dbc096d,Saturne Pant grace ,000000,bottoms,straight,2,cold_season,minimal,work,smooth,False,2,2.2
3850,26668e6f-54fa-4333-a305-fd98f50dd07b,Sharline Pant grace ,164A0A,bottoms,chino,3,cold_season,classic,work,smooth,False,2,2.2
3851,26668e6f-54fa-4333-a305-fd98f50dd07b,Sharline Pant grace ,C19A6B,bottoms,chino,3,cold_season,classic,work,smooth,False,2,2.2
3852,26668e6f-54fa-4333-a305-fd98f50dd07b,Sharline Pant grace ,000000,bottoms,chino,3,cold_season,classic,work,smooth,False,2,2.2
3853,88fb3d34-9713-43bc-9dcc-3bc765a748f2,Lima Skirt tie ,00008b,skirt,circle_skirt,2,warm,boho,freetime,smooth,False,2,2.1
3854,88fb3d34-9713-43bc-9dcc-3bc765a748f2,Lima Skirt tie ,F29985,skirt,circle_skirt,2,warm,boho,freetime,smooth,False,2,2.1
3855,88fb3d34-9713-43bc-9dcc-3bc765a748f2,Lima Skirt tie ,000000,skirt,circle_skirt,2,warm,boho,freetime,smooth,False,2,2.1
3862,88fb3d34-9713-43bc-9dcc-3bc765a748f2,Lima Skirt tie ,DEB24C,skirt,circle_skirt,2,warm,boho,freetime,smooth,False,2,2.1
3863,88fb3d34-9713-43bc-9dcc-3bc765a748f2,Lima Skirt tie ,164A0A,skirt,circle_skirt,2,warm,boho,freetime,smooth,False,2,2.1
3865,600c49c5-50b5-4d07-9f4c-b6389cfdee4b,Lina Shirt light ,87CEFA,top,blouse,2,warm_season,classic,work,vertical_stripes,False,3,3.1
3866,c6ab69e8-bd85-4e3c-92d1-75e514ec06ed,Religion Top shoulder ,9A8176,top,tops,4,warm_season,street,night,animal_print,False,3,3.1
3867,1d800837-d091-4152-a950-fa3771614841,Kusi Short pant ,00008b,bottoms,shorts,2,warm,classic,freetime,smooth,False,2,2.2
3868,1d800837-d091-4152-a950-fa3771614841,Kusi Short pant ,000000,bottoms,shorts,2,warm,classic,freetime,smooth,False,2,2.2
3869,1d800837-d091-4152-a950-fa3771614841,Kusi Short pant ,C19A6B,bottoms,shorts,2,warm,classic,freetime,smooth,False,2,2.2
3870,2b3e0788-a3f0-488f-b573-1d1ba5b4e537,Flowa Dress mustard ,DEB24C,dress,shirt,3,warm,boho,work,floral,False,1,1.1
3871,f17f5bdf-f6db-41db-bb94-beacd4cfec07,Ycoo Jumpsuit cabos ,00008b,jumpsuit,jumpsuit,3,warm,boho,freetime,floral,False,1,1.2
3877,e47cd7d3-89a9-4aa0-bf6d-28d72f36718b,French Jacket ava ,000000,outerwear,jacket,3,warm_season,classic,freetime,smooth,False,4,4.1
3878,e47cd7d3-89a9-4aa0-bf6d-28d72f36718b,French Jacket ava ,DFC8B2,outerwear,jacket,3,warm_season,classic,freetime,smooth,False,4,4.1
3879,0be7eece-8657-4c5c-8b5c-d3498d6a4936,Street Shirt printmix ,000081,top,shirt,3,warm_season,classic,work,miniprint,False,3,3.1
3894,e6c00c56-896c-4d24-ad3d-8a1b1645d106,Flamingo Skirt print ,808080,skirt,circle_skirt,4,warm,street,freetime,tropical,False,2,2.1
3895,e6c00c56-896c-4d24-ad3d-8a1b1645d106,Flamingo Skirt print ,B11730,skirt,circle_skirt,4,warm,street,freetime,tropical,False,2,2.1
3898,75cf1fb9-3d30-4715-ad17-d2c666528744,Shiny Top luxe ,DFC8B2,top,tops,2,warm,night,freetime,smooth,False,3,3.1
3899,75cf1fb9-3d30-4715-ad17-d2c666528744,Shiny Top luxe ,C7A2A2,top,tops,2,warm,night,freetime,smooth,False,3,3.1
3902,501419b0-9033-4c94-9f5a-83f1e31ce3bc,Lysa Foulard closet ,00008b,scarf,foulard,3,warm_season,classic,freetime,cachemere,False,4,4.2
3903,501419b0-9033-4c94-9f5a-83f1e31ce3bc,Lysa Foulard closet ,E65A5B,scarf,foulard,3,warm_season,classic,freetime,cachemere,False,4,4.2
3904,020728e8-c674-486b-913f-6591a87619a1,Lima Foulard closet ,00008b,scarf,foulard,3,warm_season,boho,freetime,ethnic,False,4,4.2
3907,bd909ffb-e735-44a0-b093-a41a7ee48e25,Fiona Jacket denim ,000081,outerwear,cowgirl,2,warm_season,casual,freetime,smooth,False,4,4.1
3908,d656141d-e18c-4f67-9746-2b6b347283fa,Jralwia Dress knee ,666633,dress,with_pleat,3,warm_season,boho,freetime,smooth,False,1,1.1
3909,2d06e113-de52-49f8-a94a-b463eaf879b1,Moufette Dress afrika ,DEB24C,dress,straight,3,warm_season,classic,freetime,miniprint,False,1,1.1
3910,d5796d4c-a20f-43cb-9cd8-e26785dbf60f,Garden Dress cerise ,000000,dress,tunica,3,warm_season,classic,freetime,floral,False,1,1.1
3911,af509abb-f7b9-484f-9de3-066e38f90996,Hally Skirt print ,000000,skirt,wrapped,3,warm_season,boho,freetime,floral,False,2,2.1
3912,e29ad232-7330-4052-923a-c95795258db8,Moufette Dress afrika ,00008b,dress,evase,3,warm_season,boho,freetime,floral,False,1,1.1
3913,6552beb3-898e-476c-afe5-73aea5bae19a,Lillian Scarf cahier ,FFFF00,scarf,handkerchief,2,warm_season,classic,freetime,miniprint,False,4,4.2
3914,efd8b40c-b4b5-443e-938f-6b65fadba419,Lander Scarf cahier ,153668,scarf,handkerchief,2,warm_season,classic,work,geometric,False,4,4.2
3915,adbd130d-560c-443a-9847-751447440519,Karios Foulard closet ,B11730,scarf,foulard,2,warm_season,classic,work,miniprint,False,4,4.2
3916,adbd130d-560c-443a-9847-751447440519,Karios Foulard closet ,153668,scarf,foulard,2,warm_season,classic,work,miniprint,False,4,4.2
3917,adbd130d-560c-443a-9847-751447440519,Karios Foulard closet ,DEB24C,scarf,foulard,2,warm_season,classic,work,miniprint,False,4,4.2
3918,9af96b8b-48cd-495f-8895-2961f47b4a49,Akoz Jumpsuit print ,462C0E,jumpsuit,jumpsuit,4,warm_season,boho,freetime,sheets,False,1,1.2
3919,9af96b8b-48cd-495f-8895-2961f47b4a49,Akoz Jumpsuit print ,000081,jumpsuit,jumpsuit,4,warm_season,boho,freetime,sheets,False,1,1.2
3920,9af96b8b-48cd-495f-8895-2961f47b4a49,Akoz Jumpsuit print ,008000,jumpsuit,jumpsuit,4,warm_season,boho,freetime,sheets,False,1,1.2
3927,1c5a29a9-7b3e-485d-a953-eb3d267afea8,Flurs Pant emijo ,FFFFFF,bottoms,cigarette,3,warm_season,classic,work,floral,False,2,2.2
3947,60538419-7384-47ef-8bde-b54b2feecfc2,Geometric Skirt lili ,808080,skirt,circle_skirt,3,warm,classic,freetime,geometric,False,2,2.1
3948,4977ae7c-8c0b-47de-a0b4-b0c4cfb3fc34,Cerise Short summer ,BBE2AD,bottoms,shorts,3,warm,boho,freetime,smooth,False,2,2.2
3949,4977ae7c-8c0b-47de-a0b4-b0c4cfb3fc34,Cerise Short summer ,DFC8B2,bottoms,shorts,3,warm,boho,freetime,smooth,False,2,2.2
3950,4977ae7c-8c0b-47de-a0b4-b0c4cfb3fc34,Cerise Short summer ,B94600,bottoms,shorts,3,warm,boho,freetime,smooth,False,2,2.2
3962,0f490498-e91c-4523-a3a2-7fc9c397529a,Juane Cardigan gilet ,00008b,top,cardigan,2,cold_season,casual,freetime,horizontal_stripes,False,3,3.1
3963,0f490498-e91c-4523-a3a2-7fc9c397529a,Juane Cardigan gilet ,DEB24C,top,cardigan,2,cold_season,casual,freetime,horizontal_stripes,False,3,3.1
3964,0f490498-e91c-4523-a3a2-7fc9c397529a,Juane Cardigan gilet ,B11730,top,cardigan,2,cold_season,casual,freetime,horizontal_stripes,False,3,3.1
3965,389a6c99-752e-4510-8a67-041eb5087cd4,Mini Pant short ,B94600,bottoms,shorts,3,warm,casual,freetime,smooth,False,2,2.2
3966,389a6c99-752e-4510-8a67-041eb5087cd4,Mini Pant short ,000000,bottoms,shorts,3,warm,casual,freetime,smooth,False,2,2.2
3967,389a6c99-752e-4510-8a67-041eb5087cd4,Mini Pant short ,164A0A,bottoms,shorts,3,warm,casual,freetime,smooth,False,2,2.2
3968,26e3913e-618f-42bb-a61c-3412dfabc225,Yu Sweater hearts ,D3D3D3,top,sweaters,2,cold,street,freetime,printed,False,3,3.1
3969,69061af1-4ba2-4d8a-bca3-295aebdc1f41,Joy Pant garcia ,00008b,bottoms,chino,2,warm_season,classic,work,smooth,False,2,2.2
3970,69061af1-4ba2-4d8a-bca3-295aebdc1f41,Joy Pant garcia ,000000,bottoms,chino,2,warm_season,classic,work,smooth,False,2,2.2
3971,b61f6de9-0331-4bcf-884a-c639d58fd922,Blush Short pant ,00008b,bottoms,shorts,3,warm,classic,freetime,smooth,False,2,2.2
3972,b61f6de9-0331-4bcf-884a-c639d58fd922,Blush Short pant ,000000,bottoms,shorts,3,warm,classic,freetime,smooth,False,2,2.2
3973,0d7bec5a-7558-4580-b6b2-85a63c379c24,Pccoya Skirt midi ,B94600,skirt,circle_skirt,3,warm,boho,work,polka_dot,False,2,2.1
3974,e30cf6d7-2911-4ce0-8b47-e8cd10d399b6,Esprit Top coli ,ECE9D6,top,t-shirts,3,warm,street,freetime,vertical_stripes,False,3,3.1
3983,87eff96b-474f-4402-b248-784783782885,Cactus Top cerise ,FFFFFF,top,tops,3,warm,boho,freetime,printed,False,3,3.1
3984,87eff96b-474f-4402-b248-784783782885,Cactus Top cerise ,00008b,top,tops,3,warm,boho,freetime,printed,False,3,3.1
3986,f16d8aab-e110-4338-ae0e-c553376ec52b,Majo Jacket print ,FFFFFF,outerwear,bomber,2,warm_season,boho,freetime,floral,False,4,4.1
3987,f16d8aab-e110-4338-ae0e-c553376ec52b,Majo Jacket print ,000000,outerwear,bomber,2,warm_season,boho,freetime,floral,False,4,4.1
3988,21a6a914-e873-4260-a325-8f0711cbabe1,Vikastanja Pant short ,ECE9D6,bottoms,shorts,3,warm,minimal,freetime,checked,False,2,2.2
3989,cc56669f-9c1a-4269-93ef-d8a566eb78ab,Carflake Top mix ,00008b,top,t-shirts,3,warm_season,boho,freetime,smooth,False,3,3.1
3990,cc56669f-9c1a-4269-93ef-d8a566eb78ab,Carflake Top mix ,B11730,top,t-shirts,3,warm_season,boho,freetime,smooth,False,3,3.1
3991,f3b713fe-88cd-44ec-a947-700995c99cd3,Ihvera Top arona ,87CEFA,top,tops,2,warm,casual,freetime,sheets,False,3,3.1
4002,a742cbea-05d1-4468-a461-b9548d349609,Softy Trench boom ,FFC0CB,outerwear,trench,1,cold_season,classic,work,smooth,False,4,4.1
4005,abcf5d56-cf41-4377-a09e-f446579fd945,Onlrhonda Short stripe ,000081,bottoms,shorts,3,warm,boho,freetime,vertical_stripes,False,2,2.2
4006,abcf5d56-cf41-4377-a09e-f446579fd945,Onlrhonda Short stripe ,FFC0CB,bottoms,shorts,3,warm,boho,freetime,vertical_stripes,False,2,2.2
4007,131f8bc0-8165-4263-b748-e3baee76fd20,Rise Jacket kimono ,FFFF00,outerwear,kimono,4,warm_season,boho,freetime,floral,False,4,4.1
4008,170910d9-0f24-46ea-9642-1928505d465c,Majolica Jacket bomber ,00008b,outerwear,bomber,2,warm_season,boho,freetime,floral,False,4,4.1
4009,170910d9-0f24-46ea-9642-1928505d465c,Majolica Jacket bomber ,000000,outerwear,bomber,2,warm_season,boho,freetime,floral,False,4,4.1
4011,46953ea5-657a-4632-9e89-3f750cde81f4,Lalange Dress numph ,FFA500,dress,with_pleat,3,warm,boho,freetime,vertical_stripes,False,1,1.1
4012,2a8b4dbf-051a-499a-9758-3047e215d996,Clean Short pant ,000081,bottoms,shorts,3,warm,boho,freetime,smooth,False,2,2.2
4013,f07651c0-c75b-47e4-b4b6-ef88579be76c,Sadie Pant skinny ,FFFFFF,bottoms,cigarette,2,warm_season,classic,work,smooth,False,2,2.2
4023,b5e029eb-aff8-4797-b056-f219aa977ea8,Pchighfive Jean denim ,000000,bottoms,cigarette,3,warm_season,casual,freetime,smooth,False,2,2.2
4024,7b0b2026-2f9d-447d-975b-8d9f3548618a,Bsbasia Jacket risk ,B11730,outerwear,cowgirl,3,warm_season,street,freetime,smooth,False,4,4.1
4025,84c936a9-82f4-45e0-985b-eac90d168111,Bsfatima Top printed ,FFA500,top,blouse,3,warm,boho,freetime,floral,False,3,3.1
4026,9a91cc0d-2c8e-4044-9762-7a9edf6eed4f,Rigas Top miss ,DFC8B2,top,tops,3,warm,classic,night,horizontal_stripes,False,3,3.1
4027,0adfa079-01c6-42dc-8a70-2770bfe14916,Bypatirice Top off ,ECE9D6,top,t-shirts,2,warm,boho,freetime,smooth,False,3,3.1
4047,bcc93ddd-fef4-475b-92bc-41304912a9ca,Help Tshirt dixie ,FFFFFF,top,t-shirts,3,warm,casual,freetime,smooth,False,3,3.1
4055,70225642-5ee5-494c-b22b-d7b319d5fa0e,Sessa Shirt two ,ECE9D6,outerwear,chanel,3,warm_season,classic,work,smooth,False,4,4.1
4056,70225642-5ee5-494c-b22b-d7b319d5fa0e,Sessa Shirt two ,00008b,outerwear,chanel,3,warm_season,classic,work,smooth,False,4,4.1
4057,1cca08a0-d4be-44b4-9970-0ddbc70cb9af,Happy Skirt belt ,164A0A,skirt,straight,2,cold_season,classic,work,smooth,False,2,2.1
4058,924fbfc8-07fe-4424-adf8-e89a730f857d,Leo Dress moi ,000081,dress,puff,4,warm_season,street,freetime,animal_print,False,1,1.1
4059,ec5678e9-9788-47e8-9f38-8af2f01f0fc9,Majolica Shirt look ,D3D3D3,top,shirt,2,warm_season,classic,work,vertical_stripes,False,3,3.1
4060,ec5678e9-9788-47e8-9f38-8af2f01f0fc9,Majolica Shirt look ,000000,top,shirt,2,warm_season,classic,work,vertical_stripes,False,3,3.1
4061,ec5678e9-9788-47e8-9f38-8af2f01f0fc9,Majolica Shirt look ,000081,top,shirt,2,warm_season,classic,work,vertical_stripes,False,3,3.1
4062,7f10ba8b-278a-47dc-a20e-960e77aa9427,Majolica Jacket bomber ,000000,outerwear,bomber,3,warm_season,street,freetime,floral,False,4,4.1
4063,7b410584-a9d0-42a2-8b2c-4086452f9858,Majo Shirt print ,DFC8B2,top,blouse,3,warm_season,boho,freetime,animal_print,False,3,3.1
4086,981cd1ac-500d-4777-986d-1b3b97ffa64d,Hays Skirt ycoo ,00008b,skirt,knitted,3,warm,boho,freetime,floral,False,2,2.1
4087,9148ce66-542b-4b02-9d2c-39a223ab0571,Floun Pant charl ,C7A2A2,bottoms,straight,3,warm_season,boho,work,smooth,False,2,2.2
4088,9148ce66-542b-4b02-9d2c-39a223ab0571,Floun Pant charl ,00008b,bottoms,straight,3,warm_season,boho,work,smooth,False,2,2.2
4089,9148ce66-542b-4b02-9d2c-39a223ab0571,Floun Pant charl ,164A0A,bottoms,straight,3,warm_season,boho,work,smooth,False,2,2.2
4090,fc0673b1-4e63-4704-9b75-2cdcf5244325,Cute Short pant ,DFC8B2,bottoms,shorts,3,warm,boho,freetime,vertical_stripes,False,2,2.2
4108,5ca9a939-3822-44ac-b5f3-1d02e8a13422,French Jumpsuit bessie ,000000,top,sweatshirt,3,warm_season,classic,special_occasion,smooth,False,3,3.1
4109,97663b7c-6339-44e3-86e8-3dad0ab37c78,French Dress connection ,000000,dress,crossed,3,warm_season,boho,freetime,miniprint,False,1,1.1
4110,fd1329b5-d94e-4c12-841d-c16d3b35e3c3,Lucce Dress knit ,000000,dress,tight,4,warm_season,street,night,geometric,False,1,1.1
4111,fd1329b5-d94e-4c12-841d-c16d3b35e3c3,Lucce Dress knit ,DEB24C,dress,tight,4,warm_season,street,night,geometric,False,1,1.1
4112,fd1329b5-d94e-4c12-841d-c16d3b35e3c3,Lucce Dress knit ,FFFFFF,dress,tight,4,warm_season,street,night,geometric,False,1,1.1
4113,956572ed-7e72-4132-93a1-1f7621f54b67,Kate Pant mazarine ,0000FF,bottoms,jogger,3,warm_season,street,freetime,smooth,False,2,2.2
4120,f94018ac-8f99-4f4e-b206-83fbe51fedaa,Lusa Top knit ,000000,top,tops,3,warm_season,street,freetime,smooth,False,3,3.1
4121,f94018ac-8f99-4f4e-b206-83fbe51fedaa,Lusa Top knit ,D84936,top,tops,3,warm_season,street,freetime,smooth,False,3,3.1
4122,f94018ac-8f99-4f4e-b206-83fbe51fedaa,Lusa Top knit ,008000,top,tops,3,warm_season,street,freetime,smooth,False,3,3.1
4123,f94018ac-8f99-4f4e-b206-83fbe51fedaa,Lusa Top knit ,FFFFFF,top,tops,3,warm_season,street,freetime,smooth,False,3,3.1
4124,f94018ac-8f99-4f4e-b206-83fbe51fedaa,Lusa Top knit ,FFFF00,top,tops,3,warm_season,street,freetime,smooth,False,3,3.1
4162,aff923f8-a3eb-4d8d-a484-c7b3fabe8ea0,Esprit Pant culotte ,00008b,bottoms,culotte,2,warm_season,boho,freetime,smooth,False,2,2.2
4163,50af4f2a-99c5-48b4-b269-135f9389a794,Wide Jeans uni ,000000,bottoms,culotte,3,warm_season,minimal,work,smooth,False,2,2.2
4164,50af4f2a-99c5-48b4-b269-135f9389a794,Wide Jeans uni ,666633,bottoms,culotte,3,warm_season,minimal,work,smooth,False,2,2.2
4165,43b088c0-e0b4-4c20-9b97-c9444c3b215b,Pcdellys Jeans noos ,000081,bottoms,cigarette,2,warm_season,casual,work,smooth,False,2,2.2
4223,17044c72-392e-4403-adae-38926f4e82d5,Dots Jumpsuit long ,000000,jumpsuit,jumpsuit,3,warm_season,classic,work,bodoque,False,1,1.2
4290,af097c42-6031-4582-aacb-6c2dfc4ea905,Darlim Top cerise ,800000,top,tops,2,warm,classic,freetime,smooth,False,3,3.1
4291,af097c42-6031-4582-aacb-6c2dfc4ea905,Darlim Top cerise ,FFFFFF,top,tops,2,warm,classic,freetime,smooth,False,3,3.1
4292,af097c42-6031-4582-aacb-6c2dfc4ea905,Darlim Top cerise ,B94600,top,tops,2,warm,classic,freetime,smooth,False,3,3.1
4295,af097c42-6031-4582-aacb-6c2dfc4ea905,Darlim Top cerise ,000000,top,tops,2,warm,classic,freetime,smooth,False,3,3.1
4296,af097c42-6031-4582-aacb-6c2dfc4ea905,Darlim Top cerise ,00008b,top,tops,2,warm,classic,freetime,smooth,False,3,3.1
4357,d9f37d68-e530-48e4-a6e5-01bd591bb854,Season Shirt snow ,00008b,top,blouse,2,warm_season,boho,freetime,miniprint,False,3,3.1
4358,723e44c9-0137-45cc-a387-37b712eeb783,Season Shirt marrakech ,164A0A,top,blouse,2,warm_season,classic,freetime,floral,False,3,3.1
4397,c2ecaa48-0aa3-46ca-ba2d-3658efcf0c06,Pcbilly Tshirt foil ,D3D3D3,top,t-shirts,2,warm_season,boho,freetime,bodoque,False,3,3.1
4404,8f6493a1-33fa-4b08-bc12-4900d1113a5b,Onlcorinne Parka spring ,DFC8B2,outerwear,parka,3,cold_season,casual,freetime,smooth,False,4,4.1
4405,8f6493a1-33fa-4b08-bc12-4900d1113a5b,Onlcorinne Parka spring ,00008b,outerwear,parka,3,cold_season,casual,freetime,smooth,False,4,4.1
4406,f0a45fca-0d04-4270-9585-21b4817b224c,Silja Shirt true ,0000FF,top,blouse,3,warm_season,classic,work,floral,False,3,3.1
4407,f9ff80a7-9544-440a-a318-68614a1b3965,Mona Pant short ,008000,bottoms,shorts,3,warm_season,boho,freetime,smooth,False,2,2.2
4408,f9ff80a7-9544-440a-a318-68614a1b3965,Mona Pant short ,00008b,bottoms,shorts,3,warm_season,boho,freetime,smooth,False,2,2.2
4409,f9ff80a7-9544-440a-a318-68614a1b3965,Mona Pant short ,000000,bottoms,shorts,3,warm_season,boho,freetime,smooth,False,2,2.2
4411,32586724-6cae-4ced-bb0b-e9f94bd8bd49,Lina Pant short ,B94600,bottoms,shorts,3,warm,classic,freetime,smooth,False,2,2.2
4412,32586724-6cae-4ced-bb0b-e9f94bd8bd49,Lina Pant short ,000000,bottoms,shorts,3,warm,classic,freetime,smooth,False,2,2.2
4413,32586724-6cae-4ced-bb0b-e9f94bd8bd49,Lina Pant short ,164A0A,bottoms,shorts,3,warm,classic,freetime,smooth,False,2,2.2
4414,fbc6d88d-4772-40fb-91b4-db917383aeda,Huit Sweater majolica ,0000FF,top,sweaters,2,cold_season,boho,freetime,smooth,False,3,3.1
4415,fbc6d88d-4772-40fb-91b4-db917383aeda,Huit Sweater majolica ,000000,top,sweaters,2,cold_season,boho,freetime,smooth,False,3,3.1
4416,fbc6d88d-4772-40fb-91b4-db917383aeda,Huit Sweater majolica ,D84936,top,sweaters,2,cold_season,boho,freetime,smooth,False,3,3.1
4417,fbc6d88d-4772-40fb-91b4-db917383aeda,Huit Sweater majolica ,ECE9D6,top,sweaters,2,cold_season,boho,freetime,smooth,False,3,3.1
4418,3f2999a9-42d2-4b11-b7f5-8121bd2f2e8b,Pearl Top niur ,000000,top,tops,2,warm,classic,freetime,smooth,False,3,3.1
4419,550a3272-fd1a-4372-9efe-5a30cba2eb9e,Paja Dress knee ,00008b,dress,tunica,2,warm_season,boho,work,smooth,False,1,1.1
4420,77ca3fbc-d74e-4088-bb74-7555c4c077c1,Theo Bag sew ,462C0E,bag,crossbody,2,warm_season,boho,freetime,smooth,False,4,4.3
4421,77ca3fbc-d74e-4088-bb74-7555c4c077c1,Theo Bag sew ,DEB24C,bag,crossbody,2,warm_season,boho,freetime,smooth,False,4,4.3
4422,4a724e49-a815-4640-9b42-5d93db9e3161,Theone Bag sew ,462C0E,bag,envelope,3,warm_season,boho,freetime,smooth,False,4,4.3
4423,4a724e49-a815-4640-9b42-5d93db9e3161,Theone Bag sew ,DEB24C,bag,envelope,3,warm_season,boho,freetime,smooth,False,4,4.3
4435,c6a19268-8828-48ad-9349-f1921f63c835,Chic Tshirt beach ,5F5E5E,top,t-shirts,2,warm_season,street,freetime,smooth,False,3,3.1
4436,c6a19268-8828-48ad-9349-f1921f63c835,Chic Tshirt beach ,BBE2AD,top,t-shirts,2,warm_season,street,freetime,smooth,False,3,3.1
4437,5efe4371-343d-4602-b4d5-3adc8998ff64,Tiara Bag cahier ,462C0E,bag,crossbag,2,warm_season,boho,freetime,smooth,False,4,4.3
4438,5efe4371-343d-4602-b4d5-3adc8998ff64,Tiara Bag cahier ,DEB24C,bag,crossbag,2,warm_season,boho,freetime,smooth,False,4,4.3
4439,da8f5ca3-3f85-458f-a54b-27ad07d3b018,Tess Bag cahier ,A57E62,bag,envelope,2,warm_season,boho,freetime,smooth,False,4,4.3
4440,da8f5ca3-3f85-458f-a54b-27ad07d3b018,Tess Bag cahier ,B94600,bag,envelope,2,warm_season,boho,freetime,smooth,False,4,4.3
4441,da8f5ca3-3f85-458f-a54b-27ad07d3b018,Tess Bag cahier ,DEB24C,bag,envelope,2,warm_season,boho,freetime,smooth,False,4,4.3
4442,a18b2972-ea97-4a8c-8f10-18a1bb5f5efc,Talia Bag cahier ,A57E62,bag,shopper,2,warm_season,classic,freetime,smooth,False,4,4.3
4443,a18b2972-ea97-4a8c-8f10-18a1bb5f5efc,Talia Bag cahier ,B94600,bag,shopper,2,warm_season,classic,freetime,smooth,False,4,4.3
4444,a18b2972-ea97-4a8c-8f10-18a1bb5f5efc,Talia Bag cahier ,DEB24C,bag,shopper,2,warm_season,classic,freetime,smooth,False,4,4.3
4446,280bf501-50ec-4855-8840-b5949923dcf5,Thomas Bag cahier ,DEB24C,bag,envelope,2,warm_season,boho,freetime,smooth,False,4,4.3
4447,280bf501-50ec-4855-8840-b5949923dcf5,Thomas Bag cahier ,462C0E,bag,envelope,2,warm_season,boho,freetime,smooth,False,4,4.3
4448,881a1c62-f59b-4cdd-a48e-76e871b4d3cd,Syna Bag cahier ,DEB24C,bag,crossbag,2,warm_season,boho,freetime,smooth,False,4,4.3
4449,881a1c62-f59b-4cdd-a48e-76e871b4d3cd,Syna Bag cahier ,B94600,bag,crossbag,2,warm_season,boho,freetime,smooth,False,4,4.3
4450,881a1c62-f59b-4cdd-a48e-76e871b4d3cd,Syna Bag cahier ,A57E62,bag,crossbag,2,warm_season,boho,freetime,smooth,False,4,4.3
4451,58c76bc5-1082-4665-ba8f-0f3e1aae57af,Fina Scarf stampa ,F29985,scarf,handkerchief,3,warm_season,street,freetime,animal_print,False,4,4.2
4464,3d463970-6760-4362-95b7-588e84a88da1,Clio Dress film ,DEB24C,dress,with_pleat,3,warm_season,boho,freetime,printed,False,1,1.1
4465,8663feb5-6667-409a-8d56-03e0e02b553a,Closet Top alabama ,000081,top,tops,3,warm,boho,freetime,floral,False,3,3.1
4466,75328b05-5785-40f5-9c1d-148b6028a329,Closet Pant oklahoma ,000000,bottoms,culotte,3,warm,boho,freetime,floral,False,2,2.2
4467,eae7792d-9d2b-4339-b2bc-a652681c1597,Saphira Bag bohck ,000000,bag,shopper,3,warm_season,street,work,smooth,False,4,4.3
4468,eae7792d-9d2b-4339-b2bc-a652681c1597,Saphira Bag bohck ,B11730,bag,shopper,3,warm_season,street,work,smooth,False,4,4.3
4469,b5a38e32-a611-404c-8e54-93c2f098f7b6,Sandrine Bag bohck ,000000,bag,crossbag,2,warm_season,street,freetime,smooth,False,4,4.3
4470,b5a38e32-a611-404c-8e54-93c2f098f7b6,Sandrine Bag bohck ,B11730,bag,crossbag,2,warm_season,street,freetime,smooth,False,4,4.3
4471,e87cda70-8abd-479a-beb2-26631fb42b5d,Soterios Bag bohck ,000000,bag,crossbag,3,warm_season,street,freetime,smooth,False,4,4.3
4472,e87cda70-8abd-479a-beb2-26631fb42b5d,Soterios Bag bohck ,B11730,bag,crossbag,3,warm_season,street,freetime,smooth,False,4,4.3
4473,fc9f2d84-edb5-41b1-8294-1c00c2dd7a57,Sirena Bag bohck ,B11730,bag,crossbag,3,warm_season,boho,freetime,smooth,False,4,4.3
4474,fc9f2d84-edb5-41b1-8294-1c00c2dd7a57,Sirena Bag bohck ,000000,bag,crossbag,3,warm_season,boho,freetime,smooth,False,4,4.3
4489,0347502f-8715-48dd-955b-b2e0e923750f,Thea Bag sew ,B5A45F,bag,crossbag,4,warm_season,boho,freetime,smooth,False,4,4.3
4490,8bcda932-aa96-42d0-ba08-5958bef6aec7,Film Bag summer ,FFC0CB,bag,crossbag,3,warm_season,boho,freetime,ethnic,False,4,4.3
4491,7278b893-4379-4503-81a6-27a2fbc273e6,Plains Jumpsuit great ,00008b,jumpsuit,jumpsuit,3,warm_season,classic,work,smooth,False,1,1.2
4492,c183e68d-3c39-48ca-870f-7977aaaae8ef,Hailey Pant crop ,000000,bottoms,culotte,2,warm_season,boho,freetime,ethnic,False,2,2.2
4493,29a2b94e-21a5-4747-857f-7c4e0898b60d,Leaf Shirt tree ,ECE9D6,top,shirt,2,warm_season,classic,work,sheets,False,3,3.1
4507,9ffedfda-7f4a-4273-8819-dce2d291862d,Kalonice Foulard film ,0000FF,scarf,foulard,2,warm_season,boho,work,geometric,False,4,4.2
4508,9ffedfda-7f4a-4273-8819-dce2d291862d,Kalonice Foulard film ,40E0D0,scarf,foulard,2,warm_season,boho,work,geometric,False,4,4.2
4509,83bd0e8b-bd7d-48db-8a0d-87d56eb191f6,Cahier Foulard vesta ,000081,scarf,foulard,2,warm_season,boho,freetime,ethnic,False,4,4.2
4510,ee4e0a3e-6849-4369-bcaf-eab55cb10f55,Nmlauren Skirt may ,DEB24C,skirt,knitted,3,warm_season,boho,work,smooth,False,2,2.1
4520,40773707-51bc-4544-80e3-f39bccd6255d,Vicelia Jacket blazer ,ECE9D6,outerwear,blazer,3,warm_season,classic,work,smooth,False,4,4.1
4521,37c8e697-d99e-4f7d-baf3-8c5230c34ed6,Para Skirt green ,008000,skirt,circle_skirt,3,warm,classic,work,retro,False,2,2.1
4525,1f74e7a0-27c9-4b1c-992e-1009d8d50c10,Viamy Short chino ,A57E62,bottoms,shorts,3,warm,classic,freetime,smooth,False,2,2.2
4526,1f74e7a0-27c9-4b1c-992e-1009d8d50c10,Viamy Short chino ,FFC0CB,bottoms,shorts,3,warm,classic,freetime,smooth,False,2,2.2
4536,e9ee622d-2d17-4bd2-9f0e-baea1f506bd4,French Jeans denim ,000000,bottoms,cigarette,2,cold_season,casual,freetime,smooth,False,2,2.2
4547,b0d32738-b19c-41a0-83db-0267f72eccb6,Vilukis Jeans snow ,FFFFFF,bottoms,cigarette,3,warm_season,classic,freetime,vertical_stripes,False,2,2.2
4549,54e96925-0eff-4e71-8010-0f8c20be7512,French Jeans denim ,00008b,bottoms,cigarette,2,warm_season,casual,freetime,smooth,False,2,2.2
4558,b76ae768-5ecb-4d30-a61c-23be9653846a,Eton Sweater cherry ,87CEFA,top,hoodies,2,cold_season,casual,freetime,smooth,False,3,3.1
4559,b76ae768-5ecb-4d30-a61c-23be9653846a,Eton Sweater cherry ,808080,top,hoodies,2,cold_season,casual,freetime,smooth,False,3,3.1
4560,b76ae768-5ecb-4d30-a61c-23be9653846a,Eton Sweater cherry ,F29985,top,hoodies,2,cold_season,casual,freetime,smooth,False,3,3.1
4561,4bf403f9-3002-4471-83db-e41ee495ca92,Alexa Jeans cropped ,FFFFFF,bottoms,cigarette,2,warm_season,casual,freetime,smooth,False,2,2.2
4562,fe6f2ef3-ef72-449f-80d2-2065d3a1c0fa,Ihingrid Jacket blazer ,FFA500,outerwear,blazer,3,warm_season,minimal,freetime,smooth,False,4,4.1
4563,f088bf43-eab9-4153-8e38-57d8f709cba9,Iaruby Scarf ichi ,87CEFA,scarf,handkerchief,2,warm_season,boho,freetime,miniprint,False,4,4.2
4564,a09c7d54-90cf-4d54-bec7-5c1219ee6d6d,Striped Shirt collar ,FFFFFF,top,shirt,3,warm_season,boho,freetime,vertical_stripes,False,3,3.1
4565,a09c7d54-90cf-4d54-bec7-5c1219ee6d6d,Striped Shirt collar ,164A0A,top,shirt,3,warm_season,boho,freetime,vertical_stripes,False,3,3.1
4581,86ad4f0f-f742-4073-8fb3-e7239dec6031,Onlcarmen Jeans noos ,00008b,bottoms,cigarette,3,warm_season,casual,freetime,smooth,False,2,2.2
4587,a2638e63-e0c7-49b4-bc2d-b8bef962b4b2,Tiswa Pant one3 ,000081,bottoms,cigarette,3,warm_season,casual,freetime,smooth,True,2,2.2
4590,c625aae7-0412-43e2-b974-13a7560b7343,Charlior Pant stripes ,DFC8B2,bottoms,straight,3,warm_season,boho,freetime,vertical_stripes,False,2,2.2
4591,c625aae7-0412-43e2-b974-13a7560b7343,Charlior Pant stripes ,000081,bottoms,straight,3,warm_season,boho,freetime,vertical_stripes,False,2,2.2
4592,c625aae7-0412-43e2-b974-13a7560b7343,Charlior Pant stripes ,000000,bottoms,straight,3,warm_season,boho,freetime,vertical_stripes,False,2,2.2
4593,8765c000-29d3-4113-92ec-911c58160519,Majolica Top sweet ,000000,top,tops,3,warm,night,freetime,smooth,False,3,3.1
4594,930cfe0a-3d0f-4bb3-8a39-372b5cab29da,Reva Skirt onado ,666633,skirt,tube,4,warm_season,street,freetime,army,False,2,2.1
4597,1c628278-3734-4f26-8195-8c9b196fd958,Felicity Shirt aot ,DEB24C,top,t-shirts,3,warm,casual,freetime,sheets,False,3,3.1
4610,ee575bad-ff5c-4eb2-84b6-e9c792cf20ba,Radia Pant five ,DEB24C,bottoms,culotte,3,warm,classic,work,smooth,False,2,2.2
4611,ee575bad-ff5c-4eb2-84b6-e9c792cf20ba,Radia Pant five ,000000,bottoms,culotte,3,warm,classic,work,smooth,False,2,2.2
4612,ee575bad-ff5c-4eb2-84b6-e9c792cf20ba,Radia Pant five ,666633,bottoms,culotte,3,warm,classic,work,smooth,False,2,2.2
4622,a25bf4f4-e1b5-4e72-ac32-89af0b4b9b6a,Lenas Jeans colors ,40E0D0,bottoms,cigarette,2,warm_season,street,freetime,smooth,False,2,2.2
4623,a25bf4f4-e1b5-4e72-ac32-89af0b4b9b6a,Lenas Jeans colors ,000000,bottoms,cigarette,2,warm_season,street,freetime,smooth,False,2,2.2
4662,1fcbea61-3489-400b-b045-4789c81311c9,Sarah Pant short ,000000,bottoms,shorts,2,warm,classic,freetime,smooth,False,2,2.2
4663,1fcbea61-3489-400b-b045-4789c81311c9,Sarah Pant short ,800000,bottoms,shorts,2,warm,classic,freetime,smooth,False,2,2.2
4668,1fcbea61-3489-400b-b045-4789c81311c9,Sarah Pant short ,00008b,bottoms,shorts,2,warm,classic,freetime,smooth,False,2,2.2
4669,1fcbea61-3489-400b-b045-4789c81311c9,Sarah Pant short ,F29985,bottoms,shorts,2,warm,classic,freetime,smooth,False,2,2.2
4670,1fcbea61-3489-400b-b045-4789c81311c9,Sarah Pant short ,DEB24C,bottoms,shorts,2,warm,classic,freetime,smooth,False,2,2.2
4671,1fcbea61-3489-400b-b045-4789c81311c9,Sarah Pant short ,666633,bottoms,shorts,2,warm,classic,freetime,smooth,False,2,2.2
4672,1fcbea61-3489-400b-b045-4789c81311c9,Sarah Pant short ,40E0D0,bottoms,shorts,2,warm,classic,freetime,smooth,False,2,2.2
4727,229e05ed-b5c6-4d28-928c-7b1d463deddb,Onado Skirt denim ,9A8176,skirt,tube,2,warm_season,casual,freetime,smooth,False,2,2.1
4728,229e05ed-b5c6-4d28-928c-7b1d463deddb,Onado Skirt denim ,000081,skirt,tube,2,warm_season,casual,freetime,smooth,False,2,2.1
4729,229e05ed-b5c6-4d28-928c-7b1d463deddb,Onado Skirt denim ,5F5E5E,skirt,tube,2,warm_season,casual,freetime,smooth,False,2,2.1
4730,229e05ed-b5c6-4d28-928c-7b1d463deddb,Onado Skirt denim ,164A0A,skirt,tube,2,warm_season,casual,freetime,smooth,False,2,2.1
4731,229e05ed-b5c6-4d28-928c-7b1d463deddb,Onado Skirt denim ,800000,skirt,tube,2,warm_season,casual,freetime,smooth,False,2,2.1
4732,229e05ed-b5c6-4d28-928c-7b1d463deddb,Onado Skirt denim ,000000,skirt,tube,2,warm_season,casual,freetime,smooth,False,2,2.1
4733,d224a048-aafd-4be6-9683-761a4d8b2169,One Skirt denim ,000000,skirt,tube,2,cold_season,casual,freetime,smooth,False,2,2.1
4744,3239b291-e62d-4f31-a2ec-673051686178,Doll Skirt gold ,000000,skirt,flared,3,warm_season,boho,freetime,polka_dot,False,2,2.1
4749,3e4d54c0-ecd9-40df-88a5-a1ff63730b44,Pcsada Jacket biker ,A57E62,outerwear,biker,4,warm_season,street,freetime,animal_print,False,4,4.1
4752,a512302d-01ad-40b6-af41-77da523c339e,Sanne Shirt soft ,000000,top,blouse,2,cold_season,classic,work,smooth,False,3,3.1
4753,a4333d7a-46c5-4a18-baba-a96f7ade6a07,Majolica Skirt alabama ,C7A2A2,skirt,pleated,3,warm,boho,freetime,floral,False,2,2.1
4755,03000c2e-33e4-458a-9de1-deebbeed1de3,Seersucker Short lines ,000000,bottoms,bermuda,2,warm,boho,freetime,vertical_stripes,False,2,2.2
4900,3fbd87f9-e8a7-4533-bf0b-f35906cc47ee,Laura Jacket paris ,00008b,outerwear,jacket,4,mid_season,smart,work,smooth,False,4,4.1
4901,3fbd87f9-e8a7-4533-bf0b-f35906cc47ee,Laura Jacket paris ,800000,outerwear,jacket,4,mid_season,smart,work,smooth,False,4,4.1
4902,3fbd87f9-e8a7-4533-bf0b-f35906cc47ee,Laura Jacket paris ,808080,outerwear,jacket,4,mid_season,smart,work,smooth,False,4,4.1
4903,3fbd87f9-e8a7-4533-bf0b-f35906cc47ee,Laura Jacket paris ,DEB24C,outerwear,jacket,4,mid_season,smart,work,smooth,False,4,4.1
4904,3fbd87f9-e8a7-4533-bf0b-f35906cc47ee,Laura Jacket paris ,FFC0CB,outerwear,jacket,4,mid_season,smart,work,smooth,False,4,4.1
4905,3fbd87f9-e8a7-4533-bf0b-f35906cc47ee,Laura Jacket paris ,B11730,outerwear,jacket,4,mid_season,smart,work,smooth,False,4,4.1
4908,3fbd87f9-e8a7-4533-bf0b-f35906cc47ee,Laura Jacket paris ,DFC8B2,outerwear,jacket,4,mid_season,smart,work,smooth,False,4,4.1
4909,3fbd87f9-e8a7-4533-bf0b-f35906cc47ee,Laura Jacket paris ,0000FF,outerwear,jacket,4,mid_season,smart,work,smooth,False,4,4.1
4916,3fbd87f9-e8a7-4533-bf0b-f35906cc47ee,Laura Jacket paris ,000000,outerwear,jacket,4,mid_season,smart,work,smooth,False,4,4.1
4919,3fbd87f9-e8a7-4533-bf0b-f35906cc47ee,Laura Jacket paris ,FFD200,outerwear,jacket,4,mid_season,smart,work,smooth,False,4,4.1
4920,3fbd87f9-e8a7-4533-bf0b-f35906cc47ee,Laura Jacket paris ,C9C9C9,outerwear,jacket,4,mid_season,smart,work,smooth,False,4,4.1
4921,3fbd87f9-e8a7-4533-bf0b-f35906cc47ee,Laura Jacket paris ,B5A45F,outerwear,jacket,4,mid_season,smart,work,smooth,False,4,4.1
4953,f14f7edb-a65c-48fc-ae6d-c33cdd1b07d5,Grace Jeans denim ,00008b,bottoms,cigarette,2,cold_season,street,freetime,smooth,False,2,2.2
4954,f8f2a0f9-3a06-47e6-964a-3f338ded080a,Tula Jeans plus ,000000,bottoms,cigarette,2,warm_season,street,work,smooth,False,2,2.2
4955,f8f2a0f9-3a06-47e6-964a-3f338ded080a,Tula Jeans plus ,000081,bottoms,cigarette,2,warm_season,street,work,smooth,False,2,2.2
4967,0cf77f05-5437-4230-8729-2803cb6a810d,Jeil Pant colours ,B94600,bottoms,chino,2,warm_season,classic,work,smooth,False,2,2.2
4968,92e25150-dde9-4054-ba21-61a34e726352,Majo Shirt hippie ,462C0E,top,shirt,3,cold_season,classic,work,miniprint,False,3,3.1
4970,ece9cf7c-46b5-4f91-a38b-f311eb3cbef8,Majo Cardigan breeze ,FFFFFF,top,cardigan,2,cold_season,classic,freetime,smooth,False,3,3.1
4971,ece9cf7c-46b5-4f91-a38b-f311eb3cbef8,Majo Cardigan breeze ,FFFF00,top,cardigan,2,cold_season,classic,freetime,smooth,False,3,3.1
4973,a5d4b26e-8aa9-4e41-8c79-9e04761b747e,Minnie Cardigan knit ,FFC0CB,top,cardigan,2,warm_season,classic,freetime,smooth,False,3,3.1
4974,a5d4b26e-8aa9-4e41-8c79-9e04761b747e,Minnie Cardigan knit ,000000,top,cardigan,2,warm_season,classic,freetime,smooth,False,3,3.1
4975,a5d4b26e-8aa9-4e41-8c79-9e04761b747e,Minnie Cardigan knit ,DEB24C,top,cardigan,2,warm_season,classic,freetime,smooth,False,3,3.1
4976,665d3eda-072a-4793-89a7-6743eed37458,Athan Tshirt ward ,00008b,top,t-shirts,2,warm_season,casual,freetime,horizontal_stripes,False,3,3.1
4977,665d3eda-072a-4793-89a7-6743eed37458,Athan Tshirt ward ,808080,top,t-shirts,2,warm_season,casual,freetime,horizontal_stripes,False,3,3.1
4979,4c4750af-ae97-41ce-aa82-76e746bffd06,Icon Skirt flowers ,000000,skirt,frill,3,warm,boho,freetime,floral,False,2,2.1
4980,4c4750af-ae97-41ce-aa82-76e746bffd06,Icon Skirt flowers ,DFC8B2,skirt,frill,3,warm,boho,freetime,floral,False,2,2.1
4981,7cc47752-de4f-4564-9629-f1951d01bc42,Ikka Sweater ycoo ,DEB24C,top,cardigan,3,cold_season,boho,freetime,smooth,False,3,3.1
4982,22e2bd2b-4935-45d3-a0da-3689350e65ad,Lunar Dress noir ,000000,dress,puff,4,warm_season,boho,freetime,polka_dot,False,1,1.1
4983,5a50d7a6-2752-4bd8-a60c-3da6be48fe7a,Anja Jacket suede ,DEB24C,outerwear,bomber,3,cold_season,casual,freetime,smooth,False,4,4.1
4984,5a50d7a6-2752-4bd8-a60c-3da6be48fe7a,Anja Jacket suede ,008000,outerwear,bomber,3,cold_season,casual,freetime,smooth,False,4,4.1
4985,5a50d7a6-2752-4bd8-a60c-3da6be48fe7a,Anja Jacket suede ,B94600,outerwear,bomber,3,cold_season,casual,freetime,smooth,False,4,4.1
4986,54eb4b5b-7a04-40c8-a4c0-80041209da20,Cherry Top night ,00008b,top,tops,2,warm_season,classic,work,smooth,False,3,3.1
4990,769132b5-99d4-4513-aca5-69073fab033f,Gales Skirt cerise ,000000,skirt,straight,3,cold_season,classic,work,prince_of_wales,False,2,2.1
4991,b114890d-9a07-4813-8bc9-66fa34d1d323,Kilibbi Skirt dots ,000000,skirt,pleated,3,warm_season,classic,freetime,polka_dot,False,2,2.1
4992,2f23f30a-31ce-4ffd-aa29-1fe80a1dd2d7,Dou Jeans onesize ,D84936,bottoms,cigarette,3,warm_season,street,freetime,smooth,False,2,2.2
4997,2f23f30a-31ce-4ffd-aa29-1fe80a1dd2d7,Dou Jeans onesize ,FFFFFF,bottoms,cigarette,3,warm_season,street,freetime,smooth,False,2,2.2
5003,2f23f30a-31ce-4ffd-aa29-1fe80a1dd2d7,Dou Jeans onesize ,DEB24C,bottoms,cigarette,3,warm_season,street,freetime,smooth,False,2,2.2
5007,2f23f30a-31ce-4ffd-aa29-1fe80a1dd2d7,Dou Jeans onesize ,FFA500,bottoms,cigarette,3,warm_season,street,freetime,smooth,False,2,2.2
5008,2f23f30a-31ce-4ffd-aa29-1fe80a1dd2d7,Dou Jeans onesize ,BBE2AD,bottoms,cigarette,3,warm_season,street,freetime,smooth,False,2,2.2
5009,2f23f30a-31ce-4ffd-aa29-1fe80a1dd2d7,Dou Jeans onesize ,0000FF,bottoms,cigarette,3,warm_season,street,freetime,smooth,False,2,2.2
5010,2f23f30a-31ce-4ffd-aa29-1fe80a1dd2d7,Dou Jeans onesize ,DFC8B2,bottoms,cigarette,3,warm_season,street,freetime,smooth,False,2,2.2
5012,1d9c203d-485e-4bb1-8eac-0922548c8b5b,Pellia Sweater knit ,00008b,top,sweaters,2,cold_season,classic,freetime,horizontal_stripes,False,3,3.1
5013,e3591c6a-e404-4a9d-93bd-1edaee354a81,Pcshape Jeans noos ,5F5E5E,bottoms,cigarette,2,cold_season,casual,freetime,smooth,False,2,2.2
5014,74e7207b-43b2-4fef-ab2b-f10aea1ebf7a,Dina Sweater knit ,ECE9D6,top,sweaters,2,cold_season,classic,freetime,smooth,False,3,3.1
5015,74e7207b-43b2-4fef-ab2b-f10aea1ebf7a,Dina Sweater knit ,808080,top,sweaters,2,cold_season,classic,freetime,smooth,False,3,3.1
5016,74e7207b-43b2-4fef-ab2b-f10aea1ebf7a,Dina Sweater knit ,D3D3D3,top,sweaters,2,cold_season,classic,freetime,smooth,False,3,3.1
5017,258074b6-d70f-4a9f-8d33-d52da4b6b805,Closet Top alaska ,000000,top,tops,2,warm_season,boho,freetime,floral,False,3,3.1
5018,99af39f4-54b4-4d01-a7ea-f9aae23b7e2b,Hope Jeans jaquard ,00008b,bottoms,leggings,3,cold_season,classic,work,miniprint,False,2,2.2
5019,b6d11600-498c-4026-8e53-2dbb08049ee2,Slimleg Jeans york ,000081,bottoms,cigarette,3,cold_season,boho,freetime,smooth,False,2,2.2
5020,ec71ee71-e2e5-40c1-8266-a326870fb9db,Lula Dress molly ,ECE9D6,dress,with_pleat,3,warm_season,classic,freetime,floral,False,1,1.1
5021,ec71ee71-e2e5-40c1-8266-a326870fb9db,Lula Dress molly ,000000,dress,with_pleat,3,warm_season,classic,freetime,floral,False,1,1.1
5022,93516d4c-6888-454f-b184-c2c7944d9d2e,Lady Dress bracken ,87CEFA,dress,with_pleat,3,warm,classic,freetime,floral,False,1,1.1
5023,93516d4c-6888-454f-b184-c2c7944d9d2e,Lady Dress bracken ,FFFFFF,dress,with_pleat,3,warm,classic,freetime,floral,False,1,1.1
5024,ca1cc34c-722b-4fa2-b421-f0f05e310428,Molly Top ladies ,000000,top,tops,2,warm,boho,freetime,smooth,False,3,3.1
5025,ca1cc34c-722b-4fa2-b421-f0f05e310428,Molly Top ladies ,DEB24C,top,tops,2,warm,boho,freetime,smooth,False,3,3.1
5026,ca1cc34c-722b-4fa2-b421-f0f05e310428,Molly Top ladies ,FFFFFF,top,tops,2,warm,boho,freetime,smooth,False,3,3.1
5027,9920033a-44c2-4429-8770-4e1cb848af17,Mollo Shirt wave ,0000FF,dress,knitted,3,warm_season,street,freetime,horizontal_stripes,False,1,1.1
5028,20cfa432-d291-49df-a73f-303f7987ceea,Basic Jacket blazer ,00008b,outerwear,blazer,3,warm_season,classic,work,miniprint,False,4,4.1
5029,ff2a38e9-1f0c-43f2-aaf3-f0815565d977,Anna Cardigan color ,FFFF00,top,cardigan,2,cold_season,classic,work,smooth,False,3,3.1
5030,a099cc11-1a8a-4370-92bf-207d52d53cb4,Tuscany Sweater rayes ,000000,top,sweaters,3,warm_season,casual,freetime,horizontal_stripes,False,3,3.1
5031,a099cc11-1a8a-4370-92bf-207d52d53cb4,Tuscany Sweater rayes ,B11730,top,sweaters,3,warm_season,casual,freetime,horizontal_stripes,False,3,3.1
5032,2b29e4e3-f6f8-4c15-b0a8-242fd001a37b,Maja Skirt pencil ,ECE9D6,skirt,tube,3,warm_season,street,work,miniprint,False,2,2.1
5033,8ea02efd-3f0d-46da-9272-ae4eaa6048f8,Nice Skirt print ,FFFFFF,skirt,circle_skirt,3,warm,classic,freetime,floral,False,2,2.1
5034,06b1ab24-43a5-48ba-b4c8-50cdc913fafb,Geo Fular top ,00008b,scarf,foulard,3,warm_season,boho,work,polka_dot,False,4,4.2
5035,06b1ab24-43a5-48ba-b4c8-50cdc913fafb,Geo Fular top ,614051,scarf,foulard,3,warm_season,boho,work,polka_dot,False,4,4.2
5037,ef797409-75c2-4f54-951a-f0af522ac8c3,Rebecca Jeans denim ,800000,bottoms,cigarette,2,warm_season,casual,freetime,smooth,False,2,2.2
5038,ef797409-75c2-4f54-951a-f0af522ac8c3,Rebecca Jeans denim ,666633,bottoms,cigarette,2,warm_season,casual,freetime,smooth,False,2,2.2
5039,ef797409-75c2-4f54-951a-f0af522ac8c3,Rebecca Jeans denim ,00008b,bottoms,cigarette,2,warm_season,casual,freetime,smooth,False,2,2.2
5040,ef797409-75c2-4f54-951a-f0af522ac8c3,Rebecca Jeans denim ,B94600,bottoms,cigarette,2,warm_season,casual,freetime,smooth,False,2,2.2
5041,ef797409-75c2-4f54-951a-f0af522ac8c3,Rebecca Jeans denim ,5F5E5E,bottoms,cigarette,2,warm_season,casual,freetime,smooth,False,2,2.2
5042,ef797409-75c2-4f54-951a-f0af522ac8c3,Rebecca Jeans denim ,000000,bottoms,cigarette,2,warm_season,casual,freetime,smooth,False,2,2.2
5048,ef797409-75c2-4f54-951a-f0af522ac8c3,Rebecca Jeans denim ,FFC0CB,bottoms,cigarette,2,warm_season,casual,freetime,smooth,False,2,2.2
5050,ef797409-75c2-4f54-951a-f0af522ac8c3,Rebecca Jeans denim ,9A8176,bottoms,cigarette,2,warm_season,casual,freetime,smooth,False,2,2.2
5051,ef797409-75c2-4f54-951a-f0af522ac8c3,Rebecca Jeans denim ,B11730,bottoms,cigarette,2,warm_season,casual,freetime,smooth,False,2,2.2
5058,756c4727-0380-461c-8125-3c0d21c0f49b,Jrfashion Jeans noos ,00008b,bottoms,cigarette,2,cold_season,classic,freetime,smooth,False,2,2.2
5060,52b39506-f108-42e7-b9cf-f616fb5a0683,Onlroyal Jeans skinny ,87CEFA,bottoms,cigarette,2,warm_season,boho,freetime,smooth,False,2,2.2
5061,13d8a886-0f1b-483f-8fba-51f26c6a283e,Orva Shirt over ,87CEFA,top,blouse,2,cold_season,casual,work,smooth,False,3,3.1
5062,13d8a886-0f1b-483f-8fba-51f26c6a283e,Orva Shirt over ,FFA500,top,blouse,2,cold_season,casual,work,smooth,False,3,3.1
5063,31432c8b-4aee-41fe-ae78-f105d4545295,Eleni Pant sew ,00008b,bottoms,shorts,3,warm_season,boho,freetime,vertical_stripes,False,2,2.2
5064,31432c8b-4aee-41fe-ae78-f105d4545295,Eleni Pant sew ,000000,bottoms,shorts,3,warm_season,boho,freetime,vertical_stripes,False,2,2.2
5065,4aa862b4-0d8f-4c6e-854a-1baf61bc95a2,Tiger Sweatshirt jacquard ,A57E62,top,sweaters,4,warm_season,street,freetime,animal_print,False,3,3.1
5066,5e56dc4e-328a-47a7-a2e0-67c46f3af4d4,Bsfilo Skirt swan ,ECE9D6,skirt,straight,3,warm_season,street,freetime,smooth,False,2,2.1
5067,de86c366-356c-4d04-a2fd-c0e7244572a0,Akuline Tshirt white ,FFFFFF,top,t-shirts,3,warm_season,street,freetime,smooth,False,3,3.1
5068,cef7a255-bec4-40f2-92f1-d2d6e1e5f0f8,Bike Skirt red ,B11730,skirt,circle_skirt,3,warm_season,classic,freetime,other,False,2,2.1
5069,21495b1b-63ad-4d31-a9f5-e1123a54806e,Flami Dress light ,ECE9D6,dress,lady,4,warm,classic,freetime,printed,False,1,1.1
5070,81dd1bb1-04db-4ee8-a8e3-c535cb7ca9d0,Ramona Shirt neck ,FFC0CB,top,t-shirts,3,warm,casual,freetime,horizontal_stripes,False,3,3.1
5071,e23b2a23-2bfc-45da-9275-5d864fa975bc,Buttons Sweater season ,00008b,top,sweaters,3,warm_season,casual,freetime,smooth,False,3,3.1
5072,4b606ad7-3413-4420-bf6c-c3dc3717c7db,Kalucy Dress fit ,00008b,dress,tight,4,warm_season,night,night,smooth,False,1,1.1
5073,01cf7c69-68a2-4aaf-85ef-95f2b3d3c14c,Izaro Jeans erin ,5F5E5E,bottoms,cigarette,2,cold_season,street,freetime,smooth,False,2,2.2
5074,eecd6306-22b5-435a-b5bf-84772e3659a9,Dixie Pant jegging ,DFC8B2,bottoms,jegging,2,warm_season,classic,freetime,smooth,False,2,2.2
5075,eecd6306-22b5-435a-b5bf-84772e3659a9,Dixie Pant jegging ,00008b,bottoms,jegging,2,warm_season,classic,freetime,smooth,False,2,2.2
5076,eecd6306-22b5-435a-b5bf-84772e3659a9,Dixie Pant jegging ,000000,bottoms,jegging,2,warm_season,classic,freetime,smooth,False,2,2.2
5077,4c113dd0-50dd-4618-a4a3-dae353db129e,Mollo Shirt zuzu ,808080,dress,knitted,2,warm_season,classic,work,smooth,False,1,1.1
5078,59bc05c5-0fa6-4941-bee4-3cef01bc51dc,Carplain Sweater knit ,00008b,top,sweaters,2,warm_season,classic,work,smooth,False,3,3.1
5079,59bc05c5-0fa6-4941-bee4-3cef01bc51dc,Carplain Sweater knit ,B11730,top,sweaters,2,warm_season,classic,work,smooth,False,3,3.1
5080,081ea696-2899-4668-a100-d738ba4f1de7,Cecilie Pant short ,DFC8B2,bottoms,shorts,3,warm,classic,freetime,smooth,False,2,2.2
5081,081ea696-2899-4668-a100-d738ba4f1de7,Cecilie Pant short ,87CEFA,bottoms,shorts,3,warm,classic,freetime,smooth,False,2,2.2
5082,081ea696-2899-4668-a100-d738ba4f1de7,Cecilie Pant short ,008000,bottoms,shorts,3,warm,classic,freetime,smooth,False,2,2.2
5083,081ea696-2899-4668-a100-d738ba4f1de7,Cecilie Pant short ,0000FF,bottoms,shorts,3,warm,classic,freetime,smooth,False,2,2.2
5084,673cbaef-70fb-464e-bafd-041ac190bb87,Nude Foulard ceres ,000081,scarf,foulard,2,warm_season,classic,freetime,polka_dot,False,4,4.2
5085,673cbaef-70fb-464e-bafd-041ac190bb87,Nude Foulard ceres ,B94600,scarf,foulard,2,warm_season,classic,freetime,polka_dot,False,4,4.2
5086,85cc270c-31d5-4258-9d52-8406fea16d15,Real Dress hippie ,008000,dress,with_pleat,2,warm,boho,freetime,floral,False,1,1.1
5087,85cc270c-31d5-4258-9d52-8406fea16d15,Real Dress hippie ,FFA500,dress,with_pleat,2,warm,boho,freetime,floral,False,1,1.1
5088,8c54d242-764e-4efc-a2cc-d8c1d8deb216,Paname T-shirt hippie ,9A8176,top,t-shirts,3,warm,casual,freetime,smooth,False,3,3.1
5089,8c54d242-764e-4efc-a2cc-d8c1d8deb216,Paname T-shirt hippie ,FFFF00,top,t-shirts,3,warm,casual,freetime,smooth,False,3,3.1
5090,1547e419-34ae-4398-bd0b-5b192975bdfc,New T-shirt york ,D3D3D3,top,t-shirts,3,warm,casual,freetime,smooth,False,3,3.1
5091,1547e419-34ae-4398-bd0b-5b192975bdfc,New T-shirt york ,00008b,top,t-shirts,3,warm,casual,freetime,smooth,False,3,3.1
5092,1547e419-34ae-4398-bd0b-5b192975bdfc,New T-shirt york ,E65A5B,top,t-shirts,3,warm,casual,freetime,smooth,False,3,3.1
5093,1547e419-34ae-4398-bd0b-5b192975bdfc,New T-shirt york ,FFFFFF,top,t-shirts,3,warm,casual,freetime,smooth,False,3,3.1
5094,6213781f-3266-4ca3-a601-93a04af0bbcf,Dark Jacket denim ,00008b,outerwear,structured_jacket,3,warm_season,casual,freetime,smooth,False,4,4.1
5095,6213781f-3266-4ca3-a601-93a04af0bbcf,Dark Jacket denim ,000000,outerwear,structured_jacket,3,warm_season,casual,freetime,smooth,False,4,4.1
5096,514a4385-5dbc-496c-b4c9-0a1e19646097,Hippie Playsuit nice ,666633,jumpsuit,jumpsuit,3,warm,boho,freetime,smooth,False,1,1.2
5097,514a4385-5dbc-496c-b4c9-0a1e19646097,Hippie Playsuit nice ,00008b,jumpsuit,jumpsuit,3,warm,boho,freetime,smooth,False,1,1.2
5098,0eff7e61-4ae9-4fc6-9719-fb6908593780,Jratalia Pant nw ,D84936,bottoms,cigarette,3,warm_season,classic,freetime,smooth,False,2,2.2
5099,609d8e48-a590-41db-92f8-90fae433c211,Jrqueen Jeans slim ,00008b,bottoms,cigarette,2,warm_season,casual,work,smooth,False,2,2.2
5100,f01769f8-4193-4c9f-b28e-09f56d0f0371,Collection Dress woven ,00008b,dress,straight,3,warm_season,classic,freetime,smooth,False,1,1.1
5107,d0f18765-3228-4665-b340-64986083b4c6,Hous Dress star ,000000,dress,shirt,3,warm_season,classic,work,other,False,1,1.1
5108,eeaab7bc-caaf-4451-b419-ce36a703d86c,Romi Skirt flower ,000000,skirt,tube,3,warm_season,classic,work,floral,False,2,2.1
5109,65bd792c-2ca6-46f4-8a05-73babcb05445,Buttons Jacket onado ,666633,outerwear,cowgirl,2,warm_season,casual,freetime,smooth,False,4,4.1
5110,b22d8ffa-b95b-4d9c-9bb5-eedb7e36aa7f,Garden Skirt denim ,666633,skirt,tube,3,warm_season,boho,freetime,floral,False,2,2.1
5111,2639c9f4-7f1e-441f-b13c-1db917431b26,Bawivian Scarf fusion ,ECE9D6,scarf,foulard,3,warm_season,boho,freetime,ethnic,False,4,4.2
5112,99c96bac-4cff-425b-9073-3df94ee1d079,Live Jacket jcz ,DEB24C,outerwear,blazer,3,warm_season,boho,work,sheets,False,4,4.1
5113,425235e4-467c-49dd-99eb-bec1e653435f,Flow Jacket blazer ,008000,outerwear,blazer,3,warm_season,boho,work,sheets,False,4,4.1
5114,425235e4-467c-49dd-99eb-bec1e653435f,Flow Jacket blazer ,DEB24C,outerwear,blazer,3,warm_season,boho,work,sheets,False,4,4.1
5117,d83ef297-343d-462d-9dd4-2d6b465ed798,Pccadence Bag shopper ,000000,bag,beach_bag,3,warm_season,boho,freetime,geometric,False,4,4.3
5118,0418339c-f5c4-4334-9efd-320518cde5f1,Power Jeans hold ,000000,bottoms,skinny,3,warm_season,street,freetime,smooth,False,2,2.2
5119,d3e2bdf7-3a2e-4771-9059-e8ffde759d4d,Sleeve Shirt stripe ,462C0E,top,shirt,3,warm_season,classic,work,vertical_stripes,False,3,3.1
5120,d3e2bdf7-3a2e-4771-9059-e8ffde759d4d,Sleeve Shirt stripe ,00008b,top,shirt,3,warm_season,classic,work,vertical_stripes,False,3,3.1
5121,d0168a4f-4346-4818-a850-b172ad6b4ec4,Summa Jacket colors ,E65A5B,outerwear,cowgirl,2,warm_season,casual,freetime,smooth,False,4,4.1
5124,f33540e3-6ace-467d-950a-5361607ae840,Lacy Shirt round ,00008b,top,tops,3,warm_season,classic,work,smooth,False,3,3.1
5125,f33540e3-6ace-467d-950a-5361607ae840,Lacy Shirt round ,000000,top,tops,3,warm_season,classic,work,smooth,False,3,3.1
5126,f33540e3-6ace-467d-950a-5361607ae840,Lacy Shirt round ,ECE9D6,top,tops,3,warm_season,classic,work,smooth,False,3,3.1
5143,e7458cca-0a27-47b3-b89f-8c649f817859,Dots Short cerise ,FFFF00,top,blouse,3,warm_season,classic,freetime,miniprint,False,3,3.1
5144,e7458cca-0a27-47b3-b89f-8c649f817859,Dots Short cerise ,FFFFFF,top,blouse,3,warm_season,classic,freetime,miniprint,False,3,3.1
5145,e7458cca-0a27-47b3-b89f-8c649f817859,Dots Short cerise ,00008b,top,blouse,3,warm_season,classic,freetime,miniprint,False,3,3.1
5146,7736c670-7a91-4e6d-afbe-1185e7e452ea,Lino Top tank ,5F5E5E,top,t-shirts,3,warm,casual,freetime,smooth,False,3,3.1
5175,da36fc4e-5ee5-4b93-8682-e58f5f1f2aee,Vilucy Shirt phyton ,40E0D0,top,blouse,3,warm_season,classic,work,animal_print,False,3,3.1
5176,b01d3806-07c5-40bc-b67d-7ec8629d70b8,Uma Jeans skinny ,000000,bottoms,cigarette,2,warm_season,street,night,smooth,False,2,2.2
5177,7f7a5eb1-5b05-400a-b961-ab0746195d65,Red Tshirt less ,ECE9D6,top,t-shirts,3,warm_season,boho,freetime,horizontal_stripes,False,3,3.1
5178,3b6ec0d3-11da-4d9f-a0ef-16c83c5ae968,Ihkate Jacket andorra ,ECE9D6,outerwear,blazer,3,cold_season,classic,freetime,miniprint,False,4,4.1
5179,cb597094-d0db-459d-97fc-c28d5a307b49,Ihkate Jacket print ,00008b,outerwear,blazer,2,warm_season,classic,freetime,floral,False,4,4.1
5188,0c19b549-6627-4621-9dfa-dee828142bac,Summ Skirt onado ,BBE2AD,skirt,tube,3,warm,casual,freetime,smooth,False,2,2.1
5190,0c19b549-6627-4621-9dfa-dee828142bac,Summ Skirt onado ,FFFFFF,skirt,tube,3,warm,casual,freetime,smooth,False,2,2.1
5192,0c19b549-6627-4621-9dfa-dee828142bac,Summ Skirt onado ,E65A5B,skirt,tube,3,warm,casual,freetime,smooth,False,2,2.1
5193,0c19b549-6627-4621-9dfa-dee828142bac,Summ Skirt onado ,DEB24C,skirt,tube,3,warm,casual,freetime,smooth,False,2,2.1
5194,0c19b549-6627-4621-9dfa-dee828142bac,Summ Skirt onado ,000081,skirt,tube,3,warm,casual,freetime,smooth,False,2,2.1
5195,0c19b549-6627-4621-9dfa-dee828142bac,Summ Skirt onado ,DFC8B2,skirt,tube,3,warm,casual,freetime,smooth,False,2,2.1
5196,0c19b549-6627-4621-9dfa-dee828142bac,Summ Skirt onado ,FFC0CB,skirt,tube,3,warm,casual,freetime,smooth,False,2,2.1
5198,0c19b549-6627-4621-9dfa-dee828142bac,Summ Skirt onado ,00008b,skirt,tube,3,warm,casual,freetime,smooth,False,2,2.1
5199,deb93ca7-9318-47ba-a652-2984164af2e8,Onldemi Parka otw ,00008b,outerwear,feathers,2,cold_season,classic,freetime,smooth,False,4,4.1
5200,deb93ca7-9318-47ba-a652-2984164af2e8,Onldemi Parka otw ,B11730,outerwear,feathers,2,cold_season,classic,freetime,smooth,False,4,4.1
5201,deb93ca7-9318-47ba-a652-2984164af2e8,Onldemi Parka otw ,DFC8B2,outerwear,feathers,2,cold_season,classic,freetime,smooth,False,4,4.1
5202,deb93ca7-9318-47ba-a652-2984164af2e8,Onldemi Parka otw ,FFFF00,outerwear,feathers,2,cold_season,classic,freetime,smooth,False,4,4.1
5203,1efc036f-b436-4195-a4ec-7ac64939fdcd,Vipinja Tshirt stripe ,666633,top,t-shirts,2,warm_season,casual,freetime,horizontal_stripes,False,3,3.1
5204,1efc036f-b436-4195-a4ec-7ac64939fdcd,Vipinja Tshirt stripe ,00008b,top,t-shirts,2,warm_season,casual,freetime,horizontal_stripes,False,3,3.1
5205,cf48b235-0d33-4b0b-ae35-2b5eb13cf418,Bari Parka silver ,666633,outerwear,safari_jacket,3,warm_season,boho,freetime,smooth,False,4,4.1
5206,cf48b235-0d33-4b0b-ae35-2b5eb13cf418,Bari Parka silver ,DFC8B2,outerwear,safari_jacket,3,warm_season,boho,freetime,smooth,False,4,4.1
5207,fb65a134-33d6-4598-a90c-1f910252ace7,Sunflower Scarf chic ,FFFF00,scarf,handkerchief,3,warm,boho,freetime,floral,False,4,4.2
5208,fb65a134-33d6-4598-a90c-1f910252ace7,Sunflower Scarf chic ,614051,scarf,handkerchief,3,warm,boho,freetime,floral,False,4,4.2
5209,d0ef8f7b-5a9c-406e-8188-169a612da215,Onlnew Jacket chris ,87CEFA,outerwear,cowgirl,3,warm_season,street,freetime,smooth,False,4,4.1
5210,edc68825-df68-45d4-9ed8-c49d38d7ce5e,Akoz Dress summer ,00008b,dress,lingerie,3,warm,night,freetime,smooth,False,1,1.1
5211,edc68825-df68-45d4-9ed8-c49d38d7ce5e,Akoz Dress summer ,D84936,dress,lingerie,3,warm,night,freetime,smooth,False,1,1.1
5212,edc68825-df68-45d4-9ed8-c49d38d7ce5e,Akoz Dress summer ,B94600,dress,lingerie,3,warm,night,freetime,smooth,False,1,1.1
5213,edc68825-df68-45d4-9ed8-c49d38d7ce5e,Akoz Dress summer ,164A0A,dress,lingerie,3,warm,night,freetime,smooth,False,1,1.1
5214,edc68825-df68-45d4-9ed8-c49d38d7ce5e,Akoz Dress summer ,000000,dress,lingerie,3,warm,night,freetime,smooth,False,1,1.1
5215,6d635a2f-7ac5-4bf1-bca1-574e44374f29,Akoz Jumpsuit summer ,00008b,jumpsuit,jumpsuit,4,warm,boho,freetime,geometric,False,1,1.2
5216,6d635a2f-7ac5-4bf1-bca1-574e44374f29,Akoz Jumpsuit summer ,DEB24C,jumpsuit,jumpsuit,4,warm,boho,freetime,geometric,False,1,1.2
5217,6d635a2f-7ac5-4bf1-bca1-574e44374f29,Akoz Jumpsuit summer ,164A0A,jumpsuit,jumpsuit,4,warm,boho,freetime,geometric,False,1,1.2
5218,6d635a2f-7ac5-4bf1-bca1-574e44374f29,Akoz Jumpsuit summer ,800000,jumpsuit,jumpsuit,4,warm,boho,freetime,geometric,False,1,1.2
5219,87b44821-d188-4764-bc19-3f47c7ca2923,Jacky Pant stripe ,808080,bottoms,chino,3,warm_season,classic,work,vertical_stripes,False,2,2.2
5223,d8157906-d4dd-45ad-9ed5-bd4333b8cace,Ycoo Tshirt light ,FFFFFF,top,t-shirts,3,warm_season,boho,freetime,smooth,False,3,3.1
5224,fc0e084a-3542-4dca-98f9-f16d175fa091,Gardener Top lili ,DFC8B2,top,tops,3,warm_season,boho,freetime,floral,False,3,3.1
5225,fc0e084a-3542-4dca-98f9-f16d175fa091,Gardener Top lili ,FFFF00,top,tops,3,warm_season,boho,freetime,floral,False,3,3.1
5226,ececf3ae-fba5-4c15-839d-0f2e58f58f40,Cassie Tshirt broderie ,FFFFFF,top,tops,3,warm,boho,work,smooth,False,3,3.1
5243,842ce607-f1a4-4f97-bedd-062049b35e20,Geom Shirt shell ,800000,top,blouse,2,warm_season,boho,work,retro,False,3,3.1
5244,559de25b-6af3-4df2-936a-6faeed9054c7,Point Top lala ,ECE9D6,top,tops,3,warm_season,boho,freetime,polka_dot,False,3,3.1
5245,559de25b-6af3-4df2-936a-6faeed9054c7,Point Top lala ,B94600,top,tops,3,warm_season,boho,freetime,polka_dot,False,3,3.1
5246,559de25b-6af3-4df2-936a-6faeed9054c7,Point Top lala ,DEB24C,top,tops,3,warm_season,boho,freetime,polka_dot,False,3,3.1
5247,1c692e97-93bb-4288-950e-56e4f744cfab,Senes Short stripes ,BBE2AD,bottoms,shorts,3,warm,boho,freetime,vertical_stripes,False,2,2.2
5248,1c692e97-93bb-4288-950e-56e4f744cfab,Senes Short stripes ,DFC8B2,bottoms,shorts,3,warm,boho,freetime,vertical_stripes,False,2,2.2
5249,1c692e97-93bb-4288-950e-56e4f744cfab,Senes Short stripes ,E65A5B,bottoms,shorts,3,warm,boho,freetime,vertical_stripes,False,2,2.2
5250,1c692e97-93bb-4288-950e-56e4f744cfab,Senes Short stripes ,000000,bottoms,shorts,3,warm,boho,freetime,vertical_stripes,False,2,2.2
5251,57c410f8-4d8b-4ff5-bed3-50d0ab6f66bc,Senes Top summer ,B11730,top,tops,2,warm,boho,freetime,floral,False,3,3.1
5252,be244f53-5231-401d-b65c-acfe6a660d03,Nadia Sweater neck ,0000FF,top,sweaters,3,warm_season,boho,freetime,smooth,False,3,3.1
5253,be244f53-5231-401d-b65c-acfe6a660d03,Nadia Sweater neck ,DEB24C,top,sweaters,3,warm_season,boho,freetime,smooth,False,3,3.1
5255,562c7d77-70cf-48d9-86c1-bba657d68439,Super Skirt strech ,87CEFA,skirt,pant_skirt,2,warm_season,boho,freetime,smooth,False,2,2.1
5257,26a7d6ab-bd68-49ef-9827-2f08b2edf18d,Pale Jeans dungaree ,000081,jumpsuit,dungaree,3,warm_season,casual,freetime,smooth,False,1,1.2
5267,0889f291-a33d-4c22-a124-5881d0ce0a85,Celise Shirt collection ,00008b,top,tops,3,warm,classic,freetime,floral,False,3,3.1
5268,0889f291-a33d-4c22-a124-5881d0ce0a85,Celise Shirt collection ,FFC0CB,top,tops,3,warm,classic,freetime,floral,False,3,3.1
5269,9283ab79-a1d4-4a72-aaab-26bddc30d8c0,Philipa T-shirt collection ,00008b,top,t-shirts,3,warm,casual,freetime,horizontal_stripes,False,3,3.1
5270,0a30721e-1c07-4bc6-a7d2-35cbb8e1fb05,Cold Top shoulder ,BBE2AD,top,tops,3,warm,classic,freetime,smooth,False,3,3.1
5271,c89d56d5-584f-46bf-b80d-b50e805b629d,Cerise Jumpsuit solid ,164A0A,jumpsuit,jumpsuit,3,warm,classic,work,smooth,False,1,1.2
5272,c89d56d5-584f-46bf-b80d-b50e805b629d,Cerise Jumpsuit solid ,00008b,jumpsuit,jumpsuit,3,warm,classic,work,smooth,False,1,1.2
5273,c89d56d5-584f-46bf-b80d-b50e805b629d,Cerise Jumpsuit solid ,000000,jumpsuit,jumpsuit,3,warm,classic,work,smooth,False,1,1.2
5274,c89d56d5-584f-46bf-b80d-b50e805b629d,Cerise Jumpsuit solid ,666633,jumpsuit,jumpsuit,3,warm,classic,work,smooth,False,1,1.2
5275,c89d56d5-584f-46bf-b80d-b50e805b629d,Cerise Jumpsuit solid ,800000,jumpsuit,jumpsuit,3,warm,classic,work,smooth,False,1,1.2
5276,7635edd9-42a4-4ace-8b84-83a7ca5968cb,Indie Bag anhka ,C19A6B,bag,crossbody,2,warm_season,boho,work,smooth,False,4,4.3
5319,19c53a3d-d5e0-4df1-9d9f-7eaff7ca5ae8,Great Dress dots ,00008b,dress,wrap,3,warm_season,classic,freetime,polka_dot,False,1,1.1
5324,83ff0e6b-bc18-476c-8f09-813b51e015b0,Onldebbie Top vneck ,000000,top,tops,2,warm,classic,night,smooth,False,3,3.1
5325,8013ae84-e85c-4f23-84c0-7e40be2f3c2c,Vera Jeans denim ,000000,bottoms,cigarette,2,warm_season,classic,freetime,smooth,False,2,2.2
5326,511eb853-a649-475b-a54d-16737d622f95,Ware Dress noa ,00008b,dress,evase,3,warm_season,boho,work,sheets,False,1,1.1
5327,b4820339-f293-4f8f-9900-b33ba86e3078,Great Pant night ,00008b,bottoms,culotte,3,warm_season,boho,freetime,smooth,False,2,2.2
5328,4650f378-ee6a-4db8-84a3-cdac391fb497,Great Pant summer ,BBE2AD,bottoms,culotte,3,warm_season,boho,freetime,smooth,False,2,2.2
5338,253f18de-0c98-46fe-9add-f45da0104339,Jrqueen Jeans arisha ,00008b,bottoms,cigarette,2,cold_season,street,freetime,smooth,False,2,2.2
5343,91217fe3-cc0a-49e6-b629-7c8f0aadbfb1,Andre Tshirt zeze ,40E0D0,top,t-shirts,2,warm,boho,freetime,smooth,False,3,3.1
5344,91217fe3-cc0a-49e6-b629-7c8f0aadbfb1,Andre Tshirt zeze ,5F5E5E,top,t-shirts,2,warm,boho,freetime,smooth,False,3,3.1
5345,91217fe3-cc0a-49e6-b629-7c8f0aadbfb1,Andre Tshirt zeze ,FFC0CB,top,t-shirts,2,warm,boho,freetime,smooth,False,3,3.1
5355,990730f9-29c7-43a9-adbe-3dfab88ee0d8,Giacche Jacket long ,A57E62,outerwear,blazer,3,warm_season,classic,freetime,smooth,False,4,4.1
5356,990730f9-29c7-43a9-adbe-3dfab88ee0d8,Giacche Jacket long ,ECE9D6,outerwear,blazer,3,warm_season,classic,freetime,smooth,False,4,4.1
5357,bcb25a5a-8dac-4c25-b7f6-b550e18c47ce,Cerise Dress long ,000000,dress,with_pleat,3,warm,classic,freetime,floral,False,1,1.1
5358,bcb25a5a-8dac-4c25-b7f6-b550e18c47ce,Cerise Dress long ,FFFFFF,dress,with_pleat,3,warm,classic,freetime,floral,False,1,1.1
5374,2d301190-d042-42c9-a7e8-dc9bde41c177,Muse Top season ,DEB24C,top,tops,3,warm,boho,freetime,sheets,False,3,3.1
5375,268f6e55-b3ff-4bda-a0b8-38fc00ee59b1,Dala Jumpsuit summ ,00008b,top,sweatshirt,3,warm,boho,freetime,floral,False,3,3.1
5376,268f6e55-b3ff-4bda-a0b8-38fc00ee59b1,Dala Jumpsuit summ ,C7A2A2,top,sweatshirt,3,warm,boho,freetime,floral,False,3,3.1
5386,53623248-0143-40a2-a4ac-6f77298d815c,Shiner Tshirt peak ,666633,top,t-shirts,4,warm,boho,freetime,smooth,False,3,3.1
5387,53623248-0143-40a2-a4ac-6f77298d815c,Shiner Tshirt peak ,FFC0CB,top,t-shirts,4,warm,boho,freetime,smooth,False,3,3.1
5388,6a0231ae-ba60-4758-8c57-0ed81b1a5af8,Pocket Tshirt emijo ,ECE9D6,top,t-shirts,2,warm,casual,freetime,smooth,False,3,3.1
5674,98c51c8b-c467-4025-9517-806334bc8680,Sculp Jeans skinny ,00008b,bottoms,skinny,3,cold_season,street,freetime,smooth,False,2,2.2
