id,value,feature_id
00455560-362c-4b94-bdd0-f5c44e9d8c66,156,b04f2918-d31b-4885-9d1b-51afea03c53e
005f9e9b-50ed-4dde-bbb8-235848550db1,273,b04f2918-d31b-4885-9d1b-51afea03c53e
00624891-7070-466f-9c63-01523bb59781,beach_bag,83fc5808-9319-444b-a84e-a6ac4a8da9aa
00845e99-715e-40d5-8cf6-c2569f897884,measurements_xs,aca97a9c-bf69-4b4d-9ade-f92e82ea953a
00b61c53-33a5-4255-8dde-286370dca68b,88,51ac9ecd-7b74-4543-ac0c-4fe229da05a8
01075dfe-41ea-4699-bcff-f5de0763cff0,105,51ac9ecd-7b74-4543-ac0c-4fe229da05a8
010c4e8a-da4c-412b-88b6-449fb60caf44,trumpet_sleeve,b237632a-9b01-40e3-98b6-28b7b329968c
01361580-1c09-4836-b201-8208f9030d78,55,07f5ed21-5669-4cb5-93d8-622557af52ef
013d0fa7-e0a4-4533-b1f9-fd3d430e84e2,188,51ac9ecd-7b74-4543-ac0c-4fe229da05a8
01486d5b-d881-4105-a5b2-84414a0f1146,shimmer,3299a9a7-d387-4ffb-bb7d-fece852611f6
017baf4c-8409-41a3-aace-376e98e37ba4,one,604b76cd-27a8-45ef-8734-618639ff331a
01a2beea-f527-4378-ab09-598001e13c4c,190,51ac9ecd-7b74-4543-ac0c-4fe229da05a8
01dbc1b7-f898-43ec-af84-d21713887e83,291,b04f2918-d31b-4885-9d1b-51afea03c53e
02005d0c-ddd9-4a36-a3ea-425e81e44d0b,flanell,3299a9a7-d387-4ffb-bb7d-fece852611f6
02065fa9-3450-4fbd-9443-9563e554221e,75,cf5eaa67-9c73-4149-a259-917fd382928e
021536a8-d468-4ea5-8dc7-7a65c3450c00,drape,5645397a-9858-4e4a-9e06-acbadd463738
02257903-92fa-4ef4-8ba7-12758b989472,25,26211064-e59c-452e-9518-b6a0f53c2ce5
022bc709-2a40-4505-b4a5-4b64eb0cdce6,21,cf5eaa67-9c73-4149-a259-917fd382928e
023cbe24-37c9-4d4f-b08c-1bde7a00b440,212,07f5ed21-5669-4cb5-93d8-622557af52ef
02593002-34d9-4955-b9b5-a21143c183e5,3_4,980dcbd8-ac49-4295-bb21-faad5c1f8845
025c375b-3f66-4290-a107-1091b602eb2e,13,cf5eaa67-9c73-4149-a259-917fd382928e
029b96d9-7565-4354-bd50-18b74a9ef7cb,tight_chest,aca97a9c-bf69-4b4d-9ade-f92e82ea953a
02d8513d-bbc7-4595-895f-a2a84e92a16a,water,7298588f-755b-4951-9ddb-9ef63b924e1f
02dd9923-ee80-47bf-9130-68ecf6ba313f,coatigan,90d5a219-a892-411e-ba25-7244fa1e220c
0334fd5d-cada-48e8-9fcd-5d925eb20d80,bolero,90d5a219-a892-411e-ba25-7244fa1e220c
03361f27-53e9-4b05-8323-5824a02f071a,36,26211064-e59c-452e-9518-b6a0f53c2ce5
033b410b-1da0-429e-8488-85b8d5fee297,one_more,aca97a9c-bf69-4b4d-9ade-f92e82ea953a
0347c942-d634-45a4-9d11-3d120cbbf3e8,97,cf5eaa67-9c73-4149-a259-917fd382928e
034cdccd-b9fa-4b67-ac6c-936c961f7325,222,b04f2918-d31b-4885-9d1b-51afea03c53e
03608620-f056-48df-a7b3-5a2a8a4a6949,133,07f5ed21-5669-4cb5-93d8-622557af52ef
0362874c-974b-4fdd-aa57-e7e9b0df1a9f,overlap,5645397a-9858-4e4a-9e06-acbadd463738
036a6abf-699d-44e5-9dce-4fcc0f04de08,long_pants,8d59bf47-66f6-496f-a01b-b92d8e3c03e7
037a0dca-2409-4d0c-ad69-8296ee3593d9,73,cf5eaa67-9c73-4149-a259-917fd382928e
039cd169-ee43-4009-a501-623d4ed2776b,18,07f5ed21-5669-4cb5-93d8-622557af52ef
03dcc7b4-e1c1-4939-986f-11174f753077,144,51ac9ecd-7b74-4543-ac0c-4fe229da05a8
0438374b-b5bd-4f2b-8a60-e155ccd312bc,179,b04f2918-d31b-4885-9d1b-51afea03c53e
0449698d-7e41-4666-8cfb-dae4042e2a62,6,35095baf-b444-43bd-aedf-9360be23ab6d
047d1b25-2335-4a93-adb8-0ea3ba47df54,88,07f5ed21-5669-4cb5-93d8-622557af52ef
049e7ee7-34d6-455e-8eb9-4c51620a2299,shankless,df6269fb-f67c-4496-a840-dc2eebbb86cb
04afaee0-03d9-4911-a6f4-7286c373f6cf,jute,3299a9a7-d387-4ffb-bb7d-fece852611f6
04e1df7a-fa12-4421-aff2-b29dc106b041,kimono,90d5a219-a892-411e-ba25-7244fa1e220c
04e388d1-6426-4931-8449-95ab11388087,143,07f5ed21-5669-4cb5-93d8-622557af52ef
04f716e5-7da2-4479-9fcf-9b45897f7826,classic,c4ca680b-8672-4ff5-8ba8-f2e4094e6b60
05155868-5a51-4328-bec7-587f5f081148,frayed,ba21c1f7-d6a4-4b96-b16d-85cf32bde3da
05189b57-cd02-4472-9e21-bd3b54ab5dd6,93,26211064-e59c-452e-9518-b6a0f53c2ce5
055bff40-a46a-4912-8b35-df3d48afe857,1,b04f2918-d31b-4885-9d1b-51afea03c53e
05b6cfb0-97eb-47d1-b104-804895f6e334,144,07f5ed21-5669-4cb5-93d8-622557af52ef
05b7d94f-4e8b-48d6-8451-79db998ab5da,birkenstock,7298588f-755b-4951-9ddb-9ef63b924e1f
05bea7ec-cd1c-46ea-9057-283e8a2ba4a7,93,cf5eaa67-9c73-4149-a259-917fd382928e
0603ec52-045f-4aae-8707-59db649e4ad5,20,51ac9ecd-7b74-4543-ac0c-4fe229da05a8
060fdf38-9521-4ed9-8187-26482f443b98,95,b04f2918-d31b-4885-9d1b-51afea03c53e
064b62c5-b27b-47fc-8806-3dabbda5b293,strap,2e2a28f9-566d-419f-9081-cc9061324110
064e5945-259b-41b9-8d45-ac3fad89f5ff,pucker,ba21c1f7-d6a4-4b96-b16d-85cf32bde3da
065ee88a-58f3-4a6f-844c-d495c7c28c14,wave,5645397a-9858-4e4a-9e06-acbadd463738
0663a94d-7fc1-4427-9cdd-86e299c0fe86,rigid,ba21c1f7-d6a4-4b96-b16d-85cf32bde3da
06a01f53-5fd1-4608-b058-c94395a58e8c,270,cf5eaa67-9c73-4149-a259-917fd382928e
06e7c582-a46b-4767-8529-b9978f7feb0d,291,cf5eaa67-9c73-4149-a259-917fd382928e
071a308c-e312-4812-b35f-4fa7c47f5dca,47,cf5eaa67-9c73-4149-a259-917fd382928e
0724a661-6b68-4d56-98f7-e2888a52090f,92,cf5eaa67-9c73-4149-a259-917fd382928e
07597c0c-5681-4d63-a8aa-81674afdd155,fabric,3299a9a7-d387-4ffb-bb7d-fece852611f6
07613004-f596-4351-a1f6-bcbd2913d6ce,total_look,aca97a9c-bf69-4b4d-9ade-f92e82ea953a
07a9c9a9-8381-42fc-863e-7616f7b31304,214,07f5ed21-5669-4cb5-93d8-622557af52ef
07c3d808-6778-4e73-846f-60001c7f76ec,99,51ac9ecd-7b74-4543-ac0c-4fe229da05a8
07ca7e6e-9e19-4657-8a03-f8c68d078a6e,46,26211064-e59c-452e-9518-b6a0f53c2ce5
07d2cea3-1c70-4d86-9643-5811487fb7e7,239,b04f2918-d31b-4885-9d1b-51afea03c53e
07e31a5e-01ca-4986-9f83-67e7a360ca0c,vest,90d5a219-a892-411e-ba25-7244fa1e220c
07ec29ec-9a77-4222-9c98-3a1009a75c12,237,cf5eaa67-9c73-4149-a259-917fd382928e
081dce13-ebde-49f5-95d1-a2de759b8a41,87,26211064-e59c-452e-9518-b6a0f53c2ce5
083d5f07-a01d-4aab-a595-a0961a983bb5,161,b04f2918-d31b-4885-9d1b-51afea03c53e
08655ef3-0195-40ff-96d5-694c74120f38,5,35095baf-b444-43bd-aedf-9360be23ab6d
08665ac4-7c97-4d94-8d80-bb6a00930134,46,a772aec6-6c85-4169-b8ef-4ab0d132453d
08741c4a-11c8-488c-b0fb-fc0cba7529b8,160,cf5eaa67-9c73-4149-a259-917fd382928e
087ac47d-68bf-478e-b129-da5f2f785dd4,49,a772aec6-6c85-4169-b8ef-4ab0d132453d
087e848d-72f9-468c-b653-e55688925ab0,289,cf5eaa67-9c73-4149-a259-917fd382928e
0886a72d-641a-493b-8bf3-73c0a87fdda2,182,cf5eaa67-9c73-4149-a259-917fd382928e
08c03985-ac31-4a85-97e6-bb8e6734fa50,194,51ac9ecd-7b74-4543-ac0c-4fe229da05a8
08d42215-9dde-48ca-b05a-ecbc156d314d,38,cf5eaa67-9c73-4149-a259-917fd382928e
08d5c14d-b7e4-4951-a38e-f94bc63196df,contraste,395d4d49-a7b1-4e8a-8948-bc18beef1e44
08dfcc86-02e8-46a5-b6ac-6f88cc802225,plaited,10e14a5d-39b6-4045-93cc-1574f68606ec
09027afb-0a5f-4606-9ae2-f633386e9246,178,51ac9ecd-7b74-4543-ac0c-4fe229da05a8
0905e5e8-0004-442b-91c0-ca6e1ae41fde,211,b04f2918-d31b-4885-9d1b-51afea03c53e
0923b08d-6598-427d-a880-756fd6596219,night,144d677e-67cc-49b2-9be1-74af3ab02945
0928015c-6f9c-46be-bb4e-51223310e3e8,35,07f5ed21-5669-4cb5-93d8-622557af52ef
09469f3b-ef30-4f6b-9f7a-40f44037e953,51,26211064-e59c-452e-9518-b6a0f53c2ce5
0956065f-f830-46ce-8db3-7c82b0df46c0,72,26211064-e59c-452e-9518-b6a0f53c2ce5
096ed233-3dad-4d6d-a816-bb20f76573ca,fringes,5645397a-9858-4e4a-9e06-acbadd463738
09a7c566-cae0-4a56-bf53-08274d6c3908,33,cf5eaa67-9c73-4149-a259-917fd382928e
09aabcb3-0c2a-4a6a-97ef-35854ac903bb,202,b04f2918-d31b-4885-9d1b-51afea03c53e
09b91033-6d73-480b-8a8a-dfcbea57f96a,10,befe6d1f-f2c3-4ae7-8145-ffef4013324a
09d04600-7e70-4d07-b583-1f31f462735f,73,b04f2918-d31b-4885-9d1b-51afea03c53e
09fe70ef-4b66-4449-9d4c-32dd4a4e4fe5,aged,ba21c1f7-d6a4-4b96-b16d-85cf32bde3da
0a0e7d62-5718-49d2-be92-986595d92118,mules,7298588f-755b-4951-9ddb-9ef63b924e1f
0a2353ed-3482-4163-9ca4-46e6cf6ab717,texturized,ba21c1f7-d6a4-4b96-b16d-85cf32bde3da
0a23f8fa-5f54-4768-8278-3b34af11cd08,233,07f5ed21-5669-4cb5-93d8-622557af52ef
0a35d148-6ef3-48d7-ba26-53e8fb530fde,281,07f5ed21-5669-4cb5-93d8-622557af52ef
0a3733f6-3b5f-429a-b4ed-cf40f9205bca,39,51ac9ecd-7b74-4543-ac0c-4fe229da05a8
0a375cd5-eeb3-4230-9441-d592e7fda6ca,146,cf5eaa67-9c73-4149-a259-917fd382928e
0a63cb1d-7bd6-4a03-bd12-7369f1d90b14,81,51ac9ecd-7b74-4543-ac0c-4fe229da05a8
0a919bfb-4794-434c-98b5-c60039c331c1,ottoman,3299a9a7-d387-4ffb-bb7d-fece852611f6
0aeb167e-6178-47a4-be59-3942d5772108,39,07f5ed21-5669-4cb5-93d8-622557af52ef
0b0641bb-5943-47db-ae87-08b5866f3343,94,07f5ed21-5669-4cb5-93d8-622557af52ef
0b2b4e7b-5c2f-4855-b7ad-e173a9dc1abc,168,07f5ed21-5669-4cb5-93d8-622557af52ef
0b6faec7-1bc4-4ad1-9fd8-e1ebbd76b9ff,192,07f5ed21-5669-4cb5-93d8-622557af52ef
0ba1cb30-fb42-4209-946e-6d82ceecd567,crochet,10e14a5d-39b6-4045-93cc-1574f68606ec
0bdcebc8-9011-4820-ab6b-30acc90b3e1d,36,07f5ed21-5669-4cb5-93d8-622557af52ef
0c038349-30f1-46ac-abb4-f9f3210e6ba9,69,a772aec6-6c85-4169-b8ef-4ab0d132453d
0c17a40b-ac0e-49b3-b260-dbd1b1c17e6e,closed,d6f40fcf-5757-47a8-b7c5-469fba5289e5
0c1cab77-c23e-411d-b7e5-3a63df04ee89,bodoque,c67b06b1-1c40-42a5-b029-e70533146b9f
0c2b2235-e2a6-4ae9-ac72-566234194362,plaston_pocket,5645397a-9858-4e4a-9e06-acbadd463738
0c3756b4-7c4b-4964-96c2-42a5802555e7,lateral_opening,5645397a-9858-4e4a-9e06-acbadd463738
0c4068f3-82af-4571-bb59-a2f990b34ecb,182,51ac9ecd-7b74-4543-ac0c-4fe229da05a8
0c52c5e6-32e0-4639-9afd-cc92a6d8cbcd,metallic_fiber,c512d2ea-9d34-436a-909e-c4a70e1af07a
0c8df645-948b-47a1-b82f-397a7e89bf12,34,cf5eaa67-9c73-4149-a259-917fd382928e
0c8eb4ab-885a-4373-bad8-ce8cb1109189,mandarin_collar,083021ee-4f31-4175-b071-9f4883c84a53
0c94cd3e-3eb9-4846-a057-00b7f9f12bdf,engraved,3299a9a7-d387-4ffb-bb7d-fece852611f6
0c9db691-f57f-4858-9241-7cec14d388cc,7,07f5ed21-5669-4cb5-93d8-622557af52ef
0caad8e2-e1a6-4e99-9899-edb4739d7bed,55,cf5eaa67-9c73-4149-a259-917fd382928e
0cd6f297-c5dc-476a-8473-1c72aad062c8,72,b04f2918-d31b-4885-9d1b-51afea03c53e
0cd82ed1-04bb-45d7-88bf-5adc8b3cbedd,138,07f5ed21-5669-4cb5-93d8-622557af52ef
0cd98a35-f314-4664-ac77-6d15f5196919,277,cf5eaa67-9c73-4149-a259-917fd382928e
0cf27fa8-589c-4db3-95f7-1878935aaff9,placket_pocket,5645397a-9858-4e4a-9e06-acbadd463738
0cfd11d4-8cc1-4768-afcd-c7132bc196bd,15,cf5eaa67-9c73-4149-a259-917fd382928e
0d0a2d0d-a155-45f3-b1c2-395e09914dfe,49,cf5eaa67-9c73-4149-a259-917fd382928e
0d1261bf-4cd4-4625-9175-dd2db2d2c6f6,shirt_sleeve,b237632a-9b01-40e3-98b6-28b7b329968c
0d17b9ad-d987-4447-83b3-69d46b714439,165,b04f2918-d31b-4885-9d1b-51afea03c53e
0d262eed-551e-45d0-983c-bca05eabe980,74,26211064-e59c-452e-9518-b6a0f53c2ce5
0d783a7b-315a-44da-b81e-5733ba5e8d23,272,cf5eaa67-9c73-4149-a259-917fd382928e
0d8973f4-53c6-4643-a812-4b6168c697c9,chenille,3299a9a7-d387-4ffb-bb7d-fece852611f6
0d89cd97-9e1b-4cb3-89fc-6773540db9e8,26,26211064-e59c-452e-9518-b6a0f53c2ce5
0dc45cba-3b03-4f95-a1d0-7f8b12589129,37,b04f2918-d31b-4885-9d1b-51afea03c53e
0df49f18-01db-4f83-ab73-476916615def,282,b04f2918-d31b-4885-9d1b-51afea03c53e
0dfdbf87-4b01-4532-89f8-c1638cf32a78,polyethylene,c512d2ea-9d34-436a-909e-c4a70e1af07a
0e04d7a3-e1b1-4ccc-94a5-7b26a81f9e27,67,51ac9ecd-7b74-4543-ac0c-4fe229da05a8
0e0e27b1-5e03-40a9-bde7-ffd3f4c892dd,cracked_neckline,aebb8442-3325-470f-a76e-fbd9c5596d3d
0e23862b-6e7d-49d7-ac6c-bb2963de25a3,bermuda,c4ca680b-8672-4ff5-8ba8-f2e4094e6b60
0e69d030-6f3e-4abb-a916-e0e4471693c4,knit_skirt,23da088e-f468-4beb-abc7-60397ae512ed
0e86db51-1938-4853-9369-e7944325ca7a,cape,90d5a219-a892-411e-ba25-7244fa1e220c
0e8fc0bd-5841-469a-8c95-65dee830980c,164,51ac9ecd-7b74-4543-ac0c-4fe229da05a8
0eb07eb6-5637-4225-acab-57c2aeff2a7e,93,a772aec6-6c85-4169-b8ef-4ab0d132453d
0ee9f552-9b0a-4088-86e4-c145b4fcbc83,286,b04f2918-d31b-4885-9d1b-51afea03c53e
0ee9f564-1d84-4c16-8227-802613b88a09,63,26211064-e59c-452e-9518-b6a0f53c2ce5
0f1be0c4-0a31-4e97-b0de-c48ef6282103,166,51ac9ecd-7b74-4543-ac0c-4fe229da05a8
0f227e7f-faca-4973-afe3-f1410745d216,140,51ac9ecd-7b74-4543-ac0c-4fe229da05a8
0f355c8e-0f37-4a33-9ecb-32ce97fcce3d,252,07f5ed21-5669-4cb5-93d8-622557af52ef
0f70c56f-50b7-4472-bde2-2f42a987260e,126,b04f2918-d31b-4885-9d1b-51afea03c53e
0f795c5c-53c8-4974-a826-e83132dd5671,silky,ba21c1f7-d6a4-4b96-b16d-85cf32bde3da
0fa128e5-2c6b-404c-9236-b1f20986f1f2,4,51ac9ecd-7b74-4543-ac0c-4fe229da05a8
0fdcd2bd-f3dc-40c5-8996-10fbe1c93f52,true,1fa667be-9e01-40aa-9957-1928b972a483
1002acd3-de33-4756-9c2f-a694f77ed3df,105,b04f2918-d31b-4885-9d1b-51afea03c53e
1014bc3d-adee-4d78-8cc4-259b35138405,high,912cdb5d-2f9d-48ff-8795-73b629bee44b
102d46d6-e984-4749-b2c2-1c0ee65a8307,78,07f5ed21-5669-4cb5-93d8-622557af52ef
104cff90-a178-42c5-b273-2b204f06a324,184,b04f2918-d31b-4885-9d1b-51afea03c53e
106891a5-996e-4bd8-b34d-644c9587dbb8,9,35095baf-b444-43bd-aedf-9360be23ab6d
106ac2d9-15aa-4d58-83fd-e296046d887e,other,395d4d49-a7b1-4e8a-8948-bc18beef1e44
10796d0f-b2bc-44cd-8b97-de5d2a52e414,68,b04f2918-d31b-4885-9d1b-51afea03c53e
1080b2c0-f846-44e4-b74d-77bce7007980,buttonhole_pocket,5645397a-9858-4e4a-9e06-acbadd463738
108d047e-9bcc-4055-8d55-0682dfc42f2d,velvet,c512d2ea-9d34-436a-909e-c4a70e1af07a
109a94fe-ecbb-4da9-bed2-43e45846b048,59,b04f2918-d31b-4885-9d1b-51afea03c53e
10b1dc36-e0a3-493a-accf-e7d673f2089b,69,b04f2918-d31b-4885-9d1b-51afea03c53e
10ff94b7-bad0-4bf5-a0cd-921c05b38863,44,26211064-e59c-452e-9518-b6a0f53c2ce5
112de0ae-c423-4861-a9aa-3cd0b4af4f91,freetime,51a17f67-4b4a-4f03-8b4c-44418cc196f0
1166ad92-ca9f-41dc-a028-394fdd9e4662,8,a772aec6-6c85-4169-b8ef-4ab0d132453d
11ce21e9-a1c6-401f-913d-fd21720af1fc,34,a772aec6-6c85-4169-b8ef-4ab0d132453d
11de707e-5e3f-4ba7-a4fc-aa995fad5817,knot,5645397a-9858-4e4a-9e06-acbadd463738
11e64542-7eca-4841-b471-3ba9407ae183,4,07f5ed21-5669-4cb5-93d8-622557af52ef
11edec85-056b-4f7f-b75b-6f4ef3b936d9,printed,c67b06b1-1c40-42a5-b029-e70533146b9f
1221948d-f501-4c58-8a4e-160c23dfb4b0,124,cf5eaa67-9c73-4149-a259-917fd382928e
12372a5d-9304-486c-b919-b0f4f2677f10,48,51ac9ecd-7b74-4543-ac0c-4fe229da05a8
12372fa1-dcfb-4ac6-874f-a44585f3928c,173,cf5eaa67-9c73-4149-a259-917fd382928e
126c239c-60a2-48d2-8f73-5537a44fa822,39,a772aec6-6c85-4169-b8ef-4ab0d132453d
127d7974-8583-4105-b6db-46f6dd9bbdd6,283,b04f2918-d31b-4885-9d1b-51afea03c53e
12960324-5a81-42e6-b207-aa843c3c96b6,low,df6269fb-f67c-4496-a840-dc2eebbb86cb
12d14c1d-6b3f-412a-88e6-fe7bfefa93fd,34,51ac9ecd-7b74-4543-ac0c-4fe229da05a8
12e1702a-7623-4b11-a224-44601b67328c,64,26211064-e59c-452e-9518-b6a0f53c2ce5
13022971-51eb-4b54-b2d7-44575d122c3b,high_mandarin_collar,083021ee-4f31-4175-b071-9f4883c84a53
13257b5c-8bb3-484f-ae7a-5dc439bf138d,nobuck,3299a9a7-d387-4ffb-bb7d-fece852611f6
13262133-53a3-43a6-a15c-0698586f7203,60,51ac9ecd-7b74-4543-ac0c-4fe229da05a8
132dce4d-a85b-4043-a51c-30c13c569c0d,108,51ac9ecd-7b74-4543-ac0c-4fe229da05a8
13464f79-eead-400f-b12c-14668156abbe,6,b04f2918-d31b-4885-9d1b-51afea03c53e
13634d79-9dbe-499e-8b24-54388e2da871,88,b04f2918-d31b-4885-9d1b-51afea03c53e
136da866-02cf-436e-8b4f-c9651db54992,striped_fabric,3299a9a7-d387-4ffb-bb7d-fece852611f6
136e6343-7364-4ef5-83e2-867815cf75da,126,cf5eaa67-9c73-4149-a259-917fd382928e
138a17ed-1bc1-4c31-85cf-3ed7c5d2240c,51,07f5ed21-5669-4cb5-93d8-622557af52ef
138d4870-9fda-4b2a-879e-c027d4451736,83,b04f2918-d31b-4885-9d1b-51afea03c53e
139ea424-8c81-4dac-bf8a-9bbd8f84e766,153,07f5ed21-5669-4cb5-93d8-622557af52ef
13a570f9-97bf-4db8-bf82-f8f52db7f5a2,tender,395d4d49-a7b1-4e8a-8948-bc18beef1e44
13b2f5cb-c2f0-4294-8c0d-71412573e2d0,222,cf5eaa67-9c73-4149-a259-917fd382928e
1427140a-450c-41b7-9ac3-7f486030e61e,4,d5915843-8008-4113-8bbd-37991b2cdb9a
142a167a-29f0-4449-97e6-ab2407cc3d4b,destine,aca97a9c-bf69-4b4d-9ade-f92e82ea953a
143fb12a-c127-4cc2-a28c-66e901fc4642,181,51ac9ecd-7b74-4543-ac0c-4fe229da05a8
147224b8-d63e-4706-bfa2-34e20d72234b,measurements_l,aca97a9c-bf69-4b4d-9ade-f92e82ea953a
147e16ce-7665-469c-94ab-8de23d50a3f4,76,cf5eaa67-9c73-4149-a259-917fd382928e
149e68db-60bc-44fc-b75e-a353152b7e6d,173,51ac9ecd-7b74-4543-ac0c-4fe229da05a8
14a6c3d3-d7dd-4598-bdbe-b10787fadc4a,238,b04f2918-d31b-4885-9d1b-51afea03c53e
14b1d059-618f-4716-aba4-5dcc2ab710de,sweatshirt,1fe4b964-e430-44b9-9f6e-073351b8df88
14c2e8a4-cd89-4050-adbe-5e8e5bb6a4f1,pant_skirt,c4ca680b-8672-4ff5-8ba8-f2e4094e6b60
14f61dd1-f52e-46ae-8859-0cb1eedc50d2,five_pockets,5645397a-9858-4e4a-9e06-acbadd463738
150cdd13-80fa-46de-a49a-551448b3337e,128,07f5ed21-5669-4cb5-93d8-622557af52ef
151aa532-b42b-4fd9-85f6-4fed0b814ff0,mermaid,273c5d63-83f2-4f88-9841-15b99e5ee1a1
15758e5e-0e82-422e-89a7-dc6a81c2945b,dorsay,7298588f-755b-4951-9ddb-9ef63b924e1f
15a1ba61-eb11-44c1-bd4e-8790020dff44,big_1,ae2da038-0e80-464e-a334-197e65d06c18
15b4c10b-8e4d-4e9c-970a-3d9d0f695664,other,90d5a219-a892-411e-ba25-7244fa1e220c
15cdf276-c3b9-485f-b505-0ed2b575e289,140,cf5eaa67-9c73-4149-a259-917fd382928e
160f11a3-203e-4733-92e3-b59e58697776,58,b04f2918-d31b-4885-9d1b-51afea03c53e
163bcc57-98d7-429d-a449-26006a75e92e,264,cf5eaa67-9c73-4149-a259-917fd382928e
16668773-43aa-4d9e-a793-0f92fafff9f6,tissue,7298588f-755b-4951-9ddb-9ef63b924e1f
16a6c097-fa9f-44da-809f-0ccae4ae77a6,41,a772aec6-6c85-4169-b8ef-4ab0d132453d
16b499ef-034f-40d1-b41a-5d7b3724fc3f,31,cf5eaa67-9c73-4149-a259-917fd382928e
16d942a8-b3f5-4a2a-a2c4-12262025f780,54,07f5ed21-5669-4cb5-93d8-622557af52ef
170b0ba8-353c-469d-b7c3-4acf26634e98,38,b04f2918-d31b-4885-9d1b-51afea03c53e
1729b024-52d9-40fe-8591-217a250bc4ef,227,b04f2918-d31b-4885-9d1b-51afea03c53e
17512905-feb4-4543-acdc-b1a380e4549d,79,b04f2918-d31b-4885-9d1b-51afea03c53e
17862c96-fc5c-42ce-a4b1-7a1123c6075e,162,51ac9ecd-7b74-4543-ac0c-4fe229da05a8
178b4d8d-40ad-4614-9294-6a86be14ca26,95,a772aec6-6c85-4169-b8ef-4ab0d132453d
17a8c8e3-d799-4a54-b698-e8838040923d,49,b04f2918-d31b-4885-9d1b-51afea03c53e
17d01e5d-140f-41d7-87cc-fa7aca5dea0b,linen,c512d2ea-9d34-436a-909e-c4a70e1af07a
17d0b2b7-bda7-4c9c-8841-59dc1d269b1c,1,51ac9ecd-7b74-4543-ac0c-4fe229da05a8
1891dd3f-2ffe-4d5d-9027-e02bd9daf960,26,07f5ed21-5669-4cb5-93d8-622557af52ef
18a8eaa2-ddb8-4047-a73e-e4899922b556,tartan,c67b06b1-1c40-42a5-b029-e70533146b9f
18bbedb5-1f0b-4dc7-818c-b738c4052efd,28,b04f2918-d31b-4885-9d1b-51afea03c53e
18f3c21c-621c-447f-90a4-279e2c5d4eb0,152,b04f2918-d31b-4885-9d1b-51afea03c53e
18fff60b-e6a8-4e8a-a8a5-32c3512e7b77,208,cf5eaa67-9c73-4149-a259-917fd382928e
19484898-b58a-4518-80e0-c770698ef748,61,07f5ed21-5669-4cb5-93d8-622557af52ef
194dd720-4e85-4100-aafb-cdf005d972da,262,07f5ed21-5669-4cb5-93d8-622557af52ef
19561dcb-5238-4916-9c9b-921e2b424e99,13,a772aec6-6c85-4169-b8ef-4ab0d132453d
1975a45c-eba8-4908-ac3e-10b02c445a28,10,a772aec6-6c85-4169-b8ef-4ab0d132453d
199a3cba-5884-44c5-95e6-b976fffe1092,240,cf5eaa67-9c73-4149-a259-917fd382928e
19eeaef7-553f-423c-bc35-813ebd7c6efc,laser_cut,ba21c1f7-d6a4-4b96-b16d-85cf32bde3da
1a197f1f-a861-4a72-ae43-f219285832a2,delicate,ba21c1f7-d6a4-4b96-b16d-85cf32bde3da
1a28e7d3-5dff-4b21-8d6d-45d92afa3518,74,cf5eaa67-9c73-4149-a259-917fd382928e
1a4567f3-960e-4e9f-9cdc-ffe41e965598,55,b04f2918-d31b-4885-9d1b-51afea03c53e
1abab97c-22ae-45df-843d-19704071df07,147,b04f2918-d31b-4885-9d1b-51afea03c53e
1af56fa7-5d57-4663-a156-f846c1cc00e1,faux_leather,c512d2ea-9d34-436a-909e-c4a70e1af07a
1afc64bc-98c8-46a6-ad01-1a8f678fd01a,201,b04f2918-d31b-4885-9d1b-51afea03c53e
1b189743-8080-488f-9a57-eab0f71646bd,300,07f5ed21-5669-4cb5-93d8-622557af52ef
1b8b0842-1069-4b92-a2d2-62826ebe26ea,peplum,3ee99982-484b-4f35-8357-8cac7bccbb73
1bafa3df-7c57-4458-9ff7-0780f8bed7be,170,07f5ed21-5669-4cb5-93d8-622557af52ef
1bcd244a-c2a5-4a4e-8572-b7459305a8b1,17,26211064-e59c-452e-9518-b6a0f53c2ce5
1bd4e6af-a308-4eae-bae9-abf259a293a9,98,a772aec6-6c85-4169-b8ef-4ab0d132453d
1bf2f050-0ac2-43fd-962b-1b5e658dafce,212,cf5eaa67-9c73-4149-a259-917fd382928e
1bfa1d8e-7c9e-4f0a-b790-92dbb361dac6,sack_pocket,5645397a-9858-4e4a-9e06-acbadd463738
1bfd483e-ab92-47d7-b264-486876e0bb02,44,cf5eaa67-9c73-4149-a259-917fd382928e
1c09bc69-4b40-409b-84d4-9008b7563a0a,79,a772aec6-6c85-4169-b8ef-4ab0d132453d
1c55e77e-7d5f-4ae6-bb94-0993b87b450b,97,a772aec6-6c85-4169-b8ef-4ab0d132453d
1c572cb4-239d-432c-8e2b-b29ef9f781cb,224,cf5eaa67-9c73-4149-a259-917fd382928e
1c821a27-638d-446b-ab56-71ce6bd1e206,98,cf5eaa67-9c73-4149-a259-917fd382928e
1ca83091-7f15-410c-b523-eb38b2a51df8,239,cf5eaa67-9c73-4149-a259-917fd382928e
1caeb21e-d1aa-4b6c-ab13-442334f54cfe,136,07f5ed21-5669-4cb5-93d8-622557af52ef
1cbabcc9-c200-4174-85db-7afedb0a47f8,35,51ac9ecd-7b74-4543-ac0c-4fe229da05a8
1cca3ead-91f1-4e3e-953d-f23e0f9fa674,raglan_sleeve,b237632a-9b01-40e3-98b6-28b7b329968c
1ce37d28-4cb6-49c3-8d5b-21b9d23119e2,82,26211064-e59c-452e-9518-b6a0f53c2ce5
1cfdcbf5-6288-4189-a68f-4c497fc282bf,196,07f5ed21-5669-4cb5-93d8-622557af52ef
1d083831-3281-40b1-876f-e555cb4e85b5,patchwork,3299a9a7-d387-4ffb-bb7d-fece852611f6
1d0a8c5c-88f7-4ac8-ae70-2591238fa147,66,51ac9ecd-7b74-4543-ac0c-4fe229da05a8
1d40ed78-6c98-4a2a-9ee7-c84d2e276e0d,99,07f5ed21-5669-4cb5-93d8-622557af52ef
1d5d8ac7-50b9-4cb1-882c-3385027ada7f,31,a772aec6-6c85-4169-b8ef-4ab0d132453d
1d67e280-bcff-4c56-82a1-da4542d562c3,chantilly_lace,3299a9a7-d387-4ffb-bb7d-fece852611f6
1d90a200-488b-41f1-a5a5-828d65c48090,ruffles,5645397a-9858-4e4a-9e06-acbadd463738
1db7d829-57da-4be9-abcd-a96a613aee9c,other,2e2a28f9-566d-419f-9081-cc9061324110
1e0f1986-faed-4875-a21d-c3454979c0ff,42,26211064-e59c-452e-9518-b6a0f53c2ce5
1e196050-b600-4580-be68-9b797e9f4849,37,26211064-e59c-452e-9518-b6a0f53c2ce5
1e1bf03f-9a0d-4806-8f47-355b5d5dfae5,lateral_pocket,5645397a-9858-4e4a-9e06-acbadd463738
1e1d1fd0-e5a2-4db8-b540-9f157b41d3a2,27,51ac9ecd-7b74-4543-ac0c-4fe229da05a8
1e1e8192-da85-432e-a062-5b15c6471ba7,false,1fa667be-9e01-40aa-9957-1928b972a483
1e7924d7-1894-40f7-8378-415accc7a592,100,a772aec6-6c85-4169-b8ef-4ab0d132453d
1e951b0d-c904-41c6-8761-5223862c1dfd,wide,d6f40fcf-5757-47a8-b7c5-469fba5289e5
1e952871-ef7a-4eb5-96b8-bcf1f63d7079,219,cf5eaa67-9c73-4149-a259-917fd382928e
1ea3074c-893d-4fba-b23f-cfe6b66132ba,110,b04f2918-d31b-4885-9d1b-51afea03c53e
1ebf7b96-c427-4e01-a9cd-4eb6c8ac5ee0,161,07f5ed21-5669-4cb5-93d8-622557af52ef
1ef65090-2854-4ef6-8f00-6e1c8cc54917,148,51ac9ecd-7b74-4543-ac0c-4fe229da05a8
1f2bdf3f-b902-4126-a3a1-01954da9dfec,85,b04f2918-d31b-4885-9d1b-51afea03c53e
1f320ea1-16d2-49ca-b843-7469bd372b48,277,07f5ed21-5669-4cb5-93d8-622557af52ef
1f33d527-6045-4358-afd9-602ae8644b43,elastic,ba21c1f7-d6a4-4b96-b16d-85cf32bde3da
1f37c89e-e989-4663-9a9e-bedb292feec2,crossed,273c5d63-83f2-4f88-9841-15b99e5ee1a1
1f73cfa4-01f3-4ad6-8668-2cfaedab2dfb,52,a772aec6-6c85-4169-b8ef-4ab0d132453d
1f9a3651-e39e-4ca2-b3f4-718446741041,11,cf5eaa67-9c73-4149-a259-917fd382928e
1fa3719f-7f49-43d3-9416-c38e10968ac8,ribbed,ba21c1f7-d6a4-4b96-b16d-85cf32bde3da
1fa69850-b4e7-454d-8669-3ffc585d1776,porous,5645397a-9858-4e4a-9e06-acbadd463738
1fad2edd-83ee-4028-b2a6-4664d26552cd,12,26211064-e59c-452e-9518-b6a0f53c2ce5
1fb7f7a4-152b-489c-a787-af1cf53721b7,151,07f5ed21-5669-4cb5-93d8-622557af52ef
1fbaba40-9827-494d-a6b1-9bf3a3a964b3,87,cf5eaa67-9c73-4149-a259-917fd382928e
1fcbc2c1-c167-424b-97e7-de3a6781f9c4,retro,c67b06b1-1c40-42a5-b029-e70533146b9f
20123a40-a007-40d9-be27-920d9229c866,musketeers,7298588f-755b-4951-9ddb-9ef63b924e1f
20419fb4-143c-44fb-947d-a49b94496a9e,76,a772aec6-6c85-4169-b8ef-4ab0d132453d
205c79c8-b8de-47fe-a6fe-2ae69c9d0a6e,295,07f5ed21-5669-4cb5-93d8-622557af52ef
207fe291-5f03-43cd-b528-0e897e3a3159,31,26211064-e59c-452e-9518-b6a0f53c2ce5
20bc1485-d0c4-4b2b-b0b4-c282c203431a,8,26211064-e59c-452e-9518-b6a0f53c2ce5
20c2ad1e-a6c7-4044-ac62-6ec8b0c410f2,28,51ac9ecd-7b74-4543-ac0c-4fe229da05a8
20d825a2-8375-49e5-822f-27549cd5257e,back_closing,2e2a28f9-566d-419f-9081-cc9061324110
20edbd1b-4738-4278-9b5c-932b536e5dea,spandex,c512d2ea-9d34-436a-909e-c4a70e1af07a
211f0108-65b8-4901-9648-5bcfc5cf549e,224,b04f2918-d31b-4885-9d1b-51afea03c53e
21246568-96aa-471c-be14-845bd10c3a8d,112,07f5ed21-5669-4cb5-93d8-622557af52ef
21263384-8081-4aa7-9656-63b48dd64c9a,high_quality,aca97a9c-bf69-4b4d-9ade-f92e82ea953a
214bd2c0-611e-47c9-8c7a-337926b8582e,81,cf5eaa67-9c73-4149-a259-917fd382928e
216bf201-e886-4e88-a097-1c92f1d0d020,187,cf5eaa67-9c73-4149-a259-917fd382928e
217cf13f-44af-4fa0-b7e6-985017cfb13d,0,b04f2918-d31b-4885-9d1b-51afea03c53e
219bc714-dab8-4340-a353-34a22a4e420d,7,51ac9ecd-7b74-4543-ac0c-4fe229da05a8
21a4c966-b3f2-46fa-85a6-cfbf87d7efc1,laces,2e2a28f9-566d-419f-9081-cc9061324110
21c7483f-2761-44c8-abc2-a34e196a1708,trim,5645397a-9858-4e4a-9e06-acbadd463738
21d31891-02b6-440f-977c-dbe1f02debd2,59,51ac9ecd-7b74-4543-ac0c-4fe229da05a8
21d8739d-25f6-48b7-a909-14d59848db24,22,26211064-e59c-452e-9518-b6a0f53c2ce5
21f6657b-d656-4952-919d-5f8f163afb87,bandana,befc364a-c636-4c58-a43b-13e0e278b291
22088286-2e51-4071-abad-ae783b7f7b19,293,cf5eaa67-9c73-4149-a259-917fd382928e
2251661a-3fef-471c-9a05-637ef3e61398,236,07f5ed21-5669-4cb5-93d8-622557af52ef
22820ec1-1a6d-4b6f-959a-c3e6a930e88d,0,51ac9ecd-7b74-4543-ac0c-4fe229da05a8
22c3c7fe-4b07-464c-aa60-fdba48867af9,185,b04f2918-d31b-4885-9d1b-51afea03c53e
22d87566-a887-4a35-a93b-83f5bbcc3711,ruffled_skirt,23da088e-f468-4beb-abc7-60397ae512ed
22e04c7f-174c-4f6e-84e5-b89df80efdd1,290,cf5eaa67-9c73-4149-a259-917fd382928e
231341d1-4447-481e-8e9b-a46838221d91,espadrillas,7298588f-755b-4951-9ddb-9ef63b924e1f
234fc152-f890-4bad-9b45-4f0e32b1703c,70,51ac9ecd-7b74-4543-ac0c-4fe229da05a8
2364aca6-4baa-42b8-8e69-70cd830d6cae,25,07f5ed21-5669-4cb5-93d8-622557af52ef
23650c09-a226-466a-8b02-89b380852471,205,b04f2918-d31b-4885-9d1b-51afea03c53e
2395316b-0140-47c8-8d2a-804c2b3cd119,chino,c4ca680b-8672-4ff5-8ba8-f2e4094e6b60
23b7dd76-3e1b-443c-8b49-e28aae9f7db3,bat_sleeve,b237632a-9b01-40e3-98b6-28b7b329968c
23c2b433-07f7-4966-a478-ba40a3ff9c1b,30,cf5eaa67-9c73-4149-a259-917fd382928e
2407e3fc-726a-44f3-8344-0d8da811e1b8,59,26211064-e59c-452e-9518-b6a0f53c2ce5
242f6a35-7c1e-444c-9cc1-7e3aaf8510c2,176,cf5eaa67-9c73-4149-a259-917fd382928e
2487a377-edf2-4703-885e-9dc91f561279,scarf,befc364a-c636-4c58-a43b-13e0e278b291
24b7d0ea-793c-478f-a739-c57560ede07e,109,b04f2918-d31b-4885-9d1b-51afea03c53e
24cca2c1-3cc3-409d-ac0b-fdc2bd4dfa90,rubber,395d4d49-a7b1-4e8a-8948-bc18beef1e44
25023188-9d4b-495d-b937-dcb3a4c40f4b,wrap_skirt,23da088e-f468-4beb-abc7-60397ae512ed
254b263b-b58f-4212-b381-33c85da3e4c9,plaited,ba21c1f7-d6a4-4b96-b16d-85cf32bde3da
25757a20-3818-4962-9de7-17e1ed64fef6,wedge,7298588f-755b-4951-9ddb-9ef63b924e1f
26122ff4-b640-466a-8619-4f03629c6e5f,266,07f5ed21-5669-4cb5-93d8-622557af52ef
2631e69b-804f-4356-a8f8-b83be14de618,special_occasion,51a17f67-4b4a-4f03-8b4c-44418cc196f0
265ae746-04d6-4c81-8466-27747e83840d,tulle_skirt,23da088e-f468-4beb-abc7-60397ae512ed
265eac36-1a96-42e0-9994-898912493157,133,cf5eaa67-9c73-4149-a259-917fd382928e
2679297d-8007-4526-9893-434b0bef8c09,50,a772aec6-6c85-4169-b8ef-4ab0d132453d
272b20dd-5a8e-41d8-ae12-5cbf06dc573f,crossbag,83fc5808-9319-444b-a84e-a6ac4a8da9aa
2784bcdf-01f3-4ac0-b184-5af19033f0ea,160,b04f2918-d31b-4885-9d1b-51afea03c53e
278a7e9d-643c-4575-b125-ce9f2b591f53,83,07f5ed21-5669-4cb5-93d8-622557af52ef
27b11d9c-455e-4d5b-b2c6-508a779bddf7,101,cf5eaa67-9c73-4149-a259-917fd382928e
27bd22d9-8c2b-4e92-9c6a-6831a1516622,pleated,ba21c1f7-d6a4-4b96-b16d-85cf32bde3da
27c25cd1-7556-4a9c-a7e8-66d190e11e38,294,07f5ed21-5669-4cb5-93d8-622557af52ef
27caa49d-7397-486b-8e26-7a38cdfd3baa,137,b04f2918-d31b-4885-9d1b-51afea03c53e
27f0baa5-bd3e-4efa-aaad-c2e88f828d19,boot,7298588f-755b-4951-9ddb-9ef63b924e1f
27f91184-9ccd-4b1e-bc5f-358e226da953,298,07f5ed21-5669-4cb5-93d8-622557af52ef
283348b3-5306-43b6-8abc-996949070fc5,without_heel,f0b53b00-1374-4fcc-85be-4ee811615a42
28408059-9560-428c-be43-378a604ac3e8,32,26211064-e59c-452e-9518-b6a0f53c2ce5
28434a72-3229-44b6-8bc1-9557130e16b5,pinstripe_fabric,3299a9a7-d387-4ffb-bb7d-fece852611f6
284a6816-964e-4565-a9cc-305b64b94c7b,little,31c812d7-0127-4ce5-bda8-96e51574fd26
2895fd5a-0be1-4d63-a484-8b58a4dc64e5,50,cf5eaa67-9c73-4149-a259-917fd382928e
28973a66-8cc1-4dcc-9027-94c06643122f,90,b04f2918-d31b-4885-9d1b-51afea03c53e
289b8bf1-2823-40e2-a866-3adc5d297bad,175,07f5ed21-5669-4cb5-93d8-622557af52ef
28a02acf-cbdf-4f75-9015-f7b66e41a133,267,cf5eaa67-9c73-4149-a259-917fd382928e
28a17e52-8179-45b8-83db-1cb4e9bd783b,pashmina,befc364a-c636-4c58-a43b-13e0e278b291
28a576cf-6226-47ab-94b9-68506796a6bc,5,cf5eaa67-9c73-4149-a259-917fd382928e
28b1ba97-a370-42ae-9068-27a0444c51f3,thin,d6f40fcf-5757-47a8-b7c5-469fba5289e5
28b90f06-bcd5-454e-bc0c-857ea0d6f792,thread,3299a9a7-d387-4ffb-bb7d-fece852611f6
28c5b93c-c763-447a-992b-45202bfcb692,folded_line,5645397a-9858-4e4a-9e06-acbadd463738
293b4a22-eef6-4f4a-9aa0-aeaa956e3cdc,147,51ac9ecd-7b74-4543-ac0c-4fe229da05a8
2945a684-6df0-4c88-bf7a-4429f705783a,high,f0b53b00-1374-4fcc-85be-4ee811615a42
2968ba5e-35a4-46b8-8aa7-49746ed7cf30,knicker,c4ca680b-8672-4ff5-8ba8-f2e4094e6b60
29b24ade-8e9d-4020-8968-525c96cf94be,171,cf5eaa67-9c73-4149-a259-917fd382928e
2a005e6d-29c5-435b-835c-89ecedf68f49,backstitch,5645397a-9858-4e4a-9e06-acbadd463738
2a34c814-fd8e-44b8-b762-80e288d2582e,111,b04f2918-d31b-4885-9d1b-51afea03c53e
2a5e73d9-7acc-4ad2-8d42-61fdcc1b5c4d,11,26211064-e59c-452e-9518-b6a0f53c2ce5
2a6bac9b-c9a1-420e-84a6-e10cfe37927d,270,07f5ed21-5669-4cb5-93d8-622557af52ef
2a759f4e-60a3-4f3c-b4d8-6cb8e358e789,pencil,23da088e-f468-4beb-abc7-60397ae512ed
2a937e79-71fa-41a1-bc75-64ff24c84d92,sparkly,5645397a-9858-4e4a-9e06-acbadd463738
2a96bd99-a952-49a9-929a-9d5d88fea6ba,beads,5645397a-9858-4e4a-9e06-acbadd463738
2ab2566c-8fff-4470-89d5-141f86e8954a,straight,273c5d63-83f2-4f88-9841-15b99e5ee1a1
2abfde5c-48cc-44e9-8e1e-8dd2b3061953,159,b04f2918-d31b-4885-9d1b-51afea03c53e
2afb9540-5009-41d9-b9c5-c98d51950b78,four,604b76cd-27a8-45ef-8734-618639ff331a
2b344b89-751e-43fa-8512-39ff8da84a5c,20,cf5eaa67-9c73-4149-a259-917fd382928e
2b3defb8-85cc-4abe-9a89-b45877a5d102,222,07f5ed21-5669-4cb5-93d8-622557af52ef
2b4b6d44-0e9d-49d3-a34a-7a956f399e47,false,92c64a08-f4c8-4866-9d00-8c905a3e4d16
2b5c4db8-5dc9-438b-aa80-d6c1cb45fec5,26,a772aec6-6c85-4169-b8ef-4ab0d132453d
2b5dae81-7ba8-427b-b87f-114b1c54a04c,221,07f5ed21-5669-4cb5-93d8-622557af52ef
2b66e06e-378a-451f-a1db-2dee9c0b6527,19,cf5eaa67-9c73-4149-a259-917fd382928e
2b731852-255c-4003-a0b5-ac334a84d89b,waist_cut,3ee99982-484b-4f35-8357-8cac7bccbb73
2baf988b-c09f-420d-b2f1-07c3f3cb565b,92,26211064-e59c-452e-9518-b6a0f53c2ce5
2be1d87f-006f-41fc-9468-0755d0ec2c39,142,b04f2918-d31b-4885-9d1b-51afea03c53e
2bea0153-ff55-4606-9d4d-e15753892fe1,black_pleat,5645397a-9858-4e4a-9e06-acbadd463738
2c67324e-6f5d-4893-9ace-4fa1dacc9766,64,a772aec6-6c85-4169-b8ef-4ab0d132453d
2c6ff2e0-1337-44ae-abc2-8516cd044145,13,b04f2918-d31b-4885-9d1b-51afea03c53e
2cabbdfa-1811-44f2-a9a2-95a479143e26,sheets,c67b06b1-1c40-42a5-b029-e70533146b9f
2cac3d2f-fb6d-4fee-a989-09105ff99178,41,26211064-e59c-452e-9518-b6a0f53c2ce5
2cb25793-ff87-41a4-98de-f58b6f23a25c,at_the_elbow,980dcbd8-ac49-4295-bb21-faad5c1f8845
2cf85e29-6c1c-4c97-b951-e2ab10815d07,loose_chest,aca97a9c-bf69-4b4d-9ade-f92e82ea953a
2d08e851-4ecf-4563-a66a-9a1195896496,platform,395d4d49-a7b1-4e8a-8948-bc18beef1e44
2d1608cd-7d75-4d1c-9566-4fc454de50d5,109,51ac9ecd-7b74-4543-ac0c-4fe229da05a8
2d33a685-1942-4334-992c-0cc8128f37b5,217,b04f2918-d31b-4885-9d1b-51afea03c53e
2d451753-8b71-4940-901b-67e6aceded05,natural,3299a9a7-d387-4ffb-bb7d-fece852611f6
2d8ee571-8ef6-4133-a798-1be35d4a6572,108,b04f2918-d31b-4885-9d1b-51afea03c53e
2db09b90-303a-4152-81e2-853160692c23,tunica,273c5d63-83f2-4f88-9841-15b99e5ee1a1
2dd0b355-4ec0-48c2-a69c-8a0e37cb0d95,t-shirts,0ccb5374-db8c-4dbb-afae-6b2652af170d
2de89f91-6ef4-43e4-873b-ccf2b1bbfb52,plait,ba21c1f7-d6a4-4b96-b16d-85cf32bde3da
2e082f15-c6e3-4927-8e0d-448358a91d90,86,26211064-e59c-452e-9518-b6a0f53c2ce5
2e0dff50-462b-4101-bf62-caee5d7ca004,jumpsuit,90d5a219-a892-411e-ba25-7244fa1e220c
2e563945-eb25-4e30-bfd0-e76ca81b3178,119,07f5ed21-5669-4cb5-93d8-622557af52ef
2e733af0-6808-4451-a74a-2678426e35bc,265,cf5eaa67-9c73-4149-a259-917fd382928e
2e844a48-43d8-4605-ad0a-d42f5fee0862,lame,3299a9a7-d387-4ffb-bb7d-fece852611f6
2eafb5d7-89a5-4b3d-ae52-bf2116426a87,79,51ac9ecd-7b74-4543-ac0c-4fe229da05a8
2eba1d4f-fa8a-43e6-b419-b988892cc089,31,b04f2918-d31b-4885-9d1b-51afea03c53e
2ed1c1da-7e32-4be2-945e-994f6d67cf6e,91,a772aec6-6c85-4169-b8ef-4ab0d132453d
2efbc31c-dd19-4910-bc55-e128de0a849e,27,07f5ed21-5669-4cb5-93d8-622557af52ef
2f4a7885-00ac-4ea3-9aca-28edeaad606c,194,b04f2918-d31b-4885-9d1b-51afea03c53e
2f536813-ddbe-402a-95b4-68cc08ef815e,miniskirt,23da088e-f468-4beb-abc7-60397ae512ed
2f60e82c-d11c-44f0-ba49-d561c1425246,open_round_neckline,aebb8442-3325-470f-a76e-fbd9c5596d3d
2f8a3897-c8a5-4cc4-a73d-e01adbf74869,synthetic,3299a9a7-d387-4ffb-bb7d-fece852611f6
2fbd2a8d-ed88-4773-a099-b13bba6f09ae,220,07f5ed21-5669-4cb5-93d8-622557af52ef
2fc8167f-14db-47cf-9adc-fd9de439dc33,165,07f5ed21-5669-4cb5-93d8-622557af52ef
2ff3233a-c8b1-463e-86d5-3dd4ce21b448,8,35095baf-b444-43bd-aedf-9360be23ab6d
30040ff1-adea-41dd-ac36-b7f24579ea7e,upholstery_button,5645397a-9858-4e4a-9e06-acbadd463738
302e71bd-03e9-4036-9b91-b474dc80d055,123,07f5ed21-5669-4cb5-93d8-622557af52ef
3064f21c-2928-43a8-b677-c4e102d0f827,90,51ac9ecd-7b74-4543-ac0c-4fe229da05a8
30cd92bd-850e-473f-959e-756f4c1a2abd,drapped,10e14a5d-39b6-4045-93cc-1574f68606ec
30f1ac29-637c-48cc-a3ed-4728bcf7c9f3,pleated,5645397a-9858-4e4a-9e06-acbadd463738
311e246e-0333-4645-8b48-39d9cdebdb7a,three,604b76cd-27a8-45ef-8734-618639ff331a
3121b21c-ed25-4a20-97ed-de3c9f3b004f,53,a772aec6-6c85-4169-b8ef-4ab0d132453d
313e73d5-1462-42a5-9740-4be91086a688,121,b04f2918-d31b-4885-9d1b-51afea03c53e
3142ce4a-812d-4e47-b9c7-6d038ce6a767,149,51ac9ecd-7b74-4543-ac0c-4fe229da05a8
31806def-201d-46da-862b-7fae5daf2825,218,07f5ed21-5669-4cb5-93d8-622557af52ef
31a4f0e7-c81c-4829-8710-8514a9c8cde0,176,51ac9ecd-7b74-4543-ac0c-4fe229da05a8
31b4fc4c-70fb-4499-bbd7-626cb6ea1774,baize,3299a9a7-d387-4ffb-bb7d-fece852611f6
31e672d9-43c4-40ff-9e7a-80eb2c6dd2e7,pique,3299a9a7-d387-4ffb-bb7d-fece852611f6
31f01e95-d3e9-4164-b268-96f24c6fd334,lining,3299a9a7-d387-4ffb-bb7d-fece852611f6
320ac0d7-9337-485a-805d-cf13758c805c,oversize,269f2901-47ea-4485-9808-8293f11b831b
324b26d9-2ca0-45e6-8c71-718cd367796a,12,51ac9ecd-7b74-4543-ac0c-4fe229da05a8
32a7ee2f-7176-44f9-9d59-e36d74d354a8,30,b04f2918-d31b-4885-9d1b-51afea03c53e
32d0c739-9a97-4fcc-911d-4cc9703ebf0a,22,07f5ed21-5669-4cb5-93d8-622557af52ef
32d3a9ee-14e5-4944-903a-27a03135a81a,183,51ac9ecd-7b74-4543-ac0c-4fe229da05a8
33011674-3aff-4d9b-915f-e066416fdd90,189,b04f2918-d31b-4885-9d1b-51afea03c53e
333892fc-38bc-4890-a129-4db4bcff4435,jumpsuit,1fe4b964-e430-44b9-9f6e-073351b8df88
33405ddd-acb6-439d-a123-b5648d498f4b,122,cf5eaa67-9c73-4149-a259-917fd382928e
33418edb-c6fd-48c6-896f-3e23804dda3b,177,cf5eaa67-9c73-4149-a259-917fd382928e
334bb375-a516-44a6-844f-1c011093a124,90,cf5eaa67-9c73-4149-a259-917fd382928e
334d9ea2-1b91-458a-afed-838dcf79da1f,cigarette,c4ca680b-8672-4ff5-8ba8-f2e4094e6b60
33717619-19de-4559-960a-5a8db303b1ca,leather,c512d2ea-9d34-436a-909e-c4a70e1af07a
338af802-1085-4741-8db5-1c0cc55b55e6,70,a772aec6-6c85-4169-b8ef-4ab0d132453d
33909874-a197-4549-bde0-acf48d628e57,lurex,c512d2ea-9d34-436a-909e-c4a70e1af07a
33c7e21f-ebb2-475e-b50c-4bfcf62809db,198,cf5eaa67-9c73-4149-a259-917fd382928e
33c81f32-4c60-4b7a-b0ad-d9a20fba5566,198,b04f2918-d31b-4885-9d1b-51afea03c53e
33cefa87-5e12-4e2c-b5f0-e7e142fcf5d8,frill,23da088e-f468-4beb-abc7-60397ae512ed
33e21f5d-34db-43ed-8d1b-d1765b945e4a,209,cf5eaa67-9c73-4149-a259-917fd382928e
33e62d21-249b-4ae4-829c-8c4119a4308a,honeycomb,5645397a-9858-4e4a-9e06-acbadd463738
33f12961-e353-4d14-a7bc-4f20ffad7f00,24,26211064-e59c-452e-9518-b6a0f53c2ce5
3411fc24-5190-47b8-ac12-ce2ad39191f4,24,a772aec6-6c85-4169-b8ef-4ab0d132453d
344285ce-9270-43e5-a2a7-3a61ab48778c,21,a772aec6-6c85-4169-b8ef-4ab0d132453d
34ddaf1d-0eb3-4a72-a349-3900d2b1f339,175,cf5eaa67-9c73-4149-a259-917fd382928e
35050cbd-501b-456b-9152-ae27b607c0e4,triacetate,c512d2ea-9d34-436a-909e-c4a70e1af07a
351ae01f-3487-4abf-b84a-febf6e2dd8e0,openwork,5645397a-9858-4e4a-9e06-acbadd463738
3548779a-4454-4830-81fd-ecc71d44dea7,193,cf5eaa67-9c73-4149-a259-917fd382928e
354db1c8-9746-4e42-b2df-47aedf10968d,31,07f5ed21-5669-4cb5-93d8-622557af52ef
35501750-04e3-48bd-bfe4-3aa7d22e3baa,77,26211064-e59c-452e-9518-b6a0f53c2ce5
355e9e82-e31c-42b3-b1dc-4bea73b4cb0a,56,b04f2918-d31b-4885-9d1b-51afea03c53e
35792380-6ed5-409e-8715-ff4fa74562b5,puffed_sleeve,b237632a-9b01-40e3-98b6-28b7b329968c
35857f09-e443-408b-869b-366387a71b14,fold_sleeve,b237632a-9b01-40e3-98b6-28b7b329968c
35ad8c69-a8b2-41b1-88a0-809f0efe7a2f,49,51ac9ecd-7b74-4543-ac0c-4fe229da05a8
35c1b5ed-c594-471d-895d-4ea1fb250e63,160,51ac9ecd-7b74-4543-ac0c-4fe229da05a8
35d5e6f5-f945-4848-9794-b833ea6889cb,jersey,3299a9a7-d387-4ffb-bb7d-fece852611f6
35e4b660-0a6a-4795-b4ab-ee8663ac0fcf,190,07f5ed21-5669-4cb5-93d8-622557af52ef
362c6fac-486c-482e-a6f1-08f93a3e0fee,5,51ac9ecd-7b74-4543-ac0c-4fe229da05a8
365db8a3-aff1-4ce0-8d0c-05defff97491,56,cf5eaa67-9c73-4149-a259-917fd382928e
3679172e-d973-483e-b426-4b5431116090,23,cf5eaa67-9c73-4149-a259-917fd382928e
36a2ed9e-9847-4cf9-bbde-979818e74139,measurements_3xl,aca97a9c-bf69-4b4d-9ade-f92e82ea953a
36ae636e-6992-4e1a-a060-d1d64ed9ccea,lyocell,c512d2ea-9d34-436a-909e-c4a70e1af07a
370887ad-3281-409c-8da6-1c7bd80544be,basket,83fc5808-9319-444b-a84e-a6ac4a8da9aa
3728ebeb-dba3-40dd-888a-f4da9aa04a1b,ribbed,2e2a28f9-566d-419f-9081-cc9061324110
379e715f-783a-42ea-bb99-cbc9a0fb8bd2,259,b04f2918-d31b-4885-9d1b-51afea03c53e
37f515b7-dac9-4615-931f-f6d3d7ccba03,223,cf5eaa67-9c73-4149-a259-917fd382928e
37fca09c-a315-44ca-9378-39bae0c83d25,cape_sleeve,b237632a-9b01-40e3-98b6-28b7b329968c
3810b915-23e7-478f-b832-295e01f45cff,vichy,c67b06b1-1c40-42a5-b029-e70533146b9f
38166b78-960a-4cef-836a-d2bd52bbd24b,119,b04f2918-d31b-4885-9d1b-51afea03c53e
38397875-b8f1-4500-8a97-99c00ae8b813,264,b04f2918-d31b-4885-9d1b-51afea03c53e
383d48b3-8a19-44c0-8c24-704ea84f4cb2,209,07f5ed21-5669-4cb5-93d8-622557af52ef
38426de2-2448-480b-9d8e-9ea93abda232,47,07f5ed21-5669-4cb5-93d8-622557af52ef
386c578b-2a53-4c3a-b910-a980fb1773c0,3,26211064-e59c-452e-9518-b6a0f53c2ce5
386f86e0-0c60-4b7a-8a3a-a390f3e0391b,137,cf5eaa67-9c73-4149-a259-917fd382928e
389ee3df-0275-4bf3-ac34-5dd5bdc6b098,166,b04f2918-d31b-4885-9d1b-51afea03c53e
38e17dd4-5f44-4c8b-bac3-ecc3847111c8,181,b04f2918-d31b-4885-9d1b-51afea03c53e
38f314bb-dbee-482f-98b0-76c68e475fa3,safety_pin,5645397a-9858-4e4a-9e06-acbadd463738
38fb6d40-46f1-4b8f-8b19-6769e6e92687,33,26211064-e59c-452e-9518-b6a0f53c2ce5
39018cad-0eeb-4e2f-87dd-4f143919fd7b,pinafore,90d5a219-a892-411e-ba25-7244fa1e220c
390f05cb-7492-425c-8305-453e1fb3086a,262,cf5eaa67-9c73-4149-a259-917fd382928e
3949a7bb-4e89-4841-b915-10f13b50f2d6,163,51ac9ecd-7b74-4543-ac0c-4fe229da05a8
39765dec-070d-4687-839c-4b2cdfa6f784,laces,7298588f-755b-4951-9ddb-9ef63b924e1f
3989ddd9-01f9-45b5-ae79-8b8a9986a3a6,57,cf5eaa67-9c73-4149-a259-917fd382928e
399983fc-e186-4ea4-9765-8c139934031c,91,cf5eaa67-9c73-4149-a259-917fd382928e
39d53913-bd38-46ce-9a85-48d9b0a5ac4a,silk,c512d2ea-9d34-436a-909e-c4a70e1af07a
3a1237b0-8cf7-42aa-8da8-392b482bbd2d,logo,5645397a-9858-4e4a-9e06-acbadd463738
3a3524b8-b7a7-4e79-ba7e-aa4281b50195,216,07f5ed21-5669-4cb5-93d8-622557af52ef
3a507a95-ff27-4707-b0d8-a0622d783e97,high_neck,083021ee-4f31-4175-b071-9f4883c84a53
3a52c8b9-2732-486c-9724-d8598aa7030b,43,a772aec6-6c85-4169-b8ef-4ab0d132453d
3a833a17-a307-48fd-a43e-8ec0df340ec8,velvet,5645397a-9858-4e4a-9e06-acbadd463738
3abea507-8723-4736-8a82-65ca243af3a8,suede_leather,3299a9a7-d387-4ffb-bb7d-fece852611f6
3ac7ab37-a929-4816-a1c8-23dfeddec1be,flocked,ba21c1f7-d6a4-4b96-b16d-85cf32bde3da
3ad131b7-85bc-49e1-9633-1f11d3fb4f62,253,07f5ed21-5669-4cb5-93d8-622557af52ef
3b16b9a9-28b5-4421-a419-f2c0a580a622,2,26211064-e59c-452e-9518-b6a0f53c2ce5
3b41403a-deb3-4d3e-9547-e276fb248019,work,51a17f67-4b4a-4f03-8b4c-44418cc196f0
3b5641d9-3f19-48c1-9e92-1d82450a1b4d,zippered_pocket,5645397a-9858-4e4a-9e06-acbadd463738
3b740ef3-fddc-4277-9ebe-64e8e0e5aa90,chain,5645397a-9858-4e4a-9e06-acbadd463738
3b948745-e18b-4287-b4ec-a5f3c3f15e8d,298,b04f2918-d31b-4885-9d1b-51afea03c53e
3bc1df42-11f9-479b-b123-c85c57a6655f,194,cf5eaa67-9c73-4149-a259-917fd382928e
3bea363c-df02-4917-aca0-fd80ac043e9d,50,51ac9ecd-7b74-4543-ac0c-4fe229da05a8
3bf75b18-e479-43ff-b40e-b33f5996a5c4,waxed,ba21c1f7-d6a4-4b96-b16d-85cf32bde3da
3c033a46-1157-4e90-848c-a77930ed9169,174,cf5eaa67-9c73-4149-a259-917fd382928e
3c095d7d-6108-42d9-b1d3-19931394f408,cheesecloth,3299a9a7-d387-4ffb-bb7d-fece852611f6
3c0d9847-dba2-4f50-a24c-d9dc7e7f3094,40,b04f2918-d31b-4885-9d1b-51afea03c53e
3c35f01d-7c7e-42f4-87dc-afd80f4fa00d,44,a772aec6-6c85-4169-b8ef-4ab0d132453d
3c440e1e-5261-4baa-a635-3ccdf205f943,32,b04f2918-d31b-4885-9d1b-51afea03c53e
3ce9dcba-bf95-49f2-aa8f-76f740a5c23c,29,b04f2918-d31b-4885-9d1b-51afea03c53e
3d0e60e3-6b6d-47d4-ace2-d19385906f88,71,b04f2918-d31b-4885-9d1b-51afea03c53e
3d136f51-df5f-463a-8408-08c04c8ce275,99,a772aec6-6c85-4169-b8ef-4ab0d132453d
3d27acda-ced4-4d6c-a206-0a04dd205c7d,metallic_eyelets,5645397a-9858-4e4a-9e06-acbadd463738
3d43812f-6c58-44cb-b8df-b2f9dc87e9f6,false,5645397a-9858-4e4a-9e06-acbadd463738
3d439adb-1e0d-4228-8749-eba145ad3ac2,geometric,c67b06b1-1c40-42a5-b029-e70533146b9f
3d470160-0ff6-4357-8d15-8bb5d4f40aec,delicate_garment,aca97a9c-bf69-4b4d-9ade-f92e82ea953a
3d8714f0-dbd9-4987-a0b1-746d5ddc9c9b,cracked,ba21c1f7-d6a4-4b96-b16d-85cf32bde3da
3d947f3c-fa03-4667-b09a-25a8f2db2adb,80,26211064-e59c-452e-9518-b6a0f53c2ce5
3da89732-1f8e-40f1-bee7-6b29cd21d04b,231,b04f2918-d31b-4885-9d1b-51afea03c53e
3dab5c5c-7854-44a6-802f-0fa2f87bb920,1,d5915843-8008-4113-8bbd-37991b2cdb9a
3dd49fa5-e3a7-4475-b94a-6504cd8a353b,37,cf5eaa67-9c73-4149-a259-917fd382928e
3dfa26e6-1470-4c56-86fa-de0364e9f94a,false,531af7c0-fa3e-4045-a5cb-18413d80af09
3e1e63a5-d7ac-4f89-b8f1-c00c0417bdd5,duffle_coat,90d5a219-a892-411e-ba25-7244fa1e220c
3e4d0df9-4c34-4388-92bb-59be6406daa5,131,cf5eaa67-9c73-4149-a259-917fd382928e
3e53b443-72c1-4b4d-abdc-9b175a2cf017,137,07f5ed21-5669-4cb5-93d8-622557af52ef
3e5bb323-c90e-4764-9659-f2e56444a882,small_1,ae2da038-0e80-464e-a334-197e65d06c18
3e768b73-8072-4b61-9fc8-de035b80ce45,kimono,b237632a-9b01-40e3-98b6-28b7b329968c
3e852f36-ffdd-4faa-8b27-00792cd4bcee,25,51ac9ecd-7b74-4543-ac0c-4fe229da05a8
3e9aa368-0fb5-4349-b989-de109d6b4f7d,blazer,90d5a219-a892-411e-ba25-7244fa1e220c
3ede1470-2ccd-442a-9411-0f2f431639e4,close,ba21c1f7-d6a4-4b96-b16d-85cf32bde3da
3ef06d3b-d7cc-497e-b470-536bd93abc3c,6,d5915843-8008-4113-8bbd-37991b2cdb9a
3f161119-a597-4a89-ab3c-d547d9106225,22,b04f2918-d31b-4885-9d1b-51afea03c53e
3f32d1d6-ab50-430e-9cbf-5a9338b29a3f,50,07f5ed21-5669-4cb5-93d8-622557af52ef
3f9cb7b9-13ad-4e0c-9a32-5239d43d56ed,pinafore,1fe4b964-e430-44b9-9f6e-073351b8df88
3fb97a22-a2a2-44df-961b-cebd017de33d,114,51ac9ecd-7b74-4543-ac0c-4fe229da05a8
3fbf0cd1-8ad9-47cd-ba33-d47d5d05fc5d,144,b04f2918-d31b-4885-9d1b-51afea03c53e
3fe52c74-9bda-4bbe-9cce-a3019550314a,74,a772aec6-6c85-4169-b8ef-4ab0d132453d
3fe6f342-9f1b-423a-8693-182cad5e0409,slingback,7298588f-755b-4951-9ddb-9ef63b924e1f
4000e791-ba03-4ceb-bdc2-84165faa8a39,40,a772aec6-6c85-4169-b8ef-4ab0d132453d
4011ab92-2030-41f0-9dd9-973241dfbc0b,274,b04f2918-d31b-4885-9d1b-51afea03c53e
4018c129-acf7-4288-8509-908010d4966f,221,cf5eaa67-9c73-4149-a259-917fd382928e
40193610-2542-4d28-a63f-078467cb7f0a,45,26211064-e59c-452e-9518-b6a0f53c2ce5
40275ade-3b54-4dc2-81d9-6060a0f4319f,110,07f5ed21-5669-4cb5-93d8-622557af52ef
4028e975-543b-4f33-8306-89495df26778,40,51ac9ecd-7b74-4543-ac0c-4fe229da05a8
402d7328-f91d-488a-ad1c-53ecfd349095,heavy,ba21c1f7-d6a4-4b96-b16d-85cf32bde3da
40593616-cdaa-4881-88b8-b81636d5be11,172,51ac9ecd-7b74-4543-ac0c-4fe229da05a8
40997e23-f592-427c-b1b2-fe0940e04d31,263,cf5eaa67-9c73-4149-a259-917fd382928e
409f0799-02c6-42b9-9e87-1f43e4fc910b,military,7298588f-755b-4951-9ddb-9ef63b924e1f
40c91fb1-6490-44b1-b4f4-1a28e41752a5,177,51ac9ecd-7b74-4543-ac0c-4fe229da05a8
40ea86a5-5f10-4feb-93d1-5a5b94037b99,20,a772aec6-6c85-4169-b8ef-4ab0d132453d
40f48396-d3f5-406d-a07e-b3553517c713,birdseye,3299a9a7-d387-4ffb-bb7d-fece852611f6
41545c80-27f3-4bf6-b6b7-0c584af693bd,relief,395d4d49-a7b1-4e8a-8948-bc18beef1e44
417ed77a-1b9d-47f3-a4d5-2232d93caa44,slim_sleeve,b237632a-9b01-40e3-98b6-28b7b329968c
41a7adb9-d28c-4266-a45c-46013f78a594,130,51ac9ecd-7b74-4543-ac0c-4fe229da05a8
41d62f31-a92e-4ff2-9981-41f3cf46ebeb,super_elastic,ba21c1f7-d6a4-4b96-b16d-85cf32bde3da
41f38b29-ad1a-45cb-9f75-c97cda64c2f5,bootcut,c4ca680b-8672-4ff5-8ba8-f2e4094e6b60
421187bb-ba8c-445a-a03c-e17ed8a34c0f,open,ba21c1f7-d6a4-4b96-b16d-85cf32bde3da
4233781b-0b6c-49b5-a398-eef49e34cd7c,resistant,ba21c1f7-d6a4-4b96-b16d-85cf32bde3da
42392d76-7191-4f0e-93f6-b8b9a708ee40,95,07f5ed21-5669-4cb5-93d8-622557af52ef
423d0871-813d-4766-b5ec-fe886ca6fb92,142,51ac9ecd-7b74-4543-ac0c-4fe229da05a8
4265174e-6050-4e10-b15c-0d3c5072f892,peep_toes,7298588f-755b-4951-9ddb-9ef63b924e1f
42b5b7ff-b026-4b0d-933d-81922e1dd46a,145,b04f2918-d31b-4885-9d1b-51afea03c53e
42c38f7a-981e-4397-a97d-04ad47995bd8,96,cf5eaa67-9c73-4149-a259-917fd382928e
42cf8978-98e2-4070-9bdb-512cd775c033,148,cf5eaa67-9c73-4149-a259-917fd382928e
42db54c0-0c11-4dd6-a291-e169baa39153,134,cf5eaa67-9c73-4149-a259-917fd382928e
42fc7a2b-994c-4eb9-9b11-6636ce003c00,chunky,7298588f-755b-4951-9ddb-9ef63b924e1f
43022bcb-9b28-4bfe-af53-f0741145cc16,145,07f5ed21-5669-4cb5-93d8-622557af52ef
4349ce58-0b27-4521-bbdd-676b33dc5e18,shimmering,10e14a5d-39b6-4045-93cc-1574f68606ec
435b293c-210b-4b8c-8146-03d152f9abb6,263,07f5ed21-5669-4cb5-93d8-622557af52ef
43849fdb-1bee-4a9f-a1c8-dc28dfebc3d5,pucker,5645397a-9858-4e4a-9e06-acbadd463738
43935c23-467b-41ce-a61b-79511a49f7d8,8,befe6d1f-f2c3-4ae7-8145-ffef4013324a
43a86975-3073-456d-a2a5-02c6757badda,84,b04f2918-d31b-4885-9d1b-51afea03c53e
43aa573c-2e3a-43c6-9135-a775f5f49110,69,51ac9ecd-7b74-4543-ac0c-4fe229da05a8
43c47e0f-6a81-4a5b-828d-55e751a56ce8,frilled_sleeve,b237632a-9b01-40e3-98b6-28b7b329968c
43d6fd0f-dda1-4849-86d6-eac3a938630c,baggie,c4ca680b-8672-4ff5-8ba8-f2e4094e6b60
441944df-5dc1-4462-a182-0dfc62068fbf,280,cf5eaa67-9c73-4149-a259-917fd382928e
44353f20-62d2-4370-956b-34d81905d49c,raffia,c512d2ea-9d34-436a-909e-c4a70e1af07a
443b70a1-632b-4ad2-9045-440bcee8f693,warm_season,6e518bda-2083-41b9-89c0-6c52392261d3
44600246-29ad-45ed-8fde-39a35fbd1a3f,150,51ac9ecd-7b74-4543-ac0c-4fe229da05a8
447f4a39-4fe2-43f8-a9ac-59c92bd1a83a,232,07f5ed21-5669-4cb5-93d8-622557af52ef
448c3aa1-8ecb-420f-a748-6ca3d5ea5345,puff,273c5d63-83f2-4f88-9841-15b99e5ee1a1
44977f49-c7da-47f8-a719-b08552790a8f,cone,f0b53b00-1374-4fcc-85be-4ee811615a42
44a5bd97-c3ed-4933-a7ff-9c7984d5e101,215,07f5ed21-5669-4cb5-93d8-622557af52ef
44aa9a50-1b97-4adb-bf74-0e3751a0d2c6,straight,f0b53b00-1374-4fcc-85be-4ee811615a42
44b86207-b27c-44aa-a00e-686dcadf539d,comfort,aca97a9c-bf69-4b4d-9ade-f92e82ea953a
44bd109e-63b5-464e-9f03-b3ae5e576fdc,angora,c512d2ea-9d34-436a-909e-c4a70e1af07a
44f4202d-95cb-4d50-94db-24500e1def67,63,b04f2918-d31b-4885-9d1b-51afea03c53e
44fe9387-f107-4572-810f-efdb820e37e8,132,51ac9ecd-7b74-4543-ac0c-4fe229da05a8
450a4cc5-e046-4ce7-8c06-760c345e3fe1,162,07f5ed21-5669-4cb5-93d8-622557af52ef
4519ffb7-82ab-4f7a-b4b6-5fab503a5663,0,26211064-e59c-452e-9518-b6a0f53c2ce5
452d8e5b-26d5-41ed-884d-7dd0f1e2f60f,tube,23da088e-f468-4beb-abc7-60397ae512ed
4543d46d-f996-4115-b5bd-08a8c0f56d69,72,07f5ed21-5669-4cb5-93d8-622557af52ef
458aa972-e8cf-4072-ae41-8df8697a8493,277,b04f2918-d31b-4885-9d1b-51afea03c53e
4590d339-2471-45a0-be86-5c2496d8c3f4,button_back,2e2a28f9-566d-419f-9081-cc9061324110
459818a9-e1e8-4700-9bb1-127affa2530f,long_sleeve,980dcbd8-ac49-4295-bb21-faad5c1f8845
45aa831d-8db5-4ac2-91c5-09c9a4225df2,167,07f5ed21-5669-4cb5-93d8-622557af52ef
45ac86b5-fdc4-4fab-aa46-8efb02be120e,9,befe6d1f-f2c3-4ae7-8145-ffef4013324a
45cd472e-7701-468c-82f3-898db7aa5c85,89,b04f2918-d31b-4885-9d1b-51afea03c53e
45f07aae-73da-4af8-b8f9-fc229b0c57c3,139,07f5ed21-5669-4cb5-93d8-622557af52ef
4610af50-bc2b-44c5-9e39-7e97efafe253,85,cf5eaa67-9c73-4149-a259-917fd382928e
4648132e-fc9f-43b5-bda7-ed98083f7a5b,46,b04f2918-d31b-4885-9d1b-51afea03c53e
467734c6-860d-41a0-b024-76474ed9e97c,268,07f5ed21-5669-4cb5-93d8-622557af52ef
468e173d-9d46-4a88-910a-05813b518782,60,07f5ed21-5669-4cb5-93d8-622557af52ef
46d4a1d1-c057-49ba-a879-db85b0cda4b9,29,26211064-e59c-452e-9518-b6a0f53c2ce5
46e996f7-23ba-46f3-9cd1-e1ca30024a48,asymmetric,3ee99982-484b-4f35-8357-8cac7bccbb73
4718509d-8af9-45c7-9360-a05678861270,tight_waist,aca97a9c-bf69-4b4d-9ade-f92e82ea953a
471b1dbe-dfd0-4d86-94b0-d7e3882449b3,66,b04f2918-d31b-4885-9d1b-51afea03c53e
475bfe43-f613-4dd6-9112-415db030433d,84,a772aec6-6c85-4169-b8ef-4ab0d132453d
47b0d730-77c8-40e8-9fc8-e67d414b7376,208,b04f2918-d31b-4885-9d1b-51afea03c53e
47f789a1-33a7-41ac-8329-065ae4a736f7,curved,395d4d49-a7b1-4e8a-8948-bc18beef1e44
4819d7be-8261-4759-83d3-a994818449cf,203,b04f2918-d31b-4885-9d1b-51afea03c53e
485a95a0-4c0b-4bbf-8dd9-4a266c078ae7,15,a772aec6-6c85-4169-b8ef-4ab0d132453d
4865fbbb-b4e7-4346-94b7-b5a70c0c94f8,106,51ac9ecd-7b74-4543-ac0c-4fe229da05a8
4866eaa7-140e-44a8-8d4d-3520a7ea6e9b,espadrille,7298588f-755b-4951-9ddb-9ef63b924e1f
487c1245-1601-44c5-bb94-435fbe7830e1,104,51ac9ecd-7b74-4543-ac0c-4fe229da05a8
489d5d02-0f08-4508-a130-afc7927a93fb,cotton,c512d2ea-9d34-436a-909e-c4a70e1af07a
48b92705-c8ea-4e8e-9bc2-439bf30ce746,81,26211064-e59c-452e-9518-b6a0f53c2ce5
48d739a5-b65f-4997-934c-190fa3754479,82,51ac9ecd-7b74-4543-ac0c-4fe229da05a8
48eb8f55-b513-4ecf-b267-5f8d5794867d,15,51ac9ecd-7b74-4543-ac0c-4fe229da05a8
48f8c4af-4e7e-4180-94ab-0529daaf9d67,99,cf5eaa67-9c73-4149-a259-917fd382928e
48f8c64b-e4c7-4482-8101-f2ef779d42b5,46,51ac9ecd-7b74-4543-ac0c-4fe229da05a8
490a5d8d-bb6e-4cf7-bdbd-39e37e70d14a,199,b04f2918-d31b-4885-9d1b-51afea03c53e
490afe74-962c-45b6-b430-1b0e55cd73b0,poncho,90d5a219-a892-411e-ba25-7244fa1e220c
493b7e97-2a97-4f4a-8b44-637977379d5d,189,07f5ed21-5669-4cb5-93d8-622557af52ef
49409786-c9bb-43c0-8e57-dd3fffc9ca8e,150,b04f2918-d31b-4885-9d1b-51afea03c53e
49896009-32a9-4b8c-9645-744ff232a0a2,65,07f5ed21-5669-4cb5-93d8-622557af52ef
499eec89-b09c-4483-b698-571b07f62ca3,asymmetric,083021ee-4f31-4175-b071-9f4883c84a53
499f05ef-51f0-4122-9698-00614801e72a,201,cf5eaa67-9c73-4149-a259-917fd382928e
49c544d8-f4ac-47e8-b611-837adfde20cb,57,b04f2918-d31b-4885-9d1b-51afea03c53e
49d96b5a-58e7-439a-9813-d73c7e714a71,280,b04f2918-d31b-4885-9d1b-51afea03c53e
49f8d38a-6886-47bd-a143-5333a18c40cf,crystals,5645397a-9858-4e4a-9e06-acbadd463738
49fc1cf0-fa72-42f0-9b3c-a0c4dcc212e0,12,07f5ed21-5669-4cb5-93d8-622557af52ef
4a1458bf-d8ac-484b-b713-8e0bf007ab53,chiffon,3299a9a7-d387-4ffb-bb7d-fece852611f6
4a1d12fb-2f70-470d-9f2c-3b5477cb4834,81,07f5ed21-5669-4cb5-93d8-622557af52ef
4a1db1d8-695c-4dc4-8802-264fc6624f30,down_shoulders,b237632a-9b01-40e3-98b6-28b7b329968c
4a3a51a4-9cd6-4e8c-aa03-188f0af41b3c,gladiator,7298588f-755b-4951-9ddb-9ef63b924e1f
4a56ac01-fd00-4b21-bf7b-e03037958d8b,20,b04f2918-d31b-4885-9d1b-51afea03c53e
4a57c977-f686-4c8d-b5cb-86d08d56c81b,223,b04f2918-d31b-4885-9d1b-51afea03c53e
4a8ed080-f0b6-468f-b963-191b7547617a,parka,90d5a219-a892-411e-ba25-7244fa1e220c
4ac3a21b-ccc5-408c-bd8a-82bc74b1a771,with_pleat,273c5d63-83f2-4f88-9841-15b99e5ee1a1
4ac84b46-f9cc-478a-8a19-053dbe5827f0,wide_strap,980dcbd8-ac49-4295-bb21-faad5c1f8845
4acbd0b8-76aa-458b-b167-3fa7f1a25b63,true,571df263-3032-4f34-ac72-a31237700335
4add2853-da7e-4839-900b-0818758c1930,15,b04f2918-d31b-4885-9d1b-51afea03c53e
4ae8771a-1690-4f91-9c98-d5d4d8ce0244,26,51ac9ecd-7b74-4543-ac0c-4fe229da05a8
4af34acb-f76e-4a52-a39e-fa93ca379e5c,washed_out,ba21c1f7-d6a4-4b96-b16d-85cf32bde3da
4b24fbc8-dfe1-4815-88cf-d32fdd6307db,lurez_weave,5645397a-9858-4e4a-9e06-acbadd463738
4b38d6ca-b2e4-4d14-a12c-277697ae1452,108,07f5ed21-5669-4cb5-93d8-622557af52ef
4b721978-bb9c-4407-8cb2-0c2d96bc4d93,crossbody,83fc5808-9319-444b-a84e-a6ac4a8da9aa
4b9c3e4e-2e94-4269-8f42-5e5ff8d19360,69,cf5eaa67-9c73-4149-a259-917fd382928e
4ba2c557-cc92-4d3f-ac48-7cd334babbf4,breastfeeding,aca97a9c-bf69-4b4d-9ade-f92e82ea953a
4bbc7a03-2e80-4f5d-a845-186901b1ec31,other,d6f40fcf-5757-47a8-b7c5-469fba5289e5
4bbf7959-7a38-4562-90d3-1effa4f5e014,168,b04f2918-d31b-4885-9d1b-51afea03c53e
4bd3afc3-27cc-481d-91c1-0c4821a86c47,203,cf5eaa67-9c73-4149-a259-917fd382928e
4bd51238-d840-4f51-84d1-0f5660a5f0a9,stones,5645397a-9858-4e4a-9e06-acbadd463738
4bffeedd-b639-4475-933e-03f7fc90bde5,135,cf5eaa67-9c73-4149-a259-917fd382928e
4c04b9b0-123c-4847-ab01-64e0380159de,48,b04f2918-d31b-4885-9d1b-51afea03c53e
4c38134a-7913-44a6-89b3-3911499e4d88,vertical_stripes,c67b06b1-1c40-42a5-b029-e70533146b9f
4c42adae-4820-4087-bf01-94ed9842e37e,59,a772aec6-6c85-4169-b8ef-4ab0d132453d
4c6726be-eb41-4f88-b626-bbc2325aee2d,195,07f5ed21-5669-4cb5-93d8-622557af52ef
4c750b1e-dac1-40fe-9d48-0c5608bf6a50,151,51ac9ecd-7b74-4543-ac0c-4fe229da05a8
4c8ab6a8-efb6-4e34-9ede-f8f5da682523,288,cf5eaa67-9c73-4149-a259-917fd382928e
4c8afe9a-2ea5-4f63-af94-1342e8558a92,cracked_shoes,ba21c1f7-d6a4-4b96-b16d-85cf32bde3da
4c90828c-6517-46d5-8a50-fa982544f8b1,adjustable_hand,5645397a-9858-4e4a-9e06-acbadd463738
4c9945e5-4487-40d3-ac4d-0f39caa452c4,rough,ba21c1f7-d6a4-4b96-b16d-85cf32bde3da
4cc6b9e0-c975-4522-ac12-6c9c325f06ec,61,cf5eaa67-9c73-4149-a259-917fd382928e
4ce4e5e5-d98d-4b4d-864a-96228c6709cd,279,b04f2918-d31b-4885-9d1b-51afea03c53e
4cf8a801-0fcd-4d07-a183-da1dff39e7ed,27,b04f2918-d31b-4885-9d1b-51afea03c53e
4d2011f3-295f-44fa-a14f-f5ef22c40b0b,other,df6269fb-f67c-4496-a840-dc2eebbb86cb
4d341ff9-24fd-4c0f-a626-d803389e2001,156,cf5eaa67-9c73-4149-a259-917fd382928e
4d5b88a8-8cf9-44be-8ad5-6e94274057ed,camouflage,c67b06b1-1c40-42a5-b029-e70533146b9f
4d7213c6-789d-4025-8187-6a97bee42810,capri_pants,8d59bf47-66f6-496f-a01b-b92d8e3c03e7
4d9ff850-fda4-4af9-8c4e-92719f9581a2,291,07f5ed21-5669-4cb5-93d8-622557af52ef
4dc11a48-fcb5-4685-b039-d96f0f50635a,knitted,273c5d63-83f2-4f88-9841-15b99e5ee1a1
4df12999-7323-402f-9f16-38b90ccf8411,7,befe6d1f-f2c3-4ae7-8145-ffef4013324a
4df3c022-82bc-4687-ae67-902dedbb2863,184,51ac9ecd-7b74-4543-ac0c-4fe229da05a8
4e025f04-ca55-4c76-ad96-cd9cfdfd6821,maxi,e38453e1-5526-4f8b-8dd3-b5c5480d50df
4e143d7c-5d16-42cd-820a-42b7e5529a65,184,cf5eaa67-9c73-4149-a259-917fd382928e
4e209bc3-a626-4d69-a4c1-c193a2b0f82d,278,07f5ed21-5669-4cb5-93d8-622557af52ef
4e28a66e-0f74-4db1-b0b4-21954483ec2f,16,a772aec6-6c85-4169-b8ef-4ab0d132453d
4e2e9ea9-ebe3-4ace-9bc8-b61a93f5bc08,27,cf5eaa67-9c73-4149-a259-917fd382928e
4e31ae84-fda4-4b2a-aac9-f1dd4a96ce4a,balloon,273c5d63-83f2-4f88-9841-15b99e5ee1a1
4e4d5be7-7d4a-4806-bb34-199957651007,248,b04f2918-d31b-4885-9d1b-51afea03c53e
4e63d5a4-094f-4ad2-a2ed-605deb1729fa,2,a772aec6-6c85-4169-b8ef-4ab0d132453d
4e8a153b-92f3-4475-9a5d-43d76460313e,tulip_sleeve,b237632a-9b01-40e3-98b6-28b7b329968c
4e9059f6-a5de-4c12-a7ef-abd3079d9401,checked,c67b06b1-1c40-42a5-b029-e70533146b9f
4e90d8e0-2ccc-4112-8d25-645bae31d613,219,07f5ed21-5669-4cb5-93d8-622557af52ef
4eb40201-245a-4355-b2e2-baf10043e687,5,b04f2918-d31b-4885-9d1b-51afea03c53e
4eb7bd79-ff78-4fb8-854e-4efaa6d1aedb,53,cf5eaa67-9c73-4149-a259-917fd382928e
4ec2723f-3ece-46c0-90a5-e3423603d246,106,07f5ed21-5669-4cb5-93d8-622557af52ef
4f43f292-eb0a-4366-9125-89d6400ca666,creased,10e14a5d-39b6-4045-93cc-1574f68606ec
4f4f5d9a-2011-441f-9e55-e654b8718419,242,b04f2918-d31b-4885-9d1b-51afea03c53e
5047e836-1500-4bc7-a431-9dfe025b5335,denim,3299a9a7-d387-4ffb-bb7d-fece852611f6
50d749ed-12a3-48bb-88a9-ac8403bdc400,30,26211064-e59c-452e-9518-b6a0f53c2ce5
5115a7f4-c481-4f49-bf54-506badb69a95,metallic,ba21c1f7-d6a4-4b96-b16d-85cf32bde3da
5116fdee-3113-4175-b47b-e3a4c03ce0dc,24,07f5ed21-5669-4cb5-93d8-622557af52ef
5151c51b-0dc5-426e-b257-f7b95a88f474,174,51ac9ecd-7b74-4543-ac0c-4fe229da05a8
517436e7-c6b4-440c-a890-f60d3b37c344,elastane,c512d2ea-9d34-436a-909e-c4a70e1af07a
51789a72-1ee0-475f-bf1f-6df70abfa4bf,2,35095baf-b444-43bd-aedf-9360be23ab6d
51e0c4ca-3229-4b11-b621-9417143260d9,59,cf5eaa67-9c73-4149-a259-917fd382928e
51ef3159-10d7-4def-9148-45dfc5d19d72,tight,269f2901-47ea-4485-9808-8293f11b831b
51f35423-be43-4a9e-b747-db139a5c4b80,stirrup,c4ca680b-8672-4ff5-8ba8-f2e4094e6b60
523d4efd-7902-4a9e-9c83-545f4c031cec,anorak,90d5a219-a892-411e-ba25-7244fa1e220c
525464c5-4c7b-415c-a1ce-3e7a2e930808,culotte,c4ca680b-8672-4ff5-8ba8-f2e4094e6b60
52732e62-e4a2-4e39-bfa4-36ffea4ad694,80,cf5eaa67-9c73-4149-a259-917fd382928e
5277f56c-663b-4ea8-a119-49a2d272f6cd,171,b04f2918-d31b-4885-9d1b-51afea03c53e
52796119-3d9a-42c7-bbf9-82061c9bb95d,69,26211064-e59c-452e-9518-b6a0f53c2ce5
5298c259-53a2-48cf-b724-4474b5297587,157,07f5ed21-5669-4cb5-93d8-622557af52ef
529c05a2-7717-4777-9059-019fe72be917,260,07f5ed21-5669-4cb5-93d8-622557af52ef
52a66d3c-f03e-45b4-bdc8-f73b35185a0e,false,571df263-3032-4f34-ac72-a31237700335
52bbfd37-3df2-459c-aa65-1fcede48b75f,shoulder_pads,5645397a-9858-4e4a-9e06-acbadd463738
52d3588d-f9e1-4f54-b921-96bc8d4476c9,22,cf5eaa67-9c73-4149-a259-917fd382928e
52d84173-882a-48bc-98c2-da35a45c13c1,75,26211064-e59c-452e-9518-b6a0f53c2ce5
52eef9c8-0554-400c-9e9f-cff5f994f8dc,118,b04f2918-d31b-4885-9d1b-51afea03c53e
53b17a08-13a6-4139-a592-36b00485f904,101,b04f2918-d31b-4885-9d1b-51afea03c53e
53dead53-a92b-44f4-95e4-76baad37fb49,91,b04f2918-d31b-4885-9d1b-51afea03c53e
53ebc09c-4703-4c9d-98ad-62348acbc571,81,a772aec6-6c85-4169-b8ef-4ab0d132453d
53fef988-f7e4-4f2e-932d-e3eeade3429c,33,07f5ed21-5669-4cb5-93d8-622557af52ef
5402a236-e31b-4825-828c-5a049e9cc7af,164,07f5ed21-5669-4cb5-93d8-622557af52ef
54771403-0fba-493c-b828-4a650e30eadc,ostrich_leather,3299a9a7-d387-4ffb-bb7d-fece852611f6
54cbc11e-e007-4500-9e07-981608baaa63,300,cf5eaa67-9c73-4149-a259-917fd382928e
54d9de79-2e8c-41d1-94c4-2a1bd11b678f,80,b04f2918-d31b-4885-9d1b-51afea03c53e
54dd26d7-cfd0-4f1c-a283-ca6a3641d00f,292,07f5ed21-5669-4cb5-93d8-622557af52ef
54fd7928-a95d-47c9-8c44-34c45f9f35be,jegging,c4ca680b-8672-4ff5-8ba8-f2e4094e6b60
5506ba75-e18d-459d-b96c-b742468239d7,132,b04f2918-d31b-4885-9d1b-51afea03c53e
555e3ce5-b250-4904-9a20-721efa7fd5c7,suede,ba21c1f7-d6a4-4b96-b16d-85cf32bde3da
5579dbd2-7858-48cc-bd5e-52c3e78d5e72,154,b04f2918-d31b-4885-9d1b-51afea03c53e
557c07c7-d117-478a-8510-fd94a8a78f4a,51,b04f2918-d31b-4885-9d1b-51afea03c53e
557d051f-ef77-4eea-ab68-fcf208db8a41,299,cf5eaa67-9c73-4149-a259-917fd382928e
55aa7636-80ec-4af0-98be-8d7d07188632,237,b04f2918-d31b-4885-9d1b-51afea03c53e
55c46bc8-ef8f-49a9-853e-543370c183fb,212,b04f2918-d31b-4885-9d1b-51afea03c53e
55cfe256-fb8e-4738-a9fb-2230aa395c93,40,cf5eaa67-9c73-4149-a259-917fd382928e
55e52017-c4a5-47ab-97a3-7e6a9d587d53,1,07f5ed21-5669-4cb5-93d8-622557af52ef
56255794-7315-4dab-ac93-643be9e4cb23,240,07f5ed21-5669-4cb5-93d8-622557af52ef
565b57fa-3b76-4916-8416-bcbf8c427c9f,115,07f5ed21-5669-4cb5-93d8-622557af52ef
566ee842-9b39-4638-99d3-3b4e14b9dc1c,238,cf5eaa67-9c73-4149-a259-917fd382928e
5676d39e-d714-49b9-8336-75243f1da07a,60,cf5eaa67-9c73-4149-a259-917fd382928e
56b34cc1-4ce7-4137-a912-d05ac4d7e449,hard,395d4d49-a7b1-4e8a-8948-bc18beef1e44
56bedfb8-b687-437e-bdea-64f0c8e4a70d,44,51ac9ecd-7b74-4543-ac0c-4fe229da05a8
56d08472-21a3-45a4-b3b8-fc9460f7634a,ties,5645397a-9858-4e4a-9e06-acbadd463738
571bec87-75f4-4fbd-bda4-05d7e7c4546b,medium_rigid,ba21c1f7-d6a4-4b96-b16d-85cf32bde3da
572c4a32-0f58-4f57-aef2-06b18af1964b,215,cf5eaa67-9c73-4149-a259-917fd382928e
572facbd-50bb-4b7c-a063-8d2fbca99369,62,a772aec6-6c85-4169-b8ef-4ab0d132453d
57424c6a-92d8-4cea-ad1b-9d5c672d5bdb,thick,f0b53b00-1374-4fcc-85be-4ee811615a42
574a2793-ce73-4163-b8c6-10296e080f8b,84,51ac9ecd-7b74-4543-ac0c-4fe229da05a8
577b60c8-0f34-4989-831a-597897277c52,89,07f5ed21-5669-4cb5-93d8-622557af52ef
577ce037-cc4f-458c-98cc-1a3129f7fb19,big_3,ae2da038-0e80-464e-a334-197e65d06c18
57ba0b54-7c01-4e65-a66e-11fd40df161c,121,07f5ed21-5669-4cb5-93d8-622557af52ef
57bb1083-3209-4902-80b2-d4aa24ab2104,sporty,395d4d49-a7b1-4e8a-8948-bc18beef1e44
57e6d4dc-7b46-4d43-ae45-8f9edeb36d88,186,cf5eaa67-9c73-4149-a259-917fd382928e
57f4a32c-ef45-4eed-b4f0-f311ae821047,false_zip,5645397a-9858-4e4a-9e06-acbadd463738
5802b32d-d883-475d-a243-bcb5c61506cb,tulle,3299a9a7-d387-4ffb-bb7d-fece852611f6
5835f0bf-a907-49fe-855b-8ada9d6181be,metallic,5645397a-9858-4e4a-9e06-acbadd463738
584a5ab4-263d-4a52-9325-f46b18bb79b9,cotton_batting,3299a9a7-d387-4ffb-bb7d-fece852611f6
585a2677-15b1-45a9-844a-6d39fb7b7188,10,b04f2918-d31b-4885-9d1b-51afea03c53e
58a733c4-4f9f-4563-8a2e-e27d7bbbb557,spandex,3299a9a7-d387-4ffb-bb7d-fece852611f6
58bbd848-0c2e-41a3-a4f3-9e4306b06ab8,248,cf5eaa67-9c73-4149-a259-917fd382928e
58e6142e-26c7-40ef-abd4-ee1a7933e44f,210,07f5ed21-5669-4cb5-93d8-622557af52ef
591e5ec2-bc8c-4607-8136-06cefb295b95,other,083021ee-4f31-4175-b071-9f4883c84a53
59249a66-0b60-412f-9d6c-fd39e38e5069,260,b04f2918-d31b-4885-9d1b-51afea03c53e
5941f3e9-34b8-440a-b38a-6011b7664cee,polyamide,c512d2ea-9d34-436a-909e-c4a70e1af07a
59733f38-fa3c-4409-91ff-93677eed35dc,25,b04f2918-d31b-4885-9d1b-51afea03c53e
59c619ab-94e0-43a9-a0ac-439b7ade090f,straight_pants,8d59bf47-66f6-496f-a01b-b92d8e3c03e7
59d083c8-db9b-4e2d-8be2-814a18948f38,280,07f5ed21-5669-4cb5-93d8-622557af52ef
59db04bf-8dbb-4aa9-b98a-1f84c48d2adf,120,51ac9ecd-7b74-4543-ac0c-4fe229da05a8
59f3f8ce-eae4-4470-ac8c-2518f43e4ed5,55,51ac9ecd-7b74-4543-ac0c-4fe229da05a8
5a488229-9482-4b7f-b562-8af971f625ca,11,b04f2918-d31b-4885-9d1b-51afea03c53e
5a6b575d-bd5a-424b-8982-89f0b5ed4dbd,feathers,90d5a219-a892-411e-ba25-7244fa1e220c
5a827971-b131-49ae-837a-861f9c6f9b50,belt_bag,83fc5808-9319-444b-a84e-a6ac4a8da9aa
5ad77077-a06e-4bb7-823e-3ea65fc4cbf5,wide_leg,c4ca680b-8672-4ff5-8ba8-f2e4094e6b60
5ada8f9d-9de9-4aba-a459-385fedffd3b5,1,cf5eaa67-9c73-4149-a259-917fd382928e
5ae5112c-f1f1-4af7-868d-8d1658fecb03,228,cf5eaa67-9c73-4149-a259-917fd382928e
5aec1dfa-999b-4bb8-a488-1ae4130b8a5c,corduroy,c512d2ea-9d34-436a-909e-c4a70e1af07a
5af7bc33-64ab-4070-bf02-aadf9a66c6ee,straight,c4ca680b-8672-4ff5-8ba8-f2e4094e6b60
5b21ead9-29b3-467f-a324-36cca014229f,226,07f5ed21-5669-4cb5-93d8-622557af52ef
5b4a65b4-1fad-4852-898b-9b52009b904b,3,07f5ed21-5669-4cb5-93d8-622557af52ef
5b5a0d5c-6509-48dd-bf24-0b1aef63a5c6,204,b04f2918-d31b-4885-9d1b-51afea03c53e
5b70c26d-9d08-483f-b576-1fb594f6db5e,crochet,5645397a-9858-4e4a-9e06-acbadd463738
5ba115df-450c-4c9a-8056-8a4e8ec312d2,155,b04f2918-d31b-4885-9d1b-51afea03c53e
5baa1508-33d9-49b3-99ce-7fdb8edd8453,28,cf5eaa67-9c73-4149-a259-917fd382928e
5bc9f6cd-0f29-426d-8f64-7c7abd42d378,wide,df6269fb-f67c-4496-a840-dc2eebbb86cb
5bdfda25-dd96-471d-98e0-3975aec3189f,raincoat,90d5a219-a892-411e-ba25-7244fa1e220c
5be65ec1-b8a7-46ef-b1fe-ea495a52355f,11,a772aec6-6c85-4169-b8ef-4ab0d132453d
5bf0ba7a-7e30-4ca0-a3ec-3d44abd924cc,63,cf5eaa67-9c73-4149-a259-917fd382928e
5bf60724-9b3f-4d07-8d67-4e31c79ceb20,1,befe6d1f-f2c3-4ae7-8145-ffef4013324a
5bff62c9-0b67-4fd0-aafc-d4223fabe236,203,07f5ed21-5669-4cb5-93d8-622557af52ef
5c037546-c3c0-4d42-8ec3-2753a6d39e7c,closed_neckline,aebb8442-3325-470f-a76e-fbd9c5596d3d
5c418bcb-ca56-4a02-b97b-67002aa7724b,suede,3299a9a7-d387-4ffb-bb7d-fece852611f6
5c54f92c-f773-4a43-8b7f-0ab7c8347149,54,cf5eaa67-9c73-4149-a259-917fd382928e
5cacb5e8-be17-48d4-b9e0-3446c5ca7bff,96,b04f2918-d31b-4885-9d1b-51afea03c53e
5ce30476-8348-49c3-b62e-ba3bccdffec1,true,531af7c0-fa3e-4045-a5cb-18413d80af09
5ce5cc1f-b947-457d-b1f5-899bc34867e6,52,cf5eaa67-9c73-4149-a259-917fd382928e
5d27dbd1-9776-44a9-a62d-5609f0875aa4,230,07f5ed21-5669-4cb5-93d8-622557af52ef
5d73e87c-217d-4062-bccf-61cbbf06e4e8,4,35095baf-b444-43bd-aedf-9360be23ab6d
5d7b4b03-7029-42b0-bf34-361d4f47e152,283,07f5ed21-5669-4cb5-93d8-622557af52ef
5d970ee8-a54c-460f-a3a6-8664ea06046d,80,a772aec6-6c85-4169-b8ef-4ab0d132453d
5db4faba-cb8f-44fa-9068-6a2e44cf337f,stud,5645397a-9858-4e4a-9e06-acbadd463738
5dbc42f9-f4b5-46c0-a4c5-b29589c7013d,281,b04f2918-d31b-4885-9d1b-51afea03c53e
5dcc0d6f-f586-44d9-8e58-2cb0e868ddde,satiny,10e14a5d-39b6-4045-93cc-1574f68606ec
5de7db79-ae68-48c0-baae-6067c1f4c6c3,bare_shoulders,b237632a-9b01-40e3-98b6-28b7b329968c
5df5535f-a870-4aee-affe-3c72a5b8cb2c,128,cf5eaa67-9c73-4149-a259-917fd382928e
5e4ccc65-f34f-4162-b39a-2e3003631da6,129,b04f2918-d31b-4885-9d1b-51afea03c53e
5e55ae03-5b67-412d-b882-794f1386fdd8,cardigan,90d5a219-a892-411e-ba25-7244fa1e220c
5e62c5f7-5147-4a91-9c87-ca250c924e6f,velcro,2e2a28f9-566d-419f-9081-cc9061324110
5e717a0a-6ca8-4348-8546-b41413c8f37c,161,cf5eaa67-9c73-4149-a259-917fd382928e
5e817fba-bacb-4727-a242-6b1c4cb29d32,23,51ac9ecd-7b74-4543-ac0c-4fe229da05a8
5eb3dbf0-ba10-4136-995d-a2370480be0c,247,b04f2918-d31b-4885-9d1b-51afea03c53e
5ed9ac2d-a1ee-4b3b-bb52-384e63716646,24,cf5eaa67-9c73-4149-a259-917fd382928e
5ee0d8c8-3822-4b93-9bc3-cd3eedba3965,35,a772aec6-6c85-4169-b8ef-4ab0d132453d
5f203fe4-ca3c-4910-8a84-93a90c64c265,heel,7298588f-755b-4951-9ddb-9ef63b924e1f
5f374f9f-7a00-4e7c-9a22-27b2131a0e67,knee,e38453e1-5526-4f8b-8dd3-b5c5480d50df
5f8b27ee-18c0-4049-9b70-47e3cc2c1e04,romans,7298588f-755b-4951-9ddb-9ef63b924e1f
5f9cac07-d1b4-4c25-8e86-7054918653dc,126,51ac9ecd-7b74-4543-ac0c-4fe229da05a8
5fba39bf-9de7-4235-9e7a-a69233a16e9c,183,b04f2918-d31b-4885-9d1b-51afea03c53e
5fc091c1-fa87-45b5-878f-8deb38c39f5e,5,26211064-e59c-452e-9518-b6a0f53c2ce5
5fee30b0-418f-4cd2-8c96-e54342f76f75,258,cf5eaa67-9c73-4149-a259-917fd382928e
600a0bd9-32b7-4f79-b7ea-51dd07c5d577,tops,0ccb5374-db8c-4dbb-afae-6b2652af170d
60112f2f-1fbd-47fb-b819-15f03e1b030f,258,b04f2918-d31b-4885-9d1b-51afea03c53e
60296bfe-a279-436e-85d1-65dc76641e46,tall_clients,aca97a9c-bf69-4b4d-9ade-f92e82ea953a
6063b6fe-2675-4bd0-9d87-4e41179e0d25,29,51ac9ecd-7b74-4543-ac0c-4fe229da05a8
6065ea7f-ffb5-4869-a190-f1099458d9fc,51,cf5eaa67-9c73-4149-a259-917fd382928e
606e042d-65e6-4ef3-bac1-a82189b81aa1,other,c512d2ea-9d34-436a-909e-c4a70e1af07a
6077ac30-81b1-4bed-97e5-06a3889e1a2f,206,b04f2918-d31b-4885-9d1b-51afea03c53e
609c762e-e888-41d7-8167-58e8628e12f8,cretonne,3299a9a7-d387-4ffb-bb7d-fece852611f6
60a9877f-cfab-4327-aab3-dd020f792ea2,174,07f5ed21-5669-4cb5-93d8-622557af52ef
60cbb2c0-9c3b-4d58-b16b-6c108bdae62c,bardot_neckline,aebb8442-3325-470f-a76e-fbd9c5596d3d
60ea0ca1-a60a-416b-877c-24bd7832584b,fringes,10e14a5d-39b6-4045-93cc-1574f68606ec
60f400d9-1a86-48a5-96e4-c800b08f8cd1,125,cf5eaa67-9c73-4149-a259-917fd382928e
6102fb12-c55b-49df-b137-2cb0fcb836c2,beachy,273c5d63-83f2-4f88-9841-15b99e5ee1a1
610b4e07-83ae-4fb1-b810-c46ed58e156a,elastic_band,2e2a28f9-566d-419f-9081-cc9061324110
611a0d9a-27c5-40ce-9297-43fde42f416d,24,b04f2918-d31b-4885-9d1b-51afea03c53e
61202b01-96f1-49f4-b005-2f7c0739a424,244,cf5eaa67-9c73-4149-a259-917fd382928e
61536934-e98d-421e-91ef-9b13d44a3a5d,89,a772aec6-6c85-4169-b8ef-4ab0d132453d
615c53a8-aaba-4935-a003-70c205a59fa9,253,cf5eaa67-9c73-4149-a259-917fd382928e
61bfe896-fb48-4a0c-a8a6-210f8d2f00bb,crochet,3299a9a7-d387-4ffb-bb7d-fece852611f6
62323765-9920-4c49-a9f5-59e7be7251df,ring_pull,5645397a-9858-4e4a-9e06-acbadd463738
62335aab-feb5-4106-b419-92242d29ee3e,125,07f5ed21-5669-4cb5-93d8-622557af52ef
62492d39-eeca-4db7-8110-5adcfb8ab17e,275,b04f2918-d31b-4885-9d1b-51afea03c53e
629838a5-41e9-4b41-9313-d28e91b8c5f9,hand_handle,5645397a-9858-4e4a-9e06-acbadd463738
62f74f91-38bb-4257-8f25-dce01cf507e8,177,b04f2918-d31b-4885-9d1b-51afea03c53e
63162ab7-d6eb-45db-9293-a30628f1569c,v_neckline,aebb8442-3325-470f-a76e-fbd9c5596d3d
631ba17b-c1cc-4f7c-b40d-feb1c6755eba,hemstitch,5645397a-9858-4e4a-9e06-acbadd463738
634c8554-6b30-4b84-ac4d-054b51c21a00,229,b04f2918-d31b-4885-9d1b-51afea03c53e
6359b0bf-3af6-44e9-bf13-71c9fe0ead77,20,26211064-e59c-452e-9518-b6a0f53c2ce5
636ec317-4c7e-4140-949e-b81cdece4be4,10,26211064-e59c-452e-9518-b6a0f53c2ce5
638ecc58-5d28-426d-b861-a7ecd224beae,3,d5915843-8008-4113-8bbd-37991b2cdb9a
63de89e5-6cd6-4b93-9ea6-2f11eb45f381,296,cf5eaa67-9c73-4149-a259-917fd382928e
640d8778-a1bf-4a28-8180-47f7a77dc74f,96,a772aec6-6c85-4169-b8ef-4ab0d132453d
64248fac-8fce-465f-a141-0d109462c27f,67,b04f2918-d31b-4885-9d1b-51afea03c53e
6432ca27-00c3-41d2-bfa6-a5d8fb278977,straw,c512d2ea-9d34-436a-909e-c4a70e1af07a
643d43fe-baa8-4b50-937f-1afb03bd76e9,52,26211064-e59c-452e-9518-b6a0f53c2ce5
645c260f-4259-4b09-914b-617b30896e02,213,07f5ed21-5669-4cb5-93d8-622557af52ef
6471cafb-420e-4f13-bcb7-774d0e6f9b77,5,a772aec6-6c85-4169-b8ef-4ab0d132453d
6477d219-0a7c-466d-8fe1-c26b8dfb2368,kitten,f0b53b00-1374-4fcc-85be-4ee811615a42
6493e56f-8ba5-4521-a835-1aae78fbfd9e,elastic_band,aca97a9c-bf69-4b4d-9ade-f92e82ea953a
64b4c606-b4e8-4e42-aef6-318d72c5a1e8,10,cf5eaa67-9c73-4149-a259-917fd382928e
64d9efdb-d1f0-47f4-aef1-30daf0bf3cfc,141,b04f2918-d31b-4885-9d1b-51afea03c53e
652457ae-aab8-457a-b1a8-66deb031d7a7,76,26211064-e59c-452e-9518-b6a0f53c2ce5
6568f539-cf24-48ec-8938-9585b0626c47,207,07f5ed21-5669-4cb5-93d8-622557af52ef
65a7dc3c-d52c-4563-93d8-2f4398cd1d40,26,cf5eaa67-9c73-4149-a259-917fd382928e
65b92f9c-782b-4ad9-bd06-98d2f2ad18a1,38,51ac9ecd-7b74-4543-ac0c-4fe229da05a8
66339214-b62a-4133-abd3-cb66c02b5afa,metallic,10e14a5d-39b6-4045-93cc-1574f68606ec
663fe440-4656-473e-8e8b-e9da30239ab8,151,b04f2918-d31b-4885-9d1b-51afea03c53e
664c93f0-a489-4b5c-9c9d-ed35758f0d98,173,b04f2918-d31b-4885-9d1b-51afea03c53e
66531ad5-b744-41b8-bc42-9e447cb5157e,92,b04f2918-d31b-4885-9d1b-51afea03c53e
66c87a38-9373-465b-848d-1870889d14da,87,07f5ed21-5669-4cb5-93d8-622557af52ef
66d54b6f-9a19-47ec-897a-db8dc044ebf8,29,07f5ed21-5669-4cb5-93d8-622557af52ef
66daf2ec-e07b-4408-a4f5-fc599eeac539,pocket_leaning,5645397a-9858-4e4a-9e06-acbadd463738
66e30b9c-e6d0-4244-af7d-c60dbd8230a3,fret,5645397a-9858-4e4a-9e06-acbadd463738
66e30c7d-c907-485d-b2d2-aedd32eace63,7,cf5eaa67-9c73-4149-a259-917fd382928e
66fce5ea-d0ba-41c5-8802-417cd2411cad,42,b04f2918-d31b-4885-9d1b-51afea03c53e
67229db1-3ce5-4a49-8b66-cec17c35bd99,6,befe6d1f-f2c3-4ae7-8145-ffef4013324a
674bef5d-af0a-4c56-82d1-92ed04bd82d7,170,b04f2918-d31b-4885-9d1b-51afea03c53e
675ecbf1-0416-4b9d-afc0-5a7ff6ed0be7,129,51ac9ecd-7b74-4543-ac0c-4fe229da05a8
6775cbb9-7997-4d2a-aed4-202206951815,195,51ac9ecd-7b74-4543-ac0c-4fe229da05a8
67a5f588-f4ce-4409-8eeb-9837752ef631,measurements_xxs,aca97a9c-bf69-4b4d-9ade-f92e82ea953a
67bd7de0-cf20-4c70-a2e3-826c72495c40,brick,f0b53b00-1374-4fcc-85be-4ee811615a42
67c86a64-3982-4c53-b458-94d0829bca4d,undercut,5645397a-9858-4e4a-9e06-acbadd463738
67deeef5-4a78-48fc-a02a-4fadb99c3503,205,07f5ed21-5669-4cb5-93d8-622557af52ef
67ef09b4-d57d-44de-9bf9-3e17465ff05a,three_more,aca97a9c-bf69-4b4d-9ade-f92e82ea953a
67f8ed8d-1a1c-46af-acf5-bb28999327bc,19,07f5ed21-5669-4cb5-93d8-622557af52ef
680d910e-e229-4933-8a55-29e74fdded94,chiffon,c512d2ea-9d34-436a-909e-c4a70e1af07a
683160d0-3066-4714-b8cb-b26b5912ec63,flip_flops,7298588f-755b-4951-9ddb-9ef63b924e1f
68331919-e56a-4808-970d-8e29ee26e951,10,d5915843-8008-4113-8bbd-37991b2cdb9a
683bc113-d867-4fc8-a4f6-3d14f67e0a11,76,07f5ed21-5669-4cb5-93d8-622557af52ef
6842679c-7883-4964-9de0-3a3078291424,273,07f5ed21-5669-4cb5-93d8-622557af52ef
6857b635-7349-4f76-998b-b90b050a6688,42,cf5eaa67-9c73-4149-a259-917fd382928e
6862e7e9-068d-4151-b35d-341fca7f2cdd,180,51ac9ecd-7b74-4543-ac0c-4fe229da05a8
68776876-c218-4848-b892-a9ac32747214,35,cf5eaa67-9c73-4149-a259-917fd382928e
6879d089-0bed-4dec-8d14-64154fc0d138,low,912cdb5d-2f9d-48ff-8795-73b629bee44b
687a11f4-0130-4b36-bd7f-9eb79c6348e4,74,07f5ed21-5669-4cb5-93d8-622557af52ef
68999fb5-a82a-4939-9b2a-c8b9de14151d,271,cf5eaa67-9c73-4149-a259-917fd382928e
68b7b21a-44e3-4c64-bf26-73a43c1356a0,22,a772aec6-6c85-4169-b8ef-4ab0d132453d
68c24c07-7399-4b22-a2fe-207b5639e425,ethnic,c67b06b1-1c40-42a5-b029-e70533146b9f
68d2528c-e8bf-4c51-93b1-175bfd6a7f40,flared_skirt,23da088e-f468-4beb-abc7-60397ae512ed
68efbdf3-d46e-461d-82db-6dc132844b49,292,b04f2918-d31b-4885-9d1b-51afea03c53e
68f4d4d3-9534-408b-a025-217d852a86a7,siren,23da088e-f468-4beb-abc7-60397ae512ed
68f7c44e-37bd-4515-b808-539176457e6e,12,a772aec6-6c85-4169-b8ef-4ab0d132453d
698600fe-cc74-45cb-a112-7733e0cfddb1,71,a772aec6-6c85-4169-b8ef-4ab0d132453d
69902bf4-1601-4568-bcc3-a3f4fd56ed15,suede,10e14a5d-39b6-4045-93cc-1574f68606ec
69926cdc-e2ee-4156-9331-ecc313a1aa54,250,cf5eaa67-9c73-4149-a259-917fd382928e
699c1e7d-b7a3-4d25-8f14-25765ad82dda,cachemere,c67b06b1-1c40-42a5-b029-e70533146b9f
699d7ffa-f9bd-4d11-b747-06d3ff40f7be,strong,ba21c1f7-d6a4-4b96-b16d-85cf32bde3da
69aeed77-237f-4789-bd32-a49bcee27136,blouse,0ccb5374-db8c-4dbb-afae-6b2652af170d
69b294ca-7d15-4303-9762-216ec08f824e,powdery,ba21c1f7-d6a4-4b96-b16d-85cf32bde3da
69bebd30-f6d4-41c6-83d6-b0551142b498,wedge,395d4d49-a7b1-4e8a-8948-bc18beef1e44
69cbf1f6-de50-473c-aef5-fe16ce456c70,246,cf5eaa67-9c73-4149-a259-917fd382928e
69fe93d3-d0c9-4d60-9583-0113d5018a86,evase,273c5d63-83f2-4f88-9841-15b99e5ee1a1
6a1ee7b5-e643-4a7a-9c05-3b6d9a2f1dc4,190,b04f2918-d31b-4885-9d1b-51afea03c53e
6a284aae-935e-417d-8fbe-324d8f8d0450,turtleneck,083021ee-4f31-4175-b071-9f4883c84a53
6a3ed362-796d-4873-a2dd-90ef996ed80f,tropical,c67b06b1-1c40-42a5-b029-e70533146b9f
6a4bc85d-22ef-4eab-ae76-0b1cc21f5815,82,07f5ed21-5669-4cb5-93d8-622557af52ef
6a910308-fdaa-4d78-bf7f-8665e3b3ed3f,100,51ac9ecd-7b74-4543-ac0c-4fe229da05a8
6aba3dd4-c7aa-44f5-91a7-0923f1943c6e,11,07f5ed21-5669-4cb5-93d8-622557af52ef
6b0712f7-178e-473d-8bc6-3ca8e50b9053,66,26211064-e59c-452e-9518-b6a0f53c2ce5
6b126432-eece-42d1-8a61-b920420e55b3,shirt,273c5d63-83f2-4f88-9841-15b99e5ee1a1
6b29ca89-1b92-4e12-9c5f-8492493a293c,127,07f5ed21-5669-4cb5-93d8-622557af52ef
6b3708ca-6154-4883-a4d3-942228b02fb9,prince_of_wales,c67b06b1-1c40-42a5-b029-e70533146b9f
6b5413bd-b911-47d4-9d78-2be102c10271,200,07f5ed21-5669-4cb5-93d8-622557af52ef
6b635437-fed8-4954-84f9-ae0567bf6bfe,167,51ac9ecd-7b74-4543-ac0c-4fe229da05a8
6b69d2e4-0f76-4f28-9d8a-4121752480c2,271,b04f2918-d31b-4885-9d1b-51afea03c53e
6bdd587c-344f-4fb7-b1c6-d48b8b15a2d1,4,26211064-e59c-452e-9518-b6a0f53c2ce5
6bf23be7-6557-45fc-b422-e3b949c2896c,125,b04f2918-d31b-4885-9d1b-51afea03c53e
6c070232-c014-4e8f-9857-c2828dca255e,hemp_fabric,c512d2ea-9d34-436a-909e-c4a70e1af07a
6c1e55cb-2ea2-4d3d-9aea-d316a006a924,173,07f5ed21-5669-4cb5-93d8-622557af52ef
6c1ebaaf-39de-428a-8f66-ca3e784ca91f,170,cf5eaa67-9c73-4149-a259-917fd382928e
6c2f5d75-2ae9-4d56-8ee3-f53fd6df1a40,134,07f5ed21-5669-4cb5-93d8-622557af52ef
6c583eec-b3a2-4b16-8aff-e6e19818ff87,16,cf5eaa67-9c73-4149-a259-917fd382928e
6ca59447-c208-40e3-ab57-7edb01549cbf,100,26211064-e59c-452e-9518-b6a0f53c2ce5
6cb3cd34-1cab-4df7-8c21-657431ee6e86,thin,f0b53b00-1374-4fcc-85be-4ee811615a42
6cbab666-5cca-4018-ab9c-d037a7a7f8b7,lace_edging,5645397a-9858-4e4a-9e06-acbadd463738
6ccd09a6-df0b-427f-a639-7f3b30134426,14,26211064-e59c-452e-9518-b6a0f53c2ce5
6cf5931c-d14c-45f6-9d3d-5d6875eb8394,188,07f5ed21-5669-4cb5-93d8-622557af52ef
6d091bfa-7f39-4005-bc60-6b73e444cef7,202,07f5ed21-5669-4cb5-93d8-622557af52ef
6d469336-79ed-485f-97f5-07a0a04e4c52,66,a772aec6-6c85-4169-b8ef-4ab0d132453d
6d73e5bd-b413-4351-8fdb-cfd374e73bce,shirt_collar,083021ee-4f31-4175-b071-9f4883c84a53
6d946266-9e6f-4968-8cc8-bdbe85c89579,rings,5645397a-9858-4e4a-9e06-acbadd463738
6d948d82-54e7-4539-aafb-1e42b4b256c1,round_neckline,aebb8442-3325-470f-a76e-fbd9c5596d3d
6da1188a-8687-46ea-9f11-2b7fa8a678e5,298,cf5eaa67-9c73-4149-a259-917fd382928e
6da1a2d9-edd7-42d6-92b0-b28e2660699d,86,cf5eaa67-9c73-4149-a259-917fd382928e
6e6ebc84-6bfe-467d-8d01-58a6d210bd90,161,51ac9ecd-7b74-4543-ac0c-4fe229da05a8
6e70cd25-a66f-44f8-9fcb-88cef424cbbe,one_less,aca97a9c-bf69-4b4d-9ade-f92e82ea953a
6e7ec579-d5fc-41c8-82f1-649532a23cb4,slightly_elastic,ba21c1f7-d6a4-4b96-b16d-85cf32bde3da
6e8329a3-d9ab-4442-9b67-e79b0cfbf5f6,158,07f5ed21-5669-4cb5-93d8-622557af52ef
6e9d0e55-8598-4910-89b0-affb4ace41ad,241,07f5ed21-5669-4cb5-93d8-622557af52ef
6eb6540f-0799-4486-8170-25c65f41cd93,clog,7298588f-755b-4951-9ddb-9ef63b924e1f
6eb919ce-989c-44bd-9041-abe00d44aacb,back_opening,5645397a-9858-4e4a-9e06-acbadd463738
6eb9a87d-cb89-4a25-9c6f-91e061c3e879,latex,3299a9a7-d387-4ffb-bb7d-fece852611f6
6f1f54b3-a69c-4363-bb7d-7a950bc2ecbe,creased,df6269fb-f67c-4496-a840-dc2eebbb86cb
6f3c5c00-5f61-4fd4-8e60-206c562d5339,41,cf5eaa67-9c73-4149-a259-917fd382928e
6f4719cb-fb35-4e7a-a825-2f4fbb19c729,coat,90d5a219-a892-411e-ba25-7244fa1e220c
6f6e3a01-f579-40fb-a2b3-8fd97c487e30,61,51ac9ecd-7b74-4543-ac0c-4fe229da05a8
6f92328b-1de0-43a4-9ea9-149a2dffdf0c,150,07f5ed21-5669-4cb5-93d8-622557af52ef
6fbe7f79-d16a-46f0-8a51-afbd3c2a5399,squared,d6f40fcf-5757-47a8-b7c5-469fba5289e5
6fc82604-000a-4413-bfdf-5e74e73e682f,fur,c512d2ea-9d34-436a-909e-c4a70e1af07a
6fe661aa-ffec-44c5-8de9-c80eef106e6b,53,26211064-e59c-452e-9518-b6a0f53c2ce5
6ff002fc-4032-45c3-8237-d627482cab92,227,07f5ed21-5669-4cb5-93d8-622557af52ef
6ff88f73-cbe0-43e6-bfc5-2f548e6403c1,ballerina,273c5d63-83f2-4f88-9841-15b99e5ee1a1
6ff9e82a-0eff-4a28-b5c4-68f943508bf2,slip_fabric,ba21c1f7-d6a4-4b96-b16d-85cf32bde3da
6ffbb986-1f53-40e5-9bd6-8a17b5d31d4b,bomber,90d5a219-a892-411e-ba25-7244fa1e220c
70012d5b-161d-44d1-96ac-5857f2cb2145,hemp_fabric,3299a9a7-d387-4ffb-bb7d-fece852611f6
700c93a7-52b4-4513-9f90-2d4cc8ca879c,satin,3299a9a7-d387-4ffb-bb7d-fece852611f6
70151be9-2b29-48ff-bd30-a85d2808cbf3,high,df6269fb-f67c-4496-a840-dc2eebbb86cb
703f56c0-2874-421f-9ddd-ec16e5615045,true,7e3c118b-7cda-4fae-b25d-04073dfc82a7
70443d2b-2201-4ca6-b9ac-27eb5008bd35,30,a772aec6-6c85-4169-b8ef-4ab0d132453d
70808f91-3332-40b8-8995-23757d979dcd,flared,23da088e-f468-4beb-abc7-60397ae512ed
70a72fa4-0b18-4c02-89a0-0fee2951d643,choker_collar,083021ee-4f31-4175-b071-9f4883c84a53
70aeeda3-b674-4262-8d82-c7832d223bc8,287,b04f2918-d31b-4885-9d1b-51afea03c53e
70b4d0cf-9a66-41d0-b88b-b97bbe2cd34e,97,07f5ed21-5669-4cb5-93d8-622557af52ef
70cfbf04-7946-4f70-b5a6-fdcc014f0a44,27,a772aec6-6c85-4169-b8ef-4ab0d132453d
70d29a8b-17be-4e93-8090-bf0869b3d133,ruffle,5645397a-9858-4e4a-9e06-acbadd463738
70eace1f-db53-473a-9e95-33cb7f838941,gypsy_skirt,23da088e-f468-4beb-abc7-60397ae512ed
70fb3bbf-73ce-40e2-a459-781c8b2766c1,56,07f5ed21-5669-4cb5-93d8-622557af52ef
7119ed40-803e-4f13-8eb9-0193e40ddb77,100,cf5eaa67-9c73-4149-a259-917fd382928e
71465515-9157-4118-a6e6-e5c6ffa210bb,299,b04f2918-d31b-4885-9d1b-51afea03c53e
71629e2f-8354-4272-b939-bc61512d3cdd,247,07f5ed21-5669-4cb5-93d8-622557af52ef
719913bd-dde4-4607-86ee-4f918d35794f,54,26211064-e59c-452e-9518-b6a0f53c2ce5
71d7010f-f73e-424c-81af-bc8698f0c98f,notched_collar,083021ee-4f31-4175-b071-9f4883c84a53
71eb5529-cfa8-4e2e-b9e5-06fc80ac73a5,85,a772aec6-6c85-4169-b8ef-4ab0d132453d
720d9483-65a0-4a24-b6ce-55788c98a640,shorts,c4ca680b-8672-4ff5-8ba8-f2e4094e6b60
721982d6-9060-4127-b375-c39ff9eedd55,100,b04f2918-d31b-4885-9d1b-51afea03c53e
721c2069-0018-4b8b-be6c-cbd8d87ab166,jewel,5645397a-9858-4e4a-9e06-acbadd463738
723e8164-3873-443f-b96d-82caa97db133,163,07f5ed21-5669-4cb5-93d8-622557af52ef
725638b7-a636-4c6e-9cb1-5bc1173e60fc,55,a772aec6-6c85-4169-b8ef-4ab0d132453d
725b7e5a-567d-4aa0-9dbf-f1ea78538138,119,cf5eaa67-9c73-4149-a259-917fd382928e
726a509b-de9a-4f96-8a6b-b714ec8106ef,polyester,c512d2ea-9d34-436a-909e-c4a70e1af07a
7283f072-c7ea-4364-9fd5-db7e04ac69b6,286,cf5eaa67-9c73-4149-a259-917fd382928e
729c0ca3-9644-4742-b03b-8c3a9915d46d,92,07f5ed21-5669-4cb5-93d8-622557af52ef
72acfd8a-5701-474c-9397-bf5b73362654,ripped,10e14a5d-39b6-4045-93cc-1574f68606ec
72b85b1c-3c87-4c3d-984a-f852a51f1dfb,small_size_less3,ae2da038-0e80-464e-a334-197e65d06c18
72f27659-ea6c-40a3-9f2d-dfe7d82c853b,fresh,ba21c1f7-d6a4-4b96-b16d-85cf32bde3da
72f6be22-72d8-45c0-8c66-b0dfbb13d52e,44,b04f2918-d31b-4885-9d1b-51afea03c53e
732d99fe-5806-481a-9bb4-8dff7085bfd4,ecological,ba21c1f7-d6a4-4b96-b16d-85cf32bde3da
7346568e-42bd-491d-adce-336c696ef245,279,cf5eaa67-9c73-4149-a259-917fd382928e
741514f3-3f9a-4fa3-a954-f685e87f0b62,canvas,c512d2ea-9d34-436a-909e-c4a70e1af07a
742417bb-28a6-47de-b313-647880d9cd54,14,a772aec6-6c85-4169-b8ef-4ab0d132453d
7429b515-f204-4c29-9f4b-8a8926756f00,243,b04f2918-d31b-4885-9d1b-51afea03c53e
749ad3aa-ee97-4d57-ad7f-d733a2beb09c,78,a772aec6-6c85-4169-b8ef-4ab0d132453d
74a28d5c-ae25-4625-8a75-3698d65b71b8,104,b04f2918-d31b-4885-9d1b-51afea03c53e
74a48348-85ec-4257-b529-e54d202aa520,pattern,5645397a-9858-4e4a-9e06-acbadd463738
74b844ed-5925-4813-b1d2-41bf67cc86ae,measurements_s,aca97a9c-bf69-4b4d-9ade-f92e82ea953a
74c39fc5-2fd9-4c9a-b47f-c84bf986df82,253,b04f2918-d31b-4885-9d1b-51afea03c53e
74cccfc4-3dbf-4a5c-b21e-940142f4c6f1,287,07f5ed21-5669-4cb5-93d8-622557af52ef
74fac8d1-df03-4ead-942e-0d0a8e68417d,pointed,d6f40fcf-5757-47a8-b7c5-469fba5289e5
7519645d-5550-4870-ac06-dfe90d66b5cf,36,51ac9ecd-7b74-4543-ac0c-4fe229da05a8
7546d381-c20a-4424-9397-b282c1d212d3,129,07f5ed21-5669-4cb5-93d8-622557af52ef
754c2974-a1ea-465e-a64d-96737130fb04,organic,3299a9a7-d387-4ffb-bb7d-fece852611f6
755574e0-7186-4b8f-9284-31d8d4b0d293,111,cf5eaa67-9c73-4149-a259-917fd382928e
7588aca6-9bed-45e7-9414-68f169379ce6,cupro,c512d2ea-9d34-436a-909e-c4a70e1af07a
759dce6d-1667-44a7-99a5-609faa604ff7,261,07f5ed21-5669-4cb5-93d8-622557af52ef
75f83e5c-d79a-4955-ad50-24258f4c6cb0,86,b04f2918-d31b-4885-9d1b-51afea03c53e
75f9fb37-2d36-44c1-a660-eb0a85eba811,262,b04f2918-d31b-4885-9d1b-51afea03c53e
75ff7d9b-6260-4a8e-bfae-b83006093714,112,cf5eaa67-9c73-4149-a259-917fd382928e
760dc55b-3287-4ee2-b72d-6e987c35cd50,lacing,5645397a-9858-4e4a-9e06-acbadd463738
76504ff9-3e67-4224-82d0-bc8949965f59,knee,df6269fb-f67c-4496-a840-dc2eebbb86cb
76655ecb-8552-4497-8587-2d496072d9f7,66,cf5eaa67-9c73-4149-a259-917fd382928e
76adef5a-2371-4c28-ae21-46b716b0e6f4,acetate,c512d2ea-9d34-436a-909e-c4a70e1af07a
76c1b77b-3d64-47ba-9ae9-9c68b3268574,14,cf5eaa67-9c73-4149-a259-917fd382928e
76ee9139-cbce-473c-bd37-554fd5a3ec01,lace,5645397a-9858-4e4a-9e06-acbadd463738
771ab8c9-b058-46e9-a600-06b41d3d1628,288,b04f2918-d31b-4885-9d1b-51afea03c53e
7726dbcb-f54d-4993-b707-79f824176219,leather,3299a9a7-d387-4ffb-bb7d-fece852611f6
7751ac0a-833c-445c-bf49-287a603feb7c,pleats,5645397a-9858-4e4a-9e06-acbadd463738
7759545f-fc84-46a7-b058-fd068c772f21,16,51ac9ecd-7b74-4543-ac0c-4fe229da05a8
7771b693-434d-418e-b8f4-ccd38ff5061e,174,b04f2918-d31b-4885-9d1b-51afea03c53e
777bbb0b-97e8-4836-b932-79dc95334838,54,51ac9ecd-7b74-4543-ac0c-4fe229da05a8
77f79138-94e4-422d-b72d-821278212c81,contour_darts,3ee99982-484b-4f35-8357-8cac7bccbb73
77f7ac30-d650-4974-89d8-15abf137bcef,14,07f5ed21-5669-4cb5-93d8-622557af52ef
785acb52-a9bc-41a9-87c3-c11043ae8e6c,114,b04f2918-d31b-4885-9d1b-51afea03c53e
78933fcb-f00d-43c4-b84b-b3b930aa6100,72,cf5eaa67-9c73-4149-a259-917fd382928e
78972898-e41a-46e0-af00-5ce861c021ed,169,cf5eaa67-9c73-4149-a259-917fd382928e
78b7da9c-296e-4d7b-b90e-779a8b8ebbef,166,cf5eaa67-9c73-4149-a259-917fd382928e
78bd9d63-ea1d-4d6d-b8fc-a32b08a1a883,116,b04f2918-d31b-4885-9d1b-51afea03c53e
78d1e8af-0cc4-4fb7-9739-bf23d8f6e1ae,lycra,3299a9a7-d387-4ffb-bb7d-fece852611f6
78d49f32-38dc-42c9-a78b-138fd4fe63ab,boyfriend,c4ca680b-8672-4ff5-8ba8-f2e4094e6b60
78f4d26e-d835-4233-9981-d56d1a9734d6,wirst,7298588f-755b-4951-9ddb-9ef63b924e1f
79331c03-21e6-413d-be79-8e5c6905274c,23,a772aec6-6c85-4169-b8ef-4ab0d132453d
7940aed3-acd0-41f3-a989-6982ae458235,297,b04f2918-d31b-4885-9d1b-51afea03c53e
794b7132-0ca7-4ac5-9e7e-36c6fbbc72eb,belt_loop,5645397a-9858-4e4a-9e06-acbadd463738
79856104-b995-4c60-ab19-b49897c2f0b3,32,a772aec6-6c85-4169-b8ef-4ab0d132453d
79ce1a9b-928e-4d73-a08f-349e5520df74,rolled_neck,083021ee-4f31-4175-b071-9f4883c84a53
79d1f1c1-b8e7-4095-8b2e-7e7ee1a3efc3,143,cf5eaa67-9c73-4149-a259-917fd382928e
7a059440-6408-4ad2-b4f9-9c0f96b924ac,front_yoke_cut,3ee99982-484b-4f35-8357-8cac7bccbb73
7a0f9ff8-8f64-448a-8a20-2881bfa95487,oxford,7298588f-755b-4951-9ddb-9ef63b924e1f
7a2e0db0-5b95-4899-9ced-1fe014c50ea6,sporty,d6f40fcf-5757-47a8-b7c5-469fba5289e5
7a68e051-558f-4fdc-892d-724333e5becb,feston,5645397a-9858-4e4a-9e06-acbadd463738
7a7ef8c3-227d-497c-8c0f-862e2afe4622,false,233e9e71-155a-441a-8ffc-f907a783e692
7a834b93-e0b2-434e-8f05-a537b2d58274,143,51ac9ecd-7b74-4543-ac0c-4fe229da05a8
7a8e0e9d-28f2-40d7-8696-9db0a75a628d,28,26211064-e59c-452e-9518-b6a0f53c2ce5
7aa5ac8d-b2a7-4e29-bda1-6e3e24d5ee35,71,51ac9ecd-7b74-4543-ac0c-4fe229da05a8
7aad1063-6d7f-4cf6-8977-2843a7f4f64c,70,b04f2918-d31b-4885-9d1b-51afea03c53e
7ac8d120-4022-4908-830a-190274caed09,191,51ac9ecd-7b74-4543-ac0c-4fe229da05a8
7ad674eb-8fef-4c26-a675-988f087f584b,2,b04f2918-d31b-4885-9d1b-51afea03c53e
7b05df3b-5a5e-4727-9c1d-33adf9954095,70,cf5eaa67-9c73-4149-a259-917fd382928e
7b07c8b0-ddf7-4f82-bb7e-2b5c8dbff76b,skater,23da088e-f468-4beb-abc7-60397ae512ed
7b1b612b-73a9-4cb0-bd13-73103a2acb01,smoking_jacket,90d5a219-a892-411e-ba25-7244fa1e220c
7b2e1c50-aec4-4b08-863a-717300c361e9,200,51ac9ecd-7b74-4543-ac0c-4fe229da05a8
7b483419-77ce-4522-a4cc-1d8e9ba9d8fb,36,cf5eaa67-9c73-4149-a259-917fd382928e
7b49892d-edbd-4e71-ac3f-e267b58e46bb,83,51ac9ecd-7b74-4543-ac0c-4fe229da05a8
7b5d8181-6ad5-46c8-a700-f01e4e2d8508,bell,c4ca680b-8672-4ff5-8ba8-f2e4094e6b60
7b7482f5-647c-4bcb-9e15-945d1ba9c68b,strapless_neckline,aebb8442-3325-470f-a76e-fbd9c5596d3d
7ba7db82-060e-4bc2-b8da-26160f9cc188,127,b04f2918-d31b-4885-9d1b-51afea03c53e
7bbcd775-c95a-410a-9f07-b58e97240e1f,applique,5645397a-9858-4e4a-9e06-acbadd463738
7c357e64-aa29-4470-9757-46587a4b98ef,124,07f5ed21-5669-4cb5-93d8-622557af52ef
7c38c584-87db-4b72-be66-f97aac176c8c,handkerchief,befc364a-c636-4c58-a43b-13e0e278b291
7c4d74db-aeae-40f9-a582-50eb6a0764b7,134,51ac9ecd-7b74-4543-ac0c-4fe229da05a8
7cafacd8-2e01-43ee-8a52-710bbb92225e,french_sleeve,980dcbd8-ac49-4295-bb21-faad5c1f8845
7ccbf66b-db00-49a0-b720-672a6d5f39db,suede,c512d2ea-9d34-436a-909e-c4a70e1af07a
7cea9fd2-dd05-40b7-b674-fc8fb537f72a,205,cf5eaa67-9c73-4149-a259-917fd382928e
7cfc5035-a1fb-4275-a36b-7351acf46a63,251,cf5eaa67-9c73-4149-a259-917fd382928e
7d0581a3-dbb3-45fc-9efc-85ec5fd40318,other,3299a9a7-d387-4ffb-bb7d-fece852611f6
7d31975f-b7bd-4d42-b382-6d8cd4344894,127,51ac9ecd-7b74-4543-ac0c-4fe229da05a8
7d80f947-40b2-4505-b206-49218fe6fe64,13,07f5ed21-5669-4cb5-93d8-622557af52ef
7db05fe3-43bc-4d10-a865-bcc56efa4b3f,65,51ac9ecd-7b74-4543-ac0c-4fe229da05a8
7dbd110a-aed3-4b3c-a482-e54bb86534c5,78,51ac9ecd-7b74-4543-ac0c-4fe229da05a8
7dda07d0-e80a-4293-a510-c3fb6b66beb8,266,cf5eaa67-9c73-4149-a259-917fd382928e
7dfd36e0-313f-4133-90aa-48fc1dd94a91,185,cf5eaa67-9c73-4149-a259-917fd382928e
7e051408-8edd-4e75-9d57-cfb3191e2cf7,154,51ac9ecd-7b74-4543-ac0c-4fe229da05a8
7e11a97d-6fa2-454d-853c-f21eae4288a1,103,51ac9ecd-7b74-4543-ac0c-4fe229da05a8
7e25f946-e1f2-471a-8a51-7d74a529d2f6,open,d6f40fcf-5757-47a8-b7c5-469fba5289e5
7e56abc2-f767-4265-a742-dd2890f1c213,37,51ac9ecd-7b74-4543-ac0c-4fe229da05a8
7e63bd15-9c47-463a-8658-19a9595edd60,10,51ac9ecd-7b74-4543-ac0c-4fe229da05a8
7e672bfd-0048-4651-9042-af7a52ea45f8,76,51ac9ecd-7b74-4543-ac0c-4fe229da05a8
7e67cb6a-3d40-457d-adee-dee8a94eb8cb,worn_out,d6f40fcf-5757-47a8-b7c5-469fba5289e5
7e8d827c-1031-4136-bd1a-70b57c8c8640,62,b04f2918-d31b-4885-9d1b-51afea03c53e
7e9564ab-c9d0-43df-97dd-830d05c17f7d,44,07f5ed21-5669-4cb5-93d8-622557af52ef
7ea070fc-bddb-4f09-a533-56347fa782a3,medium,51ba712e-4cc6-47c3-a823-02fc31a67104
7eb93e73-2839-4cf7-97bb-6db49c41c027,georgette,3299a9a7-d387-4ffb-bb7d-fece852611f6
7f048a72-91c3-4ead-b7a5-9ccc7d0da9ce,185,07f5ed21-5669-4cb5-93d8-622557af52ef
7f11ec66-ce52-4f50-9db8-d9ed5c025f4b,192,cf5eaa67-9c73-4149-a259-917fd382928e
7f3e853d-1ac0-40c4-ba26-f768c20eb10c,invisible_zip,2e2a28f9-566d-419f-9081-cc9061324110
7f790f24-bb8b-4aa1-9537-28dc7c5bd1f8,boho,144d677e-67cc-49b2-9be1-74af3ab02945
7f918154-8a8a-42da-aef8-aee783b557ee,2,befe6d1f-f2c3-4ae7-8145-ffef4013324a
7f987a87-cd71-4770-a05c-793a9b72085f,75,51ac9ecd-7b74-4543-ac0c-4fe229da05a8
7fab00ed-4bcf-403a-9978-c770c478135a,150,cf5eaa67-9c73-4149-a259-917fd382928e
7fbfba36-e78a-4213-9d49-aa081505c018,thin,51ba712e-4cc6-47c3-a823-02fc31a67104
7fc9519c-3dde-46b8-91aa-05bb9be3a2fa,plumetis,10e14a5d-39b6-4045-93cc-1574f68606ec
7ff7a653-b620-484b-9e56-6283e45ac053,226,cf5eaa67-9c73-4149-a259-917fd382928e
8024f268-af45-4caf-adeb-4ea06facd951,stiletto,7298588f-755b-4951-9ddb-9ef63b924e1f
804d0b58-aab5-4bdd-82f7-9591ea3c8f28,143,b04f2918-d31b-4885-9d1b-51afea03c53e
806339ae-a32a-4bfa-9b46-640b10b4d6a0,167,b04f2918-d31b-4885-9d1b-51afea03c53e
808783ca-8f56-42ed-8708-f20d419967f0,77,b04f2918-d31b-4885-9d1b-51afea03c53e
808b5881-15ab-473a-994e-8f70c40c2ddd,embossed,ba21c1f7-d6a4-4b96-b16d-85cf32bde3da
80931440-0eaa-4a81-8d84-634c59f10507,stiching,5645397a-9858-4e4a-9e06-acbadd463738
80947b5e-bd6e-42a3-8fd3-9047eeb12ff7,brocade,3299a9a7-d387-4ffb-bb7d-fece852611f6
80b03dd4-b453-4303-8b80-d1f1d0229fb3,three_less,aca97a9c-bf69-4b4d-9ade-f92e82ea953a
80dfc5f8-6dc2-4914-82e2-56220be72a86,94,cf5eaa67-9c73-4149-a259-917fd382928e
80f13340-4507-41da-88c4-bf7dcb4512d8,asymmetric,aebb8442-3325-470f-a76e-fbd9c5596d3d
81286d0a-01cf-479e-b8a4-396300efd1d6,knit,3299a9a7-d387-4ffb-bb7d-fece852611f6
81296193-a2aa-4915-8233-d2425c3d2763,tencel,c512d2ea-9d34-436a-909e-c4a70e1af07a
81521468-d88f-46ce-b4bf-30835cda42ce,sock,df6269fb-f67c-4496-a840-dc2eebbb86cb
81707f5c-1efb-4ce3-b035-3462cdb11b6e,8,51ac9ecd-7b74-4543-ac0c-4fe229da05a8
81823311-9a21-4511-a89f-60087fd40332,0,35095baf-b444-43bd-aedf-9360be23ab6d
8191cfa6-d076-4dbd-85fb-4362493486aa,254,07f5ed21-5669-4cb5-93d8-622557af52ef
81993fbf-6bb8-4f05-84f8-1796c122ed63,135,51ac9ecd-7b74-4543-ac0c-4fe229da05a8
81a75ecb-30b2-42e3-b9c1-1bb06e7b2bb3,93,51ac9ecd-7b74-4543-ac0c-4fe229da05a8
81b822ff-69f9-4c3e-bf1c-6fceecdc3387,201,07f5ed21-5669-4cb5-93d8-622557af52ef
81dea2bd-709c-4b75-aa46-189f254e4a4d,248,07f5ed21-5669-4cb5-93d8-622557af52ef
81e738fe-303e-4bcf-a77c-f77d0e08d902,34,07f5ed21-5669-4cb5-93d8-622557af52ef
821398f0-94c2-4eab-967f-97fc0b2e8147,167,cf5eaa67-9c73-4149-a259-917fd382928e
8231e896-0cf2-456c-b22c-b0ff8aee0eb4,284,b04f2918-d31b-4885-9d1b-51afea03c53e
82377ac9-d039-4792-b98f-2bc5f717842c,52,b04f2918-d31b-4885-9d1b-51afea03c53e
82942e75-6884-40c4-840f-1bf4a38234ce,10,07f5ed21-5669-4cb5-93d8-622557af52ef
82a83cc0-2c23-4e56-9dff-1f433b441534,button,5645397a-9858-4e4a-9e06-acbadd463738
82c31913-6236-45ef-bb6b-0edbdf641d70,85,07f5ed21-5669-4cb5-93d8-622557af52ef
82cd0369-b2fd-44d0-b4af-a52abaf647d3,hoodies,0ccb5374-db8c-4dbb-afae-6b2652af170d
835561e3-ad34-4c6c-a870-f2e05f2e8bde,7,b04f2918-d31b-4885-9d1b-51afea03c53e
835e4b0c-229b-4e8d-b024-f57d4c226522,clutch,83fc5808-9319-444b-a84e-a6ac4a8da9aa
83636247-60cb-4cb2-a457-595fc7383c2b,106,b04f2918-d31b-4885-9d1b-51afea03c53e
8370e798-43ff-4303-a793-f7d84f7aa351,big,31c812d7-0127-4ce5-bda8-96e51574fd26
83c98fea-0011-42d3-a86c-e0be9700bac9,282,cf5eaa67-9c73-4149-a259-917fd382928e
83f7a0da-39c2-4372-a5ce-6e8720c2017a,51,a772aec6-6c85-4169-b8ef-4ab0d132453d
83fd4d58-e2f8-4db6-bffc-07e0d03d82ca,sculpting,aca97a9c-bf69-4b4d-9ade-f92e82ea953a
8400b8b3-cc39-4173-824a-e3c886483209,acrylic,c512d2ea-9d34-436a-909e-c4a70e1af07a
840a2590-6b60-4a71-b869-e1c60812041c,lycra,c512d2ea-9d34-436a-909e-c4a70e1af07a
842d401a-d260-470f-b3b9-4e47a5d0259d,246,b04f2918-d31b-4885-9d1b-51afea03c53e
84598cce-c1fa-43b8-b7e4-f55ba5315322,covered,395d4d49-a7b1-4e8a-8948-bc18beef1e44
84a0bbc9-eb0b-4901-8632-d7eacf54d4c1,pied_de_poule,c67b06b1-1c40-42a5-b029-e70533146b9f
84c3662a-49d2-46e6-a62f-de2ce0e877e1,153,b04f2918-d31b-4885-9d1b-51afea03c53e
84ca18fb-9e70-4be3-9e56-795a67684088,210,cf5eaa67-9c73-4149-a259-917fd382928e
84d2af39-8685-4ba8-82ec-2f833e208cab,284,07f5ed21-5669-4cb5-93d8-622557af52ef
84e4b423-5efd-4b0c-a719-cc4ef86c002d,pregnancy,aca97a9c-bf69-4b4d-9ade-f92e82ea953a
8516a23a-db90-496b-9496-1675c8a02e8c,instep,df6269fb-f67c-4496-a840-dc2eebbb86cb
854ace8f-3f3c-408c-a825-0179e39a4c53,189,51ac9ecd-7b74-4543-ac0c-4fe229da05a8
855c3c6e-da1a-460f-ab34-2ccf2db735ac,224,07f5ed21-5669-4cb5-93d8-622557af52ef
85c47ca6-128a-45c5-92de-59280ce4f617,rope,2e2a28f9-566d-419f-9081-cc9061324110
85d8634a-509f-4f00-a902-856d6600463c,mom_jeans,c4ca680b-8672-4ff5-8ba8-f2e4094e6b60
85e1298c-91fd-4c49-9ad9-987a029f0a80,9,51ac9ecd-7b74-4543-ac0c-4fe229da05a8
85eaefbc-7db2-4c65-b006-b0651a5fee4d,118,cf5eaa67-9c73-4149-a259-917fd382928e
8606502d-4bfc-4c74-9bc6-b94dbdfd55b1,jogger,c4ca680b-8672-4ff5-8ba8-f2e4094e6b60
862a7ae4-7acb-4ce5-b5be-36cad0e103d1,256,07f5ed21-5669-4cb5-93d8-622557af52ef
8639a2ab-21f0-4391-82d4-061bb61a6b7a,131,b04f2918-d31b-4885-9d1b-51afea03c53e
8647e921-80dd-41f2-8aa9-dac001635300,jarets,5645397a-9858-4e4a-9e06-acbadd463738
86612fc5-6e93-42bd-a99d-f63a3dfb05d2,0,07f5ed21-5669-4cb5-93d8-622557af52ef
866e466b-d4e5-49f4-ba57-43fa771797c0,176,07f5ed21-5669-4cb5-93d8-622557af52ef
8683b7cc-64c4-4ced-b648-ddf50fa737b3,metallic,d6f40fcf-5757-47a8-b7c5-469fba5289e5
8688cd7b-7938-4708-a121-e8affab36145,5,d5915843-8008-4113-8bbd-37991b2cdb9a
86afc9bf-1825-4b05-a53b-74da8f349ad2,69,07f5ed21-5669-4cb5-93d8-622557af52ef
86ee7af8-32b3-4dea-ad35-ddeae2af469c,84,26211064-e59c-452e-9518-b6a0f53c2ce5
86f6cce6-0d2e-4f8a-917e-2dc6b97d8eb1,other,83fc5808-9319-444b-a84e-a6ac4a8da9aa
87235510-18c2-4e7c-a3c4-1ad197bf41c3,61,a772aec6-6c85-4169-b8ef-4ab0d132453d
8731f62c-3bd6-4801-8704-901828e38220,119,51ac9ecd-7b74-4543-ac0c-4fe229da05a8
873f5a31-d866-4559-9580-668ab6056706,big_2,ae2da038-0e80-464e-a334-197e65d06c18
8746864b-4c42-4135-9ffd-58c1da71b797,124,b04f2918-d31b-4885-9d1b-51afea03c53e
876ad9fe-340e-4f7e-a1cb-eced87bfea5e,241,cf5eaa67-9c73-4149-a259-917fd382928e
876f81f6-51d5-419e-8068-52ceb90d3d5b,68,a772aec6-6c85-4169-b8ef-4ab0d132453d
877425b0-3bed-4c99-97de-09a53c508058,cold_season,6e518bda-2083-41b9-89c0-6c52392261d3
878dac35-b3b7-4155-be61-ec174dd20df2,216,cf5eaa67-9c73-4149-a259-917fd382928e
887ab189-95e2-4620-9b27-b096aea9d92f,151,cf5eaa67-9c73-4149-a259-917fd382928e
8895a6fe-6f7f-42ae-a43e-14f9b8380cfe,neoprene,3299a9a7-d387-4ffb-bb7d-fece852611f6
88e6f038-27db-4913-9b19-0ebee87d98fa,braids,2e2a28f9-566d-419f-9081-cc9061324110
88fe54a1-c43f-4a6e-8962-91ee3a95c218,263,b04f2918-d31b-4885-9d1b-51afea03c53e
8918b201-9fea-4e69-b177-f168795f28f3,brooch,5645397a-9858-4e4a-9e06-acbadd463738
89228188-4634-4af7-959b-4bf70f962d1d,lacing_sleeve,b237632a-9b01-40e3-98b6-28b7b329968c
893b2232-9ae2-44b6-9aeb-82a7dc902257,114,07f5ed21-5669-4cb5-93d8-622557af52ef
89555e75-3a27-43db-a4b5-723fbc3e8753,213,cf5eaa67-9c73-4149-a259-917fd382928e
897cf83e-de50-4ada-ab0f-22b584ead442,lace,3299a9a7-d387-4ffb-bb7d-fece852611f6
89816960-209a-4338-98c2-15cd395dd76b,67,26211064-e59c-452e-9518-b6a0f53c2ce5
89823c2c-b31c-4810-b17f-2cd5cc1bfd65,116,51ac9ecd-7b74-4543-ac0c-4fe229da05a8
89aa7975-5df8-4c73-a0b6-5c4bab5fadb8,206,cf5eaa67-9c73-4149-a259-917fd382928e
89bb4dd4-91c2-4520-a35c-7199c82f143e,42,07f5ed21-5669-4cb5-93d8-622557af52ef
89c71b5f-3669-4333-80ad-041e8fa8eac4,159,51ac9ecd-7b74-4543-ac0c-4fe229da05a8
89cbbdd7-f61e-4452-a16c-8fd0a7925698,255,cf5eaa67-9c73-4149-a259-917fd382928e
89e2d159-97ac-49fb-941a-6ca5e2dc37f6,138,cf5eaa67-9c73-4149-a259-917fd382928e
89e59968-1f74-4df7-b25a-7754c2e08ee7,244,b04f2918-d31b-4885-9d1b-51afea03c53e
89f098fc-16cc-45c9-9338-4c77299675fa,hem,5645397a-9858-4e4a-9e06-acbadd463738
8a015a6d-dff1-431f-a0f3-5b6358aeb9b4,zippers,5645397a-9858-4e4a-9e06-acbadd463738
8a34b96c-73b5-4a13-a212-cc548c2fb373,pocket,5645397a-9858-4e4a-9e06-acbadd463738
8a359bd7-4ee8-4fb6-8ee1-1172976593de,138,51ac9ecd-7b74-4543-ac0c-4fe229da05a8
8a3871c1-d3d4-4308-8bdb-4c991f07d91d,lady,273c5d63-83f2-4f88-9841-15b99e5ee1a1
8a3948bc-8f0a-4aa8-8081-070458d70be1,8,b04f2918-d31b-4885-9d1b-51afea03c53e
8a460927-1fab-499b-b46d-a6288a1a94af,33,51ac9ecd-7b74-4543-ac0c-4fe229da05a8
8a558459-f550-418a-a39c-911872f58425,buttoning,2e2a28f9-566d-419f-9081-cc9061324110
8a5dba8d-e71f-4e4b-90c6-ad47171dcd0c,41,b04f2918-d31b-4885-9d1b-51afea03c53e
8a5dd200-20f6-499a-96ad-242624ac55c9,187,51ac9ecd-7b74-4543-ac0c-4fe229da05a8
8a5fa73b-9d88-41b6-a3f7-dc0c91b6203a,196,51ac9ecd-7b74-4543-ac0c-4fe229da05a8
8a8408d4-38b5-4de0-83cd-c760037a04d0,39,cf5eaa67-9c73-4149-a259-917fd382928e
8ac2a1ff-db99-4b39-b719-0bbc7cb06885,40,07f5ed21-5669-4cb5-93d8-622557af52ef
8ad9d307-2d2d-4cc4-8fbe-e64b96446f02,fine_strap,980dcbd8-ac49-4295-bb21-faad5c1f8845
8afe16fb-0239-4d31-8dcf-41d4c0ce64e5,padding,3299a9a7-d387-4ffb-bb7d-fece852611f6
8b117ba0-ca73-4738-8e2e-b484eeeea325,245,b04f2918-d31b-4885-9d1b-51afea03c53e
8b2f1380-c089-4592-b9ed-d8079dbc4ac9,152,51ac9ecd-7b74-4543-ac0c-4fe229da05a8
8b45f2ca-5af0-426e-8860-07cac1a81d82,hand_bag,83fc5808-9319-444b-a84e-a6ac4a8da9aa
8b478468-7f42-42d3-93c9-d38d3a954384,mountain,7298588f-755b-4951-9ddb-9ef63b924e1f
8b59a6df-2854-4141-95d1-050a474a0504,sleeve_with_hemmed,b237632a-9b01-40e3-98b6-28b7b329968c
8b63f485-fecd-4671-a7cd-f71c12d805bd,geometric_cut,3ee99982-484b-4f35-8357-8cac7bccbb73
8b99b655-f778-45c6-8ce3-29483d7b885c,rounded,f0b53b00-1374-4fcc-85be-4ee811615a42
8b9f6a5c-798c-46bf-bb1f-74e62e2537eb,82,a772aec6-6c85-4169-b8ef-4ab0d132453d
8bb3734d-1404-42be-9008-263f0bb1faf9,asymmetric,e38453e1-5526-4f8b-8dd3-b5c5480d50df
8bef8b80-7428-45d4-8dd5-2bb7fd5be9c2,239,07f5ed21-5669-4cb5-93d8-622557af52ef
8bf4034f-7339-453f-85cf-7659574794e2,57,51ac9ecd-7b74-4543-ac0c-4fe229da05a8
8bffa4d1-9bcf-4760-ac13-3ab45a1671d0,mini,e38453e1-5526-4f8b-8dd3-b5c5480d50df
8c190a16-c40f-4daf-a4b5-49a5120daa9a,insertion,5645397a-9858-4e4a-9e06-acbadd463738
8c42b8d5-ffe0-4dfa-98a9-6d5d5297dd94,95,51ac9ecd-7b74-4543-ac0c-4fe229da05a8
8c73590f-0483-4edd-8f5d-e9f417e1525e,74,b04f2918-d31b-4885-9d1b-51afea03c53e
8c7a7c92-d2e1-4ff9-8706-5ec92746dd0e,235,b04f2918-d31b-4885-9d1b-51afea03c53e
8c7f0def-2d2b-4378-b641-3dc79667da15,299,07f5ed21-5669-4cb5-93d8-622557af52ef
8c975ecb-edd4-4e01-9d64-47ba8d314bb0,tailor,b237632a-9b01-40e3-98b6-28b7b329968c
8cb697a4-ebb0-48af-aa74-0c31a7a527ad,empire_waist,3ee99982-484b-4f35-8357-8cac7bccbb73
8cbdc081-c258-4a8f-b598-f571eb7444d4,246,07f5ed21-5669-4cb5-93d8-622557af52ef
8cc60346-1bec-4d4a-8794-80c62bed62f9,159,cf5eaa67-9c73-4149-a259-917fd382928e
8cca4399-ed3e-4c58-b012-6ca9b71d15db,sleeveless,980dcbd8-ac49-4295-bb21-faad5c1f8845
8ccdb142-81ed-489d-94a0-4041bd04a46e,open_knitted,ba21c1f7-d6a4-4b96-b16d-85cf32bde3da
8cd93d22-1b0c-4d03-b72f-2f19306ae8b3,4,cf5eaa67-9c73-4149-a259-917fd382928e
8ce4d595-20a5-4a92-91e5-b541e1a480b4,79,cf5eaa67-9c73-4149-a259-917fd382928e
8cecdd62-d1e8-4ed4-8bf5-12de7dc5b9c0,18,b04f2918-d31b-4885-9d1b-51afea03c53e
8cf8cc7c-7da7-42e3-9cdb-ace987b6ad01,horizontal_stripes,c67b06b1-1c40-42a5-b029-e70533146b9f
8d1e3fc1-78b7-4bf0-902a-1ef35c38b662,frock_coat,90d5a219-a892-411e-ba25-7244fa1e220c
8d3f3bbf-dbbe-472b-93da-d8da0538844f,290,07f5ed21-5669-4cb5-93d8-622557af52ef
8d48f425-b284-446b-9828-7beedc62d7da,animal_print,c67b06b1-1c40-42a5-b029-e70533146b9f
8d6004bd-c42f-4131-a4a1-b69c1a650442,45,cf5eaa67-9c73-4149-a259-917fd382928e
8d7960b1-08cc-4ca4-a366-a5bf54f98a3a,tulip,23da088e-f468-4beb-abc7-60397ae512ed
8d82500d-abce-4859-889f-991e369704e8,1,26211064-e59c-452e-9518-b6a0f53c2ce5
8d82beaa-4ee8-4761-827e-964de39ca583,2,d5915843-8008-4113-8bbd-37991b2cdb9a
8d99cd29-db58-45a1-8263-c69eac5c3367,central_opening,5645397a-9858-4e4a-9e06-acbadd463738
8dc4b27f-6cda-4f22-94ea-917c647807d7,199,51ac9ecd-7b74-4543-ac0c-4fe229da05a8
8dc84b9f-179e-4f7e-80b6-141f60e8147f,58,a772aec6-6c85-4169-b8ef-4ab0d132453d
8dd6cf2b-c928-46e8-99d1-09e94e03ed7e,measurements_4xl,aca97a9c-bf69-4b4d-9ade-f92e82ea953a
8e0c1285-af22-4e0e-85a6-6fa9d390d445,waterproof,10e14a5d-39b6-4045-93cc-1574f68606ec
8e296393-a2c7-4f0f-949f-8bc1b691d6dc,99,b04f2918-d31b-4885-9d1b-51afea03c53e
8e40f84b-4e01-4b33-8bd1-6df01d8eb532,1,35095baf-b444-43bd-aedf-9360be23ab6d
8e41bede-778e-497c-9d66-e0df1cd5d886,90,a772aec6-6c85-4169-b8ef-4ab0d132453d
8e47f6b9-4a44-4ce0-98bf-f3e7356fa1d2,60,26211064-e59c-452e-9518-b6a0f53c2ce5
8eaae1f8-b40d-41af-9e0e-5bc6a4a408c9,43,51ac9ecd-7b74-4543-ac0c-4fe229da05a8
8eeb851d-daa0-41d6-ade2-8836dc0557cf,158,b04f2918-d31b-4885-9d1b-51afea03c53e
8f3d82af-b4ae-41dc-a2b5-771fe4df4503,74,51ac9ecd-7b74-4543-ac0c-4fe229da05a8
8f4e390b-3df1-49d3-8196-ea5a8b96f5bc,needle,f0b53b00-1374-4fcc-85be-4ee811615a42
8f71912a-18a5-4ab2-af83-6111f2390ade,138,b04f2918-d31b-4885-9d1b-51afea03c53e
8fb6542c-55ba-48ef-b6f8-e4ee171d5b83,22,51ac9ecd-7b74-4543-ac0c-4fe229da05a8
8fcb448c-7dc4-4d86-be68-01a53a8125d3,1,a772aec6-6c85-4169-b8ef-4ab0d132453d
8fd2ff42-7735-450d-94fa-ca8c28f32b34,10,35095baf-b444-43bd-aedf-9360be23ab6d
9005338d-15a5-4775-ae20-537966ca0811,corduroy,3299a9a7-d387-4ffb-bb7d-fece852611f6
90593a76-0550-405b-8fe9-b179ed26c487,long,e38453e1-5526-4f8b-8dd3-b5c5480d50df
90ab2358-52e9-4a54-991e-7ed58cdddb26,73,07f5ed21-5669-4cb5-93d8-622557af52ef
90b20b8d-9eca-4c9b-9803-536d5c6e132e,tight,273c5d63-83f2-4f88-9841-15b99e5ee1a1
90d802e6-e080-4ff2-8f31-250dc555f225,sporty_elastic_band,5645397a-9858-4e4a-9e06-acbadd463738
90db43f2-8a9a-40cb-9aee-1d49ff0dcbbb,230,cf5eaa67-9c73-4149-a259-917fd382928e
90f57f41-fc13-4196-85c5-67111655b1e5,66,07f5ed21-5669-4cb5-93d8-622557af52ef
910f7d73-0c9f-43cf-9cd2-b7d1331d75f1,169,b04f2918-d31b-4885-9d1b-51afea03c53e
9113dc37-01f5-4352-bf22-d0c6e0425289,278,cf5eaa67-9c73-4149-a259-917fd382928e
9124e274-3431-448c-8810-c10f02a7d6c1,114,cf5eaa67-9c73-4149-a259-917fd382928e
919951c7-e7fe-44de-9be0-2531e9b7b97c,254,b04f2918-d31b-4885-9d1b-51afea03c53e
91b83d7e-a535-4b33-afbc-12f4a9ae4c0d,45,51ac9ecd-7b74-4543-ac0c-4fe229da05a8
91bf8478-ffd2-4b63-8973-f1edf05e3e41,17,51ac9ecd-7b74-4543-ac0c-4fe229da05a8
91c47878-5fdb-4b78-af32-90242f1e4351,3,35095baf-b444-43bd-aedf-9360be23ab6d
91e71c21-adb2-4213-97b4-155e153a3523,259,07f5ed21-5669-4cb5-93d8-622557af52ef
91f20e9c-a863-4cfa-b46e-46358499f43f,121,cf5eaa67-9c73-4149-a259-917fd382928e
91f5ef84-d09b-4a54-a729-b6abe973e128,34,26211064-e59c-452e-9518-b6a0f53c2ce5
922c1323-d68b-4c5c-bafe-2675cc45c082,113,51ac9ecd-7b74-4543-ac0c-4fe229da05a8
92370a79-d9f1-497b-af77-516417ba6f46,78,b04f2918-d31b-4885-9d1b-51afea03c53e
92757c2c-744c-4fd8-ab3a-71dfd5a22c93,pajama_collar,083021ee-4f31-4175-b071-9f4883c84a53
9283a3fc-d6bd-41c2-b521-aea104d6b221,257,07f5ed21-5669-4cb5-93d8-622557af52ef
9297f5e2-06f8-43dc-9765-87beb4350755,21,26211064-e59c-452e-9518-b6a0f53c2ce5
92a75c62-556e-4861-bd75-a29497ddf8cb,71,26211064-e59c-452e-9518-b6a0f53c2ce5
93083366-a55b-4344-99f3-840d791aafc1,gabardine,3299a9a7-d387-4ffb-bb7d-fece852611f6
934202a6-64e5-484a-81ac-8e8b7d0da6a9,297,cf5eaa67-9c73-4149-a259-917fd382928e
936b3a1e-9158-4d33-9005-4f47c71a6312,batik,c67b06b1-1c40-42a5-b029-e70533146b9f
9380085e-1754-41bd-9b3b-13a2b1bc2854,279,07f5ed21-5669-4cb5-93d8-622557af52ef
93d85c5e-1434-4cdc-8261-d90cde0bc8c5,136,b04f2918-d31b-4885-9d1b-51afea03c53e
94170db2-d535-41e4-b4a9-ccf233ca1e36,130,b04f2918-d31b-4885-9d1b-51afea03c53e
943fa8e9-69df-4f6e-8e47-3a81150d8b3d,94,26211064-e59c-452e-9518-b6a0f53c2ce5
9465f301-e2e7-46a9-b1d6-a3c65ab8db7e,275,cf5eaa67-9c73-4149-a259-917fd382928e
94d3c2e4-6c9d-45de-9663-14be2dcabf8d,transparent,ba21c1f7-d6a4-4b96-b16d-85cf32bde3da
94d548f7-114d-4e3f-bcaa-cd2ad914edda,155,51ac9ecd-7b74-4543-ac0c-4fe229da05a8
94d8c575-0452-47f0-83cb-6193a4018873,rubber,d6f40fcf-5757-47a8-b7c5-469fba5289e5
94ff3250-9905-4345-844a-3668feab1f75,sweater,0ccb5374-db8c-4dbb-afae-6b2652af170d
950dc4f8-8377-4762-864d-cbb03d4920c5,295,b04f2918-d31b-4885-9d1b-51afea03c53e
9510f54d-e43f-4db6-8db0-240653835304,anti_slip,395d4d49-a7b1-4e8a-8948-bc18beef1e44
957d97a8-9b97-4d9f-922b-c690481e8a78,paper_bag,c4ca680b-8672-4ff5-8ba8-f2e4094e6b60
9593812e-9341-4d91-bcd7-c06f2788e1e6,185,51ac9ecd-7b74-4543-ac0c-4fe229da05a8
960a5250-2bb2-41cf-b2c0-624a2f97b84d,denim,c512d2ea-9d34-436a-909e-c4a70e1af07a
961b52de-e736-4200-a8c8-25b4bd59228c,42,51ac9ecd-7b74-4543-ac0c-4fe229da05a8
963293c9-81ee-4206-844e-290101425448,cushion,395d4d49-a7b1-4e8a-8948-bc18beef1e44
968e714f-09b5-4879-9868-1b601422295b,84,07f5ed21-5669-4cb5-93d8-622557af52ef
9712d1e5-bf5e-4753-a3ca-d8fe95788979,89,cf5eaa67-9c73-4149-a259-917fd382928e
97267f61-c190-469f-9f76-04bf8b909912,cigarett,c4ca680b-8672-4ff5-8ba8-f2e4094e6b60
97673ca1-d10b-439e-860d-319928a19c12,61,b04f2918-d31b-4885-9d1b-51afea03c53e
9767625d-caf0-4380-82fc-d4a67ac38309,197,51ac9ecd-7b74-4543-ac0c-4fe229da05a8
9784e818-4b04-43d3-ac06-0129db824f10,7,35095baf-b444-43bd-aedf-9360be23ab6d
978bc8c0-65a4-4ab7-a5aa-2f2e7c087dd0,152,cf5eaa67-9c73-4149-a259-917fd382928e
979409d0-fc3f-4c0c-8065-2795c40be3d8,26,b04f2918-d31b-4885-9d1b-51afea03c53e
97db0dba-eccf-4c31-9d6b-5ffdfaacf6d6,215,b04f2918-d31b-4885-9d1b-51afea03c53e
9818e3e9-5d1f-405f-aa3b-378172b6cd4c,snake_leather,3299a9a7-d387-4ffb-bb7d-fece852611f6
984c468d-b49d-4062-b149-d22a4ca9bd90,modal,c512d2ea-9d34-436a-909e-c4a70e1af07a
98836d03-44f2-422a-b6ff-1ff437b23be1,207,b04f2918-d31b-4885-9d1b-51afea03c53e
988b336e-29c8-457e-a57f-73a5c3ca4504,75,b04f2918-d31b-4885-9d1b-51afea03c53e
988f5600-6ff3-4ba8-ab9b-28caaf527db5,false,f503b5cb-38e0-4dc4-8a96-2b62edae302d
989a2f03-d4ef-41a0-a517-0a2a2c0e0cb9,36,a772aec6-6c85-4169-b8ef-4ab0d132453d
98ae8d4f-0a5f-4474-8d9d-dbf8f73cb69d,133,51ac9ecd-7b74-4543-ac0c-4fe229da05a8
98af703d-5f8a-4967-80ea-06b8a4dad7e3,other,1fe4b964-e430-44b9-9f6e-073351b8df88
98c794e6-c912-4b18-adcd-198312401ab0,wedge,f0b53b00-1374-4fcc-85be-4ee811615a42
98c96b1d-0cc8-4526-82fa-a48f4e5896e4,croco_leather,3299a9a7-d387-4ffb-bb7d-fece852611f6
98fca0d3-a4b4-4fcf-a6c5-71b6545aa1d8,3,befe6d1f-f2c3-4ae7-8145-ffef4013324a
992ae373-a9bc-4ae6-9d74-7082cf0a4c12,thin,ba21c1f7-d6a4-4b96-b16d-85cf32bde3da
99dbedde-a212-4462-b755-2f37c77ad072,86,a772aec6-6c85-4169-b8ef-4ab0d132453d
9a11ee84-6a4d-40f2-957b-2f2329db08ce,154,cf5eaa67-9c73-4149-a259-917fd382928e
9a355806-74bf-4baa-849e-0201d766f368,47,51ac9ecd-7b74-4543-ac0c-4fe229da05a8
9a3c5e18-64c4-4e87-a994-f2eeb88a90b2,181,07f5ed21-5669-4cb5-93d8-622557af52ef
9a561bb6-24d6-45f3-8d5c-d9f24611f2ce,9,a772aec6-6c85-4169-b8ef-4ab0d132453d
9a81d230-d240-4bf9-96b9-9ede4c6f6516,pin,5645397a-9858-4e4a-9e06-acbadd463738
9a9e40d3-4765-4cc1-8a8e-3814421cc179,straight,269f2901-47ea-4485-9808-8293f11b831b
9ac2756a-7c6d-4811-8088-225b65dd9911,146,51ac9ecd-7b74-4543-ac0c-4fe229da05a8
9acd3191-77ea-404b-977b-926321e71c08,0,d5915843-8008-4113-8bbd-37991b2cdb9a
9afb5a73-6063-4166-bf13-bbf973a541a9,197,07f5ed21-5669-4cb5-93d8-622557af52ef
9afc73eb-ea6f-4c3a-be1d-20119eb3f59c,travel_bag,83fc5808-9319-444b-a84e-a6ac4a8da9aa
9b0de6f5-812d-43f9-9b94-1865021d7ece,tassels,5645397a-9858-4e4a-9e06-acbadd463738
9b13ca38-68b7-4248-a796-841b1bd381e6,other,aebb8442-3325-470f-a76e-fbd9c5596d3d
9b2f95e5-fcae-4b74-923d-f83d8b007e22,188,cf5eaa67-9c73-4149-a259-917fd382928e
9b76e838-8fed-40dd-8b77-72865f83f73f,283,cf5eaa67-9c73-4149-a259-917fd382928e
9b9d7b5b-4448-4e03-ba68-52ab488a6101,52,51ac9ecd-7b74-4543-ac0c-4fe229da05a8
9ba493e7-fe88-47cd-b73a-39a330d6553f,164,b04f2918-d31b-4885-9d1b-51afea03c53e
9bcd5510-5e6b-4f75-92aa-159eee81aad2,glen_plaid,3299a9a7-d387-4ffb-bb7d-fece852611f6
9bfa06dc-2967-4fd6-b260-6b408352bb1b,59,07f5ed21-5669-4cb5-93d8-622557af52ef
9c05b9d4-b8f1-472f-a2f9-0322fb64a629,172,cf5eaa67-9c73-4149-a259-917fd382928e
9c38131b-14c2-4a30-aba8-9827f2c39fc1,64,b04f2918-d31b-4885-9d1b-51afea03c53e
9c4b6214-0578-4012-a7d6-514e43fc50c8,false,3d572761-0dc3-4612-961e-05718951cb06
9c6e9ea5-ea85-4de8-aca6-77c4bcdb0732,open_decollete,aca97a9c-bf69-4b4d-9ade-f92e82ea953a
9c996301-5cea-405e-8bc2-38f9625f6143,elastomultiester,c512d2ea-9d34-436a-909e-c4a70e1af07a
9c9aa95a-179b-45aa-8a51-62b98f9ad638,lightweight,395d4d49-a7b1-4e8a-8948-bc18beef1e44
9cab88c6-b9b4-4207-abbc-352101c7df39,68,07f5ed21-5669-4cb5-93d8-622557af52ef
9cb34bbb-620f-4b07-8dfe-2fd10cb96205,243,07f5ed21-5669-4cb5-93d8-622557af52ef
9cc0f927-2b5c-49cc-b709-caf04bdaaffa,192,51ac9ecd-7b74-4543-ac0c-4fe229da05a8
9ce6f5e6-6755-460c-8abc-313306db4801,flared_sleeve,b237632a-9b01-40e3-98b6-28b7b329968c
9cf2b869-58e8-4c37-b139-ea57b8bbf53a,tab,5645397a-9858-4e4a-9e06-acbadd463738
9cf9b16c-9a47-4af4-80fb-bd157a1352f4,4,b04f2918-d31b-4885-9d1b-51afea03c53e
9d2723b8-483b-4911-8d06-722989b855c5,38,07f5ed21-5669-4cb5-93d8-622557af52ef
9d3a7b54-a6aa-4c5e-8748-df39dd3a0784,stole,befc364a-c636-4c58-a43b-13e0e278b291
9d43d6dd-6cbc-4c56-acc4-6a261162e7c3,cord,3299a9a7-d387-4ffb-bb7d-fece852611f6
9d5107c5-c717-4eb1-ad8d-fb61664d4b2f,7,a772aec6-6c85-4169-b8ef-4ab0d132453d
9d6aca55-4352-4473-9ae7-764902e2c838,217,cf5eaa67-9c73-4149-a259-917fd382928e
9d812705-5590-40b8-9f5a-fbb5d4901aa9,64,51ac9ecd-7b74-4543-ac0c-4fe229da05a8
9d902a90-2e2d-4921-9d40-b5c18c6fe7ec,soft,ba21c1f7-d6a4-4b96-b16d-85cf32bde3da
9df50983-b6a3-4909-88b9-7906b9f64d7b,48,cf5eaa67-9c73-4149-a259-917fd382928e
9e0438e5-793f-4371-97f4-f9db8f2c3bbc,reversible,ba21c1f7-d6a4-4b96-b16d-85cf32bde3da
9e0ea6be-c131-45d7-97a5-f1d96340545d,169,07f5ed21-5669-4cb5-93d8-622557af52ef
9e151b21-8182-4584-b2f2-01f2366ae5eb,162,b04f2918-d31b-4885-9d1b-51afea03c53e
9e456ae8-c46e-4d5f-b82f-4b6d928ca24d,pvc,395d4d49-a7b1-4e8a-8948-bc18beef1e44
9e51fe31-f1e1-4515-ae21-fe229009fb29,276,07f5ed21-5669-4cb5-93d8-622557af52ef
9e7d162f-1730-42ff-9079-4ab9bfd6790f,charm,5645397a-9858-4e4a-9e06-acbadd463738
9e7daa06-1913-4847-b4ab-510d1cee9666,japanese_sleeve,b237632a-9b01-40e3-98b6-28b7b329968c
9e81cd13-e8cd-4e2a-93bc-7ab8e87c20d9,56,26211064-e59c-452e-9518-b6a0f53c2ce5
9e875376-8713-4d61-8974-be546121e62c,123,b04f2918-d31b-4885-9d1b-51afea03c53e
9e87af73-6ec7-473e-86b9-93fc8311efba,thick,ba21c1f7-d6a4-4b96-b16d-85cf32bde3da
9f2dc089-f096-47af-b3e4-1a610322a128,180,cf5eaa67-9c73-4149-a259-917fd382928e
9f46fac7-d98c-44d9-a5f2-6c997a8caaee,133,b04f2918-d31b-4885-9d1b-51afea03c53e
9f4d2bbd-efc1-4fa8-9e20-931eaa4ec18a,268,cf5eaa67-9c73-4149-a259-917fd382928e
9f4f38b9-38da-4b22-8ae1-118c4e3d8681,60,a772aec6-6c85-4169-b8ef-4ab0d132453d
9f6d5b2b-ac1c-4cc3-a7d1-7cedf98b7563,gritty,ba21c1f7-d6a4-4b96-b16d-85cf32bde3da
9f94ce49-91ec-4d17-8b0f-eb970d4b5175,lurex_thread,5645397a-9858-4e4a-9e06-acbadd463738
9fb7d4e5-0dbb-4a6a-bdbb-5dfb84230ac3,187,b04f2918-d31b-4885-9d1b-51afea03c53e
9fb90a93-b4ef-48ac-a5cd-4ca202e044ce,21,07f5ed21-5669-4cb5-93d8-622557af52ef
9fbf0d8c-c92f-4e42-8b46-fed73441cf5f,31,51ac9ecd-7b74-4543-ac0c-4fe229da05a8
a007c6dc-63ba-4b6d-8dfb-88aa4d3dbead,245,07f5ed21-5669-4cb5-93d8-622557af52ef
a02b2347-8bf9-4d2d-945f-8c00eedb2964,170,51ac9ecd-7b74-4543-ac0c-4fe229da05a8
a02e22cb-d235-4e41-99c0-73d63c06157e,thickness_avarege,ba21c1f7-d6a4-4b96-b16d-85cf32bde3da
a0309dba-a550-4fc4-9e72-dad0949c4721,149,07f5ed21-5669-4cb5-93d8-622557af52ef
a03c2e88-61b2-4796-89e8-60a793c632cd,45,a772aec6-6c85-4169-b8ef-4ab0d132453d
a04f9587-6621-4dff-a9f7-83b6e2f47296,269,07f5ed21-5669-4cb5-93d8-622557af52ef
a06c1119-557b-4f42-888c-a9565d187646,waxed,10e14a5d-39b6-4045-93cc-1574f68606ec
a098c276-dcd6-4651-bd13-bd22a5d55cb2,110,cf5eaa67-9c73-4149-a259-917fd382928e
a0d2de35-afbf-4c1c-a31c-98c696cb1e7a,125,51ac9ecd-7b74-4543-ac0c-4fe229da05a8
a0d4b3a6-fb7e-41b7-bb91-89b2961b04ed,flat,395d4d49-a7b1-4e8a-8948-bc18beef1e44
a0ec4670-47c0-48d5-a9a0-c2012e886b58,18,26211064-e59c-452e-9518-b6a0f53c2ce5
a0f96a8e-034f-40e4-867f-5beeda800edb,eco,3299a9a7-d387-4ffb-bb7d-fece852611f6
a1012890-e68c-4e20-8163-72fbd01730a0,256,b04f2918-d31b-4885-9d1b-51afea03c53e
a1232fff-cee2-4fdf-88eb-c92b4fc0590a,high_neck,aebb8442-3325-470f-a76e-fbd9c5596d3d
a14e9c54-73fc-4fa3-84c5-91876f342ece,pleated,23da088e-f468-4beb-abc7-60397ae512ed
a168a2f8-282c-4221-a32e-d67b4f337a06,178,07f5ed21-5669-4cb5-93d8-622557af52ef
a17bdc89-9973-4c88-ac17-5f0b5c72a5b4,thick,51ba712e-4cc6-47c3-a823-02fc31a67104
a17eeebf-a204-4d41-a48e-70785b46a312,straight,23da088e-f468-4beb-abc7-60397ae512ed
a1edce4a-f996-4933-88a9-fa36cb210a5e,9,26211064-e59c-452e-9518-b6a0f53c2ce5
a1f7d0fb-1f42-4d19-a6cd-fdeb2e2a2b07,knitted,23da088e-f468-4beb-abc7-60397ae512ed
a20e0c92-7b98-4fef-8925-19f1b159565a,rubber,3299a9a7-d387-4ffb-bb7d-fece852611f6
a22a09df-ae86-4dce-a765-4a206591235e,other,f0b53b00-1374-4fcc-85be-4ee811615a42
a267403c-dd4f-45d5-977b-afe1c6ef1116,236,cf5eaa67-9c73-4149-a259-917fd382928e
a2758fdb-465a-4b39-a843-915f85661037,87,b04f2918-d31b-4885-9d1b-51afea03c53e
a276d9dc-92b2-4138-955d-4639822446a8,179,51ac9ecd-7b74-4543-ac0c-4fe229da05a8
a291edbc-7d96-494c-8757-d0251f37819d,bow,083021ee-4f31-4175-b071-9f4883c84a53
a2c69755-b700-45df-b129-27b2c65c3701,breathable,3299a9a7-d387-4ffb-bb7d-fece852611f6
a2d90700-a726-4839-80ea-d5aaceca6564,261,b04f2918-d31b-4885-9d1b-51afea03c53e
a2e25702-a0e5-4371-b715-28f771be4711,polka_dot,c67b06b1-1c40-42a5-b029-e70533146b9f
a2ed48ed-dd1d-40d8-b686-e6fe190057e8,guipure_lace,3299a9a7-d387-4ffb-bb7d-fece852611f6
a34896e7-6f51-4e6f-a450-13b0fff9ec12,197,b04f2918-d31b-4885-9d1b-51afea03c53e
a357b0c3-5597-4fb6-b8ca-e721dc559e92,245,cf5eaa67-9c73-4149-a259-917fd382928e
a358e1a8-65d0-4e62-8e1b-e174f750026e,157,b04f2918-d31b-4885-9d1b-51afea03c53e
a3aee19d-bdc8-4359-9a64-ea655fd623a5,skinny,c4ca680b-8672-4ff5-8ba8-f2e4094e6b60
a3c71b11-081a-4edf-b722-a6242f2640c8,small,ae2da038-0e80-464e-a334-197e65d06c18
a420387a-063a-4e32-a720-477e9bcb4983,19,b04f2918-d31b-4885-9d1b-51afea03c53e
a4291b4a-0f97-46c2-b788-9ea2c73693e1,135,07f5ed21-5669-4cb5-93d8-622557af52ef
a43051f1-0bab-4a4e-96ab-ff574543042e,suit,7298588f-755b-4951-9ddb-9ef63b924e1f
a48c52ee-c01b-4cca-9b68-a39e4972639d,29,a772aec6-6c85-4169-b8ef-4ab0d132453d
a4cb2987-df8a-4fe7-ad6a-e49d06e39437,chanel,90d5a219-a892-411e-ba25-7244fa1e220c
a5054d27-d690-4320-ac3c-7cfcf3029edc,77,07f5ed21-5669-4cb5-93d8-622557af52ef
a557d0e2-027a-4878-80a8-9e760606d4b8,motif,5645397a-9858-4e4a-9e06-acbadd463738
a558c676-742a-40c3-ab74-60a0f34d0c43,warm,ba21c1f7-d6a4-4b96-b16d-85cf32bde3da
a56dfb8b-4de5-4f70-b175-ac7695abf371,gradient,c67b06b1-1c40-42a5-b029-e70533146b9f
a57c58ee-c18c-4bb8-a3b8-d66fda979c22,43,cf5eaa67-9c73-4149-a259-917fd382928e
a5ae039a-9c81-47f9-b938-a7b3fecde217,automatic,2e2a28f9-566d-419f-9081-cc9061324110
a5f0f0de-bd0a-40f8-8500-5c55c11a7ab6,63,07f5ed21-5669-4cb5-93d8-622557af52ef
a6109e8e-91af-47e8-bf37-92b593f6de8c,54,a772aec6-6c85-4169-b8ef-4ab0d132453d
a642a07a-897f-4423-bf9c-0d2ad4b8bb16,172,07f5ed21-5669-4cb5-93d8-622557af52ef
a679bbc3-4672-4e6d-940e-9094da7beedd,crocodile_leather,c512d2ea-9d34-436a-909e-c4a70e1af07a
a6a0f1b8-50ff-400a-aa07-3b61bf6d463f,6,a772aec6-6c85-4169-b8ef-4ab0d132453d
a6c78e39-fa9e-4fad-b22d-db04b166beeb,36,b04f2918-d31b-4885-9d1b-51afea03c53e
a6d7728f-a02e-424d-98cd-c175e2b22191,writing,5645397a-9858-4e4a-9e06-acbadd463738
a6d94bf8-4eec-4684-ad04-2f8197c8e687,276,b04f2918-d31b-4885-9d1b-51afea03c53e
a71e8b09-67c6-455c-a4c8-7d17b63aff34,56,51ac9ecd-7b74-4543-ac0c-4fe229da05a8
a72a466d-d1ec-4247-a197-12c704662819,other,b237632a-9b01-40e3-98b6-28b7b329968c
a73107dc-e25e-4f61-829f-447769a6feee,285,07f5ed21-5669-4cb5-93d8-622557af52ef
a7512186-d8ec-45c3-8f4e-218fe415c607,19,a772aec6-6c85-4169-b8ef-4ab0d132453d
a76db01a-2541-48f6-b4eb-4420efd26b07,monk,7298588f-755b-4951-9ddb-9ef63b924e1f
a79d5406-ba6d-45d5-99b3-afdb799dbdf1,smooth,c67b06b1-1c40-42a5-b029-e70533146b9f
a7c696e1-0357-44a1-bb35-61bd0c6cd855,sustainable,ba21c1f7-d6a4-4b96-b16d-85cf32bde3da
a7d828cd-66c4-4990-b57b-e41eccba41aa,158,cf5eaa67-9c73-4149-a259-917fd382928e
a7dbdae6-7e52-452b-adfb-7969be0b7fa6,113,07f5ed21-5669-4cb5-93d8-622557af52ef
a7e2d3d6-e7ae-4196-a3f2-6feaeb7de1c4,knit,c512d2ea-9d34-436a-909e-c4a70e1af07a
a7edd0cb-d82a-46fe-a772-659a2f945351,122,07f5ed21-5669-4cb5-93d8-622557af52ef
a7f57506-ee64-4f56-bd26-8db9931dc23c,leather,395d4d49-a7b1-4e8a-8948-bc18beef1e44
a80ca17e-5d12-4bf7-8d07-de2564d3d04f,107,cf5eaa67-9c73-4149-a259-917fd382928e
a833b998-7d2e-4d05-a440-3fc62c7e9022,pant_skirt,23da088e-f468-4beb-abc7-60397ae512ed
a8667e61-ef5a-49da-85a5-c69b5c137ee5,adjustable_sleeve,b237632a-9b01-40e3-98b6-28b7b329968c
a86bc2ba-f943-4077-9e94-07dc9079cc11,9,d5915843-8008-4113-8bbd-37991b2cdb9a
a8815eab-b654-4390-a741-32149a976281,42,a772aec6-6c85-4169-b8ef-4ab0d132453d
a89596b4-1ac8-49d4-be01-320372d58f5a,92,a772aec6-6c85-4169-b8ef-4ab0d132453d
a8fdfed4-1006-4df8-823f-2b6992922b00,193,51ac9ecd-7b74-4543-ac0c-4fe229da05a8
a90abaa9-1f5c-44d9-b4ce-a568c6c07069,191,cf5eaa67-9c73-4149-a259-917fd382928e
a91da844-57e6-4e0c-9af7-449a6d2d5ed7,225,cf5eaa67-9c73-4149-a259-917fd382928e
a931bccf-596b-4e38-b445-d1788d30e892,buttons,2e2a28f9-566d-419f-9081-cc9061324110
a935ba3a-86b5-400c-8948-e6375e9fc3fe,organic,ba21c1f7-d6a4-4b96-b16d-85cf32bde3da
a94b91e0-0202-4596-b26e-fd3eb154e7d8,278,b04f2918-d31b-4885-9d1b-51afea03c53e
a9c87481-b1e1-4a07-ae33-2db2adb4f0f3,156,51ac9ecd-7b74-4543-ac0c-4fe229da05a8
a9eee3ae-1e57-4dce-b40d-0d288210d1e4,bamboo,c512d2ea-9d34-436a-909e-c4a70e1af07a
aa518c0c-de90-46de-a800-00b3595dcfc2,18,a772aec6-6c85-4169-b8ef-4ab0d132453d
aa5350c6-5532-4604-b95c-938b8f7cb95c,16,26211064-e59c-452e-9518-b6a0f53c2ce5
aa6cc984-e316-4f2c-b42f-c1fc60fa1ac7,257,cf5eaa67-9c73-4149-a259-917fd382928e
aa8d2b6b-4734-4e80-ab73-a7a88a06f54f,microribbed,ba21c1f7-d6a4-4b96-b16d-85cf32bde3da
aa92aa47-2e58-45d8-b0d7-0ba21afa78a5,zip_button,2e2a28f9-566d-419f-9081-cc9061324110
aab59469-4763-4d1c-85cd-d90611378f88,124,51ac9ecd-7b74-4543-ac0c-4fe229da05a8
aabe883a-b54a-4c66-847a-f8a62555fccb,146,b04f2918-d31b-4885-9d1b-51afea03c53e
aace997b-d4d6-429d-8f46-9960ed035d1e,boat_neckline,aebb8442-3325-470f-a76e-fbd9c5596d3d
ab0b9036-2439-42bf-be33-893a579f4993,148,07f5ed21-5669-4cb5-93d8-622557af52ef
ab11bcde-f691-4307-bb1a-5d7499ebba1f,157,cf5eaa67-9c73-4149-a259-917fd382928e
ab557da9-f7e7-48da-890d-946e0b9bebad,hoodie,273c5d63-83f2-4f88-9841-15b99e5ee1a1
ab6724b5-6c2f-475e-89da-7f249ee16f3e,canvas,3299a9a7-d387-4ffb-bb7d-fece852611f6
ab73a7c2-996c-487f-8b02-0a4b8c33cb9f,warm,6e518bda-2083-41b9-89c0-6c52392261d3
abc4707b-d83a-4c45-9db5-c394c92dca37,rivets,5645397a-9858-4e4a-9e06-acbadd463738
abc6c08b-0d8b-4b68-9a5e-18e8122308ca,23,26211064-e59c-452e-9518-b6a0f53c2ce5
abfd5ec0-7eea-4bed-9b2a-3038f387396e,43,07f5ed21-5669-4cb5-93d8-622557af52ef
ac105c9f-574b-4e17-bfcb-4ff03a5ab227,laminated,ba21c1f7-d6a4-4b96-b16d-85cf32bde3da
ac1736a5-26f0-4860-975d-6d649836bde9,back_yoke_cut,3ee99982-484b-4f35-8357-8cac7bccbb73
ac2f7cb8-fe85-4eec-9dbd-11aab73b200d,55,26211064-e59c-452e-9518-b6a0f53c2ce5
ac62b387-9678-4e7b-a628-4b8c74e160f1,12,cf5eaa67-9c73-4149-a259-917fd382928e
ac65ff1f-28ce-4ee4-a15e-cd6d49c651a0,118,07f5ed21-5669-4cb5-93d8-622557af52ef
ac78e9ed-8c26-4f74-a8ef-08ca3e30a62f,196,cf5eaa67-9c73-4149-a259-917fd382928e
ac8b4aa7-1260-4741-a2b3-0b8ef11fe400,32,51ac9ecd-7b74-4543-ac0c-4fe229da05a8
ac8d75cf-1150-48f3-98aa-81798e3a3403,braided,ba21c1f7-d6a4-4b96-b16d-85cf32bde3da
ac908845-aba2-43a2-8edc-b80d1322c262,281,cf5eaa67-9c73-4149-a259-917fd382928e
acb02fa3-3932-4c38-8e38-ae262a9d1c93,183,07f5ed21-5669-4cb5-93d8-622557af52ef
acc0c58c-29f0-4938-ac4d-8ab819da02dd,percale,3299a9a7-d387-4ffb-bb7d-fece852611f6
acddb685-aa52-43de-809d-21ea36bf04af,242,cf5eaa67-9c73-4149-a259-917fd382928e
ad3945ab-77f7-487e-a70e-fe420dae77dc,140,b04f2918-d31b-4885-9d1b-51afea03c53e
ada8f528-7b4f-4f8b-a5a3-8f4bb5c1c6c7,plumes,5645397a-9858-4e4a-9e06-acbadd463738
adbd891b-100d-4879-85b5-49585ffc08ca,34,b04f2918-d31b-4885-9d1b-51afea03c53e
adc06536-4361-41bb-976c-0fd7aee1c5fa,5,befe6d1f-f2c3-4ae7-8145-ffef4013324a
adcc955b-c795-4d39-a5cd-ffdb6ed21cb4,25,a772aec6-6c85-4169-b8ef-4ab0d132453d
add4503f-16d7-4488-94da-ba19c228193e,other,5645397a-9858-4e4a-9e06-acbadd463738
add6e34d-a33d-48ad-ab30-1f6f71a39d36,rayon,c512d2ea-9d34-436a-909e-c4a70e1af07a
adf7f9c0-4b04-43fe-88a8-99b40133054e,baloon,23da088e-f468-4beb-abc7-60397ae512ed
ae083863-c013-4fb0-a8bb-ec15e57a0f95,93,b04f2918-d31b-4885-9d1b-51afea03c53e
ae5665b6-13a2-44ae-b881-bca5836356bd,141,07f5ed21-5669-4cb5-93d8-622557af52ef
ae92de86-1329-4de8-bbcc-f478e9f8628b,fluid,ba21c1f7-d6a4-4b96-b16d-85cf32bde3da
aece04c0-2ffd-4b0c-acd5-c4de38fc39a1,ruffled_sleeve,b237632a-9b01-40e3-98b6-28b7b329968c
aee42f50-73cd-481f-b6c6-534a42e93a64,large_size_plus3,ae2da038-0e80-464e-a334-197e65d06c18
aef4dfc9-2813-4a22-a2e2-92b10b9e7d01,47,26211064-e59c-452e-9518-b6a0f53c2ce5
aef934c9-8652-41a1-b8bb-84db7483b6c8,braided,5645397a-9858-4e4a-9e06-acbadd463738
af2ac0bf-7acd-4cb8-89f1-c7f061eb7028,110,51ac9ecd-7b74-4543-ac0c-4fe229da05a8
af68b454-0781-4ba1-a037-4444038ef730,98,26211064-e59c-452e-9518-b6a0f53c2ce5
af835ad2-af95-4a06-b597-f686e3ad5d30,112,b04f2918-d31b-4885-9d1b-51afea03c53e
afc24cc5-7626-4517-bb74-233cb6847505,121,51ac9ecd-7b74-4543-ac0c-4fe229da05a8
afda82e0-d090-4c50-9f5a-1229a547105e,276,cf5eaa67-9c73-4149-a259-917fd382928e
afdce066-d439-48c5-895e-af68eb8ac022,wear,7298588f-755b-4951-9ddb-9ef63b924e1f
aff9ec12-db08-4d1a-90ee-9dd21c4e606f,235,cf5eaa67-9c73-4149-a259-917fd382928e
b015918d-4197-4e17-a04c-7c9bac2e1f02,233,cf5eaa67-9c73-4149-a259-917fd382928e
b04cdaf9-9452-4a60-bcf9-18d113d8d0bf,166,07f5ed21-5669-4cb5-93d8-622557af52ef
b0e6e942-831a-46b1-bbf0-f2a4aa5ff2fa,171,51ac9ecd-7b74-4543-ac0c-4fe229da05a8
b10c8a12-a770-4585-8657-d9323d616140,33,a772aec6-6c85-4169-b8ef-4ab0d132453d
b17763a3-cd0e-4eeb-9376-11bfc4404370,minimal,144d677e-67cc-49b2-9be1-74af3ab02945
b19310dd-7343-44ca-a91e-900eefc30935,49,07f5ed21-5669-4cb5-93d8-622557af52ef
b1938d90-e95c-4a12-87a3-4e4e3b8b4658,27,26211064-e59c-452e-9518-b6a0f53c2ce5
b1a2ab58-be0b-4572-9d93-c3e651bb5a97,rugged,ba21c1f7-d6a4-4b96-b16d-85cf32bde3da
b1b8850e-5616-4cee-a880-7123829564ed,252,b04f2918-d31b-4885-9d1b-51afea03c53e
b1dab50f-80a4-4396-8fcf-121d4a118e4f,vivid,5645397a-9858-4e4a-9e06-acbadd463738
b213ee87-7a56-4876-ab1a-677ef56efede,flexible,ba21c1f7-d6a4-4b96-b16d-85cf32bde3da
b23da772-589d-429a-9263-302157e41269,rhombus_fabric,c67b06b1-1c40-42a5-b029-e70533146b9f
b265a6a5-9c0b-4170-be1f-5a2d49d1806d,6,51ac9ecd-7b74-4543-ac0c-4fe229da05a8
b28a138f-df5d-4f26-a3f8-79af9993292b,drapped,ba21c1f7-d6a4-4b96-b16d-85cf32bde3da
b28f7333-e0ce-445e-a175-71685111932f,274,cf5eaa67-9c73-4149-a259-917fd382928e
b29a6411-07d1-4501-b55f-fb3cfa050c90,186,51ac9ecd-7b74-4543-ac0c-4fe229da05a8
b2caad20-6bd7-4687-a7da-c1852aeab704,293,b04f2918-d31b-4885-9d1b-51afea03c53e
b2f0c273-96f8-4158-ae6a-bdb1d6d14b3b,small_clients,aca97a9c-bf69-4b4d-9ade-f92e82ea953a
b2f0e718-70fa-487f-96c8-ce08f7808832,yoke_cut,3ee99982-484b-4f35-8357-8cac7bccbb73
b303fa3e-fd64-442b-9ed2-e369b872aef3,241,b04f2918-d31b-4885-9d1b-51afea03c53e
b317dd31-2b96-4d2f-830f-2da8fa9048a6,67,07f5ed21-5669-4cb5-93d8-622557af52ef
b323f058-b857-413b-9ca5-f1c503acc3ab,39,b04f2918-d31b-4885-9d1b-51afea03c53e
b35b82e3-857c-4f6a-81c3-5dd69471a579,117,51ac9ecd-7b74-4543-ac0c-4fe229da05a8
b36c6f69-bd09-4d10-89b0-091ab88ccf54,136,cf5eaa67-9c73-4149-a259-917fd382928e
b3c25b58-a82f-46ce-b8d1-1b86e12cda58,17,07f5ed21-5669-4cb5-93d8-622557af52ef
b3ce7b9b-379f-4dd8-95f2-c16406cb0340,0,befe6d1f-f2c3-4ae7-8145-ffef4013324a
b3f5c63d-b195-41c7-acf4-586f4aac3bb1,162,cf5eaa67-9c73-4149-a259-917fd382928e
b3f8e630-15a3-4e49-b386-574a33058269,organza,3299a9a7-d387-4ffb-bb7d-fece852611f6
b40a8833-2a62-417b-a17f-847b69f7d7f2,twist,5645397a-9858-4e4a-9e06-acbadd463738
b41e3b3e-d27b-4705-b8c7-592b89508e12,7,26211064-e59c-452e-9518-b6a0f53c2ce5
b44f8bfa-e46f-487a-a106-e471d2c3fc73,82,cf5eaa67-9c73-4149-a259-917fd382928e
b454cd03-d51e-4070-bde1-272dd1e9ad4a,265,b04f2918-d31b-4885-9d1b-51afea03c53e
b4734f7a-24c6-4348-9508-02afebea63e3,107,b04f2918-d31b-4885-9d1b-51afea03c53e
b4781e53-1b1f-475f-8f1d-27c3e7cf8b7c,296,b04f2918-d31b-4885-9d1b-51afea03c53e
b47cb9fd-b9c9-4d77-916d-93ed0c1a1879,creased,ba21c1f7-d6a4-4b96-b16d-85cf32bde3da
b48edd9d-a810-41c0-a603-f9962754693e,off_shoulders,b237632a-9b01-40e3-98b6-28b7b329968c
b4b267db-d15a-4214-a842-194e3dd5b258,round,d6f40fcf-5757-47a8-b7c5-469fba5289e5
b4cd7534-0797-4979-b784-6b7020d51b3f,waterproof,ba21c1f7-d6a4-4b96-b16d-85cf32bde3da
b4d2311b-8c34-44cb-82c4-fa1ebcda74b9,152,07f5ed21-5669-4cb5-93d8-622557af52ef
b4f75e2e-aded-4dd2-8b9c-740be0e9164d,40,26211064-e59c-452e-9518-b6a0f53c2ce5
b52160f5-300f-4298-9b6f-1536fe4dfc82,envelope,83fc5808-9319-444b-a84e-a6ac4a8da9aa
b5489408-529d-4ff3-bc71-57bc4e093158,73,26211064-e59c-452e-9518-b6a0f53c2ce5
b5747559-6c90-46ef-a658-bc6a6245f745,2,07f5ed21-5669-4cb5-93d8-622557af52ef
b5ae67c2-8517-4a2c-bfec-2de4b6519291,equestrian,7298588f-755b-4951-9ddb-9ef63b924e1f
b5c8761c-8a10-45b4-99f3-8b3afe9b5766,lingerie,273c5d63-83f2-4f88-9841-15b99e5ee1a1
b5ce1fed-4c38-4920-90b5-42e46f971e97,cardigan,0ccb5374-db8c-4dbb-afae-6b2652af170d
b5ff7b8a-8ee6-4d63-9cf9-5223aadc80d4,145,cf5eaa67-9c73-4149-a259-917fd382928e
b60af35c-f7de-460f-9afd-98d3e7a8ae5f,92,51ac9ecd-7b74-4543-ac0c-4fe229da05a8
b6135b49-c7a5-47a5-ad70-b906facc201a,131,07f5ed21-5669-4cb5-93d8-622557af52ef
b61ea082-b90a-4005-a049-43f2e9be2654,234,b04f2918-d31b-4885-9d1b-51afea03c53e
b649c3c8-9541-4f48-9022-6c33a4c0421c,short_sleeve,980dcbd8-ac49-4295-bb21-faad5c1f8845
b64dfbc0-7d46-403f-beff-f95d59e4cce5,sack,83fc5808-9319-444b-a84e-a6ac4a8da9aa
b658ff79-1e6e-486b-8783-b124fb9248d1,109,07f5ed21-5669-4cb5-93d8-622557af52ef
b6792362-9b0c-45d0-b0aa-1b9ca3a83ea7,14,51ac9ecd-7b74-4543-ac0c-4fe229da05a8
b6aca0b9-d344-4712-9b1b-10d0e1253ac5,trench,90d5a219-a892-411e-ba25-7244fa1e220c
b6b3e633-ae40-4f44-b6d2-481dde8ff64e,londa_fabric,5645397a-9858-4e4a-9e06-acbadd463738
b6ba1fe6-a034-47ad-aef3-12101c4d747e,209,b04f2918-d31b-4885-9d1b-51afea03c53e
b6caf853-cc22-475f-a9eb-6b7b47dfc2c1,army,c67b06b1-1c40-42a5-b029-e70533146b9f
b6f3c9f2-6bc7-4fc9-a300-ef358c852e15,tube,273c5d63-83f2-4f88-9841-15b99e5ee1a1
b739c62a-6e47-499c-acfc-b4410f36d36c,98,07f5ed21-5669-4cb5-93d8-622557af52ef
b73ccd77-f613-4861-9ad1-d59b75e6f872,tote,83fc5808-9319-444b-a84e-a6ac4a8da9aa
b7453af8-6902-4259-8cb3-318fcf4e96a2,89,51ac9ecd-7b74-4543-ac0c-4fe229da05a8
b7472f88-781d-472f-a87b-7db7e7fa5759,155,cf5eaa67-9c73-4149-a259-917fd382928e
b751b311-c581-4718-a948-7add5e6f46ba,199,cf5eaa67-9c73-4149-a259-917fd382928e
b75209b7-ef1d-4479-b5e3-88b90c850bc6,68,cf5eaa67-9c73-4149-a259-917fd382928e
b76e696c-2a16-4d29-8a2a-3062f60ee2d5,149,cf5eaa67-9c73-4149-a259-917fd382928e
b76ee01e-6d63-4d88-b4ac-41483985e808,255,07f5ed21-5669-4cb5-93d8-622557af52ef
b7937eed-f6f2-44fd-9f9f-e697735d0be5,30,07f5ed21-5669-4cb5-93d8-622557af52ef
b7b17753-265d-457f-bfdb-2b51f62182c6,290,b04f2918-d31b-4885-9d1b-51afea03c53e
b7d51d57-0ff9-4667-8dd7-f017045cf345,102,b04f2918-d31b-4885-9d1b-51afea03c53e
b7dac520-7559-4cab-879f-7d1dccd165f7,71,07f5ed21-5669-4cb5-93d8-622557af52ef
b7e226bf-d2a2-46bf-8538-400ed18499f3,short,5ba43df1-ef52-48e7-aa30-83492df0c194
b801d942-ca9d-4972-b390-ca8162106caa,186,b04f2918-d31b-4885-9d1b-51afea03c53e
b803c636-b6e8-45fb-b14e-86800a15593d,38,a772aec6-6c85-4169-b8ef-4ab0d132453d
b82c722c-72f1-47ac-8a1f-dd838777fa0e,sock,7298588f-755b-4951-9ddb-9ef63b924e1f
b82def19-45eb-4b78-a8d1-5a7a3c0ddbcd,push_up,aca97a9c-bf69-4b4d-9ade-f92e82ea953a
b846041a-0d11-42f5-839a-dce83946ee4c,285,cf5eaa67-9c73-4149-a259-917fd382928e
b84bd93c-c8ca-48ba-83a8-69be6a5d8a4f,square_neckline,aebb8442-3325-470f-a76e-fbd9c5596d3d
b889c387-97be-4cdd-a203-2c6ca04b2d76,117,07f5ed21-5669-4cb5-93d8-622557af52ef
b88d7600-2ad7-45a0-a7c9-ddded76558fd,134,b04f2918-d31b-4885-9d1b-51afea03c53e
b8c1da56-e7f6-45e4-9889-b2664585511e,central_cut,3ee99982-484b-4f35-8357-8cac7bccbb73
b8e85976-908e-4c36-beef-5888fef871a6,pompon_trimming,5645397a-9858-4e4a-9e06-acbadd463738
b933202c-f45b-4311-af6e-8614b29ac25c,47,b04f2918-d31b-4885-9d1b-51afea03c53e
b94eb60e-7ddf-4f67-a35c-032ffe2a1b4a,dyed,ba21c1f7-d6a4-4b96-b16d-85cf32bde3da
b959a234-8d94-4b7a-80e2-ab92ad178d3d,88,cf5eaa67-9c73-4149-a259-917fd382928e
b962e1ee-eff7-4e64-8bfa-e694d7bd6994,226,b04f2918-d31b-4885-9d1b-51afea03c53e
b98a44be-9a10-4f4c-a62e-8438f04900f1,115,51ac9ecd-7b74-4543-ac0c-4fe229da05a8
b9b824db-0527-4673-8cc5-b3a5f5947297,cork,395d4d49-a7b1-4e8a-8948-bc18beef1e44
b9c44b5d-62e8-4dc3-82ce-5ab4c5b5cc16,153,cf5eaa67-9c73-4149-a259-917fd382928e
b9f2caf7-6ecb-4040-baeb-7bb0f3f46dd0,75,07f5ed21-5669-4cb5-93d8-622557af52ef
b9f30bc7-6fe4-42ff-81ef-6b73634f7220,91,26211064-e59c-452e-9518-b6a0f53c2ce5
ba010745-94f6-472d-9e21-c66ae9d3bbf0,sweetheart_neckline,aebb8442-3325-470f-a76e-fbd9c5596d3d
ba1714d2-1e3f-4a97-97aa-25b8cd88c684,other,c4ca680b-8672-4ff5-8ba8-f2e4094e6b60
ba44ec18-a35d-4117-9efa-1034f10dbb4e,218,cf5eaa67-9c73-4149-a259-917fd382928e
ba5d2f0a-58b8-4ed0-b3ec-e6135acd9f7f,107,51ac9ecd-7b74-4543-ac0c-4fe229da05a8
ba9e8187-e4d4-4b61-a1fb-386168dccb60,voluminous,ba21c1f7-d6a4-4b96-b16d-85cf32bde3da
baa714b6-c3eb-4ed5-bca3-63d80d0d031e,recycling,ba21c1f7-d6a4-4b96-b16d-85cf32bde3da
baf07377-886c-4e0f-880e-71c019faf6e9,serrated,395d4d49-a7b1-4e8a-8948-bc18beef1e44
bb165131-ca5f-4c5c-af05-93f6ce87d780,258,07f5ed21-5669-4cb5-93d8-622557af52ef
bb174ef0-e8b9-435e-9281-47aa97a8651e,mesh,3299a9a7-d387-4ffb-bb7d-fece852611f6
bb229fe3-ac8a-4f2d-aa52-ef8b5dbcf1de,breastplate,1fe4b964-e430-44b9-9f6e-073351b8df88
bb25ccd6-cc46-4de4-b829-4ce71a38fdab,164,cf5eaa67-9c73-4149-a259-917fd382928e
bb4645c2-24ba-49ef-9451-fee0ec7e9530,adjustable,df6269fb-f67c-4496-a840-dc2eebbb86cb
bb58a4a9-102a-4a8a-b521-02f0e66b2a64,12,b04f2918-d31b-4885-9d1b-51afea03c53e
bb7da1ed-ac43-4126-bd7a-6c261c1d4994,197,cf5eaa67-9c73-4149-a259-917fd382928e
bb98ed65-8cc3-4f23-8b1b-698d23a3a818,93,07f5ed21-5669-4cb5-93d8-622557af52ef
bba57b66-5791-440a-b909-6ca4588212f5,255,b04f2918-d31b-4885-9d1b-51afea03c53e
bbd0426a-64d2-49dd-b83e-3c25e67a5175,pocket_flap,5645397a-9858-4e4a-9e06-acbadd463738
bbd09730-28c1-413e-884f-b8c646c8daf2,navy,7298588f-755b-4951-9ddb-9ef63b924e1f
bbf2044f-fd1f-41c6-8c8d-85089e61269d,72,a772aec6-6c85-4169-b8ef-4ab0d132453d
bc45fe05-ee0c-48c8-8931-1d4888169734,other,c67b06b1-1c40-42a5-b029-e70533146b9f
bc51d918-7edb-446a-a07f-5fdeecc1fe38,sparkle,5645397a-9858-4e4a-9e06-acbadd463738
bce21d80-0962-4a12-be8b-a3bec1a146d4,18,cf5eaa67-9c73-4149-a259-917fd382928e
bcf62a54-d9bb-45a8-951f-58c6364c5512,true,3d572761-0dc3-4612-961e-05718951cb06
bcfea47f-4442-4983-b085-338c69fab03d,over_shirt,90d5a219-a892-411e-ba25-7244fa1e220c
bd060525-764a-4393-bad2-aaa3d841cdb2,96,51ac9ecd-7b74-4543-ac0c-4fe229da05a8
bd2dcbd2-d198-4bd4-9c8b-80f14d6c8ae8,denim,c4ca680b-8672-4ff5-8ba8-f2e4094e6b60
bd521a9e-13b6-4c06-bac1-bc263ff9a172,49,26211064-e59c-452e-9518-b6a0f53c2ce5
bd56aec1-f659-484f-8ddb-f1a660132d64,big,ae2da038-0e80-464e-a334-197e65d06c18
bd5b680e-96f5-4dfe-9157-58df258fd72b,41,07f5ed21-5669-4cb5-93d8-622557af52ef
bd760534-8ffb-40d7-a4f5-963f61e1aa79,58,cf5eaa67-9c73-4149-a259-917fd382928e
bda656ed-7881-4ccb-a2b1-8ae95b874adf,211,cf5eaa67-9c73-4149-a259-917fd382928e
bdc08f26-a33d-4455-ba48-0e0005d61107,109,cf5eaa67-9c73-4149-a259-917fd382928e
be34b41b-d44f-41d9-8b79-a350d3d060d7,105,cf5eaa67-9c73-4149-a259-917fd382928e
be377677-4c6a-4b0a-828b-5b6612e5550e,102,51ac9ecd-7b74-4543-ac0c-4fe229da05a8
be4518c2-7564-492a-b771-b5b809c9e8bf,gored,23da088e-f468-4beb-abc7-60397ae512ed
be535f2a-029e-49c2-902d-05d76efedc6f,183,cf5eaa67-9c73-4149-a259-917fd382928e
be64f8ae-d193-41a8-8067-6b0a21da5c09,other,273c5d63-83f2-4f88-9841-15b99e5ee1a1
be94b64f-b472-4e9c-b1ad-2d63fb3f469d,velvety,ba21c1f7-d6a4-4b96-b16d-85cf32bde3da
be9845db-ed08-4551-b370-6c690281cb0e,breathable,395d4d49-a7b1-4e8a-8948-bc18beef1e44
bee4159e-f7c2-4ca7-853f-b2fb5ce294f6,269,b04f2918-d31b-4885-9d1b-51afea03c53e
bf1bb053-4040-4176-abec-a84940cc15b6,159,07f5ed21-5669-4cb5-93d8-622557af52ef
bf2658e4-7d04-40b0-97ce-da2a9cb58945,98,b04f2918-d31b-4885-9d1b-51afea03c53e
bf26bafb-f799-4174-bac0-40338f3e8851,89,26211064-e59c-452e-9518-b6a0f53c2ce5
bf3194fe-ec34-4809-bb84-91538a54c393,waist_band,5645397a-9858-4e4a-9e06-acbadd463738
bf408d16-c6fe-4517-ab5b-592b8ee5c428,187,07f5ed21-5669-4cb5-93d8-622557af52ef
bf4295f2-85b2-47ff-920a-471133786d47,65,b04f2918-d31b-4885-9d1b-51afea03c53e
bf68cc09-ce52-4ac8-976a-9050d14fe1a9,120,07f5ed21-5669-4cb5-93d8-622557af52ef
bfab2f60-d80d-4e45-af07-69fd425dfdf7,28,07f5ed21-5669-4cb5-93d8-622557af52ef
bfcc7976-dabe-4a3c-916c-9facfaa10195,218,b04f2918-d31b-4885-9d1b-51afea03c53e
bff58644-e49e-473a-982c-92154bff459a,61,26211064-e59c-452e-9518-b6a0f53c2ce5
c0616b1c-7741-4f55-9da3-7b115b34481c,50,26211064-e59c-452e-9518-b6a0f53c2ce5
c098792a-a3fe-4b51-8f4c-4d9ceefb4fc6,53,07f5ed21-5669-4cb5-93d8-622557af52ef
c0cdd49a-91fd-4557-95e5-236e2a601286,96,26211064-e59c-452e-9518-b6a0f53c2ce5
c0e1ac3f-43d4-49ec-a5c7-e4b40b200a57,57,26211064-e59c-452e-9518-b6a0f53c2ce5
c12e9df5-302b-490d-8ee4-c29cb2b55541,textured_fabric,ba21c1f7-d6a4-4b96-b16d-85cf32bde3da
c13002b0-978b-47a2-81c0-981e6fefcba1,23,b04f2918-d31b-4885-9d1b-51afea03c53e
c13351d4-105a-4906-b2f2-009c746ad745,219,b04f2918-d31b-4885-9d1b-51afea03c53e
c14b8e8d-9203-40fb-850f-ad6f368360bd,190,cf5eaa67-9c73-4149-a259-917fd382928e
c1615e31-4a06-4e33-8d90-0d9273fbce91,99,26211064-e59c-452e-9518-b6a0f53c2ce5
c1766e05-b58f-40be-9d95-878469582691,metallic,2e2a28f9-566d-419f-9081-cc9061324110
c182def1-b436-49cf-8d1f-f8063757abe4,265,07f5ed21-5669-4cb5-93d8-622557af52ef
c197df2b-b2c2-421b-8f8a-29b75c892f58,41,51ac9ecd-7b74-4543-ac0c-4fe229da05a8
c1a0b90e-7400-4c4f-a013-8c07c627a3c0,176,b04f2918-d31b-4885-9d1b-51afea03c53e
c1b2a3c9-ac3a-4dee-9cb6-1cb1c80d0b9b,plush,ba21c1f7-d6a4-4b96-b16d-85cf32bde3da
c1c7658f-4311-4de1-8fc2-7e99fac4cacd,high,5ba43df1-ef52-48e7-aa30-83492df0c194
c1c766f9-c92a-47f9-820b-12e841eb9ead,204,07f5ed21-5669-4cb5-93d8-622557af52ef
c1cbeccd-efd3-4e52-9432-12b243afa87b,168,51ac9ecd-7b74-4543-ac0c-4fe229da05a8
c1d8e851-e3c9-4dc1-8f41-00689b4cd0e9,232,cf5eaa67-9c73-4149-a259-917fd382928e
c1daa92c-9cd1-45f9-853b-3780f79c951c,137,51ac9ecd-7b74-4543-ac0c-4fe229da05a8
c1e3ea88-b6c7-43d7-b8ef-93f810bf968d,64,07f5ed21-5669-4cb5-93d8-622557af52ef
c227d25e-e985-4728-81ed-032b0d26c05d,25,cf5eaa67-9c73-4149-a259-917fd382928e
c236e3f3-144b-4719-b141-1da1b6294b07,miniprint,c67b06b1-1c40-42a5-b029-e70533146b9f
c2580a3e-52b2-4b1f-b700-66e67b5fe218,267,b04f2918-d31b-4885-9d1b-51afea03c53e
c28dbac1-24bb-4e49-8ccc-6360d439be7d,88,26211064-e59c-452e-9518-b6a0f53c2ce5
c2a09fa9-fa77-4b4b-a55e-665b3ca393c9,3,a772aec6-6c85-4169-b8ef-4ab0d132453d
c2f2957f-bbf8-4728-b4d9-c8607e7eff17,marbled,ba21c1f7-d6a4-4b96-b16d-85cf32bde3da
c2fa1dfe-40fb-4bbc-802a-5a2c72f3df9e,fly,2e2a28f9-566d-419f-9081-cc9061324110
c32d18e9-6006-4136-8586-be0006a56327,other,7b52039b-f301-4f10-aab2-f8a06ad82c22
c33e0c67-f2b7-4064-b627-cd588bef7ffb,111,07f5ed21-5669-4cb5-93d8-622557af52ef
c34f8e71-c5bf-42be-85c4-d936a709c0d6,cotton_tshirt,3299a9a7-d387-4ffb-bb7d-fece852611f6
c359b392-d747-464f-9733-e42c7d0f8863,211,07f5ed21-5669-4cb5-93d8-622557af52ef
c3629d6f-e0cb-440f-b544-de378523eefb,2,cf5eaa67-9c73-4149-a259-917fd382928e
c3920fd8-b911-4e11-97d4-96e7294b4098,classic,144d677e-67cc-49b2-9be1-74af3ab02945
c3a930d1-bf77-4837-a08b-1f0fedb24e99,52,07f5ed21-5669-4cb5-93d8-622557af52ef
c3b71838-b220-4653-b320-dec111b264d0,faux_leather,3299a9a7-d387-4ffb-bb7d-fece852611f6
c3d15b16-1c62-4bc0-a52f-a27ecf75f371,mariniere,c67b06b1-1c40-42a5-b029-e70533146b9f
c3ddf45e-5225-4849-bc7e-15b1dfa0128b,214,cf5eaa67-9c73-4149-a259-917fd382928e
c3ed8a81-d23d-45c1-8120-5218abfd87ee,24,51ac9ecd-7b74-4543-ac0c-4fe229da05a8
c3ed9007-3119-4458-b2ba-06facab43870,chunky,f0b53b00-1374-4fcc-85be-4ee811615a42
c3f73d0e-75b8-4eb9-a90b-05d742aacddd,94,b04f2918-d31b-4885-9d1b-51afea03c53e
c40e70e6-9b4d-440f-b862-b94b8e6f6986,cuffed,c4ca680b-8672-4ff5-8ba8-f2e4094e6b60
c41373a6-7592-4233-891c-ec3afc8f7345,marbled,10e14a5d-39b6-4045-93cc-1574f68606ec
c42e949a-06dd-4888-b7be-b73e2c88b541,two,604b76cd-27a8-45ef-8734-618639ff331a
c436c828-a19a-4973-bb31-62fbbdf66371,169,51ac9ecd-7b74-4543-ac0c-4fe229da05a8
c44d9726-b895-4392-a4cf-57af3ffca7c4,false,7e3c118b-7cda-4fae-b25d-04073dfc82a7
c4bd3bbc-5844-4b7b-8029-48ae368d2bbc,200,b04f2918-d31b-4885-9d1b-51afea03c53e
c4cb37e8-fe1c-4d2b-b0b5-f04a69925d8f,matt,ba21c1f7-d6a4-4b96-b16d-85cf32bde3da
c500f161-cff2-4f31-ab58-5f90a6a697ee,false,e1d176ac-028e-4a26-977b-4c0d5807cec6
c546c001-1424-4445-be89-3b54b2cd7131,fluorescent,ba21c1f7-d6a4-4b96-b16d-85cf32bde3da
c547e340-b2d8-4064-aa88-899113b60541,perkins_collar,083021ee-4f31-4175-b071-9f4883c84a53
c562c3c2-f50a-4516-85fd-5a77cb5fa0ab,party,7298588f-755b-4951-9ddb-9ef63b924e1f
c5aa344b-4b24-465a-beed-2b0654816271,82,b04f2918-d31b-4885-9d1b-51afea03c53e
c5f6523c-ea34-46aa-bb68-2c939ccda4eb,loose,df6269fb-f67c-4496-a840-dc2eebbb86cb
c60df392-6a9d-4a1d-a925-0a00b53670b0,225,b04f2918-d31b-4885-9d1b-51afea03c53e
c65835bb-170d-475c-82f1-17712c00ae76,300,b04f2918-d31b-4885-9d1b-51afea03c53e
c67066cf-d254-4271-a111-e593ace049b0,16,b04f2918-d31b-4885-9d1b-51afea03c53e
c676465c-8f4a-4cb9-9092-d1ee96bea006,true,92c64a08-f4c8-4866-9d00-8c905a3e4d16
c68ace56-bd5f-4df6-ba78-64624c5a4d32,113,cf5eaa67-9c73-4149-a259-917fd382928e
c6921680-a8ad-4fc7-8d38-2c4e2a09f4ec,179,07f5ed21-5669-4cb5-93d8-622557af52ef
c6a1a705-95c9-490c-b8f5-f36becfeac52,43,b04f2918-d31b-4885-9d1b-51afea03c53e
c6a6fe9f-ef69-4d6a-b2ad-b03731631e21,loose,269f2901-47ea-4485-9808-8293f11b831b
c6adb1e3-ea50-4d65-b28e-758f6d2199b3,225,07f5ed21-5669-4cb5-93d8-622557af52ef
c6fcb97b-3f48-4b46-b027-7cb96ff98c97,foulard,befc364a-c636-4c58-a43b-13e0e278b291
c709a39d-6120-4d1d-bdb5-c671d44b8614,tight_hips,aca97a9c-bf69-4b4d-9ade-f92e82ea953a
c70ddbb6-4d0f-4894-a4c2-9c131430d814,250,07f5ed21-5669-4cb5-93d8-622557af52ef
c71214ad-3720-4248-978c-e8a4808a5fc4,tech_fabric,c512d2ea-9d34-436a-909e-c4a70e1af07a
c7273aeb-6a08-47d8-93c8-7cb0f491d927,48,a772aec6-6c85-4169-b8ef-4ab0d132453d
c731e317-4b5a-4fa9-b81e-c15ec8126ec9,146,07f5ed21-5669-4cb5-93d8-622557af52ef
c741d0d7-0733-4d14-a69d-99c9b49edfc4,184,07f5ed21-5669-4cb5-93d8-622557af52ef
c7501939-8914-415c-bf5f-5624863a61fc,249,07f5ed21-5669-4cb5-93d8-622557af52ef
c758b9d6-ab1a-4100-9d75-73ebf0e6d475,118,51ac9ecd-7b74-4543-ac0c-4fe229da05a8
c79494d3-db64-4634-ba50-ec5aeb510349,123,51ac9ecd-7b74-4543-ac0c-4fe229da05a8
c79531c0-819c-40de-96bc-b21e3764f647,circle_skirt,23da088e-f468-4beb-abc7-60397ae512ed
c7a02072-fd17-4a2c-b2b7-d0e1086e177b,leggings,c4ca680b-8672-4ff5-8ba8-f2e4094e6b60
c7c49107-52dd-4194-b91b-497dccf77f57,231,cf5eaa67-9c73-4149-a259-917fd382928e
c7e9d8ec-9ba5-4048-82e7-c3d2ff02eb9b,65,26211064-e59c-452e-9518-b6a0f53c2ce5
c7ee014a-ba45-4e0f-a4b8-f6a114649fe1,keyhole_button,2e2a28f9-566d-419f-9081-cc9061324110
c7f1b397-1a6f-4aaa-afd0-9dd11b1e9c1e,shopper,83fc5808-9319-444b-a84e-a6ac4a8da9aa
c8064d3a-4642-42da-aeb2-290957da0a67,wood,395d4d49-a7b1-4e8a-8948-bc18beef1e44
c80bf125-fc57-400f-95ec-816d5cb07f1e,46,07f5ed21-5669-4cb5-93d8-622557af52ef
c8189fd7-6c1e-44da-95b4-64aa2c9a710f,198,51ac9ecd-7b74-4543-ac0c-4fe229da05a8
c818ab39-4814-473f-928d-a2662e986a62,slippers,7298588f-755b-4951-9ddb-9ef63b924e1f
c83915e6-12dc-4304-a227-95636500f800,94,51ac9ecd-7b74-4543-ac0c-4fe229da05a8
c8830b2b-45ad-420a-89e7-5a25d16894e5,243,cf5eaa67-9c73-4149-a259-917fd382928e
c88db089-baac-4bf3-9377-54b3d4ff145b,mixed,3299a9a7-d387-4ffb-bb7d-fece852611f6
c8978f25-c5a7-4adf-af88-7e6d18bd517a,3,b04f2918-d31b-4885-9d1b-51afea03c53e
c89dbceb-37d4-4ad6-88a6-5b3dd3ad7552,8,d5915843-8008-4113-8bbd-37991b2cdb9a
c8abcbd1-be4d-4e93-868f-ec618bd00302,perfect,90d5a219-a892-411e-ba25-7244fa1e220c
c8e56dca-0353-49fe-935e-5cf9a0931074,206,07f5ed21-5669-4cb5-93d8-622557af52ef
c8fe62e2-f72f-40be-b3a4-98c15ccae4b5,lateral,3ee99982-484b-4f35-8357-8cac7bccbb73
c925ab1d-af8d-4f35-bc0c-862781f197c5,evase_sleeve,b237632a-9b01-40e3-98b6-28b7b329968c
c933940a-967f-4706-b350-bf1cdc239f73,297,07f5ed21-5669-4cb5-93d8-622557af52ef
c93540ad-30d4-485e-94fb-8c3f8ff17a37,21,51ac9ecd-7b74-4543-ac0c-4fe229da05a8
c9395f20-fcce-4caa-8511-7f09196c68cc,feathers,3299a9a7-d387-4ffb-bb7d-fece852611f6
c93d46f2-5cf3-4ed7-9aaf-10c48f13e65c,46,cf5eaa67-9c73-4149-a259-917fd382928e
c96f6882-66e7-433d-bed2-4c22d7723412,217,07f5ed21-5669-4cb5-93d8-622557af52ef
c9798fd0-f2e4-4a29-a2ea-6bcf4d1261e8,236,b04f2918-d31b-4885-9d1b-51afea03c53e
c99061b6-e6cc-468d-b4a0-20e1a1bcd263,deep_v_neckline,aebb8442-3325-470f-a76e-fbd9c5596d3d
c99a5f42-4c79-4ab3-a3fb-5ddc6b65718f,261,cf5eaa67-9c73-4149-a259-917fd382928e
c9cacf45-1f51-4a19-8bd2-640e18990270,122,51ac9ecd-7b74-4543-ac0c-4fe229da05a8
c9e42916-5d6a-4f7f-bd0d-613ef67c6a8a,132,07f5ed21-5669-4cb5-93d8-622557af52ef
c9f1b482-7c1a-40c6-b518-07618f3913c0,central_closing,2e2a28f9-566d-419f-9081-cc9061324110
c9f904db-1282-4b70-a753-596160a1136a,with_weight,ba21c1f7-d6a4-4b96-b16d-85cf32bde3da
c9fb00d8-2c5a-43d5-a6e8-9a18275c5e03,buttoned_false,5645397a-9858-4e4a-9e06-acbadd463738
c9fdd422-ec23-4315-bc92-8241a6047f5d,189,cf5eaa67-9c73-4149-a259-917fd382928e
ca09ba29-c301-4d36-9f2c-a764e2f1280f,crawler,7298588f-755b-4951-9ddb-9ef63b924e1f
ca3109a0-5797-405d-8b1d-e2153bb27c96,251,b04f2918-d31b-4885-9d1b-51afea03c53e
ca446bd8-232d-4abd-9c93-536a28c23cf6,252,cf5eaa67-9c73-4149-a259-917fd382928e
ca50244c-4d74-4913-a59b-968eda139055,squared,f0b53b00-1374-4fcc-85be-4ee811615a42
ca64a6a5-167f-4dc6-a828-596ec7fb7bcf,70,26211064-e59c-452e-9518-b6a0f53c2ce5
ca845595-60c2-4b15-b10b-6fdd1c647359,stripe,5645397a-9858-4e4a-9e06-acbadd463738
ca870d87-4e38-4387-83f6-cd1f114307be,working_girl,51a17f67-4b4a-4f03-8b4c-44418cc196f0
cab65be1-65d6-4f17-bc2f-490a71282556,213,b04f2918-d31b-4885-9d1b-51afea03c53e
caf2e084-e4d9-40ac-9ed9-40eff16999a5,9,07f5ed21-5669-4cb5-93d8-622557af52ef
cb308f87-2b06-48d6-86a5-eeac9bf64e31,popeline,3299a9a7-d387-4ffb-bb7d-fece852611f6
cb343760-15ec-4b4a-900c-0b083d3c23b5,13,51ac9ecd-7b74-4543-ac0c-4fe229da05a8
cb426a5c-22b1-44f9-95da-8ad3577a9fe3,other,3ee99982-484b-4f35-8357-8cac7bccbb73
cb4abacb-52dc-4df9-9a0b-dac4facc1493,165,cf5eaa67-9c73-4149-a259-917fd382928e
cb518e93-8586-46ed-b53f-a6b1664d0f73,special_size,aca97a9c-bf69-4b4d-9ade-f92e82ea953a
cb67ed36-1b5c-4300-8972-80d16b8c9bcb,135,b04f2918-d31b-4885-9d1b-51afea03c53e
cb73523f-66af-40df-a6ef-85a182c7c2dd,128,b04f2918-d31b-4885-9d1b-51afea03c53e
cba5f195-69e8-44d5-a0e6-80acbf8478d1,nylon,c512d2ea-9d34-436a-909e-c4a70e1af07a
cbb722a3-98c7-4a69-81a4-33480406ad4f,113,b04f2918-d31b-4885-9d1b-51afea03c53e
cbf9a9a7-3cec-495c-8ce8-85ef88954ef5,crepe,3299a9a7-d387-4ffb-bb7d-fece852611f6
cc132c67-0ee8-4b5f-9ed3-425ab3af501f,hip_cut,3ee99982-484b-4f35-8357-8cac7bccbb73
cc24b75f-961c-46d3-80d1-088edd29c4d3,172,b04f2918-d31b-4885-9d1b-51afea03c53e
cc26c64c-a251-43b2-a7b2-eab04edc032b,transparent,10e14a5d-39b6-4045-93cc-1574f68606ec
cc2da427-ae37-4e83-8728-d9dc93539806,ribbed,10e14a5d-39b6-4045-93cc-1574f68606ec
cc5e9c8e-529d-4113-9175-c24bbd884af2,127,cf5eaa67-9c73-4149-a259-917fd382928e
cc65895d-f24b-475c-9214-466b9f5c3923,58,51ac9ecd-7b74-4543-ac0c-4fe229da05a8
cc70897a-c8aa-41ec-8aca-9c6146fc7a11,97,51ac9ecd-7b74-4543-ac0c-4fe229da05a8
cc81e6bc-9247-4f0e-9eb4-ca3900ac7217,19,26211064-e59c-452e-9518-b6a0f53c2ce5
cc883c58-7b5b-496e-98de-d88a2f54ffdd,180,07f5ed21-5669-4cb5-93d8-622557af52ef
cc9a79de-230f-486e-86a4-6143aab9eaa1,249,cf5eaa67-9c73-4149-a259-917fd382928e
ccc7ebda-7a29-4f40-be21-8a78f584f66d,177,07f5ed21-5669-4cb5-93d8-622557af52ef
cccd7575-ae61-4a53-af43-a5318c9f234d,57,07f5ed21-5669-4cb5-93d8-622557af52ef
ccde6944-1651-47cb-a597-81042b3f0a66,84,cf5eaa67-9c73-4149-a259-917fd382928e
cce66cef-6358-4396-8623-d1a9c91e28e5,284,cf5eaa67-9c73-4149-a259-917fd382928e
cd23eb96-4580-43bb-bcd7-43da8138f4f7,halter,083021ee-4f31-4175-b071-9f4883c84a53
cd4796d6-366c-4dcc-8b4d-187e53f89771,medium,31c812d7-0127-4ce5-bda8-96e51574fd26
cd5f5bc1-d50e-4136-a5b0-0d845d865c19,liberty,c67b06b1-1c40-42a5-b029-e70533146b9f
cd6a357a-0d78-456b-ad4e-86712ea0ecdf,77,51ac9ecd-7b74-4543-ac0c-4fe229da05a8
cd94284d-30f5-4e3f-9772-5a019931e61a,200,cf5eaa67-9c73-4149-a259-917fd382928e
cdd358f5-9f08-43a1-a2fc-6a6bc5939bf7,five,604b76cd-27a8-45ef-8734-618639ff331a
cde23016-607b-4958-909b-f7a179a983f6,mary_jane,7298588f-755b-4951-9ddb-9ef63b924e1f
cde8864d-4578-4150-986f-cb7e0c509c2d,0,cf5eaa67-9c73-4149-a259-917fd382928e
cde9a632-6add-43ce-8de9-84ce69637125,95,26211064-e59c-452e-9518-b6a0f53c2ce5
cdeb2453-7630-47dc-ae77-2164b28e7123,65,cf5eaa67-9c73-4149-a259-917fd382928e
ce2c1075-bb8a-42e0-8d38-1687dd26af47,23,07f5ed21-5669-4cb5-93d8-622557af52ef
ce618469-540a-4995-9e51-fdf2f41aa237,28,a772aec6-6c85-4169-b8ef-4ab0d132453d
ce6e47a0-d3bd-417f-b6ee-1216838f6902,board,10e14a5d-39b6-4045-93cc-1574f68606ec
cecdc445-81c0-4f5b-a2d0-52c55d29bbca,wrap,273c5d63-83f2-4f88-9841-15b99e5ee1a1
cefc64e7-9593-43b5-8c2a-f142e707e68e,17,b04f2918-d31b-4885-9d1b-51afea03c53e
cf1547d8-e3c7-4137-b3ca-37d3fe2f6662,interior_wedge,395d4d49-a7b1-4e8a-8948-bc18beef1e44
cf16f070-bb78-4e6a-8c53-6dd41bf43934,pronounced_chest,aca97a9c-bf69-4b4d-9ade-f92e82ea953a
cf219b07-1d71-4ebd-8c52-31d6e798d7e3,rubber,c512d2ea-9d34-436a-909e-c4a70e1af07a
cf305f90-8cd9-46a1-98d3-6d4c79b2a3be,tapestry,c67b06b1-1c40-42a5-b029-e70533146b9f
cf4b45ef-baee-4f81-87d2-deccd004c22b,bucket,83fc5808-9319-444b-a84e-a6ac4a8da9aa
cf5350a3-71e8-4c69-ac12-4ebeb7ed6125,16,07f5ed21-5669-4cb5-93d8-622557af52ef
cf6e4fd5-9967-403d-a764-6be65bbd34d9,141,cf5eaa67-9c73-4149-a259-917fd382928e
cf7296d4-375f-4d5f-99ad-82cf4d514492,embroidery,10e14a5d-39b6-4045-93cc-1574f68606ec
cf852f0e-c7fc-4573-948e-0056a1119a80,belt,2e2a28f9-566d-419f-9081-cc9061324110
cff10794-784a-4756-8df4-7a5dcbf1309a,ballroom,7298588f-755b-4951-9ddb-9ef63b924e1f
d00714b2-36dd-4221-a6d4-9802547429e3,178,b04f2918-d31b-4885-9d1b-51afea03c53e
d036069d-5f47-4d8f-b30d-45200b228c2b,272,07f5ed21-5669-4cb5-93d8-622557af52ef
d04277c0-2415-4ce2-ab81-ad7166078a3a,cuban,f0b53b00-1374-4fcc-85be-4ee811615a42
d0808cdd-4948-4332-bef8-b798f9911fa3,breathable,ba21c1f7-d6a4-4b96-b16d-85cf32bde3da
d0b74e11-5b84-4bec-8c3e-f76a4ff00f2a,237,07f5ed21-5669-4cb5-93d8-622557af52ef
d0c6f916-994a-49c2-a63e-3c1d2b0a5fb4,186,07f5ed21-5669-4cb5-93d8-622557af52ef
d0d6fd2f-0a71-4636-b6d1-fe6427bbac35,biker,90d5a219-a892-411e-ba25-7244fa1e220c
d0e2f220-9132-46ea-a57f-a422d313b7f0,3d_fabric,3299a9a7-d387-4ffb-bb7d-fece852611f6
d0fb047d-9d0d-4b3d-84f0-285dc3944cd8,98,51ac9ecd-7b74-4543-ac0c-4fe229da05a8
d10894ca-b339-4899-b63d-cb1c0de42933,medium_leg,df6269fb-f67c-4496-a840-dc2eebbb86cb
d13d64d1-ad4d-4eba-872a-c7db2dd66752,double_sole,395d4d49-a7b1-4e8a-8948-bc18beef1e44
d16d2ddf-76dc-4eba-ab27-982a8c07d5ae,295,cf5eaa67-9c73-4149-a259-917fd382928e
d1783ef3-d4e3-44a2-a47f-1d4c020d21c6,136,51ac9ecd-7b74-4543-ac0c-4fe229da05a8
d18b4a39-c15d-4923-8a98-8a801e193d13,103,cf5eaa67-9c73-4149-a259-917fd382928e
d191e46c-5da4-49c4-bdd1-91e529255f8d,two_tone,c67b06b1-1c40-42a5-b029-e70533146b9f
d19d3b07-06d6-4fce-9180-1afb599d8b28,touchable,10e14a5d-39b6-4045-93cc-1574f68606ec
d1c30f65-d081-40cd-91e8-193b4c51182a,35,26211064-e59c-452e-9518-b6a0f53c2ce5
d1c9a03f-0757-4d4a-9abf-fa3e8d60bc94,153,51ac9ecd-7b74-4543-ac0c-4fe229da05a8
d1fb0dee-2db7-4584-8bad-4964199a34de,182,b04f2918-d31b-4885-9d1b-51afea03c53e
d218bc39-052c-41e3-b701-5c2d65870e61,181,cf5eaa67-9c73-4149-a259-917fd382928e
d232ef8d-f7d4-440f-8cac-c50d9423f3d5,14,b04f2918-d31b-4885-9d1b-51afea03c53e
d24394b2-66cd-4ea0-a2fb-357d6b202d71,62,51ac9ecd-7b74-4543-ac0c-4fe229da05a8
d2444c4f-bf7c-4c71-a954-842facad9fc8,texan,7298588f-755b-4951-9ddb-9ef63b924e1f
d250ab20-5020-4f90-a282-576fb56c37ac,71,cf5eaa67-9c73-4149-a259-917fd382928e
d25bf4dd-8093-4912-b427-df87d3a2ee8f,229,cf5eaa67-9c73-4149-a259-917fd382928e
d27b213a-dbde-4f03-ab99-5576ba439035,heavy,395d4d49-a7b1-4e8a-8948-bc18beef1e44
d288973e-71ec-4320-b373-d521322cceb7,folded_up_sleeve,b237632a-9b01-40e3-98b6-28b7b329968c
d289d4da-6849-4810-bd01-0a9432e37153,0,a772aec6-6c85-4169-b8ef-4ab0d132453d
d293aeb4-b675-49f8-adcc-21adee0d6c57,sporty,7298588f-755b-4951-9ddb-9ef63b924e1f
d2b95cab-be83-4212-96d1-101e6e459d44,true,233e9e71-155a-441a-8ffc-f907a783e692
d2e96fb3-67b6-4b1c-b26f-c1f147c8cb6a,crochet,c512d2ea-9d34-436a-909e-c4a70e1af07a
d2ec3cdd-e273-4357-8e8d-d740362e496a,238,07f5ed21-5669-4cb5-93d8-622557af52ef
d3013905-976d-4477-909a-1583b6439f72,relief,d6f40fcf-5757-47a8-b7c5-469fba5289e5
d330aba8-9962-4f75-b4be-deb5550c6878,tech_fabric,3299a9a7-d387-4ffb-bb7d-fece852611f6
d334b927-893d-4532-b650-77082879ead6,second_skin,aca97a9c-bf69-4b4d-9ade-f92e82ea953a
d33ab891-b3cb-463e-bfb0-a68703f69b25,130,07f5ed21-5669-4cb5-93d8-622557af52ef
d35915ff-4000-4235-b8c7-44772cc23637,282,07f5ed21-5669-4cb5-93d8-622557af52ef
d3624370-65ee-44c2-8cc6-c559d09f1d96,83,cf5eaa67-9c73-4149-a259-917fd382928e
d37bb6f8-f6e7-4bb2-af0d-1a15c632710c,contrast,d6f40fcf-5757-47a8-b7c5-469fba5289e5
d384b3f9-47ef-48b2-ab49-6c489afff3e8,velvet,3299a9a7-d387-4ffb-bb7d-fece852611f6
d3a439ca-1ec4-4c9a-a932-eddf97effc75,45,b04f2918-d31b-4885-9d1b-51afea03c53e
d3ac044a-e1d0-41c6-9f55-b34dee61cbf9,47,a772aec6-6c85-4169-b8ef-4ab0d132453d
d3b88b35-91b0-43fa-b3d8-83b207cc457d,158,51ac9ecd-7b74-4543-ac0c-4fe229da05a8
d3d9891d-49c0-405b-8285-8f458b6b4926,85,51ac9ecd-7b74-4543-ac0c-4fe229da05a8
d3e00037-d5a0-4fb8-85ce-6a1f4b25c4bc,bikers,7298588f-755b-4951-9ddb-9ef63b924e1f
d3f6c962-6b21-48fe-8330-c77166ff4e6a,107,07f5ed21-5669-4cb5-93d8-622557af52ef
d4a46b34-c9f5-44fa-922b-e3551f075280,214,b04f2918-d31b-4885-9d1b-51afea03c53e
d4bbc7ad-a136-46ca-ad42-1cf67059c009,268,b04f2918-d31b-4885-9d1b-51afea03c53e
d4dbb265-4812-4b6c-a0fd-bab873e1106b,68,26211064-e59c-452e-9518-b6a0f53c2ce5
d4e0f549-12e1-4ae8-832d-65ef079ee759,puff_sleeves,b237632a-9b01-40e3-98b6-28b7b329968c
d4f13713-668c-4b42-a07a-6e6002ccea3b,lambskin,3299a9a7-d387-4ffb-bb7d-fece852611f6
d4f977fd-2989-4502-b2ee-199ad0a26184,cordoned_off,5645397a-9858-4e4a-9e06-acbadd463738
d503bab7-d133-455c-b78b-aff35d8ddeb6,37,a772aec6-6c85-4169-b8ef-4ab0d132453d
d579573f-d694-42c7-a638-ed6d83ae04f8,292,cf5eaa67-9c73-4149-a259-917fd382928e
d593baa2-50e7-4f3c-8c18-f25942fdb257,228,07f5ed21-5669-4cb5-93d8-622557af52ef
d5999956-c198-4ed2-adda-36df6b80a2f0,76,b04f2918-d31b-4885-9d1b-51afea03c53e
d5e7262d-a92b-4687-928c-7dfd985668fe,a_line,273c5d63-83f2-4f88-9841-15b99e5ee1a1
d64c4e1e-88e7-4cca-b9c4-e8de8898675c,nordic,7298588f-755b-4951-9ddb-9ef63b924e1f
d713ce35-ad6b-4f65-b7c1-ba2b4a5507ed,86,51ac9ecd-7b74-4543-ac0c-4fe229da05a8
d73a47cf-4313-4f52-b17b-0525ba0783a1,bow,2e2a28f9-566d-419f-9081-cc9061324110
d75a89ea-5c01-4f00-a61c-d3fcdb63a0e0,low,f0b53b00-1374-4fcc-85be-4ee811615a42
d77b1fa1-dc00-4318-ab77-f57fbd751544,33,b04f2918-d31b-4885-9d1b-51afea03c53e
d784a1f9-d366-44bf-af92-034c464590cb,104,07f5ed21-5669-4cb5-93d8-622557af52ef
d791ba73-86ae-47e1-86bc-b0de7e347b45,patent_leather,10e14a5d-39b6-4045-93cc-1574f68606ec
d798fe00-31bf-42fc-ae6c-6aae7405daa5,closed_decollete,aca97a9c-bf69-4b4d-9ade-f92e82ea953a
d79af4c3-03f1-4f5d-b551-73eb9d5dbf29,80,07f5ed21-5669-4cb5-93d8-622557af52ef
d7b71daf-dc75-47fe-8100-0a47ace0f8c6,6,cf5eaa67-9c73-4149-a259-917fd382928e
d7bf81bf-16eb-4209-8442-72fbe955f500,195,b04f2918-d31b-4885-9d1b-51afea03c53e
d7e1791c-a74a-4fd8-b663-47c3eff23150,97,b04f2918-d31b-4885-9d1b-51afea03c53e
d8236a54-a598-44ee-b9d7-bdcd2dd1e002,skater_skirt,23da088e-f468-4beb-abc7-60397ae512ed
d8552976-9336-4818-a952-a6ada26a3006,light,ba21c1f7-d6a4-4b96-b16d-85cf32bde3da
d870a052-08b6-4b09-8c61-f010648232f6,294,cf5eaa67-9c73-4149-a259-917fd382928e
d87eb0fc-71f3-4ba9-810c-5bb0b94bd380,buckle,2e2a28f9-566d-419f-9081-cc9061324110
d87f0dd5-0ed8-45ff-886d-244a06419d3e,8,cf5eaa67-9c73-4149-a259-917fd382928e
d87fa1ac-444f-40d9-8da2-05bbd77ab04f,163,cf5eaa67-9c73-4149-a259-917fd382928e
d8910e7f-5f47-4527-9397-68a9d9bcc825,191,07f5ed21-5669-4cb5-93d8-622557af52ef
d89699f6-85db-4def-8de6-14cb07eb2c43,structured_fabric,ba21c1f7-d6a4-4b96-b16d-85cf32bde3da
d8b99629-6579-4c9c-9dd0-cb51d18eca4c,9,cf5eaa67-9c73-4149-a259-917fd382928e
d8e11fed-8b9a-4e0d-8de0-2e2cf5f745ba,21,b04f2918-d31b-4885-9d1b-51afea03c53e
d8e76492-00c4-46d6-a3ad-5dcd1cf1f4cd,pointelle,5645397a-9858-4e4a-9e06-acbadd463738
d8ed42de-c777-4b7e-b260-b888e349b73b,diana_neckline,aebb8442-3325-470f-a76e-fbd9c5596d3d
d92d94ce-8fb1-4728-bdf7-edcf84c83207,104,cf5eaa67-9c73-4149-a259-917fd382928e
d9363474-b24e-48ec-88bb-57db768a5dae,wrap_over_neckline,aebb8442-3325-470f-a76e-fbd9c5596d3d
d94a7278-78c1-45eb-9058-cdec3faa6a97,slipon,7298588f-755b-4951-9ddb-9ef63b924e1f
d9d4b31d-2842-489c-aa2f-3b6e65898dfd,115,b04f2918-d31b-4885-9d1b-51afea03c53e
d9e47dbd-7b0f-4531-b4bb-7d4fad5e48c3,other,befc364a-c636-4c58-a43b-13e0e278b291
da066298-cd37-4c46-bd04-c94fa4843b82,sequins,5645397a-9858-4e4a-9e06-acbadd463738
da268126-8609-43c1-a6fc-09be9cbc5d11,180,b04f2918-d31b-4885-9d1b-51afea03c53e
da278d39-a2d5-4aa0-8e3a-a2ad0a1f95b2,wool,c512d2ea-9d34-436a-909e-c4a70e1af07a
da2df672-4aa1-4fa4-8e52-1598f55033da,australian,7298588f-755b-4951-9ddb-9ef63b924e1f
da37ad7c-f11d-4e14-8cd4-c73143c13c6b,denim_skirt,23da088e-f468-4beb-abc7-60397ae512ed
da54fb3f-9ae5-47a3-b9aa-d2d932fd9a9b,shoulder_bag,83fc5808-9319-444b-a84e-a6ac4a8da9aa
daaf9c8b-ef20-4c60-bd29-6663e89d1e48,palazzo,c4ca680b-8672-4ff5-8ba8-f2e4094e6b60
dab1f17b-d267-4dc2-9af6-c7fc7ae3978a,carpet,c67b06b1-1c40-42a5-b029-e70533146b9f
dab715f4-2719-44b1-beb6-6b1dcc59e0b8,126,07f5ed21-5669-4cb5-93d8-622557af52ef
dac14cae-2e88-4d06-9770-225998c33a4e,fur,3299a9a7-d387-4ffb-bb7d-fece852611f6
dac83516-56c5-414f-a419-52d454f33827,17,cf5eaa67-9c73-4149-a259-917fd382928e
dadf417a-c805-440c-aa2d-9da6d371d192,structured_jacket,90d5a219-a892-411e-ba25-7244fa1e220c
db2703d8-f68a-4963-b49b-d8e2b774c378,knot,2e2a28f9-566d-419f-9081-cc9061324110
db31f1ef-b7b0-4e2a-b19d-0f55e29f51dc,sustainable,3299a9a7-d387-4ffb-bb7d-fece852611f6
db4a958e-9339-4b10-9cf9-7d7db9f35915,5,07f5ed21-5669-4cb5-93d8-622557af52ef
db8f39fd-b0fc-42f9-9f7d-efa5c584ef34,19,51ac9ecd-7b74-4543-ac0c-4fe229da05a8
dbb5885a-8cdd-475e-ab99-e58ddfe3ee06,45,07f5ed21-5669-4cb5-93d8-622557af52ef
dbd2350e-e863-4b22-95ec-ae4bc7daa4fd,medium,912cdb5d-2f9d-48ff-8795-73b629bee44b
dbe758f9-0769-4d12-8de7-043c8ac057f1,147,07f5ed21-5669-4cb5-93d8-622557af52ef
dc23b550-ff28-4b18-ae4c-dc17ca0235ab,79,26211064-e59c-452e-9518-b6a0f53c2ce5
dc42007f-7c63-470f-bb7c-484a7f434387,287,cf5eaa67-9c73-4149-a259-917fd382928e
dc5a715f-3774-4c8a-a0c1-077c78294db9,secret_pocket,5645397a-9858-4e4a-9e06-acbadd463738
dc62b8f7-644a-4367-becb-c2532331d7c1,249,b04f2918-d31b-4885-9d1b-51afea03c53e
dc6dbe3b-d197-46d4-92c6-fb2f30acdfa8,56,a772aec6-6c85-4169-b8ef-4ab0d132453d
dc7c9511-d128-44ce-9f1f-741baf40b23c,menorcan,7298588f-755b-4951-9ddb-9ef63b924e1f
dca26f5a-6485-43d1-9b87-82b066477f04,6,26211064-e59c-452e-9518-b6a0f53c2ce5
dcae1849-d7c0-41a0-a4e6-f91d293b9d4f,patches,ba21c1f7-d6a4-4b96-b16d-85cf32bde3da
dcb21577-04e1-404f-a329-ca497ff4d25c,117,cf5eaa67-9c73-4149-a259-917fd382928e
dce5d727-96cd-4f4e-9bfc-dc14ddca2253,223,07f5ed21-5669-4cb5-93d8-622557af52ef
dd13c6e8-7c7f-40b2-8bd5-a0fd44a62cbf,251,07f5ed21-5669-4cb5-93d8-622557af52ef
dd15654e-de43-427d-8586-3d32d8143b5c,131,51ac9ecd-7b74-4543-ac0c-4fe229da05a8
dd5ee296-a813-4e43-a2a6-6397d00fb335,short,e38453e1-5526-4f8b-8dd3-b5c5480d50df
dd744d51-d92f-4ed3-8495-8e702e59277f,false,4ad265ea-68e0-409e-aaca-381b7ca8ed1f
dd8ba1bd-f7b6-44f5-a803-9832a9413211,eyelets,5645397a-9858-4e4a-9e06-acbadd463738
ddbd046a-2d83-461e-90a2-e9ba2f861c44,140,07f5ed21-5669-4cb5-93d8-622557af52ef
ddcd2f4c-da65-4a68-a7ef-9080a5eaf4e7,207,cf5eaa67-9c73-4149-a259-917fd382928e
ddddfaf2-32b5-47e5-af86-19fba4e7c26b,buckle,5645397a-9858-4e4a-9e06-acbadd463738
de00b868-2c50-45af-98f0-9276a625e0de,7,d5915843-8008-4113-8bbd-37991b2cdb9a
de03acab-a531-46f3-98d0-e2927ad63892,tie_dye,c67b06b1-1c40-42a5-b029-e70533146b9f
de30ef17-895f-42d4-86bf-9dfbc9ea20a9,milled,df6269fb-f67c-4496-a840-dc2eebbb86cb
de3be964-59bc-4970-89af-7c67d105d614,270,b04f2918-d31b-4885-9d1b-51afea03c53e
de3c4611-987a-4e5f-ab9e-5fa95af73533,medium,5ba43df1-ef52-48e7-aa30-83492df0c194
de484d64-2f61-408f-9802-18606623afac,straw,3299a9a7-d387-4ffb-bb7d-fece852611f6
deea90ff-2969-4690-8e46-e5ffadd5517d,199,07f5ed21-5669-4cb5-93d8-622557af52ef
df09f3d5-66e8-4c7a-819a-7a857878ccbf,cuffed_sleeve,b237632a-9b01-40e3-98b6-28b7b329968c
df439f97-6cc7-41c0-89b9-7d14d72ab783,pointed,f0b53b00-1374-4fcc-85be-4ee811615a42
df55175d-d66e-4bdc-8082-2c993bdc0b43,60,b04f2918-d31b-4885-9d1b-51afea03c53e
df8c3b85-de11-4fca-831d-9df825cb3bca,vinyl,c512d2ea-9d34-436a-909e-c4a70e1af07a
df949380-660e-4e53-948e-86b14df33bc1,101,07f5ed21-5669-4cb5-93d8-622557af52ef
df9a12d0-9b86-4988-b5ee-af4d31ab6295,108,cf5eaa67-9c73-4149-a259-917fd382928e
dfd2d476-3304-4044-8d3a-b83137768634,294,b04f2918-d31b-4885-9d1b-51afea03c53e
dfddd8b3-8d6f-4c05-a3ec-d79cdcb5b5bf,178,cf5eaa67-9c73-4149-a259-917fd382928e
e00e3ce0-2104-4bd3-97f0-931d1a32405f,true,5fa66227-ea2b-4f43-aa60-12974f3f3316
e04fbda6-5d02-4ac9-b98d-73242edfb477,122,b04f2918-d31b-4885-9d1b-51afea03c53e
e08e990c-9648-4708-abeb-7ed572312bb5,62,cf5eaa67-9c73-4149-a259-917fd382928e
e0aafd27-d9d8-4742-bd78-569ee87bfcb5,bag,83fc5808-9319-444b-a84e-a6ac4a8da9aa
e0b3efa5-396c-4060-9c6e-9313307af583,collar,befc364a-c636-4c58-a43b-13e0e278b291
e0dde3d8-19f6-47c2-8016-9bc95386a286,160,07f5ed21-5669-4cb5-93d8-622557af52ef
e102457b-982e-494c-a0c5-c39b99ba055d,156,07f5ed21-5669-4cb5-93d8-622557af52ef
e15400d4-fdc7-48a8-89ca-eeb37f0e4444,193,b04f2918-d31b-4885-9d1b-51afea03c53e
e16e22f7-9541-4d5b-846a-dafb9fbeee0d,70,07f5ed21-5669-4cb5-93d8-622557af52ef
e1b96836-ba77-4310-9bf3-43e8494672b1,devore,3299a9a7-d387-4ffb-bb7d-fece852611f6
e1c2823f-9c8c-474a-96d6-af4b8419aa9f,116,07f5ed21-5669-4cb5-93d8-622557af52ef
e1f048ba-5b3e-4c91-9caf-28dca91525cf,90,26211064-e59c-452e-9518-b6a0f53c2ce5
e2075db4-137f-4633-a8f6-100c37ebedf2,157,51ac9ecd-7b74-4543-ac0c-4fe229da05a8
e22daee1-ecf2-460d-a9a2-908a00e0901a,67,a772aec6-6c85-4169-b8ef-4ab0d132453d
e24910b9-471b-4af1-b01f-797dfa31f3d9,193,07f5ed21-5669-4cb5-93d8-622557af52ef
e259f587-323c-4339-a280-3f790803048f,tweed,3299a9a7-d387-4ffb-bb7d-fece852611f6
e25e9add-5fd8-4af1-b7b8-57aaa27193f9,296,07f5ed21-5669-4cb5-93d8-622557af52ef
e263b0cc-f581-4d67-b8f2-3529cd052de2,80,51ac9ecd-7b74-4543-ac0c-4fe229da05a8
e272c8eb-2352-47b4-9bb9-ab97371b97b6,floral,c67b06b1-1c40-42a5-b029-e70533146b9f
e2909d5c-3041-4da5-97e0-46b8ac7830de,charleston,273c5d63-83f2-4f88-9841-15b99e5ee1a1
e2a7261a-e885-40bf-b713-88be70784b43,216,b04f2918-d31b-4885-9d1b-51afea03c53e
e2fcceb1-98f8-43d4-87fb-f3d8449f7a64,171,07f5ed21-5669-4cb5-93d8-622557af52ef
e324dd57-f43a-4368-a220-9457c77d5a65,275,07f5ed21-5669-4cb5-93d8-622557af52ef
e3271455-1e31-45eb-8365-20aa132e48c0,midi,e38453e1-5526-4f8b-8dd3-b5c5480d50df
e334c6e9-8447-4396-84e4-87026fd0f189,patent_leather,ba21c1f7-d6a4-4b96-b16d-85cf32bde3da
e39ca9b6-2596-432f-b5d5-f94072cf0e54,set_in_sleeve,b237632a-9b01-40e3-98b6-28b7b329968c
e3acee86-532e-4d6b-8df1-c705512ec25e,viscose,c512d2ea-9d34-436a-909e-c4a70e1af07a
e3af6950-e40d-431a-9b0a-b34807a6c015,106,cf5eaa67-9c73-4149-a259-917fd382928e
e3b1babf-4652-4885-95e5-0d13d187c365,96,07f5ed21-5669-4cb5-93d8-622557af52ef
e401b333-adfd-4a3c-bf3d-4ccfdeae5a7e,sweatshirt,90d5a219-a892-411e-ba25-7244fa1e220c
e421abd5-bc54-4920-a926-17fa2ccf573b,91,07f5ed21-5669-4cb5-93d8-622557af52ef
e429badd-a45a-4f6d-9382-b1cd9f69e6b3,57,a772aec6-6c85-4169-b8ef-4ab0d132453d
e443db28-7edd-42c0-81a4-f7596b340b68,mohair,c512d2ea-9d34-436a-909e-c4a70e1af07a
e448dd07-40b8-4535-860c-7a5230aa6de0,measurements_xxl,aca97a9c-bf69-4b4d-9ade-f92e82ea953a
e4629fd5-09d4-41f8-aae4-acfb5e31923a,154,07f5ed21-5669-4cb5-93d8-622557af52ef
e47cd590-4bd7-4399-a7ec-b5c1838ed835,58,26211064-e59c-452e-9518-b6a0f53c2ce5
e4a9c527-b12d-4460-badc-4e3be03a6e1f,other,7298588f-755b-4951-9ddb-9ef63b924e1f
e4ffd7cc-afaa-46e0-be96-cf2ca903cf73,95,cf5eaa67-9c73-4149-a259-917fd382928e
e50a1d56-9ed2-425b-85b0-fdae2e658dc1,63,a772aec6-6c85-4169-b8ef-4ab0d132453d
e510e555-3ad4-4d3b-9612-6b59cb76824f,149,b04f2918-d31b-4885-9d1b-51afea03c53e
e5276361-97b5-4496-9f59-ebd7dc3f5958,67,cf5eaa67-9c73-4149-a259-917fd382928e
e5288a4e-58de-4c9e-a504-301d415e72ef,100,07f5ed21-5669-4cb5-93d8-622557af52ef
e55d28da-62e0-435e-8d08-8afc593a05ab,63,51ac9ecd-7b74-4543-ac0c-4fe229da05a8
e566b92c-6618-45a4-898d-8cd3ad619df7,271,07f5ed21-5669-4cb5-93d8-622557af52ef
e5aac488-686c-48ac-af6e-2b0f21a980ec,closed_round_neckline,aebb8442-3325-470f-a76e-fbd9c5596d3d
e5badc68-5360-414e-beba-b10ed1a56629,without_closing,2e2a28f9-566d-419f-9081-cc9061324110
e5bf1cba-132a-4397-85ef-faf7be3e47af,231,07f5ed21-5669-4cb5-93d8-622557af52ef
e5c050af-918f-4377-8516-d61383dd7eeb,39,26211064-e59c-452e-9518-b6a0f53c2ce5
e5e4fe57-52b3-4e06-b715-cd77550a805f,120,b04f2918-d31b-4885-9d1b-51afea03c53e
e60cdb84-b7fb-4432-9658-f6f042662b60,198,07f5ed21-5669-4cb5-93d8-622557af52ef
e613b776-577d-47f5-8770-d3c5ee8d9d1b,260,cf5eaa67-9c73-4149-a259-917fd382928e
e615740b-be54-4499-9fe3-b8431bedf8f3,backpack,83fc5808-9319-444b-a84e-a6ac4a8da9aa
e6177291-3371-42cc-8f58-1731570bcb18,289,b04f2918-d31b-4885-9d1b-51afea03c53e
e6734cc5-4d14-465b-8302-af0f82cdc293,293,07f5ed21-5669-4cb5-93d8-622557af52ef
e6b56417-0abf-4bb6-bc72-d2730929a4a0,sweaters,0ccb5374-db8c-4dbb-afae-6b2652af170d
e6c3857d-e1f5-4021-afb7-83e485a6ccec,235,07f5ed21-5669-4cb5-93d8-622557af52ef
e6f1000f-a83f-4352-8812-d8f1332ee18a,die_cut,5645397a-9858-4e4a-9e06-acbadd463738
e70f8eed-1bdf-4ad2-99d8-2e10b73df59d,250,b04f2918-d31b-4885-9d1b-51afea03c53e
e75d265e-7e3e-49a6-8e07-76da73c760e2,286,07f5ed21-5669-4cb5-93d8-622557af52ef
e76219c7-7d80-4a0e-a596-2b3a907701a1,loafers,7298588f-755b-4951-9ddb-9ef63b924e1f
e77cc5ec-462c-4be2-9672-6bd353e49f8b,266,b04f2918-d31b-4885-9d1b-51afea03c53e
e7874f09-ba7b-49d7-b8a3-d5df574e9c84,35,b04f2918-d31b-4885-9d1b-51afea03c53e
e7b35cf1-49ca-48cd-96b7-ce544aa0b69b,86,07f5ed21-5669-4cb5-93d8-622557af52ef
e7eb46af-429f-4b15-948e-6434d6dd6dbb,208,07f5ed21-5669-4cb5-93d8-622557af52ef
e7f48be6-fbd3-41bf-b865-d7e1615e09a0,basic_sleeve,b237632a-9b01-40e3-98b6-28b7b329968c
e7fc59f6-bd5f-432e-b040-4837f67368f8,4,a772aec6-6c85-4169-b8ef-4ab0d132453d
e804a9c5-7bb4-4c28-a046-6b397e4dda51,cowgirl,90d5a219-a892-411e-ba25-7244fa1e220c
e811c741-451d-4336-aa0b-4bcfb133bc06,shimmering,ba21c1f7-d6a4-4b96-b16d-85cf32bde3da
e813adad-9244-4781-9274-fd80cd2afbf2,false,5fa66227-ea2b-4f43-aa60-12974f3f3316
e816ba71-7ab5-4be9-ab62-746546187f9e,cold,6e518bda-2083-41b9-89c0-6c52392261d3
e823473e-6495-4d6d-a0e5-0262eadbf9b4,210,b04f2918-d31b-4885-9d1b-51afea03c53e
e83b1575-6227-456b-9755-7eaf2082a13e,chelsea,7298588f-755b-4951-9ddb-9ef63b924e1f
e841b3a0-3868-457b-82da-b98bf13d0b43,knee_high,df6269fb-f67c-4496-a840-dc2eebbb86cb
e85b36a8-0ab8-4c88-b777-2332c2cd4c7e,48,07f5ed21-5669-4cb5-93d8-622557af52ef
e87dcf8b-c0af-47ec-86da-7093f465b35b,tracksuit,23da088e-f468-4beb-abc7-60397ae512ed
e88791cc-ede5-4472-9b22-19e989290de9,lateral_opening_with_rubber,5645397a-9858-4e4a-9e06-acbadd463738
e8a36e12-37a4-483d-be2e-2abcbbbbc70c,38,26211064-e59c-452e-9518-b6a0f53c2ce5
e8b9f9f0-c08f-4db4-a296-c40eefe9e52e,234,cf5eaa67-9c73-4149-a259-917fd382928e
e8ba8537-38db-4638-a88f-bcda4276afdb,115,cf5eaa67-9c73-4149-a259-917fd382928e
e8c322fc-7665-4b1a-a0f0-67ac6da17eb2,hook_and_eye,2e2a28f9-566d-419f-9081-cc9061324110
e8c792cf-24ea-4250-8775-d05d9e5029d5,measurements_xl,aca97a9c-bf69-4b4d-9ade-f92e82ea953a
e8cf1ff9-a52a-469e-9312-f3a37cbc9961,123,cf5eaa67-9c73-4149-a259-917fd382928e
e8f66a1d-fc08-4a9c-a567-9ee9dc666291,cord,2e2a28f9-566d-419f-9081-cc9061324110
e90a52f5-ea27-45fa-9c9b-6ea690769ff7,coated,d6f40fcf-5757-47a8-b7c5-469fba5289e5
e934af34-00ee-474a-9d6d-48e00322d0d1,228,b04f2918-d31b-4885-9d1b-51afea03c53e
e9492f80-b93c-456f-8477-fca80dcbc9a0,small_2,ae2da038-0e80-464e-a334-197e65d06c18
e9706a93-8293-4b33-a36f-9c0e9c8296b7,baize,c512d2ea-9d34-436a-909e-c4a70e1af07a
e9b61333-c996-44a9-a7e6-4f6bc7c651cc,shiny,10e14a5d-39b6-4045-93cc-1574f68606ec
e9b858b4-6f5b-477f-8fa4-e5990bf79c0f,195,cf5eaa67-9c73-4149-a259-917fd382928e
e9b9134a-3578-4d28-b411-26644767c85c,3,cf5eaa67-9c73-4149-a259-917fd382928e
e9f169d7-0860-4903-9aa3-6fc90e406092,103,b04f2918-d31b-4885-9d1b-51afea03c53e
ea1d59ad-60f2-44cd-9bdd-0a49a2e512c8,204,cf5eaa67-9c73-4149-a259-917fd382928e
ea48ae11-efe9-4b03-a8aa-eadb4d3ea91b,87,a772aec6-6c85-4169-b8ef-4ab0d132453d
ea6153e2-7abd-4537-9999-fc2e19d8c5ed,88,a772aec6-6c85-4169-b8ef-4ab0d132453d
ea652557-7ae0-4d26-a233-403ef0684633,peter_pan_collar,083021ee-4f31-4175-b071-9f4883c84a53
ea9c0ea2-5081-4036-bf32-b37dfc5c8301,ripped,ba21c1f7-d6a4-4b96-b16d-85cf32bde3da
eaa243e5-6f90-4f39-92fa-6ba82e0fb986,129,cf5eaa67-9c73-4149-a259-917fd382928e
eab77880-6102-4f1f-9624-3b2c44d97225,keyhole_neckline,aebb8442-3325-470f-a76e-fbd9c5596d3d
eacc5cb0-57fc-48c9-9641-d6ddbc1a514c,night,51a17f67-4b4a-4f03-8b4c-44418cc196f0
ead680fd-5b32-47dd-b6fd-d9220b510433,247,cf5eaa67-9c73-4149-a259-917fd382928e
ebd90665-d65d-4724-8b31-40b59e34c9b4,58,07f5ed21-5669-4cb5-93d8-622557af52ef
ebf92d8c-1134-4812-9671-56e54473153a,196,b04f2918-d31b-4885-9d1b-51afea03c53e
ec063cfa-2a28-466d-a607-3d04c4afbaf2,ankle,df6269fb-f67c-4496-a840-dc2eebbb86cb
ec1aec25-48a6-4fa3-b72e-6df620aa23cc,3,51ac9ecd-7b74-4543-ac0c-4fe229da05a8
ec2041c0-abc0-43e0-b203-b9c87571eacb,78,26211064-e59c-452e-9518-b6a0f53c2ce5
ec2b4a02-0370-488c-9f74-1cfc11660dbc,288,07f5ed21-5669-4cb5-93d8-622557af52ef
ec50d498-b855-45e0-9b0f-4a79e8d0ac45,145,51ac9ecd-7b74-4543-ac0c-4fe229da05a8
ec5321bd-f572-49ce-b0ff-07301bc52842,herringbone,c67b06b1-1c40-42a5-b029-e70533146b9f
ec59a89c-eb45-4184-90e3-e150bee19b66,biased_cut,3ee99982-484b-4f35-8357-8cac7bccbb73
ec7f76d2-3dab-4ccd-a6dd-7676655c906c,165,51ac9ecd-7b74-4543-ac0c-4fe229da05a8
ec8b6f57-816f-48bd-805a-8aee5f968df9,244,07f5ed21-5669-4cb5-93d8-622557af52ef
ecbb7bd9-92f0-43d7-8f29-f8a82566735a,139,b04f2918-d31b-4885-9d1b-51afea03c53e
ecc8fbd4-85c6-4ac0-bb5f-c93fb64d52b0,satchel,83fc5808-9319-444b-a84e-a6ac4a8da9aa
ece6011d-f4cc-4614-9a0f-9f0ea4a96db0,168,cf5eaa67-9c73-4149-a259-917fd382928e
ed05239e-0eb3-42ba-8991-039ba26902b2,buckle,7b52039b-f301-4f10-aab2-f8a06ad82c22
ed082669-b468-4688-9766-38c9c80a0612,braided,7b52039b-f301-4f10-aab2-f8a06ad82c22
ed0c0e59-972e-48f5-8645-29005266d085,75,a772aec6-6c85-4169-b8ef-4ab0d132453d
ed12bc6e-f4a4-4f67-8f39-6b493fecef09,130,cf5eaa67-9c73-4149-a259-917fd382928e
ed75086e-ad87-42df-b512-6dba1ac50161,13,26211064-e59c-452e-9518-b6a0f53c2ce5
ed821831-38f1-45d6-97c7-f227bc2f143c,274,07f5ed21-5669-4cb5-93d8-622557af52ef
eddb9f19-4025-4f9a-8d44-a9bf94cb562e,touchable,ba21c1f7-d6a4-4b96-b16d-85cf32bde3da
ede818fa-5f7a-4335-bcec-7e09c2888c1f,53,b04f2918-d31b-4885-9d1b-51afea03c53e
ededc63a-7491-49a9-986f-fd1610ddbb89,37,07f5ed21-5669-4cb5-93d8-622557af52ef
ee217430-b153-491e-9e03-80da30080e05,91,51ac9ecd-7b74-4543-ac0c-4fe229da05a8
ee29962f-3ee8-4311-97b7-eff4b11201e0,289,07f5ed21-5669-4cb5-93d8-622557af52ef
ee34b7f2-e209-4dc6-ab0c-b51721653f17,frayed,10e14a5d-39b6-4045-93cc-1574f68606ec
ee4cb490-17e0-4e3a-92fc-d2b7f614181e,cashmere,c512d2ea-9d34-436a-909e-c4a70e1af07a
ee5bbbe5-12c4-4659-8010-d3027cb452ce,crossed,7298588f-755b-4951-9ddb-9ef63b924e1f
ee6b9a2b-848a-4a4b-af5c-69cb42c4fa72,179,cf5eaa67-9c73-4149-a259-917fd382928e
ee84c543-6e74-47a8-8805-199ad1bf307f,175,51ac9ecd-7b74-4543-ac0c-4fe229da05a8
ee9979db-8667-45a8-acfd-503f551f9c1c,227,cf5eaa67-9c73-4149-a259-917fd382928e
ee9e7177-4f1f-414d-9c4c-f6524f23eac4,240,b04f2918-d31b-4885-9d1b-51afea03c53e
eea20af9-c71d-4444-8619-f56445b7dbc9,128,51ac9ecd-7b74-4543-ac0c-4fe229da05a8
eebc278e-bb6b-4206-96e8-b89e32cd2ea1,191,b04f2918-d31b-4885-9d1b-51afea03c53e
ef56ed72-5a97-49a1-8e57-cdb829e24175,242,07f5ed21-5669-4cb5-93d8-622557af52ef
ef5b2e32-697c-40e6-aeb2-e2dc4e2e687d,large_sleeve,b237632a-9b01-40e3-98b6-28b7b329968c
ef611e12-6e56-46e8-a797-6906318f28bf,mandarinacollar,083021ee-4f31-4175-b071-9f4883c84a53
ef8e7be5-6570-4a3c-8e93-17b2b1d7b0ca,139,51ac9ecd-7b74-4543-ac0c-4fe229da05a8
ef8ed21f-04d6-4b51-9278-a93f4ab1e208,102,cf5eaa67-9c73-4149-a259-917fd382928e
efa87d37-9e52-4a75-a1cd-e52b0fec36cc,jacquard,3299a9a7-d387-4ffb-bb7d-fece852611f6
efbeab1e-915b-4f2c-8b5a-ecd9b81dcabd,264,07f5ed21-5669-4cb5-93d8-622557af52ef
efde0ce9-21df-44b4-ba54-c6d738ec2e64,satiny,ba21c1f7-d6a4-4b96-b16d-85cf32bde3da
efe7f308-023d-40da-9b24-dbad3f6637c3,53,51ac9ecd-7b74-4543-ac0c-4fe229da05a8
efea22fb-5854-48c6-acf3-c431761a46b6,272,b04f2918-d31b-4885-9d1b-51afea03c53e
f000fa2a-4524-46cd-94d1-4ca3313da238,embroidery,5645397a-9858-4e4a-9e06-acbadd463738
f0117796-0a85-4e0b-b299-08ffda146786,139,cf5eaa67-9c73-4149-a259-917fd382928e
f0300a61-1cde-41f3-8dce-8a2d8e365571,73,a772aec6-6c85-4169-b8ef-4ab0d132453d
f033eb7d-8e27-4aad-a4c3-26ac40e35b78,2,51ac9ecd-7b74-4543-ac0c-4fe229da05a8
f046c229-0b12-461e-b0e0-482e9f994c6f,144,cf5eaa67-9c73-4149-a259-917fd382928e
f05adc87-ad56-4189-9433-f83c1928e420,alpaca_wool,c512d2ea-9d34-436a-909e-c4a70e1af07a
f05ed45e-f94c-4de5-97e2-7d8c8996ea97,182,07f5ed21-5669-4cb5-93d8-622557af52ef
f08b4960-c68f-4b9f-9ec8-e368616debeb,wrapped,23da088e-f468-4beb-abc7-60397ae512ed
f0bb5458-7dbd-465f-b961-41c32297788d,83,26211064-e59c-452e-9518-b6a0f53c2ce5
f0c63736-0e63-4f66-9d16-18f3ced77c82,two_more,aca97a9c-bf69-4b4d-9ade-f92e82ea953a
f0d21468-77f9-4740-a6de-19011872f481,83,a772aec6-6c85-4169-b8ef-4ab0d132453d
f0ece57c-043f-41a9-ac9b-296ae439d288,29,cf5eaa67-9c73-4149-a259-917fd382928e
f0ee2007-05ea-4262-9c9d-aca56181b051,194,07f5ed21-5669-4cb5-93d8-622557af52ef
f0eead66-e574-44c6-93c3-4f799b8085af,188,b04f2918-d31b-4885-9d1b-51afea03c53e
f133d33c-bc89-4d36-ac38-c1d843672f47,142,07f5ed21-5669-4cb5-93d8-622557af52ef
f137d46d-5bac-404d-bfc9-d9fb8fc8a734,rustic,ba21c1f7-d6a4-4b96-b16d-85cf32bde3da
f185f33c-7ebc-487a-b124-7b9c21c0f637,221,b04f2918-d31b-4885-9d1b-51afea03c53e
f19ab321-0f3d-42f4-a8c2-eb254c85cec4,ponteroma,3299a9a7-d387-4ffb-bb7d-fece852611f6
f19b28a6-1803-4689-9ea7-509be56fb29e,232,b04f2918-d31b-4885-9d1b-51afea03c53e
f1a60949-9139-4f89-9776-350671589b7e,cargo,c4ca680b-8672-4ff5-8ba8-f2e4094e6b60
f1c3ad1b-fb81-4774-bd74-65b14a39789d,true,4ad265ea-68e0-409e-aaca-381b7ca8ed1f
f1cd5317-79a0-4067-abbe-3e9231ac1e57,worn_out,10e14a5d-39b6-4045-93cc-1574f68606ec
f1d537b6-724c-41b3-897c-adb4121f39f2,132,cf5eaa67-9c73-4149-a259-917fd382928e
f1e3576f-06b1-446d-ac4b-eda6f8eac1d3,polo_collar,083021ee-4f31-4175-b071-9f4883c84a53
f1f8e407-bf4c-4071-aaf8-98d3d2a5ee94,68,51ac9ecd-7b74-4543-ac0c-4fe229da05a8
f1ffff41-46d5-4514-ae2c-c45be91dfb35,72,51ac9ecd-7b74-4543-ac0c-4fe229da05a8
f214bf7f-f4ce-4547-8e99-411e2497b7a1,fastener,2e2a28f9-566d-419f-9081-cc9061324110
f21748f2-efef-4af4-a96e-6056d65ea781,other,23da088e-f468-4beb-abc7-60397ae512ed
f22fbe10-d338-4283-beb4-a9fa6b544fb7,strap,7298588f-755b-4951-9ddb-9ef63b924e1f
f250fdd9-e15a-4195-a42e-1071a9a534dd,220,b04f2918-d31b-4885-9d1b-51afea03c53e
f271034f-9bc5-4756-95dc-e9670a719797,220,cf5eaa67-9c73-4149-a259-917fd382928e
f28e904c-57f1-4d3d-b033-25a590eebb32,101,51ac9ecd-7b74-4543-ac0c-4fe229da05a8
f29b363e-c779-493f-b77f-0b2af0c9a541,casual,144d677e-67cc-49b2-9be1-74af3ab02945
f2b6a3f3-085a-4bc0-b23f-68b1b20752de,285,b04f2918-d31b-4885-9d1b-51afea03c53e
f2ee5c69-b348-4227-954d-4cb705cd766a,175,b04f2918-d31b-4885-9d1b-51afea03c53e
f30e35d1-e6a2-4e7d-a4a7-68e6b6ec7837,shirt,0ccb5374-db8c-4dbb-afae-6b2652af170d
f318879d-abe9-45c5-8707-a8b03e1f160f,patches,10e14a5d-39b6-4045-93cc-1574f68606ec
f3310209-f8df-4e22-8938-7303e5870852,tip,d6f40fcf-5757-47a8-b7c5-469fba5289e5
f33d441d-c3cd-4a1c-9357-329190ee4ef1,poofy_sleeve,b237632a-9b01-40e3-98b6-28b7b329968c
f36ff26e-5513-4bba-b585-cb8557b3c71b,117,b04f2918-d31b-4885-9d1b-51afea03c53e
f38b5373-ed61-44cc-9377-54c253a6301a,measurements_m,aca97a9c-bf69-4b4d-9ade-f92e82ea953a
f3a9367c-e379-4f79-80b0-bbb05bdb18c7,jacket,90d5a219-a892-411e-ba25-7244fa1e220c
f3ae6571-c547-4825-83a3-aa94864f16e8,87,51ac9ecd-7b74-4543-ac0c-4fe229da05a8
f4053f71-94b5-40b2-92bd-fb588127fe38,worn_out,ba21c1f7-d6a4-4b96-b16d-85cf32bde3da
f413d6b6-6542-41fc-940c-6177cf5606aa,97,26211064-e59c-452e-9518-b6a0f53c2ce5
f4220342-ab1c-49a6-af37-c28c382de433,ikat,c67b06b1-1c40-42a5-b029-e70533146b9f
f43bb2fc-e4ff-46bf-a676-d84738a003e9,65,a772aec6-6c85-4169-b8ef-4ab0d132453d
f43d0408-dc9d-4fb9-b8ea-f327745aab56,142,cf5eaa67-9c73-4149-a259-917fd382928e
f476747c-4e1a-4d96-8dcc-d4fde7db5858,77,a772aec6-6c85-4169-b8ef-4ab0d132453d
f48e630a-a3df-4595-8871-e88ee4b944a0,fake_pocket,5645397a-9858-4e4a-9e06-acbadd463738
f4b16666-f3d0-404e-b4f8-018a593a5a3b,safari_jacket,90d5a219-a892-411e-ba25-7244fa1e220c
f508a034-9d25-4dea-ad29-39123d0c06b7,polyurethane,c512d2ea-9d34-436a-909e-c4a70e1af07a
f54e6340-f76b-4008-a786-2fb518b876d6,148,b04f2918-d31b-4885-9d1b-51afea03c53e
f58ac008-7e1f-443b-8eb7-c6750f37dffd,102,07f5ed21-5669-4cb5-93d8-622557af52ef
f5926190-7750-4895-8745-b8625a59242a,15,07f5ed21-5669-4cb5-93d8-622557af52ef
f5ae86d6-7b29-42fb-b3b0-3b474b2978f5,62,26211064-e59c-452e-9518-b6a0f53c2ce5
f5c007dd-909a-4a4f-967a-7fbe6137d8b4,62,07f5ed21-5669-4cb5-93d8-622557af52ef
f5d6233e-1e2f-4d05-9fab-253125f77b4f,111,51ac9ecd-7b74-4543-ac0c-4fe229da05a8
f5ef223a-a022-4d94-9334-1f22bfb9cc41,steady,395d4d49-a7b1-4e8a-8948-bc18beef1e44
f5fe98ee-6039-43a8-b3a8-a2fa8740214d,zip,2e2a28f9-566d-419f-9081-cc9061324110
f600d1e2-16d8-47ea-9e66-52b809a60abc,two_less,aca97a9c-bf69-4b4d-9ade-f92e82ea953a
f6034ec8-4ab9-4fe1-a376-63ad0ac18c5a,256,cf5eaa67-9c73-4149-a259-917fd382928e
f61eb31a-cb37-42fb-8873-69c12b5577b3,tartan_fabric,3299a9a7-d387-4ffb-bb7d-fece852611f6
f624a47f-1f83-479f-a04e-da106f31e7fb,78,cf5eaa67-9c73-4149-a259-917fd382928e
f69be21c-4f91-4b5a-8b92-dd8241768739,sweatpants,c4ca680b-8672-4ff5-8ba8-f2e4094e6b60
f6acbb05-0987-448e-8153-ecc1e1e9abe2,17,a772aec6-6c85-4169-b8ef-4ab0d132453d
f6ebbb4d-38bc-4c9a-b750-32a50e24c57e,tennis,7298588f-755b-4951-9ddb-9ef63b924e1f
f77c85d9-e35a-426d-a5eb-256816aafe9f,48,26211064-e59c-452e-9518-b6a0f53c2ce5
f788429b-8844-4115-a03b-c7232bfdb74e,116,cf5eaa67-9c73-4149-a259-917fd382928e
f798ffa4-493d-4535-977d-4cde11d7ae6b,diagonal_stripe,c67b06b1-1c40-42a5-b029-e70533146b9f
f7a4af0a-b0f6-4f07-ac68-c567120b4618,clients_60_100,aca97a9c-bf69-4b4d-9ade-f92e82ea953a
f7b8ed02-c226-4a38-ae16-600dbf61c396,constrast_stitching,5645397a-9858-4e4a-9e06-acbadd463738
f7c336e8-66a5-4d68-a59d-3500289b96fc,waterproof,3299a9a7-d387-4ffb-bb7d-fece852611f6
f7d95790-4a00-4787-8654-b9a1fb8f68bc,lateral_closing,2e2a28f9-566d-419f-9081-cc9061324110
f805e23c-cded-43cd-8901-e433d8871667,73,51ac9ecd-7b74-4543-ac0c-4fe229da05a8
f8255276-bd00-4c22-8de3-f6dca464ce91,254,cf5eaa67-9c73-4149-a259-917fd382928e
f83133d1-8aa1-45c7-8839-80df9b858d9a,6,07f5ed21-5669-4cb5-93d8-622557af52ef
f8516ad7-d601-417e-88b9-f42517f1836b,folded_up_with_loops,b237632a-9b01-40e3-98b6-28b7b329968c
f8617ae9-25b4-41e2-8fb0-bb70a6969753,cable_four_back,5645397a-9858-4e4a-9e06-acbadd463738
f89b500c-df98-48b9-bceb-c8ac0bfa1eee,trimming,5645397a-9858-4e4a-9e06-acbadd463738
f89cb784-0b1f-465b-94ff-fb14f66bc99a,50,b04f2918-d31b-4885-9d1b-51afea03c53e
f8a4f711-663e-4936-8d6b-87b7fd79abff,8,07f5ed21-5669-4cb5-93d8-622557af52ef
f8a596bc-63f7-4a7e-9c55-0195bfe8c6b9,64,cf5eaa67-9c73-4149-a259-917fd382928e
f8aaac70-ff4e-490a-8209-be987d312ab3,192,b04f2918-d31b-4885-9d1b-51afea03c53e
f8b3a889-11ce-4366-b69a-f7c22c3f8bd9,77,cf5eaa67-9c73-4149-a259-917fd382928e
f8be5fe6-b25a-4d5b-a560-0eeffffb806c,9,b04f2918-d31b-4885-9d1b-51afea03c53e
f8e90cb9-96fc-42cb-bfad-4319385c54b5,54,b04f2918-d31b-4885-9d1b-51afea03c53e
f901cfce-42a2-4f08-af25-6676e3def93a,elastic,7b52039b-f301-4f10-aab2-f8a06ad82c22
f922ae2b-c3db-4dd3-8619-3219e3d1abcc,sparkly,d6f40fcf-5757-47a8-b7c5-469fba5289e5
f935eabd-c646-4432-a291-530ff390081b,141,51ac9ecd-7b74-4543-ac0c-4fe229da05a8
f9631a3e-fb41-4bdc-9e6b-b99d3f44e6fb,artificial,3299a9a7-d387-4ffb-bb7d-fece852611f6
f9860e28-6c5c-4414-a291-a1e8b77da441,felt,3299a9a7-d387-4ffb-bb7d-fece852611f6
f98ff90f-92da-4b0c-aa36-5cfaed77cf5b,twill,3299a9a7-d387-4ffb-bb7d-fece852611f6
f9b73e4f-15c7-426f-82c1-362d6348ece0,ballet,7298588f-755b-4951-9ddb-9ef63b924e1f
f9b8821e-e2f1-4796-ae9e-082499fae793,tiffosi,aca97a9c-bf69-4b4d-9ade-f92e82ea953a
f9fb0a8d-192f-4bae-ac66-7c8a64fbe7ff,18,51ac9ecd-7b74-4543-ac0c-4fe229da05a8
fa992f72-6b43-4b92-acf7-a567a3c99464,30,51ac9ecd-7b74-4543-ac0c-4fe229da05a8
fad24348-5665-463a-9b1e-37e62fdf3105,true,e1d176ac-028e-4a26-977b-4c0d5807cec6
fad63c1d-5017-44e4-b900-9ef65aebafc6,dungaree,90d5a219-a892-411e-ba25-7244fa1e220c
faf369b9-2c53-4642-aece-6a5759523a67,false,e3648d96-12b6-41ce-94be-b7ee2677e0fc
faf94d53-b766-496a-85a5-1ba9bb6dc426,capri,c4ca680b-8672-4ff5-8ba8-f2e4094e6b60
fafddaba-ad26-4249-901d-028117fb4e84,120,cf5eaa67-9c73-4149-a259-917fd382928e
fb1910ea-4ae1-4cd4-a7fc-26fbb9f1f332,51,51ac9ecd-7b74-4543-ac0c-4fe229da05a8
fb3d98a3-09d4-4d44-a8a0-32b6d330f9e1,polyurethane,395d4d49-a7b1-4e8a-8948-bc18beef1e44
fb543484-6c81-4373-b38a-d7d75a9520cb,81,b04f2918-d31b-4885-9d1b-51afea03c53e
fb576c72-c59a-47cf-b64c-0b6b47e662f8,269,cf5eaa67-9c73-4149-a259-917fd382928e
fb6c84c9-ba25-4a9d-b9fb-ea4a0f12203a,90,07f5ed21-5669-4cb5-93d8-622557af52ef
fb728979-b61d-4690-9137-e31526495518,103,07f5ed21-5669-4cb5-93d8-622557af52ef
fb990dd1-a50c-455a-a54e-d72d48cc827e,229,07f5ed21-5669-4cb5-93d8-622557af52ef
fbbfbfd2-e30f-4712-89bc-910b940ed268,259,cf5eaa67-9c73-4149-a259-917fd382928e
fbcae89e-16dd-4b4b-a6ef-9b843c6d817c,sporty_band,5645397a-9858-4e4a-9e06-acbadd463738
fbfde3f7-8315-4fd9-9e22-de31993bbc4d,79,07f5ed21-5669-4cb5-93d8-622557af52ef
fc1941db-1098-4bd5-a9c7-d9fe8b94172d,semi_transparent,ba21c1f7-d6a4-4b96-b16d-85cf32bde3da
fc65e289-1bda-4fd4-9585-c4926554e7a6,floking,5645397a-9858-4e4a-9e06-acbadd463738
fc6e65e4-c8b1-48e2-89d0-e1f0cba05d3f,patches,5645397a-9858-4e4a-9e06-acbadd463738
fc7d0db5-9850-4f94-9a6d-bb3f3691a9a7,273,cf5eaa67-9c73-4149-a259-917fd382928e
fca3f253-3d45-4104-95e0-9e547ee7821d,true,f503b5cb-38e0-4dc4-8a96-2b62edae302d
fca980bf-009a-4a6e-b710-fedb6c8fa8de,94,a772aec6-6c85-4169-b8ef-4ab0d132453d
fce6abd4-544c-488c-b752-008000769ce3,257,b04f2918-d31b-4885-9d1b-51afea03c53e
fce8cdca-4547-4455-840c-eb3db6b753c0,batiste,3299a9a7-d387-4ffb-bb7d-fece852611f6
fd8363a3-a60d-45ea-9b14-6a36ae96b3d8,32,07f5ed21-5669-4cb5-93d8-622557af52ef
fd85882e-3472-4fc3-afb9-ff79a383e03d,4,befe6d1f-f2c3-4ae7-8145-ffef4013324a
fd85c538-5fda-4614-a2f7-fc7e5ff0998f,padded,10e14a5d-39b6-4045-93cc-1574f68606ec
fda48f14-2a6e-4166-a9b0-6c5216e57723,opening,5645397a-9858-4e4a-9e06-acbadd463738
fdcf52f4-837d-4eb2-8b19-a40395d6034f,43,26211064-e59c-452e-9518-b6a0f53c2ce5
fdf039e7-37ac-4443-9159-5dbb799ba277,147,cf5eaa67-9c73-4149-a259-917fd382928e
fe07bc78-c5de-41b4-be1a-e2d87f9ed114,32,cf5eaa67-9c73-4149-a259-917fd382928e
fe4c96d1-0ac7-4c8b-bc72-8574c7684ec7,11,51ac9ecd-7b74-4543-ac0c-4fe229da05a8
fe55631a-727c-46db-ada2-52484f1ca223,street,144d677e-67cc-49b2-9be1-74af3ab02945
fe5d0b07-00ba-4323-a539-e7a3ccf48c0c,true,e3648d96-12b6-41ce-94be-b7ee2677e0fc
fe5f9116-b18a-42bb-bead-1f0a20aae294,85,26211064-e59c-452e-9518-b6a0f53c2ce5
fe694fa7-daf4-4aa0-8bfb-577c23bf6aa5,105,07f5ed21-5669-4cb5-93d8-622557af52ef
fe6c98da-e121-42de-9943-3cd9393d62ce,163,b04f2918-d31b-4885-9d1b-51afea03c53e
fe6f593a-ff2d-45e2-9c8b-0df7b7efa829,pinstripe,3299a9a7-d387-4ffb-bb7d-fece852611f6
fe86f145-85ba-4c71-a6de-ecf039f2e3dd,normal,ae2da038-0e80-464e-a334-197e65d06c18
fe8e1adf-281b-493b-a6ec-1b86629a19d7,padded,ba21c1f7-d6a4-4b96-b16d-85cf32bde3da
feb0ccbe-d176-44c6-a222-9afe857f933d,155,07f5ed21-5669-4cb5-93d8-622557af52ef
feb9c288-ae47-4147-8dc5-709384f88c82,202,cf5eaa67-9c73-4149-a259-917fd382928e
fee4669e-a17d-4157-b3df-b57d4d128ed7,20,07f5ed21-5669-4cb5-93d8-622557af52ef
fefe3152-f55c-43d6-bc2b-5ccfa1cb6c47,ruffled_collar,083021ee-4f31-4175-b071-9f4883c84a53
ff1c2a63-3d9d-424e-8afa-2a7739fcb570,230,b04f2918-d31b-4885-9d1b-51afea03c53e
ff35805c-0691-4b02-8f0a-6a569ede6885,233,b04f2918-d31b-4885-9d1b-51afea03c53e
ff41c6fa-d1d3-461e-bc14-61438d2fe7d4,15,26211064-e59c-452e-9518-b6a0f53c2ce5
ff51890c-f3b6-4e62-a5e6-d6bc9db674c8,234,07f5ed21-5669-4cb5-93d8-622557af52ef
ff63b0e3-69e1-4795-969a-4ef7ead01067,babydoll,273c5d63-83f2-4f88-9841-15b99e5ee1a1
ff928044-f7f3-4b40-af90-a91464e5c96d,hidden_buttoning,2e2a28f9-566d-419f-9081-cc9061324110
ff92e25d-fd09-4953-9969-6c73906bd966,interior_pocket,5645397a-9858-4e4a-9e06-acbadd463738
ffabe3b1-6484-4cd0-a558-abb794ffc415,rubber_sleeve,b237632a-9b01-40e3-98b6-28b7b329968c
ffc7f297-b902-43d8-ab02-5af7166a1095,267,07f5ed21-5669-4cb5-93d8-622557af52ef
ffdb6174-6b80-424b-ab6d-be1c3485f659,112,51ac9ecd-7b74-4543-ac0c-4fe229da05a8
71fc9648-6fb4-4041-b02a-b2e50c3487ce,elastic_band_that_covers_the_belly_bump,5645397a-9858-4e4a-9e06-acbadd463738
ef370be0-98b2-4c77-856e-7508d4a7680f,low_stretch_control_shapewear,5645397a-9858-4e4a-9e06-acbadd463738
cd78e589-1509-40fc-9206-20302cde07f7,high_stretch_control_shapewear,5645397a-9858-4e4a-9e06-acbadd463738
9179e3fa-b76a-4400-a15a-c8baf2fd28d0,side_gathers,5645397a-9858-4e4a-9e06-acbadd463738
d996d093-e23b-44fd-b624-bb9f708185e6,zip_front_closure,5645397a-9858-4e4a-9e06-acbadd463738
110aaba1-e13a-43b2-8241-04ef9fbc2168,button_front_closure,5645397a-9858-4e4a-9e06-acbadd463738
6fcb577c-237f-4cf5-a863-5fcf50000b3f,detail_that_allows_extension_reduction,5645397a-9858-4e4a-9e06-acbadd463738
6f44aaa3-c78e-475e-818b-1d8bb5b8e0f9,double_layer_opening,5645397a-9858-4e4a-9e06-acbadd463738
d57afea5-d01e-4556-8909-d6b4556b918a,double_layer,5645397a-9858-4e4a-9e06-acbadd463738
4e880485-e077-4c7d-82ff-78504ce1287c,overskirts,5645397a-9858-4e4a-9e06-acbadd463738
91b00593-0d61-4091-97bb-bf614a2c3e58,with_a_top_underneath,5645397a-9858-4e4a-9e06-acbadd463738
bf29a3ea-4830-4e7d-8f62-60b4a43e471f,waist_extender_between_6_and_10_cm,5645397a-9858-4e4a-9e06-acbadd463738
57005452-4a79-43b9-af54-d31e75593f26,waistband_above_the_belly_bump,3ee99982-484b-4f35-8357-8cac7bccbb73
ec2c4c4f-e74d-4d7d-811c-e1c0f2ae645a,mid_belly_waistband,3ee99982-484b-4f35-8357-8cac7bccbb73
e9bb1585-81c7-4c6c-862d-5df234acd779,waistband_below_the_belly_bump,3ee99982-484b-4f35-8357-8cac7bccbb73
b6b89a57-aeee-41b1-9521-6f09cd940abc,elastic_waistband_at_the_back,3ee99982-484b-4f35-8357-8cac7bccbb73
c2a658cd-bfe1-47f2-bbee-af8ed3c9d507,adjustable_waistband,3ee99982-484b-4f35-8357-8cac7bccbb73
2fe9ed66-7090-420c-940c-94b35d032605,stretch_empire_line,3ee99982-484b-4f35-8357-8cac7bccbb73
94673aef-fe79-403b-8f77-211ecefb63eb,elastic_waist_cut,3ee99982-484b-4f35-8357-8cac7bccbb73
d8babb1c-931f-4ed3-90a6-273b920f210b,elastic_hip_cut,3ee99982-484b-4f35-8357-8cac7bccbb73
f4f9d607-6567-4fcd-9cac-4516f156ad3e,closure_that_allows_expansion,2e2a28f9-566d-419f-9081-cc9061324110
cc8eab8d-72f8-44c5-acee-e269ef9f915b,inner_elastic_with_buttons,2e2a28f9-566d-419f-9081-cc9061324110
4a887fe2-f9ce-4c4e-a6fe-0cc19b69f6cf,front_closure,2e2a28f9-566d-419f-9081-cc9061324110
0afa821c-cd8c-45a3-9718-31797888107c,side_closure,2e2a28f9-566d-419f-9081-cc9061324110
2c121010-7ee9-47c2-95d3-82a6264ada88,button_closure_under_placket,2e2a28f9-566d-419f-9081-cc9061324110
bdb239d0-a8b6-4815-9d95-0207fc524c93,double_layer_neckline,aebb8442-3325-470f-a76e-fbd9c5596d3d
6c690648-9056-44a4-9f7f-92e8108e7363,wide_neckline,aebb8442-3325-470f-a76e-fbd9c5596d3d
e0e8cfdb-a55e-4593-b207-b2518f525037,loose_over_belly_bump,aca97a9c-bf69-4b4d-9ade-f92e82ea953a
f4b4b0ff-5b76-4ba7-8726-79eac28bafc0,fitted_over_belly_bump,aca97a9c-bf69-4b4d-9ade-f92e82ea953a
405b0e1b-ee6d-438f-8aeb-ca3676f8a75c,supports_belly_bump,aca97a9c-bf69-4b4d-9ade-f92e82ea953a
d5ed51e9-05c6-4f61-9d6e-8d3e73449ea6,bust_support,aca97a9c-bf69-4b4d-9ade-f92e82ea953a
139a9c32-cde6-4c43-ac46-020ac2a86107,designed_to_fit_the_silhouette_throughout_pregnancy,aca97a9c-bf69-4b4d-9ade-f92e82ea953a
6f5bee71-876e-4a1d-873f-2c2d5ee5a22a,designed_to_adapt_to_all_stages_of_pregnancy,aca97a9c-bf69-4b4d-9ade-f92e82ea953a
8df5d4d3-2615-4462-a4e6-b54a6127887e,its_closure_facilitates_breastfeeding,aca97a9c-bf69-4b4d-9ade-f92e82ea953a
f3ae8527-679f-417c-98e8-6f93fe8d536d,the_waist_measurement_of_the_model_with_the_belly_is_95_cm,aca97a9c-bf69-4b4d-9ade-f92e82ea953a
49cbdab7-b6c5-4af3-a8d1-07cc3b5944d8,breastfeeding_strap,980dcbd8-ac49-4295-bb21-faad5c1f8845
81a71563-4617-45c6-91d8-dc641979a450,detachable_strap,980dcbd8-ac49-4295-bb21-faad5c1f8845
