;id;brand_id;family_id;"""group""";legacy_id;title
0;5f5c4a50-557a-4d53-9e81-cc72fdd18fbf;cfca4b92-12a6-411c-a62a-a874d00aa735;141f32d6-a5af-49bf-b019-fd28354977f1;J1214;\N;Onljade Cardigan knit 
1;6e6b4255-006a-4d13-b312-3b1426290d8e;ce8d442c-e662-44f8-a130-2e436f119ede;6598b655-3e19-448c-8b4f-ff6a29447b34;P1393;9727;Poly Pant deeluxe
2;6549c1b1-989e-432a-bdc9-b603c438b310;cfca4b92-12a6-411c-a62a-a874d00aa735;1b93b30c-833f-45a8-ba69-c21d2e7f4824;J1738;16138;Onleden Sweater knt
3;dace6963-7e84-4cef-a153-3c6fb29cc7c3;1600fb81-6f8b-4fa2-9ae2-a33420125939;c6b81db8-29ed-43d6-b14d-0fd913d7ce36;K892;11621;Cerise Jacket print
4;d6679919-7a49-4edd-bd04-982289d0e8ac;09358432-a44c-4cb4-b8e6-bf51b403bf39;c59807ac-0362-4078-94b0-37ea3df6cdd0;S2517;14076;Auttum Shirt hippie
5;350b09b1-9156-468f-a7e8-b99cec0d6f6e;1600fb81-6f8b-4fa2-9ae2-a33420125939;1dc55e58-a5c3-462c-b73d-8dd480de90fc;P2109;\N;Cherry Pant plain T. L C. brown
6;965805d4-5a1a-4779-a42a-b10866deef3d;a1f8d89e-04ed-42a9-8c51-dc04cbdd0d18;95f835a3-03fe-40f1-a813-4fbfd2842845;T1997;16328;Billary Top closet
7;f7b1efdf-c846-4ee2-8454-19c628097adb;a1f8d89e-04ed-42a9-8c51-dc04cbdd0d18;95f835a3-03fe-40f1-a813-4fbfd2842845;T1782;16330;Panthy Top closet
8;1612cad7-b3ff-4c18-91d5-237795578050;9ef43878-70f3-43df-959d-49af8b1f580f;39792668-5cfd-42c2-8872-ad776e9bad70;T3002;17229;Tilda Top majolica
9;2ccf1dc1-0e59-4cc7-8c5f-ee7a7d59a750;055096da-3cab-492e-8e19-98e6d2656f1d;3087da56-5a27-4e58-aea7-1555c640f232;C1108;10471;Long Tshirt stripe
10;ce077e88-0e94-46c9-b838-cd4ad6b9c9c2;055096da-3cab-492e-8e19-98e6d2656f1d;39792668-5cfd-42c2-8872-ad776e9bad70;T999;10475;Turna Top flounce 
11;4c05f17f-d370-4f39-8e6c-4cb3053133d8;055096da-3cab-492e-8e19-98e6d2656f1d;95f835a3-03fe-40f1-a813-4fbfd2842845;C1106;10476;Raye Tshirt peak 
12;04a76335-e215-4c32-bf11-40cf9dc95284;23d58665-8b33-4a8b-b8cf-be1f0b955112;c6b81db8-29ed-43d6-b14d-0fd913d7ce36;K709;9344;Burle Jacket bomb
13;68052b19-9f70-4bf5-a9d4-9be52d2c0e2d;e6b1b7ee-3782-4abd-b0f7-72fdd79ceb7f;c6b81db8-29ed-43d6-b14d-0fd913d7ce36;K817;10971;Denim Jacket sew 
14;e9915d28-1516-4fac-96e9-51f65a8ecee5;cfca4b92-12a6-411c-a62a-a874d00aa735;6598b655-3e19-448c-8b4f-ff6a29447b34;M140;10064;Onlblush Jeans noos
15;682385ed-6538-49e4-b164-6853d9f608d7;b3564635-d061-4d68-b956-9306e2d70794;ba89fcc3-bb1b-42af-a754-2d9f639e43ab;D2191;16201;Shine Dress etui 
16;5d2784d8-80c4-4d4b-a417-f54b48318913;e4c97e4e-1141-497f-b38c-3b7c0cae9ec4;ba89fcc3-bb1b-42af-a754-2d9f639e43ab;D2029;16439;Pcbodil Dress noos
17;8b47d2b6-7bba-4183-a37a-f281495b9740;ae7e5951-6317-42e5-9d7e-0b7cab5fff0a;c59807ac-0362-4078-94b0-37ea3df6cdd0;S2992;16674;Ariel Shirt season 
18;6231a57e-14e7-426b-9fb3-7805196916fe;9ef43878-70f3-43df-959d-49af8b1f580f;ba89fcc3-bb1b-42af-a754-2d9f639e43ab;D2743;17231;Carol Dress majolica 
19;87ccea47-fbff-4cb2-ab8b-2d2cedda1dc2;37fe10b7-3e0b-4bcb-ab83-759ddc273e23;c59807ac-0362-4078-94b0-37ea3df6cdd0;S2787;17430;Frhazavisk Shirt mix
20;3d6e3f1b-833e-46dd-bec4-d2e794ca6f3f;af4acb4b-5bd2-4d87-8bd2-fe5d0ccae443;b263ba41-adab-4a83-a3e0-2766522f5aec;Q354;11794;Leav Scarf visc
21;c40b0b85-ed74-48c7-9d8a-80b8bb3d260c;61c08d2e-6819-4a64-a866-3e377ff68925;2514d6c8-11e6-4692-87b4-dcc1cd18592c;F1101;11823;Viosk Skirt knit
22;5112f94c-eb48-45cf-a63b-ac859cc30a41;988e3625-7d5a-46f9-b93b-f3b15c8d6e61;95f835a3-03fe-40f1-a813-4fbfd2842845;C2255;16854;Ixrosa Tshirt express 
23;72e7245e-5d1f-44b0-bb90-6484df372e8a;a1f8d89e-04ed-42a9-8c51-dc04cbdd0d18;c6b81db8-29ed-43d6-b14d-0fd913d7ce36;K1028;16332;Billia Jacket closet
24;b66bacb0-3c2e-4e56-88ce-26d50da2cfab;9ef43878-70f3-43df-959d-49af8b1f580f;39792668-5cfd-42c2-8872-ad776e9bad70;T3005;17233;Bail Top majolica
25;1657c9fa-aedf-487d-8578-0c703190d283;09358432-a44c-4cb4-b8e6-bf51b403bf39;c6b81db8-29ed-43d6-b14d-0fd913d7ce36;K546;7526;Ball Jacket bomber 
26;466c3a14-4f23-4c66-a25e-dd7265d364c8;68d6b1fc-233d-4346-b9d3-cd712c54b847;c59807ac-0362-4078-94b0-37ea3df6cdd0;S1683;9046;Wall Shirt kilky 
27;cfd5b0c1-044a-411f-93a4-032b02fa0560;68d6b1fc-233d-4346-b9d3-cd712c54b847;141f32d6-a5af-49bf-b019-fd28354977f1;J1287;9048;Lua Cardigan colors 
28;86ac8e1c-3288-4872-9e38-5257041a1d7f;9ef43878-70f3-43df-959d-49af8b1f580f;39792668-5cfd-42c2-8872-ad776e9bad70;T1240;9053;Lunce Top colors 
29;17b3aeca-22dc-419c-b207-a1ebc106df5e;9ef43878-70f3-43df-959d-49af8b1f580f;1b93b30c-833f-45a8-ba69-c21d2e7f4824;J1290;9056;Jule Sweater colors 
30;c83994fb-903b-493b-af93-1239aa691d65;d16b490f-370e-4eeb-ab4f-31c815f60a69;c6b81db8-29ed-43d6-b14d-0fd913d7ce36;K545;10019;Aitana Jacket moon
31;175d1af3-40a8-44bd-9d60-f26efa320bb2;ae7e5951-6317-42e5-9d7e-0b7cab5fff0a;ba89fcc3-bb1b-42af-a754-2d9f639e43ab;D2765;\N;Hearts Dress season
32;2cb3725d-b5bc-4088-9611-3597eabef4f2;9ef43878-70f3-43df-959d-49af8b1f580f;39792668-5cfd-42c2-8872-ad776e9bad70;T3006;17234;Ferial Top majolica
33;bf1416b2-343b-42ef-90df-c11328af8833;ae7e5951-6317-42e5-9d7e-0b7cab5fff0a;2514d6c8-11e6-4692-87b4-dcc1cd18592c;F1635;17433;Pable Skirt season
34;a5684374-610a-4f18-b720-1ad863199ef9;f55a7823-4b84-4ca2-b24f-4945f2f27ca9;1dc55e58-a5c3-462c-b73d-8dd480de90fc;P1868;\N;Desflorence Pant cotton
35;d744cd14-7b9b-42b0-bbd2-02ca9b21ff47;1600fb81-6f8b-4fa2-9ae2-a33420125939;1dc55e58-a5c3-462c-b73d-8dd480de90fc;P1851;11980;Flower Pant stamp
36;8cbed41b-7e50-4ab7-be33-fb3d6d4730ab;52117e6f-5cc4-4cc9-89c6-6c86be22376c;1dc55e58-a5c3-462c-b73d-8dd480de90fc;P1018;4828;Olive Pant crux 
37;878d0b20-a0f7-4c8e-948c-03762e67dda2;1600fb81-6f8b-4fa2-9ae2-a33420125939;ba89fcc3-bb1b-42af-a754-2d9f639e43ab;D2094;11982;Ava Dress printed
38;649769c3-e30c-4018-8474-31f750affd84;7d82a2a5-1eee-425d-a914-ace3d7864a26;c59807ac-0362-4078-94b0-37ea3df6cdd0;S1692;9306;Akoz Shirt venus 
39;b71a1920-5853-4238-b92e-6e3d1e3c4c72;61c08d2e-6819-4a64-a866-3e377ff68925;1dc55e58-a5c3-462c-b73d-8dd480de90fc;P1380;10579;Viseana Pant chino 
40;3e4da57d-808c-423e-a82b-924659ba09d1;6ad0756c-5e2a-4caa-8c9a-deaab7cdcf96;c59807ac-0362-4078-94b0-37ea3df6cdd0;S1758;10759;Arya Shirt easy
41;8dfa8f1e-21a9-472b-9f4b-faf281c69804;9ef43878-70f3-43df-959d-49af8b1f580f;9c5a3fee-dad0-444a-acb3-c059e2f3db20;P2254;17237;Stripes Pant short
42;a8b270cc-39e9-4f22-aab7-cf295e1368e3;1600fb81-6f8b-4fa2-9ae2-a33420125939;39792668-5cfd-42c2-8872-ad776e9bad70;T1487;11089;Cerise Top juno 
43;2c131d54-0e6d-4654-ad42-f023856dcab7;9ef43878-70f3-43df-959d-49af8b1f580f;88ee8b83-a7fe-4c00-8f12-621b209012fd;Y154;11974;Longa Jumpsuit majo
44;7eaba688-c4aa-4cec-b0fc-e3bb24ad0c2c;1600fb81-6f8b-4fa2-9ae2-a33420125939;ba89fcc3-bb1b-42af-a754-2d9f639e43ab;D2092;11985;Lise Dress cerise
45;b0dd9680-ddea-4ff5-9aeb-921540aa8d14;1600fb81-6f8b-4fa2-9ae2-a33420125939;c6b81db8-29ed-43d6-b14d-0fd913d7ce36;K934;11977;Geom Jacket cerise
46;6884fe3a-bd99-4e37-b4f0-b95065c9d0f9;1600fb81-6f8b-4fa2-9ae2-a33420125939;39792668-5cfd-42c2-8872-ad776e9bad70;T1624;11978;Boho Top cerise
47;8295a8fc-c52c-4e48-a939-deed0b1d9aca;cfca4b92-12a6-411c-a62a-a874d00aa735;1b93b30c-833f-45a8-ba69-c21d2e7f4824;J1455;12045;Onliza Sweater soft
48;51735e8b-e45e-49b1-bbd1-5a3a16065f70;a255572f-5a7a-49fc-87de-227acbe413a0;1dc55e58-a5c3-462c-b73d-8dd480de90fc;M873;16688;Null Jeans toxik 
49;37063d28-8cb5-4b98-9309-0817824f734b;7d82a2a5-1eee-425d-a914-ace3d7864a26;2514d6c8-11e6-4692-87b4-dcc1cd18592c;F1026;9307;Akoz Skirt spring 
50;0c068baa-9644-4961-a928-4c55badec158;61c08d2e-6819-4a64-a866-3e377ff68925;6598b655-3e19-448c-8b4f-ff6a29447b34;M131;9601;Vijules Jeans washed
51;f488b259-9e26-41df-9f45-ffb32411b53a;6ad0756c-5e2a-4caa-8c9a-deaab7cdcf96;6598b655-3e19-448c-8b4f-ff6a29447b34;P1476;9606;Lindex Pant nice
52;63cf15e3-4200-414f-b0d6-085963bcd9a3;6ad0756c-5e2a-4caa-8c9a-deaab7cdcf96;c59807ac-0362-4078-94b0-37ea3df6cdd0;S1560;9607;Lindex Shirt dots
53;7c28b581-1710-4c76-aade-52cb58c9c38e;6ad0756c-5e2a-4caa-8c9a-deaab7cdcf96;c59807ac-0362-4078-94b0-37ea3df6cdd0;S1558;9609;Lindex Shirt stripes
54;ea3eee88-e9ee-4313-8824-c612208f5094;dfd310cc-8f71-4c13-8292-9f10d0c800c5;1dc55e58-a5c3-462c-b73d-8dd480de90fc;P1474;9616;Lindex Pant hannah
55;8602347f-7474-49d4-8491-a8caee98ae9d;dfd310cc-8f71-4c13-8292-9f10d0c800c5;1dc55e58-a5c3-462c-b73d-8dd480de90fc;M290;10768;Sally Jeans denim
56;51173c8f-3b85-4ac6-bb2a-73ec910e7985;dfd310cc-8f71-4c13-8292-9f10d0c800c5;c59807ac-0362-4078-94b0-37ea3df6cdd0;S1980;10771;Holly Shirt light
57;fc5f56ce-bce7-42ab-ad71-ac1b25d5b8d7;1600fb81-6f8b-4fa2-9ae2-a33420125939;ba89fcc3-bb1b-42af-a754-2d9f639e43ab;D2061;11625;Cerise Dress vneck 
58;b7b1889f-8406-4d50-bbf2-fa415739c558;dc63915f-46ee-478e-a76d-5bdc720521c8;95f835a3-03fe-40f1-a813-4fbfd2842845;C1195;12066;Island Tshirt vida
59;9a45fcd6-2161-4d8c-a9b9-b05f0dbf339c;9ef43878-70f3-43df-959d-49af8b1f580f;ba89fcc3-bb1b-42af-a754-2d9f639e43ab;D2744;17239;Margot Dress majolica
60;a37e02d7-23b7-4e6f-b044-aa10e72d85b4;f620512a-1e55-4c69-8208-9c83ed4725a5;39792668-5cfd-42c2-8872-ad776e9bad70;T1742;16857;Annais Top denim 
61;d9c1cfe0-821e-4759-8b6e-1af60075b166;1600fb81-6f8b-4fa2-9ae2-a33420125939;39792668-5cfd-42c2-8872-ad776e9bad70;T1359;10233;Feather Top cerise 
62;85165fcb-4fb8-4b7f-b845-6f373cebe2f5;cfca4b92-12a6-411c-a62a-a874d00aa735;35405a7d-7018-440b-9d16-76206ac3e224;K655;12104;Onldemi Parka nylon
63;a8cc33d4-08c3-44b4-b259-904fb745e36c;6ad0756c-5e2a-4caa-8c9a-deaab7cdcf96;c6b81db8-29ed-43d6-b14d-0fd913d7ce36;K672;10772;Lindex Jacket belt 
64;c7fc5ad0-6e1e-4d43-b7a2-16262463737d;cfca4b92-12a6-411c-a62a-a874d00aa735;35405a7d-7018-440b-9d16-76206ac3e224;K653;12105;Onltahoe Parka noos
65;511a24b0-c422-4833-a646-669cb4a75373;da790000-672a-45a3-9bf9-4805e90d7f19;3087da56-5a27-4e58-aea7-1555c640f232;X94;10773;Leopard Sweatshirt dixie
66;c6a2397c-cb85-429f-a04e-4d2a1f3fb4bf;b6758f9e-102c-4d39-98b2-b4c5e7a8d6c2;2514d6c8-11e6-4692-87b4-dcc1cd18592c;F913;9637;Objwin Skirt denim
67;d633120b-d79f-4674-b692-fffb790b5d49;a1f8d89e-04ed-42a9-8c51-dc04cbdd0d18;c6b81db8-29ed-43d6-b14d-0fd913d7ce36;K611;9868;Closet Jacket arizona
68;6ac173bd-026c-4058-b925-b0e56d3a0f72;cfca4b92-12a6-411c-a62a-a874d00aa735;39792668-5cfd-42c2-8872-ad776e9bad70;T2275;17240;Onlastrid Top stripes
69;33dbd617-92e5-457d-bcee-5c33145050f6;da790000-672a-45a3-9bf9-4805e90d7f19;3087da56-5a27-4e58-aea7-1555c640f232;X93;10774;Alanis Sweatshirt mellow
70;fd1de2ea-773b-4de3-8f10-ab67f354be73;ce8d442c-e662-44f8-a130-2e436f119ede;39792668-5cfd-42c2-8872-ad776e9bad70;T615;9638;Eurydice Top nice 
71;48feb738-b923-4d03-ae20-78092cc377b5;3bf63b3d-7c2f-47a4-81bc-6ad2452245d7;2514d6c8-11e6-4692-87b4-dcc1cd18592c;F1072;12132;Cartina Skirt knee
72;6bd374ef-0534-421b-9254-bb369873c89e;3bf63b3d-7c2f-47a4-81bc-6ad2452245d7;35405a7d-7018-440b-9d16-76206ac3e224;K650;12133;Cardemi Jacket nylon
73;0976f186-9b3f-425d-a1a6-33aa309557ed;6baa0e97-2a91-43cf-843f-bbac6e5ed509;c59807ac-0362-4078-94b0-37ea3df6cdd0;S1785;9650;Nissa Shirt sweet
74;e4fecd3d-5338-477a-9bf7-3861203ef813;61c08d2e-6819-4a64-a866-3e377ff68925;74ba5e25-afd5-490b-a3a8-2175020c4487;A121;14237;Vicamisha Coat long
75;6ddf8233-4161-481f-9bdc-c04efd63b209;6a8df4c0-bf3c-4e99-a648-44021ccb15af;74ba5e25-afd5-490b-a3a8-2175020c4487;A136;13926;Caramel Coat jcz
76;ed6f3632-46ab-491a-8bc6-bec0e5c5409b;23ac65d4-bca2-4119-b4fa-821b224b8d49;6598b655-3e19-448c-8b4f-ff6a29447b34;M298;9652;Jrqueen Jeans slim
77;3e7974a6-8bd4-4895-88f4-5d332e84d0fb;c22a8b00-a91b-4f6f-af11-8553e7c13ea9;95f835a3-03fe-40f1-a813-4fbfd2842845;C978;9654;Masha Tshirt tee
78;190ecf40-c116-4c35-8736-57b273383902;c22a8b00-a91b-4f6f-af11-8553e7c13ea9;95f835a3-03fe-40f1-a813-4fbfd2842845;C977;9655;Masha Tshirt mid
79;aa5ca9a2-5114-4b08-9d8e-988007475ae0;6ed756bf-7370-46c0-b4df-a53c893b26bb;95f835a3-03fe-40f1-a813-4fbfd2842845;C1055;9657;Panik Tshirt one
80;f4de6cb1-40de-4a13-81e0-fe4134b00cab;23ac65d4-bca2-4119-b4fa-821b224b8d49;1b93b30c-833f-45a8-ba69-c21d2e7f4824;J1266;12136;Jrbillie Sweater cabernet
81;00cef638-ccb2-4ed6-8256-1cd62a187bf3;da790000-672a-45a3-9bf9-4805e90d7f19;95f835a3-03fe-40f1-a813-4fbfd2842845;C988;10778;Brun Tshirt bananas
82;92ace421-bca5-46b7-a5fb-02d8d84730dd;da790000-672a-45a3-9bf9-4805e90d7f19;c59807ac-0362-4078-94b0-37ea3df6cdd0;S1198;10780;Joy Shirt giraffe
83;d03d4b59-0807-4f12-86d3-461846648dac;e7d3ebfe-6f9f-4d28-b3b4-96b4875b2af3;b263ba41-adab-4a83-a3e0-2766522f5aec;Q286;9659;Flower Scarf big
84;ad8fb61a-85d8-41a5-9776-7ae7d4feb843;a1f8d89e-04ed-42a9-8c51-dc04cbdd0d18;c59807ac-0362-4078-94b0-37ea3df6cdd0;S1440;9878;Closet Shirt maine
85;d140a4cd-c440-4124-97a2-e6d9358056f6;a1f8d89e-04ed-42a9-8c51-dc04cbdd0d18;2514d6c8-11e6-4692-87b4-dcc1cd18592c;F1416;15879;Billia Skirt closet 
86;d65b9b82-8677-4b55-877c-cdcf71a9cee0;a1f8d89e-04ed-42a9-8c51-dc04cbdd0d18;39792668-5cfd-42c2-8872-ad776e9bad70;T1784;15880;Zebry Top closet 
87;f7b40f80-6661-44fc-ae9b-d165e3d9ff12;c373a4f2-a8de-41e8-86a0-04725b575436;88ee8b83-a7fe-4c00-8f12-621b209012fd;Y179;16591;Nicole Jumpsuit floral 
88;5f2048c6-4e7b-45f7-bc30-ae187b0b5cec;45702471-835a-4967-a38b-c910df5a5b31;1b93b30c-833f-45a8-ba69-c21d2e7f4824;J1298;9353;Cherry Sweater print 
89;8a7b4bf2-dc4c-4698-a7f4-69a77b612bf1;e6b1b7ee-3782-4abd-b0f7-72fdd79ceb7f;b263ba41-adab-4a83-a3e0-2766522f5aec;Q298;\N;Nando Scarf stola 
90;8b2abe8a-1737-4f5b-9c49-3870d48f7d7d;a1f8d89e-04ed-42a9-8c51-dc04cbdd0d18;ba89fcc3-bb1b-42af-a754-2d9f639e43ab;D1676;9884;Closet Dress texas
91;39ad707f-8578-4ff9-9114-49dce0e286dc;e0c5939f-1f3f-44c9-b786-8154fdaa6cac;74ba5e25-afd5-490b-a3a8-2175020c4487;A126;14534;Padded Coat woven
92;e5991517-b8a3-483b-917a-5befa1c31503;80624cdd-099b-4cea-8f4a-2837f3e08587;1dc55e58-a5c3-462c-b73d-8dd480de90fc;P1265;9729;Edith Pant beng
93;07139800-e2c7-4197-aa4f-a5e7952ef832;b3564635-d061-4d68-b956-9306e2d70794;2514d6c8-11e6-4692-87b4-dcc1cd18592c;F1392;16859;Captain Skirt denim 
94;0491fefe-ed47-4361-8f72-a56a733e4ff8;a1f8d89e-04ed-42a9-8c51-dc04cbdd0d18;ba89fcc3-bb1b-42af-a754-2d9f639e43ab;D1680;9881;Closet Dress michigan
95;e7fbea57-dbc1-4356-a938-8bc2278a2269;09358432-a44c-4cb4-b8e6-bf51b403bf39;c59807ac-0362-4078-94b0-37ea3df6cdd0;S2624;14576;Lupas Shirt hippie 
96;48b08f83-f37f-4430-8534-12f884585cd2;e2ed2d6d-895f-4d78-85f0-60805c02013b;c59807ac-0362-4078-94b0-37ea3df6cdd0;S2939;16341;Heart Shirt tie
97;a194e77d-a0b9-4111-9093-6d253f8ff65b;921d101c-6d05-4d3a-94fa-b50b955f0561;c6b81db8-29ed-43d6-b14d-0fd913d7ce36;K1130;17246;Roxana Jacket indoor
98;312ea917-b9ef-4cff-bcc5-a665122e67b5;f66308ed-5556-4469-a729-517b619fac5a;c59807ac-0362-4078-94b0-37ea3df6cdd0;S1733;9805;Lesa Shirt saint
99;427ec42e-0d6d-40bc-8f25-f696a8a9678f;9fead4cd-d80d-4488-be05-beddd6b45fb5;95f835a3-03fe-40f1-a813-4fbfd2842845;C1141;12224;Kafie Tshirt optical 
100;a2e550b8-aaeb-4347-8444-646ef5679dbc;23ac65d4-bca2-4119-b4fa-821b224b8d49;6598b655-3e19-448c-8b4f-ff6a29447b34;M369;12257;Jrzerodaria Jeans juna
101;e86d3683-5746-4bf0-a6db-10d54e585539;dc63915f-46ee-478e-a76d-5bdc720521c8;39792668-5cfd-42c2-8872-ad776e9bad70;C980;9773;Coco Tshirt tank
102;6f13b71f-4667-49d0-9c67-3aa65209ea3d;dc63915f-46ee-478e-a76d-5bdc720521c8;95f835a3-03fe-40f1-a813-4fbfd2842845;C982;9772;Amuse Tshirt society
103;d9f45010-0272-4c62-80a2-1c0984da4426;61c08d2e-6819-4a64-a866-3e377ff68925;74ba5e25-afd5-490b-a3a8-2175020c4487;A132;12129;Vijessi Coat noos 
104;47f52c55-05c8-4e2b-9bce-97ebe640b782;a1f8d89e-04ed-42a9-8c51-dc04cbdd0d18;c6b81db8-29ed-43d6-b14d-0fd913d7ce36;K613;9869;Closet Jacket illinois
105;47f17c66-962b-46e0-89f0-79a79dc4a7de;da790000-672a-45a3-9bf9-4805e90d7f19;3087da56-5a27-4e58-aea7-1555c640f232;C985;11022;Palm Tshirt rainbow 
106;0b058268-6afb-4bdf-9203-8fb18d841482;e0c5939f-1f3f-44c9-b786-8154fdaa6cac;1b93b30c-833f-45a8-ba69-c21d2e7f4824;J1642;12252;Espnoos Sweater nice 
107;6eeac53b-8d69-45ae-b620-735e989ca0f3;cfca4b92-12a6-411c-a62a-a874d00aa735;39792668-5cfd-42c2-8872-ad776e9bad70;T1413;12268;Onlregina Top single 
108;93cc89ac-f4f8-41ca-9420-2bd7fc4869e7;e6b1b7ee-3782-4abd-b0f7-72fdd79ceb7f;b263ba41-adab-4a83-a3e0-2766522f5aec;Q296;9796;Limbo Scarf stola
109;9d9eccb3-26a7-4dd6-a7d6-5b2a53dc91cf;f55a7823-4b84-4ca2-b24f-4945f2f27ca9;1b93b30c-833f-45a8-ba69-c21d2e7f4824;J1378;12445;Dita Sweater desires
110;5f4610cd-3631-4e09-89e9-dc8fac3bc778;3bf63b3d-7c2f-47a4-81bc-6ad2452245d7;35405a7d-7018-440b-9d16-76206ac3e224;A109;12595;Cardemi Coat nylon 
111;d14dbf0f-4766-45d9-87b1-27cff0d93cd5;921d101c-6d05-4d3a-94fa-b50b955f0561;6598b655-3e19-448c-8b4f-ff6a29447b34;P2157;17249;York Pant soft
112;baa63f1f-0ba8-459b-aee0-7cea4d9c0d4f;9ef43878-70f3-43df-959d-49af8b1f580f;ba89fcc3-bb1b-42af-a754-2d9f639e43ab;D2767;17445;Flowers Dress majo
113;ddc2ac8e-c57f-46f4-b80e-d5d5dcaccddd;9884297d-e8e2-4e3c-ba61-03e87d6cbd9f;c59807ac-0362-4078-94b0-37ea3df6cdd0;S2354;16861;Leeone Shirt pocket 
114;57746ff7-297b-49ee-ac1b-7f80011086d2;a1f8d89e-04ed-42a9-8c51-dc04cbdd0d18;39792668-5cfd-42c2-8872-ad776e9bad70;T1995;15887;Billion Top closet 
115;85fe5f92-4bdf-4d21-a503-5ca6eba08435;6a8df4c0-bf3c-4e99-a648-44021ccb15af;2514d6c8-11e6-4692-87b4-dcc1cd18592c;F1034;9375;Dusta Skirt doll 
116;b50bf138-96fa-4a9b-b093-1f39d72fd644;6a8df4c0-bf3c-4e99-a648-44021ccb15af;c6b81db8-29ed-43d6-b14d-0fd913d7ce36;K1151;15442;Real Jacket print 
117;207ac4ca-7685-4462-a503-023da79f3f67;e2b0644a-9365-4b40-a821-2a2266de551d;882ecdf8-325d-4826-a066-1b263e438f09;B476;16133;Daisy Bag nude 
118;35931275-bb91-41f7-8fe8-727909a9d8e2;10978e4c-57de-4f45-9b35-f304ca89875e;95f835a3-03fe-40f1-a813-4fbfd2842845;C2101;16598;Hannah Tshirt knit 
119;0f069273-af2d-4d67-9a94-b48c79374070;3bf63b3d-7c2f-47a4-81bc-6ad2452245d7;6598b655-3e19-448c-8b4f-ff6a29447b34;M488;\N;Carth Jeans noss 
120;2fecc5e8-4dc9-4f23-82fe-333316a7d7a6;17e6c981-001d-41b0-9816-16425ffeef0d;c6b81db8-29ed-43d6-b14d-0fd913d7ce36;A120;12334;Thin Coat woven
121;44af71a5-6a2e-41f6-9229-bdf877501aab;bcdc75ed-99e1-4efe-9912-2805ca4a0105;c6b81db8-29ed-43d6-b14d-0fd913d7ce36;K1214;16743;Luara Jacket biker 
122;b7b3344d-de67-419f-97de-bb1f0c660ca2;09358432-a44c-4cb4-b8e6-bf51b403bf39;ba89fcc3-bb1b-42af-a754-2d9f639e43ab;D2751;17364;Summer Dress long 
123;86dd77ee-c311-4231-9fa5-678ebc90782a;e2b0644a-9365-4b40-a821-2a2266de551d;882ecdf8-325d-4826-a066-1b263e438f09;B482;16136;Diane Bag nude 
124;e613a0b9-7163-43a3-8606-54c753b8a445;10978e4c-57de-4f45-9b35-f304ca89875e;141f32d6-a5af-49bf-b019-fd28354977f1;J1912;16597;Rose Cardigan knit 
125;96aa0f3b-8827-4939-8ae1-7b17cf0099ba;10978e4c-57de-4f45-9b35-f304ca89875e;2514d6c8-11e6-4692-87b4-dcc1cd18592c;F1342;16602;Naomi Skirt midi 
126;bff7fafc-a70c-476e-9fb6-5246a63a4852;890bd5dd-a9f8-4879-828c-919843a0be89;9c5a3fee-dad0-444a-acb3-c059e2f3db20;P1967;16870;Marbore Short boyfriend 
127;e86adf8c-a482-4f55-adc0-97e709ff6a45;ce8d442c-e662-44f8-a130-2e436f119ede;1dc55e58-a5c3-462c-b73d-8dd480de90fc;P1977;16871;Pime Pant solid 
128;9675fef9-377f-4cf1-9e8e-1891d459dc0a;61c08d2e-6819-4a64-a866-3e377ff68925;c6b81db8-29ed-43d6-b14d-0fd913d7ce36;J183;\N;Vinaja Jacket short
129;c253a3c4-ebda-47f0-a5fe-aff8ac4d4d99;d16b490f-370e-4eeb-ab4f-31c815f60a69;39792668-5cfd-42c2-8872-ad776e9bad70;T1971;17254;Moon Top knot 
130;2f3489c9-2352-4095-909a-133ff64695a3;109eb926-eabe-4933-9172-6ff8a5c95ac7;39792668-5cfd-42c2-8872-ad776e9bad70;S2388;16706;Fabiola Shirt collection 
131;a264f572-e413-4220-a8ec-940737ee5b8f;ced11455-b5e0-4450-8581-57a1108e2c3b;c59807ac-0362-4078-94b0-37ea3df6cdd0;S2342;12681;Caprice Shirt print
132;970cd885-7578-4a08-b3eb-c1c86884c53a;890bd5dd-a9f8-4879-828c-919843a0be89;95f835a3-03fe-40f1-a813-4fbfd2842845;C2097;16875;Logo Tshirt off 
133;1ce42093-4c32-4795-a40c-1b44a3bee0ec;d16b490f-370e-4eeb-ab4f-31c815f60a69;95f835a3-03fe-40f1-a813-4fbfd2842845;C2117;17255;Moon Tshirt oneck 
134;f492187f-9cc1-42bf-9f04-c64a0932db1b;23d58665-8b33-4a8b-b8cf-be1f0b955112;1dc55e58-a5c3-462c-b73d-8dd480de90fc;P1668;10103;Ycoo Pant nice 
135;6650308e-bfd3-46b2-8310-2d78a3dfaaf3;10978e4c-57de-4f45-9b35-f304ca89875e;141f32d6-a5af-49bf-b019-fd28354977f1;J1532;11191;Organic Cardigan rose
136;48362d25-0918-4456-8ece-a60922e8bc6d;91664c1b-3d18-4eab-b3ca-79072c417d45;e1646b68-8f10-4b63-87d5-30924341f8ba;Q393;12688;Claudia Scarf check 
137;b42fc0f2-a82c-4e12-9643-0607259eaa02;136dab85-c840-420f-bf88-e459483f8796;39792668-5cfd-42c2-8872-ad776e9bad70;T1586;12714;Tennessee Top grace
138;bd5a8603-6603-4ca0-8c4e-6c08ea1d4e7d;136dab85-c840-420f-bf88-e459483f8796;95f835a3-03fe-40f1-a813-4fbfd2842845;C1446;12715;Tambour Tshirt grace
139;0e2dcbd6-d0aa-473c-ab28-afd4fd25e241;1600fb81-6f8b-4fa2-9ae2-a33420125939;39792668-5cfd-42c2-8872-ad776e9bad70;T2260;17101;Flowers Top cerise 
140;0fe6f14c-86cf-4bf8-9327-ce28725cd153;e02a9b8d-2a26-46c6-b5c1-0c8b2e4ff4d4;1b93b30c-833f-45a8-ba69-c21d2e7f4824;J1155;9597;Elina Sweater blaz 
141;64ad6071-b430-4831-a3a1-639dd58400bd;988e3625-7d5a-46f9-b93b-f3b15c8d6e61;95f835a3-03fe-40f1-a813-4fbfd2842845;C1061;10146;Ihcayce Tshirt stripes 
142;816d9469-61c6-4fcc-b679-2ba4b4e1057e;1fabf9b8-d897-4621-825e-b23685cae77c;ba89fcc3-bb1b-42af-a754-2d9f639e43ab;D1843;10163;Zinka Dress summer
143;6725ccf1-cb4b-4a23-9e1e-91a3764f9aa2;1fabf9b8-d897-4621-825e-b23685cae77c;c59807ac-0362-4078-94b0-37ea3df6cdd0;S1892;10164;Zinka Shirt flower
144;4862a20d-5121-4350-8a4b-af7d7a0f53d7;136dab85-c840-420f-bf88-e459483f8796;95f835a3-03fe-40f1-a813-4fbfd2842845;C1199;10166;Spice Tshirt mila
145;d6263c2a-aa60-439e-b3ff-9f661ddcb719;67b4106f-ce58-4ea9-8912-9b6e3e32d203;3087da56-5a27-4e58-aea7-1555c640f232;X108;12726;Bsomega Sweatshirt blendshe 
146;1deaab78-ff9b-47ad-9d84-fba0eb54a5c5;10978e4c-57de-4f45-9b35-f304ca89875e;95f835a3-03fe-40f1-a813-4fbfd2842845;J1911;16600;Monica Sweater notch 
147;47c010a2-7be8-4731-87a6-39a7ac8ab1bf;1600fb81-6f8b-4fa2-9ae2-a33420125939;2514d6c8-11e6-4692-87b4-dcc1cd18592c;F1619;17102;Miniprint Skirt cerise 
148;27f6e752-0cbf-4d54-bf5f-89c08a861760;61c08d2e-6819-4a64-a866-3e377ff68925;95f835a3-03fe-40f1-a813-4fbfd2842845;C483;3289;Vidream Tshirt pure 
149;8b361e4f-f5e4-41da-9ff8-728d5b166fc8;2b8a1779-4e37-420c-9439-222f69ab6790;882ecdf8-325d-4826-a066-1b263e438f09;B1419;10012;Film Bag autum 
150;18a2cde0-bb7c-457d-813e-3fcf0c977f86;3bf63b3d-7c2f-47a4-81bc-6ad2452245d7;35405a7d-7018-440b-9d16-76206ac3e224;K860;16362;Carvalerie Jacket short
151;f66d8fbf-eb72-422f-a4b3-ea00cfae5067;921d101c-6d05-4d3a-94fa-b50b955f0561;9c5a3fee-dad0-444a-acb3-c059e2f3db20;M424;11602;Kate Jeans denim 
152;66449b3d-d567-41fe-82cc-59503e582bc8;b6758f9e-102c-4d39-98b2-b4c5e7a8d6c2;1dc55e58-a5c3-462c-b73d-8dd480de90fc;P1054;6652;Objcecil Pant season 
153;30d6b5b8-fa1c-449c-adc3-c166d8acf729;3bf63b3d-7c2f-47a4-81bc-6ad2452245d7;6598b655-3e19-448c-8b4f-ff6a29447b34;M437;\N;Carstorm Jeans noos 
154;4bcb9428-0169-4502-afcd-4a9570ad53a3;2b8a1779-4e37-420c-9439-222f69ab6790;882ecdf8-325d-4826-a066-1b263e438f09;B418;12238;Filperla Bag suede
155;9d21c8f0-1551-459e-926b-0fc10ed41ae0;dc63915f-46ee-478e-a76d-5bdc720521c8;2514d6c8-11e6-4692-87b4-dcc1cd18592c;F852;9771;King Skirt garden 
156;87b0d6fd-9be4-4b78-96c7-867dccc36c5e;b767f189-d40b-49cc-adf1-fc4ee11438d7;35405a7d-7018-440b-9d16-76206ac3e224;K638;11607;Vmfriday Parka coated 
157;6428e8ac-5ee5-4948-853e-2075859c3aad;e4c97e4e-1141-497f-b38c-3b7c0cae9ec4;6598b655-3e19-448c-8b4f-ff6a29447b34;M33;6655;Pcfive Jean skn 
158;47b81561-93bc-43b3-8676-a28b71844ff4;6ccbab3f-f2e6-4992-9844-ff9446fe1f96;1dc55e58-a5c3-462c-b73d-8dd480de90fc;P1461;8549;Tiel Pant paris 
159;1fb66c41-be23-4432-9028-71f0ff48a69a;09358432-a44c-4cb4-b8e6-bf51b403bf39;ba89fcc3-bb1b-42af-a754-2d9f639e43ab;D1863;10355;Laure Dress itta
160;a64d05a8-2960-4ce3-94ab-bde73967e54b;09358432-a44c-4cb4-b8e6-bf51b403bf39;ba89fcc3-bb1b-42af-a754-2d9f639e43ab;D1868;10357;Minnie Dress flower
161;5cc88cfc-aa93-491e-b3f9-adef65f4f3f6;6ad0756c-5e2a-4caa-8c9a-deaab7cdcf96;2514d6c8-11e6-4692-87b4-dcc1cd18592c;F1061;11419;Allison Skirt easy
162;0d5c6ce4-f862-49b7-adab-9340f71919c3;17e6c981-001d-41b0-9816-16425ffeef0d;141f32d6-a5af-49bf-b019-fd28354977f1;X114;13359;Hooded Sweatshirt zip
163;6806dda3-1c23-4347-8036-f3c26e674cbd;6ad0756c-5e2a-4caa-8c9a-deaab7cdcf96;ba89fcc3-bb1b-42af-a754-2d9f639e43ab;D1788;11422;Dita Dress sharp
164;f00e115d-86a7-4cc3-a2c6-6d2c8de67dff;d20c36f8-91e8-442f-991b-83d8297ba500;882ecdf8-325d-4826-a066-1b263e438f09;B439;11549;Arel Bag gold 
165;0dedbd63-892f-4544-906a-75c0b13414c8;81ff4456-9c03-441f-9201-9410cae79d85;95f835a3-03fe-40f1-a813-4fbfd2842845;C2083;16226;Byplanet Tshirt text 
166;51d27755-5f36-443a-a500-760f30a99122;37fe10b7-3e0b-4bcb-ab83-759ddc273e23;c6b81db8-29ed-43d6-b14d-0fd913d7ce36;K1200;16475;Will Jacket solid 
167;ddebd99c-a64c-46e1-94e8-b2ac8a779c4e;d16b490f-370e-4eeb-ab4f-31c815f60a69;9c5a3fee-dad0-444a-acb3-c059e2f3db20;P1871;\N;Poppy Short gj 
168;92853f63-855f-4840-812a-dcb3bf6326d8;ae7e5951-6317-42e5-9d7e-0b7cab5fff0a;9c5a3fee-dad0-444a-acb3-c059e2f3db20;P1681;10430;Dust Short summer
169;fe0dbe3f-bd18-44ef-8ef6-76ba1a5c1f9d;ae7e5951-6317-42e5-9d7e-0b7cab5fff0a;c59807ac-0362-4078-94b0-37ea3df6cdd0;S1927;10431;Paisley Shirt multi
170;f32b68cb-3274-4f18-a2b8-c1e33216b4c5;ae7e5951-6317-42e5-9d7e-0b7cab5fff0a;39792668-5cfd-42c2-8872-ad776e9bad70;T1368;10435;Buttons Top summ
171;920eb514-d33c-4e43-90dd-00f28b05b443;6ad0756c-5e2a-4caa-8c9a-deaab7cdcf96;c59807ac-0362-4078-94b0-37ea3df6cdd0;S1763;11424;Alice Shirt off
172;ab499095-d110-40db-9906-63947eb34ec3;dfd310cc-8f71-4c13-8292-9f10d0c800c5;ba89fcc3-bb1b-42af-a754-2d9f639e43ab;D1903;11427;Mannie Dress dark
173;8758699b-79fd-4557-aae3-25254bc20b59;921d101c-6d05-4d3a-94fa-b50b955f0561;95f835a3-03fe-40f1-a813-4fbfd2842845;S2645;16751;Silky Shirt knot 
174;a6912d44-eea3-4deb-ad57-2166db14e335;60f81be4-bc2d-465c-ad62-52551b7c9ad8;ba89fcc3-bb1b-42af-a754-2d9f639e43ab;D2018;11436;Utility Dress pocket
175;12bcb495-4eba-4bcd-a5bd-6be22f3ba884;60f81be4-bc2d-465c-ad62-52551b7c9ad8;88ee8b83-a7fe-4c00-8f12-621b209012fd;Y135;\N;Vneck Jumpsuit back
176;b6a2bf42-9864-48ba-b5c0-bc2ee3be3e2e;ff436f5f-57aa-45bb-badc-c4063c6a022f;c59807ac-0362-4078-94b0-37ea3df6cdd0;S2108;\N;Lena Shirt collar
177;af531c67-800b-4f2d-8f92-2b0256e93187;a1f8d89e-04ed-42a9-8c51-dc04cbdd0d18;39792668-5cfd-42c2-8872-ad776e9bad70;T1993;15896;Billia Top closet 
178;6b223664-ce8c-4716-958c-6593903aa06b;e02a9b8d-2a26-46c6-b5c1-0c8b2e4ff4d4;95f835a3-03fe-40f1-a813-4fbfd2842845;C1414;13478;Freesasi Tshirt highneck
179;d8bd306e-67f1-4250-9e5e-7669183d15f4;9ef43878-70f3-43df-959d-49af8b1f580f;39792668-5cfd-42c2-8872-ad776e9bad70;T2247;17048;Majollica Top summer 
180;c7ab5f58-85b5-47a6-9f38-7e84e77609c5;9ef43878-70f3-43df-959d-49af8b1f580f;c6b81db8-29ed-43d6-b14d-0fd913d7ce36;K666;8578;Majo Jacket bomber 
181;183bb934-5555-4265-b83a-7f0e7b48eb3e;ae7e5951-6317-42e5-9d7e-0b7cab5fff0a;39792668-5cfd-42c2-8872-ad776e9bad70;T1372;10441;Pretty Top season 
182;b7fb99ca-d903-47ff-bc14-6fb1a36de20e;61c08d2e-6819-4a64-a866-3e377ff68925;1dc55e58-a5c3-462c-b73d-8dd480de90fc;P1465;11551;Vilika Pant noos 
183;d74d0833-a315-46cb-b42d-16d388de67e0;988e3625-7d5a-46f9-b93b-f3b15c8d6e61;1b93b30c-833f-45a8-ba69-c21d2e7f4824;J710;\N;Amara Sweater ls 
184;63bc3d09-05fc-49b7-a19e-66cdf0117bf1;e6b1b7ee-3782-4abd-b0f7-72fdd79ceb7f;c59807ac-0362-4078-94b0-37ea3df6cdd0;S1132;8119;Cio Shirt blue
185;535e6ed4-300c-461d-88b1-a3c1a2a541f4;b6758f9e-102c-4d39-98b2-b4c5e7a8d6c2;2514d6c8-11e6-4692-87b4-dcc1cd18592c;F830;10131;Objstep Skirt noos
186;50dd833a-9d8e-49fe-8367-8a16d9c8a2a7;e2b0644a-9365-4b40-a821-2a2266de551d;39792668-5cfd-42c2-8872-ad776e9bad70;T2015;15898;Juncal Top nude 
187;0481d5ec-201d-426c-9d9e-1ece39acc3f5;e6b1b7ee-3782-4abd-b0f7-72fdd79ceb7f;ba89fcc3-bb1b-42af-a754-2d9f639e43ab;D1985;11738;Lena Dress print 
188;95932350-efd9-4e1e-ae25-454e8afae6f9;988e3625-7d5a-46f9-b93b-f3b15c8d6e61;1b93b30c-833f-45a8-ba69-c21d2e7f4824;J709;6914;Amara Sweater v-neck 
189;dba48a17-1f89-4a61-bc22-ff679e6a19df;1600fb81-6f8b-4fa2-9ae2-a33420125939;ba89fcc3-bb1b-42af-a754-2d9f639e43ab;D2038;11464;Cerise Dress solid
190;273259e0-4bcd-40c0-9a92-6d603f7cf54b;da790000-672a-45a3-9bf9-4805e90d7f19;c59807ac-0362-4078-94b0-37ea3df6cdd0;S1604;12782;Catrina Shirt fortune 
191;b2800db0-2ceb-487c-88de-b78a0ef32422;a1f8d89e-04ed-42a9-8c51-dc04cbdd0d18;b263ba41-adab-4a83-a3e0-2766522f5aec;Q430;16230;Berta Scarf closet 
192;c6b8c5a7-8820-46fc-a3f2-57aa1df28ebb;23d58665-8b33-4a8b-b8cf-be1f0b955112;39792668-5cfd-42c2-8872-ad776e9bad70;T1226;8656;Ycoo Top shine 
193;52a07d68-7b29-427d-ad5c-ef953c705f70;60f81be4-bc2d-465c-ad62-52551b7c9ad8;ba89fcc3-bb1b-42af-a754-2d9f639e43ab;D2086;11787;Textured Dress midi 
194;1184ede1-70dd-47d7-b76f-6aadc2cd8dfa;b767f189-d40b-49cc-adf1-fc4ee11438d7;141f32d6-a5af-49bf-b019-fd28354977f1;J1195;12295;Vmdoffy Cardigan color 
195;f6766b61-3580-4ef0-8fe0-c95e4e592ba2;b767f189-d40b-49cc-adf1-fc4ee11438d7;6598b655-3e19-448c-8b4f-ff6a29447b34;M382;12296;Vmsheila Jeans slim 
196;7c827430-cf6d-40d1-8cf9-b09504a10567;b767f189-d40b-49cc-adf1-fc4ee11438d7;6598b655-3e19-448c-8b4f-ff6a29447b34;M384;12297;Vmrose Jeans slim 
197;914a3c1c-78ae-4e3d-a456-a714d95d4999;ce8d442c-e662-44f8-a130-2e436f119ede;88ee8b83-a7fe-4c00-8f12-621b209012fd;Y176;16880;Amadine Jumpsuit soft 
198;9c10d32f-4bba-4e18-989c-01172245a814;37fe10b7-3e0b-4bcb-ab83-759ddc273e23;39792668-5cfd-42c2-8872-ad776e9bad70;T2300;17266;Zawov Top antique 
199;c7273f7a-e7e8-4d90-8372-c92035e8b228;e02a9b8d-2a26-46c6-b5c1-0c8b2e4ff4d4;2514d6c8-11e6-4692-87b4-dcc1cd18592c;F1442;16881;Fqfaviola Skirt printed 
200;c78a35dd-b6b3-4ee5-bc9c-efeb8b82e9c8;988e3625-7d5a-46f9-b93b-f3b15c8d6e61;1b93b30c-833f-45a8-ba69-c21d2e7f4824;J1006;\N;Ihma Sweater nice
201;7789acc6-f942-4e3b-a3a0-d7fd4c2af4d9;cfca4b92-12a6-411c-a62a-a874d00aa735;c6b81db8-29ed-43d6-b14d-0fd913d7ce36;K1239;\N;Onltia Jacket life
202;834359f6-3803-4570-b935-0a308ae697f2;9ef43878-70f3-43df-959d-49af8b1f580f;c59807ac-0362-4078-94b0-37ea3df6cdd0;S1955;10641;Amapola Shirt print
203;6e49d1c1-cdec-47ae-977e-905b680356ff;dd7382b1-6d80-4e80-b3fe-ab0eb0947c4e;6598b655-3e19-448c-8b4f-ff6a29447b34;M280;9405;Freeman Jeans mavuto
204;72f9f5b8-73ae-443e-a259-61408b36944f;9ef43878-70f3-43df-959d-49af8b1f580f;c6b81db8-29ed-43d6-b14d-0fd913d7ce36;K797;10637;Flower Jacket bomb
205;6cda9f3c-d5a0-4079-94ea-4e6e07463915;9ef43878-70f3-43df-959d-49af8b1f580f;c59807ac-0362-4078-94b0-37ea3df6cdd0;S1951;10646;Lisa Shirt romb
206;79bf4e47-1a29-4a54-a51a-97f4a94d86a5;3e0e694f-fb8e-49e3-98dd-b83aac682569;6598b655-3e19-448c-8b4f-ff6a29447b34;M344;11701;Nmkimmy Jeans noos
207;6a19dd27-137e-4ee7-8413-c9fcb7783764;8a22fb35-a796-4eed-9c57-06f110e4e3e6;95f835a3-03fe-40f1-a813-4fbfd2842845;C1042;9653;Elle Tshirt cotton 
208;dc0febde-072e-4e11-b8a8-6048cbe1da8d;c373a4f2-a8de-41e8-86a0-04725b575436;88ee8b83-a7fe-4c00-8f12-621b209012fd;Y180;16762;Liah Jumpsuit printed 
209;452fbdaa-e4c5-45a1-bc35-3ee08c0dffa6;61c08d2e-6819-4a64-a866-3e377ff68925;2514d6c8-11e6-4692-87b4-dcc1cd18592c;F645;6605;Vipen Skirt skater
210;56381fd7-9c89-4a5d-a072-af2b963ee1b7;4039739b-8a62-4b30-862c-af65f9a66356;1b93b30c-833f-45a8-ba69-c21d2e7f4824;J1394;11706;Elibel Sweater arav
211;28b700be-898f-4f35-80fe-ad95c73bdb6c;e0c5939f-1f3f-44c9-b786-8154fdaa6cac;95f835a3-03fe-40f1-a813-4fbfd2842845;C1260;11713;Studd Tshirt table
212;c4ae0ece-fbf8-415a-9875-bf73c955b054;17e6c981-001d-41b0-9816-16425ffeef0d;6598b655-3e19-448c-8b4f-ff6a29447b34;P1577;11717;Dene Pant denim
213;55f14a65-7226-48c8-85ff-5b8f735c2e20;cfca4b92-12a6-411c-a62a-a874d00aa735;141f32d6-a5af-49bf-b019-fd28354977f1;J679;7060;Onlbernice Cardigan knit 
214;2845a931-d52a-434e-a47c-2e4067c27c0a;a255572f-5a7a-49fc-87de-227acbe413a0;6598b655-3e19-448c-8b4f-ff6a29447b34;M650;\N;Toxiko Jeans colors 
215;0a998100-6537-4191-a9a6-771623ca4db0;e2b0644a-9365-4b40-a821-2a2266de551d;c59807ac-0362-4078-94b0-37ea3df6cdd0;S2537;15905;Junco Shirt nude 
216;d797e600-f73c-4f21-9097-2230c539738f;a686154a-8570-40ae-b6a2-dc82842a5e32;6598b655-3e19-448c-8b4f-ff6a29447b34;P1210;7325;Lois Pant bohck 
217;a9b7e9be-9391-48a1-8615-249bfc537fd1;988e3625-7d5a-46f9-b93b-f3b15c8d6e61;2514d6c8-11e6-4692-87b4-dcc1cd18592c;F865;8753;Ihhuva Skirt denim 
218;0a843a05-028e-47e1-9fb3-5eb9d1f4fd99;e2b0644a-9365-4b40-a821-2a2266de551d;2514d6c8-11e6-4692-87b4-dcc1cd18592c;F969;9910;Closet Skirt urano 
219;41b2f08b-eda4-4e18-bc95-d29654042c52;321f9370-6a4a-4ea4-bd01-e0a2fad07f33;c59807ac-0362-4078-94b0-37ea3df6cdd0;S2116;11724;Alice Shirt vneck
220;74343f9b-e16c-4572-ba97-a84ea5434166;ce8d442c-e662-44f8-a130-2e436f119ede;e1646b68-8f10-4b63-87d5-30924341f8ba;Q396;13736;Windsor Scarf checks
221;3b6383b4-e05c-4d5a-9c7c-d6b690784e38;1200a8f4-00d6-4c9f-ace7-a96337178888;95f835a3-03fe-40f1-a813-4fbfd2842845;C1556;16883;Summ Tshirt nathael 
222;2aa36495-76ff-4250-8bfe-254055433a8f;9b5272b3-c05f-4237-913b-61dde0fdb8d0;c6b81db8-29ed-43d6-b14d-0fd913d7ce36;K513;9117;Odell Jacket fit
223;d1d9ce51-920e-4a76-8442-6f51766b0225;e2b0644a-9365-4b40-a821-2a2266de551d;c59807ac-0362-4078-94b0-37ea3df6cdd0;S2538;15906;Savannah Shirt nude 
224;0b72ee25-846a-46d8-b4d2-cba16ce8bda7;67b4106f-ce58-4ea9-8912-9b6e3e32d203;95f835a3-03fe-40f1-a813-4fbfd2842845;C2201;16316;Bslova Tshirt dreamer 
225;268a5e9a-6568-4b13-a9d6-df382be43dca;f620512a-1e55-4c69-8208-9c83ed4725a5;39792668-5cfd-42c2-8872-ad776e9bad70;T1975;16488;Tokio Top printed 
226;112a4113-11e1-41e6-8be9-962bb939db9d;23ac65d4-bca2-4119-b4fa-821b224b8d49;35405a7d-7018-440b-9d16-76206ac3e224;K516;8876;Jaliva Parka solid 
227;a99013ff-674a-4c29-91a5-c875b46e2cca;e4c97e4e-1141-497f-b38c-3b7c0cae9ec4;1dc55e58-a5c3-462c-b73d-8dd480de90fc;M147;8877;Pclogan Jeans slim 
228;cadc062a-be3b-410a-95a6-a4acfcaa0155;b7addd6d-e506-4da6-90e7-0f73bc435d28;95f835a3-03fe-40f1-a813-4fbfd2842845;C1183;9674;Alva Tshirt msch 
229;6bc7aae2-1318-4430-8529-5ecfa0c7077a;61c08d2e-6819-4a64-a866-3e377ff68925;95f835a3-03fe-40f1-a813-4fbfd2842845;C937;9677;Vidream T-shirt city
230;77b6e69b-19e7-4a79-b03b-cdb2b6c628ca;4039739b-8a62-4b30-862c-af65f9a66356;ba89fcc3-bb1b-42af-a754-2d9f639e43ab;D1470;10247;Hainaut Dress fantasy
231;fea9a3f0-37b6-47fd-9da9-2abf2e9868bc;921f8c67-2a93-4329-9247-c4153183b04b;1dc55e58-a5c3-462c-b73d-8dd480de90fc;P1496;9132;Rane Pant denim 
232;dfc2d073-72f9-4a00-9e0b-cd84aaaceccf;c22a8b00-a91b-4f6f-af11-8553e7c13ea9;c6b81db8-29ed-43d6-b14d-0fd913d7ce36;K569;10848;Malou Jacket blazer
233;a4f7f875-eb65-47b8-a205-af9eabe64ca6;4039739b-8a62-4b30-862c-af65f9a66356;c59807ac-0362-4078-94b0-37ea3df6cdd0;S1795;11831;Toub Shirt new
234;1fc35ea9-7a05-4908-845b-4620f090e073;95df4383-b234-40e0-87b1-d52032a815fb;2514d6c8-11e6-4692-87b4-dcc1cd18592c;F1275;11995;Buttons Skirt maia 
235;0781e39f-5b9d-4f53-b624-1f3289255025;d16b490f-370e-4eeb-ab4f-31c815f60a69;39792668-5cfd-42c2-8872-ad776e9bad70;T1973;17111;Sally Top thin 
236;e6d2758e-974d-4dcb-b5a6-93dc1d65d764;cfca4b92-12a6-411c-a62a-a874d00aa735;35405a7d-7018-440b-9d16-76206ac3e224;K470;8937;Onlnew Parka spring 
237;66d3f2df-89e6-4ede-b156-d8e09eaf8ece;37fe10b7-3e0b-4bcb-ab83-759ddc273e23;95f835a3-03fe-40f1-a813-4fbfd2842845;C950;8938;Beorganic Tshirt amazone 
238;aaa7c084-c2a3-4a3f-9274-8ba4724d9894;09358432-a44c-4cb4-b8e6-bf51b403bf39;3087da56-5a27-4e58-aea7-1555c640f232;X121;10881;Amour Sweatshirt french 
239;6f90337b-b2b3-4318-b9bd-e31157410b0f;dfd310cc-8f71-4c13-8292-9f10d0c800c5;ba89fcc3-bb1b-42af-a754-2d9f639e43ab;D1785;10251;Charlene Dress easy
240;01785177-92ef-40e9-a65f-ea46da938610;da790000-672a-45a3-9bf9-4805e90d7f19;ba89fcc3-bb1b-42af-a754-2d9f639e43ab;D1578;11295;Abby Dress caribbean
241;d9b30e8a-bb97-4867-88e5-7e5a44fddde3;da790000-672a-45a3-9bf9-4805e90d7f19;39792668-5cfd-42c2-8872-ad776e9bad70;S1343;11296;Coco Shirt paradise
242;b373d637-14bf-4a8c-b73a-e5123b227872;da790000-672a-45a3-9bf9-4805e90d7f19;88ee8b83-a7fe-4c00-8f12-621b209012fd;Y105;11297;Neme Jumpsuit print
243;4e5e9e48-2c53-499f-89d7-02c688e3a420;2b8a1779-4e37-420c-9439-222f69ab6790;e1646b68-8f10-4b63-87d5-30924341f8ba;Q378;11855;Filfirm Scarf wool
244;d31746f1-e96e-4f79-b3e8-ba56e76455f6;2b8a1779-4e37-420c-9439-222f69ab6790;e1646b68-8f10-4b63-87d5-30924341f8ba;Q374;11856;Filoslo Scarf wool
245;240eb315-1344-4685-8492-47122991fa9d;2b8a1779-4e37-420c-9439-222f69ab6790;882ecdf8-325d-4826-a066-1b263e438f09;B415;11860;Filpila Bag suede
246;faae0104-150a-47bd-b754-6627bfa48bc4;3bf63b3d-7c2f-47a4-81bc-6ad2452245d7;6598b655-3e19-448c-8b4f-ff6a29447b34;M522;\N;Carwilly Jeans noos 
247;092f3264-e068-46ea-9387-cae1552d493e;1ccbcd7a-f998-416d-bb98-5f9d79ee746e;c6b81db8-29ed-43d6-b14d-0fd913d7ce36;K1099;16769;Lity Jacket tiffosi
248;1fb4c2fb-6fce-48f4-8fb3-e6162f0738e0;2b8a1779-4e37-420c-9439-222f69ab6790;882ecdf8-325d-4826-a066-1b263e438f09;B414;11861;Filpardo Bag suede
249;ab9af01c-adbf-447c-a905-9469dcd092d7;e2ed2d6d-895f-4d78-85f0-60805c02013b;39792668-5cfd-42c2-8872-ad776e9bad70;T1618;11863;Vneck Top oasis
250;a4ebaa92-661a-43a8-9536-fecac7a7e9e6;e2ed2d6d-895f-4d78-85f0-60805c02013b;6598b655-3e19-448c-8b4f-ff6a29447b34;M561;11867;Lilly Jeans cropped
251;43d3988c-2f47-4b4d-b4da-22c01fea3753;80624cdd-099b-4cea-8f4a-2837f3e08587;1b93b30c-833f-45a8-ba69-c21d2e7f4824;J1423;13818;Lusa Sweater zeze
252;982512f0-9641-4f95-848c-b676cd8fe06b;9b5272b3-c05f-4237-913b-61dde0fdb8d0;1dc55e58-a5c3-462c-b73d-8dd480de90fc;P1923;16613;Benina Pant fit 
253;fce45628-b81a-438c-b40a-960fc5fb1bbe;e6b1b7ee-3782-4abd-b0f7-72fdd79ceb7f;1dc55e58-a5c3-462c-b73d-8dd480de90fc;P1206;7338;Tope Pant sew 
254;de794743-c8e2-49c7-ad2b-16a4168d2cd5;c92b024d-9dc7-45a7-8de0-b6b6980c16db;2514d6c8-11e6-4692-87b4-dcc1cd18592c;F1018;9124;Tulle Skirt flowers 
255;da531fbb-0faa-4b37-af12-ef207ca8a1e6;61c08d2e-6819-4a64-a866-3e377ff68925;9c5a3fee-dad0-444a-acb3-c059e2f3db20;P1221;10176;Vilukki Shorts south 
256;4f1bbd4d-c533-44ff-93e4-a218dae26022;b3564635-d061-4d68-b956-9306e2d70794;c6b81db8-29ed-43d6-b14d-0fd913d7ce36;K976;16471;Signa Jacket captain 
257;7376dc40-f2df-4d3e-8084-299ef7765879;61c08d2e-6819-4a64-a866-3e377ff68925;9c5a3fee-dad0-444a-acb3-c059e2f3db20;P1930;16771;Visuvita Short nomad 
258;e78f6bfe-6547-4955-ab41-b66a6041be07;1200a8f4-00d6-4c9f-ace7-a96337178888;95f835a3-03fe-40f1-a813-4fbfd2842845;C1554;16886;Atelier Tshirt nathael 
259;ec81514c-d0f6-458a-bd4a-20ed31c195fb;a1f8d89e-04ed-42a9-8c51-dc04cbdd0d18;e1646b68-8f10-4b63-87d5-30924341f8ba;Q386;13901;Cloclassic Scarf raising
260;5953e660-73e8-4b5b-a542-906a765d9e91;e0c5939f-1f3f-44c9-b786-8154fdaa6cac;1b93b30c-833f-45a8-ba69-c21d2e7f4824;J1708;13944;Vneck Sweater esprit
261;91b7dbf9-96bd-4ef0-b289-5dc4109d39c8;af4acb4b-5bd2-4d87-8bd2-fe5d0ccae443;e1646b68-8f10-4b63-87d5-30924341f8ba;Q390;13945;Cosy Scarf checks
262;2d46fed1-7247-4e46-9f1b-3eefe3d6b663;da790000-672a-45a3-9bf9-4805e90d7f19;ba89fcc3-bb1b-42af-a754-2d9f639e43ab;D2128;16541;Cassidy Dress cruise
263;c7631f2b-45ad-49e8-a50e-fedf2959d21f;dd17f8ec-1667-4ebc-86cb-b2398a8cbbfa;c6b81db8-29ed-43d6-b14d-0fd913d7ce36;K938;16774;Elsa Jacket mid 
264;2f7e9e07-87ab-4d2e-90ed-cc4366509ac5;6ed756bf-7370-46c0-b4df-a53c893b26bb;ba89fcc3-bb1b-42af-a754-2d9f639e43ab;D1954;13947;Socoberlin Dress visco
265;5f59b024-52ab-4fb2-897f-8cebc8974433;6ed756bf-7370-46c0-b4df-a53c893b26bb;1b93b30c-833f-45a8-ba69-c21d2e7f4824;J1651;13948;Soconess Sweater carylic
266;ad64f37f-b955-4046-8642-c42ca8ddffcc;e2ed2d6d-895f-4d78-85f0-60805c02013b;882ecdf8-325d-4826-a066-1b263e438f09;B494;16502;Casual Bag leather 
267;121a9b6b-d2cb-4c21-953f-4bbc02472831;988e3625-7d5a-46f9-b93b-f3b15c8d6e61;6598b655-3e19-448c-8b4f-ff6a29447b34;M348;12052;Iherin Jeans slim
268;587512da-54e0-49f1-819b-6fd73094a35d;a1f8d89e-04ed-42a9-8c51-dc04cbdd0d18;e1646b68-8f10-4b63-87d5-30924341f8ba;Q389;13900;Clostole Scarf washed
269;d13f9c5f-9a1f-4265-81a7-2d801521e125;6ed756bf-7370-46c0-b4df-a53c893b26bb;c59807ac-0362-4078-94b0-37ea3df6cdd0;S2049;13946;Socoberlin Shirt combi
270;559a849b-9638-45f7-8d48-614823c38ef4;6ed756bf-7370-46c0-b4df-a53c893b26bb;1b93b30c-833f-45a8-ba69-c21d2e7f4824;J1647;13951;Socodolliea Sweater visco
271;bf394ac0-3815-4629-95c6-382b70998a7b;6baa0e97-2a91-43cf-843f-bbac6e5ed509;1b93b30c-833f-45a8-ba69-c21d2e7f4824;J655;4839;Eros Sweater rue 
272;c7c6bf52-6549-4d38-941a-bc777e7b4301;a1f8d89e-04ed-42a9-8c51-dc04cbdd0d18;39792668-5cfd-42c2-8872-ad776e9bad70;T1998;15915;Billass Top closet 
273;441cd6e3-6620-4edd-8fd8-79f52f6c7f3c;dd7382b1-6d80-4e80-b3fe-ab0eb0947c4e;6598b655-3e19-448c-8b4f-ff6a29447b34;M60;7875;Alexa Jeans slim 
274;dc9f2663-2a12-47a3-8c73-5f305dbab716;988e3625-7d5a-46f9-b93b-f3b15c8d6e61;1b93b30c-833f-45a8-ba69-c21d2e7f4824;C1021;8687;Ihalpa Tshirt clay 
275;165bcac8-b2d8-4faa-a377-1de17cdb16a7;a1f8d89e-04ed-42a9-8c51-dc04cbdd0d18;c59807ac-0362-4078-94b0-37ea3df6cdd0;S2081;12169;Clojardin Shirt modal
276;e9abac51-a096-4b9c-8756-1dfcb4292add;e4c97e4e-1141-497f-b38c-3b7c0cae9ec4;141f32d6-a5af-49bf-b019-fd28354977f1;J1497;14112;Pcholly Cardigan knit
277;123a1cea-59e8-472b-a3a7-6ac80834e8ab;e4c97e4e-1141-497f-b38c-3b7c0cae9ec4;b263ba41-adab-4a83-a3e0-2766522f5aec;Q361;14115;Pchope Scarf long
278;6ec08130-39b4-45de-a77c-9cf363a51b5f;cfca4b92-12a6-411c-a62a-a874d00aa735;6598b655-3e19-448c-8b4f-ff6a29447b34;M903;\N;Onlblush Jeans life 
279;f6050da1-6211-481e-bfa8-c174a114e107;61c08d2e-6819-4a64-a866-3e377ff68925;1dc55e58-a5c3-462c-b73d-8dd480de90fc;P1935;16506;Vilanis Pant nomad 
280;1327047e-dcfe-4145-bf2c-4384ba97da6b;988e3625-7d5a-46f9-b93b-f3b15c8d6e61;6598b655-3e19-448c-8b4f-ff6a29447b34;M189;\N;Erin Jeans izaro 
281;e024fbcc-4a95-4d46-bde9-8180a7c5c25a;3bf63b3d-7c2f-47a4-81bc-6ad2452245d7;6598b655-3e19-448c-8b4f-ff6a29447b34;M103;8105;Carthund Jeans noir 
282;2a3b7d6c-f46c-4e0d-9c90-4ddda8095e9b;988e3625-7d5a-46f9-b93b-f3b15c8d6e61;ba89fcc3-bb1b-42af-a754-2d9f639e43ab;D1522;8688;Ihbrunse Dress noir 
283;5f211a9c-67aa-4ff3-8cc8-b67e597c9bf1;61c08d2e-6819-4a64-a866-3e377ff68925;39792668-5cfd-42c2-8872-ad776e9bad70;T890;9429;Visumi Top snow 
284;4f52e267-7e12-45d4-ad00-cf22917869f2;c3159d66-c344-4f24-bee1-1d5966e567d6;1b93b30c-833f-45a8-ba69-c21d2e7f4824;J1540;10599;French Sweater abba 
285;52647cbb-787d-4a3e-ac05-e4400bce8e44;61c08d2e-6819-4a64-a866-3e377ff68925;2514d6c8-11e6-4692-87b4-dcc1cd18592c;F1257;16505;Vivero Skirt short 
286;38e0b7a5-eb9d-4fb7-a478-73237cd816d0;9ef43878-70f3-43df-959d-49af8b1f580f;2514d6c8-11e6-4692-87b4-dcc1cd18592c;F1407;14144;Dickens Skirt shine 
287;84f57e74-e967-41ed-a72f-13a8a6130369;1200a8f4-00d6-4c9f-ace7-a96337178888;2514d6c8-11e6-4692-87b4-dcc1cd18592c;F1566;16888;Paint Skirt nathael 
288;2a91fb9d-6a65-4dc8-9c56-211f666d9cc6;cfca4b92-12a6-411c-a62a-a874d00aa735;e1646b68-8f10-4b63-87d5-30924341f8ba;Q217;7911;Onljanet Scarf acc 
289;bc8b5458-7019-431f-97c9-3375b0fdda96;61c08d2e-6819-4a64-a866-3e377ff68925;ba89fcc3-bb1b-42af-a754-2d9f639e43ab;D2053;16508;Viprimera Dress stripes
290;fad8f286-cc17-411c-a5d1-24e25423360b;cfca4b92-12a6-411c-a62a-a874d00aa735;1b93b30c-833f-45a8-ba69-c21d2e7f4824;J1622;14312;Onlkacey Sweater v-neck
291;4a7109c4-5181-458a-ab12-7a3b6ea4ba85;cfca4b92-12a6-411c-a62a-a874d00aa735;141f32d6-a5af-49bf-b019-fd28354977f1;J1969;14314;Onlmeredith Cardigan stripes
292;d27308ab-b3fd-4e94-badc-69f1f5bf8eea;cfca4b92-12a6-411c-a62a-a874d00aa735;1dc55e58-a5c3-462c-b73d-8dd480de90fc;P1611;14315;Onlmolly Pant leather
293;bf14b205-3cdf-410b-809a-1a4cccdeb176;cfca4b92-12a6-411c-a62a-a874d00aa735;141f32d6-a5af-49bf-b019-fd28354977f1;J1461;14316;Onlmeredith Cardigan wool
294;804663f0-72de-442e-ad3a-1287040adc9c;9b5272b3-c05f-4237-913b-61dde0fdb8d0;1dc55e58-a5c3-462c-b73d-8dd480de90fc;P1924;16620;Belma Pant fit 
295;fcfb9d52-1baa-40d8-8922-b25928c3b4c2;9b5272b3-c05f-4237-913b-61dde0fdb8d0;88ee8b83-a7fe-4c00-8f12-621b209012fd;Y166;16621;Babs Jumpsuit overall 
296;6638b715-60c1-4c28-a27c-be879663b459;e4c97e4e-1141-497f-b38c-3b7c0cae9ec4;39792668-5cfd-42c2-8872-ad776e9bad70;T1693;16890;Pcangilica Top print 
297;288b9929-8430-4ad4-a64c-c97262af9112;6a8df4c0-bf3c-4e99-a648-44021ccb15af;141f32d6-a5af-49bf-b019-fd28354977f1;J1221;8532;Karla Cardigan buttons
298;48a3221b-d0a1-459d-b4ad-acd6ee4aa0f2;6a8df4c0-bf3c-4e99-a648-44021ccb15af;39792668-5cfd-42c2-8872-ad776e9bad70;T1214;8543;Intime Top charlior 
299;5fc058e0-9d1f-415c-8f5e-06fd4b9264e7;136dab85-c840-420f-bf88-e459483f8796;1b93b30c-833f-45a8-ba69-c21d2e7f4824;J1337;10169;Square Sweater grace 
300;deaa6878-6e5a-400d-bcd8-ee5b5cbd049d;91930574-de0a-4e8f-a391-2e2c7bf9ed06;9c5a3fee-dad0-444a-acb3-c059e2f3db20;P1758;11363;Flintstone Pant short
301;9bcb74dc-74eb-4b34-a80d-ea04335842ab;10978e4c-57de-4f45-9b35-f304ca89875e;39792668-5cfd-42c2-8872-ad776e9bad70;C1311;11372;Keira Tshirt lace
302;15ab11fc-18ee-4ce5-884f-46b116ab9d46;3f30b2f3-4c58-4acc-a69b-d2eee9d57be0;ba89fcc3-bb1b-42af-a754-2d9f639e43ab;D1771;11375;Fira Dress origin
303;bf4671f0-fbdf-48fe-af57-958df8251813;23d58665-8b33-4a8b-b8cf-be1f0b955112;ba89fcc3-bb1b-42af-a754-2d9f639e43ab;D2277;14342;Ruin Dress ycoo 
304;96c2c11b-0144-409f-8986-c300cb3aaf21;e4c97e4e-1141-497f-b38c-3b7c0cae9ec4;6598b655-3e19-448c-8b4f-ff6a29447b34;M242;8603;Pcdelly Jeans noos 
305;14e656b8-72e8-409c-9954-3a60cb2748a5;e4c97e4e-1141-497f-b38c-3b7c0cae9ec4;1b93b30c-833f-45a8-ba69-c21d2e7f4824;J1222;8605;Pcsusan Sweater knit
306;a09b0ae2-549a-40c1-9343-865aa1f996cd;d16b490f-370e-4eeb-ab4f-31c815f60a69;2514d6c8-11e6-4692-87b4-dcc1cd18592c;F777;9073;Blake Skirt pencil 
307;0ce9e979-68a7-4477-97b3-4ed95048a4dc;109eb926-eabe-4933-9172-6ff8a5c95ac7;95f835a3-03fe-40f1-a813-4fbfd2842845;C1504;16254;Linen T-shirt vneck 
308;a6d5c615-e9ec-434d-b74f-3f5e7f0fbd35;67b4106f-ce58-4ea9-8912-9b6e3e32d203;2514d6c8-11e6-4692-87b4-dcc1cd18592c;F893;8917;Bsabena Skirt med 
309;0b332ace-b46f-49e5-9c55-05c2ff7cec29;60f81be4-bc2d-465c-ad62-52551b7c9ad8;ba89fcc3-bb1b-42af-a754-2d9f639e43ab;D1611;8941;Lea Dress pint 
310;89a538a5-7e4a-4b49-a99e-cd8288b242f2;c3159d66-c344-4f24-bee1-1d5966e567d6;1b93b30c-833f-45a8-ba69-c21d2e7f4824;J1538;10624;French Sweater nocturnal 
311;c6971323-0bea-4ba8-8b91-0228e7097cbb;c3159d66-c344-4f24-bee1-1d5966e567d6;ba89fcc3-bb1b-42af-a754-2d9f639e43ab;D1888;10625;French Dress brunella 
312;ea4240f3-85f8-4ba8-a7b4-dafeb511f85a;25e70ebf-206f-4be2-a626-9980e36fdda3;3087da56-5a27-4e58-aea7-1555c640f232;X117;10661;Heron Sweatshirt brakeburn 
313;440b6d83-576d-4c35-8a15-6c9b18bf35ec;25e70ebf-206f-4be2-a626-9980e36fdda3;2514d6c8-11e6-4692-87b4-dcc1cd18592c;F1131;10663;Den Skirt pencil 
314;d1f7f72f-5e08-40b6-a78d-f09a98ee2ad8;3e0e694f-fb8e-49e3-98dd-b83aac682569;9c5a3fee-dad0-444a-acb3-c059e2f3db20;P1834;16165;Nmmaria Short paperback 
315;64334c2b-503b-463a-a82d-aca96e9e231d;e6b1b7ee-3782-4abd-b0f7-72fdd79ceb7f;b263ba41-adab-4a83-a3e0-2766522f5aec;Q401;\N;Lurex Scarf gold 
316;3732a3ce-8d72-49ff-9db8-d7d38eca427b;1600fb81-6f8b-4fa2-9ae2-a33420125939;39792668-5cfd-42c2-8872-ad776e9bad70;T1244;9100;Pins Top cerise
317;7e71f139-3ad0-4687-87a6-5261eb76a22d;dfd310cc-8f71-4c13-8292-9f10d0c800c5;c59807ac-0362-4078-94b0-37ea3df6cdd0;S1556;9617;Lindex Shirt fashion
318;cf9a8539-2b50-4e20-8897-48e4ea85b9ef;e02a9b8d-2a26-46c6-b5c1-0c8b2e4ff4d4;c6b81db8-29ed-43d6-b14d-0fd913d7ce36;K561;9708;Cammi Jacket oliv
319;c52c7896-0b68-4fae-9648-cf48ea30251b;9b5272b3-c05f-4237-913b-61dde0fdb8d0;9c5a3fee-dad0-444a-acb3-c059e2f3db20;P1334;9950;Padme Short amazing
320;3f10995f-41ac-42d0-96d7-7c3ea836d454;9b5272b3-c05f-4237-913b-61dde0fdb8d0;9c5a3fee-dad0-444a-acb3-c059e2f3db20;P1327;9954;Polina Pant comfort
321;f7388b95-d43d-4b28-8b4c-82780f9fc6b0;9b5272b3-c05f-4237-913b-61dde0fdb8d0;6598b655-3e19-448c-8b4f-ff6a29447b34;P1332;9955;Lou Pant slim
322;b84e41ec-20b2-4d92-b982-ddb7f27e2356;109eb926-eabe-4933-9172-6ff8a5c95ac7;95f835a3-03fe-40f1-a813-4fbfd2842845;C1557;16255;Linen T-shirt solid 
323;6aba34c9-c7c0-45e9-95c7-486712c18492;ff436f5f-57aa-45bb-badc-c4063c6a022f;b263ba41-adab-4a83-a3e0-2766522f5aec;Q326;9987;Laria Scarf cahier
324;5691a55b-3717-4ece-82d7-23610b9ecff5;9ef43878-70f3-43df-959d-49af8b1f580f;39792668-5cfd-42c2-8872-ad776e9bad70;T1010;16791;Acacia Top majolica
325;c4217adc-19eb-4a15-9b83-1102074cf172;a686154a-8570-40ae-b6a2-dc82842a5e32;882ecdf8-325d-4826-a066-1b263e438f09;B483;17292;Dede Bag bohck 
326;a7eb55af-b4a9-43f1-922b-86428151f3ce;9fead4cd-d80d-4488-be05-beddd6b45fb5;141f32d6-a5af-49bf-b019-fd28354977f1;J1714;11457;Sandra Cardigan melang
327;c2e02e5b-9f28-4ac5-823c-90b9f6251c90;f55a7823-4b84-4ca2-b24f-4945f2f27ca9;88ee8b83-a7fe-4c00-8f12-621b209012fd;Y102;10139;Addi Playsuit flowers
328;51366d92-303a-4116-9c5d-a86cb971a5f2;2b8a1779-4e37-420c-9439-222f69ab6790;b263ba41-adab-4a83-a3e0-2766522f5aec;Q317;9994;Jeno Foulard closet
329;79912978-62a6-470c-9f10-70d60c3eeab4;61c08d2e-6819-4a64-a866-3e377ff68925;1dc55e58-a5c3-462c-b73d-8dd480de90fc;P1304;10046;Vilinea Pant dark
330;f0b0a4f7-66c4-4878-b924-12ed2a569ae9;e6b1b7ee-3782-4abd-b0f7-72fdd79ceb7f;b263ba41-adab-4a83-a3e0-2766522f5aec;Q399;15921;Pera Scarf sew 
331;65df2ac6-a441-4cec-9dd0-b4f69c0eed65;ff436f5f-57aa-45bb-badc-c4063c6a022f;b263ba41-adab-4a83-a3e0-2766522f5aec;Q418;17293;Berloir Scarf cahier 
332;9aaf7734-83f6-41fd-b290-2e345b213d0c;f55a7823-4b84-4ca2-b24f-4945f2f27ca9;1b93b30c-833f-45a8-ba69-c21d2e7f4824;J1257;12440;Buller Sweater cns
333;14cc5a1e-8433-4e28-b17c-86a614a7d350;f55a7823-4b84-4ca2-b24f-4945f2f27ca9;c6b81db8-29ed-43d6-b14d-0fd913d7ce36;K733;12444;Tabarak Jacket desires
334;0330df6b-538c-4bf8-a6c1-037816b66725;61c08d2e-6819-4a64-a866-3e377ff68925;1b93b30c-833f-45a8-ba69-c21d2e7f4824;J1486;12449;Vironjo Sweater knit
335;bce47d5a-3c14-4700-9f2d-b459d182fa82;e0c5939f-1f3f-44c9-b786-8154fdaa6cac;6598b655-3e19-448c-8b4f-ff6a29447b34;M473;12537;Espskinny Jeans denim 
336;eb2afe5a-3645-4899-b5ea-144ac2a1904c;a1f8d89e-04ed-42a9-8c51-dc04cbdd0d18;b263ba41-adab-4a83-a3e0-2766522f5aec;Q423;15922;Derbey Foulard closet
337;a0a848ec-8aa5-452f-a620-da75a45ba66a;dd17f8ec-1667-4ebc-86cb-b2398a8cbbfa;95f835a3-03fe-40f1-a813-4fbfd2842845;C2038;16251;Celina Tshirt joules
338;ac1926f2-be6d-4e21-a093-434f1543a062;9ef43878-70f3-43df-959d-49af8b1f580f;ba89fcc3-bb1b-42af-a754-2d9f639e43ab;D2672;16795;Jaune Dress majolica
339;1afe6229-99d6-4802-84ac-dab57809c80d;25e70ebf-206f-4be2-a626-9980e36fdda3;39792668-5cfd-42c2-8872-ad776e9bad70;T1396;10668;Shells Shirt lace 
340;fcc91734-7da6-4ea3-a709-2ea57044a569;b767f189-d40b-49cc-adf1-fc4ee11438d7;1b93b30c-833f-45a8-ba69-c21d2e7f4824;J1196;12538;Vmmure Sweater oneck 
341;9b5107a9-5458-43a0-81c4-8ebeccb05338;b767f189-d40b-49cc-adf1-fc4ee11438d7;2514d6c8-11e6-4692-87b4-dcc1cd18592c;F987;12546;Vmfresno Skirt noos 
342;13f90f0c-0f4f-4b53-88b9-1f686f1acd4f;b767f189-d40b-49cc-adf1-fc4ee11438d7;1b93b30c-833f-45a8-ba69-c21d2e7f4824;J1198;12547;Vmkaris Sweater high 
343;53ca1da5-98dd-4396-baa0-a365666115b7;61c08d2e-6819-4a64-a866-3e377ff68925;c6b81db8-29ed-43d6-b14d-0fd913d7ce36;K886;\N;Vinaja Jacket long 
344;9fd58b6f-d9ac-489f-869f-9e118951d463;988e3625-7d5a-46f9-b93b-f3b15c8d6e61;c59807ac-0362-4078-94b0-37ea3df6cdd0;S1271;10144;Ihmarrakech Shirt dots
345;065370c6-20e8-4066-a7e9-523638582316;3e0e694f-fb8e-49e3-98dd-b83aac682569;141f32d6-a5af-49bf-b019-fd28354977f1;J1724;14472;Nmmetropol Cardigan long 
346;acb59188-d18a-4c21-8161-631d7af23d65;b767f189-d40b-49cc-adf1-fc4ee11438d7;2514d6c8-11e6-4692-87b4-dcc1cd18592c;F1095;11645;Vmeva Skirt noos
347;65fd1966-4d06-4c90-bbe6-34ef2198092d;5fc47a33-cd96-4549-817f-4db11b9bb274;35405a7d-7018-440b-9d16-76206ac3e224;K896;11647;Ladies Jacket rain
348;2aace574-fb43-4fc6-a674-37f525fe1617;ae7e5951-6317-42e5-9d7e-0b7cab5fff0a;95f835a3-03fe-40f1-a813-4fbfd2842845;C1291;10444;Dora Tshirt season 
349;0019ca8e-f47d-41c4-8d1a-66c9247581ef;ae7e5951-6317-42e5-9d7e-0b7cab5fff0a;95f835a3-03fe-40f1-a813-4fbfd2842845;C1290;10445;Swim Tshirt season
350;ff83b398-8370-40d8-b0d7-7667c5b47953;ae7e5951-6317-42e5-9d7e-0b7cab5fff0a;95f835a3-03fe-40f1-a813-4fbfd2842845;C1293;10447;Details Tshirt season 
351;d288eb80-21ee-406a-a70f-e7221de5e00f;f55a7823-4b84-4ca2-b24f-4945f2f27ca9;39792668-5cfd-42c2-8872-ad776e9bad70;S2313;16400;Desfatana Shirt cotton 
352;5a6b3960-0f9c-4117-97a8-a1effad60066;b767f189-d40b-49cc-adf1-fc4ee11438d7;6598b655-3e19-448c-8b4f-ff6a29447b34;M378;\N;Vmseven Jeans noos 
353;fb1e3618-1d1c-4495-b743-ef445504db46;23d58665-8b33-4a8b-b8cf-be1f0b955112;1dc55e58-a5c3-462c-b73d-8dd480de90fc;P1400;8318;Ycoo Pant work
354;62849213-b2d3-4156-94ee-c7eacf18b3bd;a1f8d89e-04ed-42a9-8c51-dc04cbdd0d18;b263ba41-adab-4a83-a3e0-2766522f5aec;Q424;15924;Dubley Foulard closet
355;345ee206-cd04-4ebc-8200-5b05600dcf31;a1f8d89e-04ed-42a9-8c51-dc04cbdd0d18;882ecdf8-325d-4826-a066-1b263e438f09;B460;16527;Bristol Bag crochet 
356;07e2cedc-f2ab-468a-b2a6-50c4bbd3b8d4;ff436f5f-57aa-45bb-badc-c4063c6a022f;b263ba41-adab-4a83-a3e0-2766522f5aec;Q420;17296;Roches Scarf cahier 
357;bca086ac-6b7c-4cc6-90e9-856a589f2adc;ae7e5951-6317-42e5-9d7e-0b7cab5fff0a;95f835a3-03fe-40f1-a813-4fbfd2842845;C1292;10448;Beach Tshirt season
358;307947be-d54a-4e60-af0a-533c204da7cb;109eb926-eabe-4933-9172-6ff8a5c95ac7;6598b655-3e19-448c-8b4f-ff6a29447b34;M232;10699;Collection Jeans stretch 
359;1eb6c75a-88a1-45b2-b37f-551a0fa04ecf;109eb926-eabe-4933-9172-6ff8a5c95ac7;ba89fcc3-bb1b-42af-a754-2d9f639e43ab;D1714;10700;Collection Dress knitted 
360;0163b41b-8061-4995-9115-65957ac73525;e4c97e4e-1141-497f-b38c-3b7c0cae9ec4;1b93b30c-833f-45a8-ba69-c21d2e7f4824;J1277;12657;Pcellen Sweater noos
361;86be8315-fb30-462a-a2b3-5eb5e7f76bb7;e4c97e4e-1141-497f-b38c-3b7c0cae9ec4;141f32d6-a5af-49bf-b019-fd28354977f1;J1278;12659;Pcellen Cardigan noos
362;d67586ac-1e01-400e-be1a-01fdaff169bf;60f81be4-bc2d-465c-ad62-52551b7c9ad8;88ee8b83-a7fe-4c00-8f12-621b209012fd;Y151;11655;Leopard Jumpsuit print
363;30fc5add-3362-4eed-ae83-f0501770a43e;da790000-672a-45a3-9bf9-4805e90d7f19;ba89fcc3-bb1b-42af-a754-2d9f639e43ab;D1577;11293;Sophie Dress tropical
364;1d2bd754-dd28-49c3-918f-cbcb63828e26;81ff4456-9c03-441f-9201-9410cae79d85;95f835a3-03fe-40f1-a813-4fbfd2842845;C1028;8482;Rista Tshirt fresh
365;f55bd9b6-607e-4c92-b1ce-55528923adb9;c373a4f2-a8de-41e8-86a0-04725b575436;c59807ac-0362-4078-94b0-37ea3df6cdd0;S2034;13797;Bsshirley Shirt print 
366;48b26ba7-4030-4b39-974f-fdfa355510ba;d16b490f-370e-4eeb-ab4f-31c815f60a69;6598b655-3e19-448c-8b4f-ff6a29447b34;M162;8831;Eli Jeans flow
367;e638b151-c3f0-4a32-812b-bfbc72e0ff29;d16b490f-370e-4eeb-ab4f-31c815f60a69;6598b655-3e19-448c-8b4f-ff6a29447b34;M156;9077;Lili Jeans flow 
368;0cbb7b6e-42f9-495c-b690-dc9185ec07ea;d16b490f-370e-4eeb-ab4f-31c815f60a69;9c5a3fee-dad0-444a-acb3-c059e2f3db20;P1870;16549;Flow Short gj T. L C. grey dark
369;5930c1a8-bcb8-4ea5-98f1-6aa1defe1b15;529fd468-16cd-4143-be2a-b8108e26fcef;1b93b30c-833f-45a8-ba69-c21d2e7f4824;J961;9084;Wende Sweater melange
370;8a2f42f1-b029-4eb1-9813-a7f937661d12;e4c97e4e-1141-497f-b38c-3b7c0cae9ec4;95f835a3-03fe-40f1-a813-4fbfd2842845;T790;6965;Pcbillo Top stripes 
371;96c0d1a1-53e7-4ab8-8637-2e9fed671729;e6b1b7ee-3782-4abd-b0f7-72fdd79ceb7f;95f835a3-03fe-40f1-a813-4fbfd2842845;C1130;9813;Rhoda Tshirt sew
372;43d53080-2701-451b-a7a2-31848290f849;bcdc75ed-99e1-4efe-9912-2805ca4a0105;c6b81db8-29ed-43d6-b14d-0fd913d7ce36;K876;\N;Laura Jacket jo 
373;c37b1af5-3c56-4625-ada4-dccd9b0570b0;56abc972-f6ff-4292-b607-fd54183c1fb4;c6b81db8-29ed-43d6-b14d-0fd913d7ce36;K523;10799;Cargo Jacket rut
374;9cee8ff9-f915-4aa7-9ed8-2d7ef83850a2;9fead4cd-d80d-4488-be05-beddd6b45fb5;c59807ac-0362-4078-94b0-37ea3df6cdd0;D1533;8765;Kaline Dress signe 
375;723c3e4f-e0d6-4d97-81a8-a945abd85f6a;4039739b-8a62-4b30-862c-af65f9a66356;6598b655-3e19-448c-8b4f-ff6a29447b34;M151;8905;Sabagabo Jeans light 
376;d8f9766b-c529-42b1-b272-76910159a307;d16b490f-370e-4eeb-ab4f-31c815f60a69;9c5a3fee-dad0-444a-acb3-c059e2f3db20;P1228;9070;Regular Short fit 
377;1e8b26a3-658f-43ee-87e5-87e476c9ba41;e6b1b7ee-3782-4abd-b0f7-72fdd79ceb7f;1dc55e58-a5c3-462c-b73d-8dd480de90fc;P1432;9475;Rena Pant sew
378;5d588200-71f7-45af-9295-b3d62d4dc6fa;ec11ed99-81c3-4684-accc-93e6d85fba97;6598b655-3e19-448c-8b4f-ff6a29447b34;M208;10195;Bleach Jeans kookai
379;87b245b1-c561-4c29-b894-09d4e1004788;91664c1b-3d18-4eab-b3ca-79072c417d45;95f835a3-03fe-40f1-a813-4fbfd2842845;C1286;10034;Fiery Tshirt plains 
380;31bb3cf0-9b7c-493e-bdac-52a2cab3fd9c;91664c1b-3d18-4eab-b3ca-79072c417d45;1b93b30c-833f-45a8-ba69-c21d2e7f4824;J1518;10041;Powder Sweater melange 
381;8410d9e8-b559-4242-955e-fd05d1111e47;c1a88681-f26a-450f-a95f-71af63e1c27e;ba89fcc3-bb1b-42af-a754-2d9f639e43ab;D1775;10321;Elos Dress multi 
382;c8f7f749-798d-4e5b-9725-79e5f4d35a73;ae7e5951-6317-42e5-9d7e-0b7cab5fff0a;ba89fcc3-bb1b-42af-a754-2d9f639e43ab;D1873;10434;Summ Dress rigas 
383;54560267-0f00-44a9-a33f-43cb25faf282;1ccbcd7a-f998-416d-bb98-5f9d79ee746e;88ee8b83-a7fe-4c00-8f12-621b209012fd;Y104;10741;Stripy Playsuit denim 
384;a17af852-f52e-4435-9519-e0f08528f6f7;9ef43878-70f3-43df-959d-49af8b1f580f;2514d6c8-11e6-4692-87b4-dcc1cd18592c;F1598;16840;Leo Skirt majolica 
385;efd28f5f-fd62-436c-bb0f-44d35ff51154;e4c97e4e-1141-497f-b38c-3b7c0cae9ec4;6598b655-3e19-448c-8b4f-ff6a29447b34;M109;8449;Pcdelly Jeans noos
386;6140aa27-2f07-4b47-bc14-ecad124e957c;25e70ebf-206f-4be2-a626-9980e36fdda3;2514d6c8-11e6-4692-87b4-dcc1cd18592c;F1132;10666;Candy Skirt stripe 
387;e48b58ab-0db4-42df-8933-3a82fb6f39aa;e8fa374f-2d28-4935-baac-4aef08a511e7;39792668-5cfd-42c2-8872-ad776e9bad70;T922;10687;Jane Top flying 
388;795e5af6-5ab5-4a7f-a472-b4a8772d35e7;76980fb6-ce4f-4e2a-9958-5cf8fc25e639;9c5a3fee-dad0-444a-acb3-c059e2f3db20;P1232;10966;Pierrot Short colour 
389;f223fb15-1102-4a46-9751-63c6bfdd9400;d16b490f-370e-4eeb-ab4f-31c815f60a69;c59807ac-0362-4078-94b0-37ea3df6cdd0;S1279;11018;Anne Shirt nice
390;a5e2a617-4ccb-4c95-b230-8db3de21ad8d;52117e6f-5cc4-4cc9-89c6-6c86be22376c;1dc55e58-a5c3-462c-b73d-8dd480de90fc;P1683;10463;Olive Pant check
391;b03c35dc-fc98-4999-9703-4d668d35d9da;81ff4456-9c03-441f-9201-9410cae79d85;2514d6c8-11e6-4692-87b4-dcc1cd18592c;F976;11072;Bypandina Skirt night 
392;867321d7-15d8-43a8-b4b1-07b5e50161e9;109eb926-eabe-4933-9172-6ff8a5c95ac7;1dc55e58-a5c3-462c-b73d-8dd480de90fc;M233;11103;Collection Jeans jogger 
393;97ba6c46-5631-42aa-a98e-6a2310201233;f55a7823-4b84-4ca2-b24f-4945f2f27ca9;ba89fcc3-bb1b-42af-a754-2d9f639e43ab;D2120;16115;Desfleur Dress viscose 
394;f0f34643-8c76-4307-b030-eb86f43d02a5;52117e6f-5cc4-4cc9-89c6-6c86be22376c;1dc55e58-a5c3-462c-b73d-8dd480de90fc;P1689;10482;Olive Pant jungle 
395;4fc585b1-ad25-4cb4-aac1-d0a90be0c962;52117e6f-5cc4-4cc9-89c6-6c86be22376c;1dc55e58-a5c3-462c-b73d-8dd480de90fc;P1691;10483;Olive Pant solid
396;60d4c4fa-b66a-424e-b86b-41232274e8d8;80624cdd-099b-4cea-8f4a-2837f3e08587;1dc55e58-a5c3-462c-b73d-8dd480de90fc;P1268;10489;Twill Pant inch
397;37fa0eba-a1b1-4f03-889d-fc4a08653518;56abc972-f6ff-4292-b607-fd54183c1fb4;c59807ac-0362-4078-94b0-37ea3df6cdd0;S1350;11206;Pocket Shirt stripe 
398;7dd3d098-9983-4087-ae65-8dc5f851304a;60f81be4-bc2d-465c-ad62-52551b7c9ad8;c6b81db8-29ed-43d6-b14d-0fd913d7ce36;K839;11223;Wacotton Jakect stripes 
399;2cef2fb2-67af-48d9-877c-77551d9e2e17;60f81be4-bc2d-465c-ad62-52551b7c9ad8;ba89fcc3-bb1b-42af-a754-2d9f639e43ab;D2002;11230;Wastripe Dress summer 
400;2cafdbfd-c5e6-4440-8fea-49871df4b92c;f55a7823-4b84-4ca2-b24f-4945f2f27ca9;95f835a3-03fe-40f1-a813-4fbfd2842845;C946;8470;Varny Tshirt tees
401;57ab97d8-f037-4be0-a62b-e98fbf28ff1a;dd17f8ec-1667-4ebc-86cb-b2398a8cbbfa;1dc55e58-a5c3-462c-b73d-8dd480de90fc;P1744;\N;Hesford Pant joules 
402;f2021d1f-bb92-4423-b32a-528169cf198a;280c43d3-fae5-4111-9d32-c55f16b0f17a;c59807ac-0362-4078-94b0-37ea3df6cdd0;S2878;16121;Elli Shirt flowers 
403;2d89693c-8592-43f8-be6a-602950176ff6;ccb37c7e-efc3-4f3e-9d37-8944756b582f;07bee010-39f3-4200-9250-c1524842e6a6;K1161;16122;Soft Trench suede 
404;76da2ac2-713a-44cb-aaac-b5de39acfebe;23d58665-8b33-4a8b-b8cf-be1f0b955112;2514d6c8-11e6-4692-87b4-dcc1cd18592c;F1632;17342;Midi Skirt ycoo
405;5ca396b9-dbb7-43ba-8f9f-86690ce7ad47;c373a4f2-a8de-41e8-86a0-04725b575436;9c5a3fee-dad0-444a-acb3-c059e2f3db20;P2202;16583;Marie Short check 
406;fb07c8c2-fab5-40cb-9e73-8b47c8444781;e02a9b8d-2a26-46c6-b5c1-0c8b2e4ff4d4;35405a7d-7018-440b-9d16-76206ac3e224;K729;12130;Tops Jacket contrast 
407;dd4e7a64-cc0c-4bdb-8cf1-8d0f5d2b2aa7;d16b490f-370e-4eeb-ab4f-31c815f60a69;1dc55e58-a5c3-462c-b73d-8dd480de90fc;M302;12141;Moon Jeans gj 
408;1ee502a7-b096-42ca-9227-6afb0528d8d3;cfca4b92-12a6-411c-a62a-a874d00aa735;74ba5e25-afd5-490b-a3a8-2175020c4487;A127;\N;Onlcarrie Coat bonded 
409;5b737fed-6d4a-430f-8911-a2ace580937f;76980fb6-ce4f-4e2a-9958-5cf8fc25e639;1b93b30c-833f-45a8-ba69-c21d2e7f4824;J1407;12262;Miou Sweater peak 
410;26460c13-c98b-4904-b317-cb849cf5ae3d;76980fb6-ce4f-4e2a-9958-5cf8fc25e639;1b93b30c-833f-45a8-ba69-c21d2e7f4824;J1413;12263;Neat Sweater bell 
411;a66dde83-654a-41ae-bfee-5ee7aaa73892;23d58665-8b33-4a8b-b8cf-be1f0b955112;ba89fcc3-bb1b-42af-a754-2d9f639e43ab;D2747;17344;Agosto Dress ycoo
412;f89f2559-d0de-41f3-b771-a44cc2e5e194;9fead4cd-d80d-4488-be05-beddd6b45fb5;1b93b30c-833f-45a8-ba69-c21d2e7f4824;J1190;12226;Kavive Sweater deep 
413;b68c6f0e-07a0-48ba-8093-d8f425e932b0;ab1f5213-03fc-4553-b77c-13b2c6213d27;95f835a3-03fe-40f1-a813-4fbfd2842845;C1385;13468;Ikivoire T-shirt tsh 
414;57d2bfc3-b75c-4761-912f-5583857e9aeb;c373a4f2-a8de-41e8-86a0-04725b575436;1b93b30c-833f-45a8-ba69-c21d2e7f4824;J2365;16588;Harlowb Sweater striped 
415;375aac68-b7fd-4038-adff-92b9b5a7d418;33036f90-cafa-45bc-94f1-4f6defb59223;95f835a3-03fe-40f1-a813-4fbfd2842845;C2126;16127;Marge Tshirt stripes 
416;fcd580f2-8e3a-4ae2-bec1-444faada895a;136dab85-c840-420f-bf88-e459483f8796;ba89fcc3-bb1b-42af-a754-2d9f639e43ab;D1752;9032;Selma Dress grace
417;81c0aabd-d072-4f2b-ad57-1206e8c655d1;d16b490f-370e-4eeb-ab4f-31c815f60a69;1dc55e58-a5c3-462c-b73d-8dd480de90fc;P1724;14010;Gjbota Pant long 
418;8f82d5b2-7df8-4595-be5c-f4bf4dd9a6fc;1600fb81-6f8b-4fa2-9ae2-a33420125939;c59807ac-0362-4078-94b0-37ea3df6cdd0;S1904;10228;Geo Shirt cerise
419;b0b6bf60-aac1-4bfc-a17c-17a375ed06ba;1600fb81-6f8b-4fa2-9ae2-a33420125939;39792668-5cfd-42c2-8872-ad776e9bad70;T1483;11087;Cerise Top flower 
420;75c9058b-ba58-48d5-a48e-931eb08cb966;1600fb81-6f8b-4fa2-9ae2-a33420125939;c59807ac-0362-4078-94b0-37ea3df6cdd0;S2120;11088;Cerise Shirt dots 
421;2e6cf864-4eb4-4365-a263-a058359d2b0a;1600fb81-6f8b-4fa2-9ae2-a33420125939;c6b81db8-29ed-43d6-b14d-0fd913d7ce36;K890;11623;Cerise Jacket stripes
422;2673a3e1-c00b-460f-b156-d496e6ce0448;6ed756bf-7370-46c0-b4df-a53c893b26bb;1dc55e58-a5c3-462c-b73d-8dd480de90fc;P1300;9315;Anc Pant silver
423;8c4c9aa1-6040-4a1e-a1e2-1160361eda75;76980fb6-ce4f-4e2a-9958-5cf8fc25e639;39792668-5cfd-42c2-8872-ad776e9bad70;T907;11241;Athenus Top versus
424;00823bca-296d-49fe-85c0-1bc50e91f587;56abc972-f6ff-4292-b607-fd54183c1fb4;3087da56-5a27-4e58-aea7-1555c640f232;J1369;14247;Elina Sweater lurex 
425;3d1a23ba-fb52-4c11-acaa-7d6f81360dc1;09358432-a44c-4cb4-b8e6-bf51b403bf39;ba89fcc3-bb1b-42af-a754-2d9f639e43ab;D2750;17359;Sun Dress print
426;4b1bea97-b3a6-4d9f-af19-c278b1692fa7;c373a4f2-a8de-41e8-86a0-04725b575436;95f835a3-03fe-40f1-a813-4fbfd2842845;T1927;16593;Ojos Top sparkle 
427;0ce06ab5-eee8-4e70-8a32-6a6e476f25df;e2b0644a-9365-4b40-a821-2a2266de551d;882ecdf8-325d-4826-a066-1b263e438f09;B479;16132;Darcy Bag nude 
428;8884902d-3759-4eb4-9b07-64374f065e7c;6a8df4c0-bf3c-4e99-a648-44021ccb15af;c59807ac-0362-4078-94b0-37ea3df6cdd0;S1713;9369;Susa Shirt printed
429;fab6d3fa-33c2-4b22-bfb2-86d706f28e34;6a8df4c0-bf3c-4e99-a648-44021ccb15af;c59807ac-0362-4078-94b0-37ea3df6cdd0;S1711;9370;Jason Shirt ocre
430;b8b31a33-58e4-4da5-a456-6ddd1aa73bab;76980fb6-ce4f-4e2a-9958-5cf8fc25e639;39792668-5cfd-42c2-8872-ad776e9bad70;C2060;16862;Omero T-shirt sweet 
431;6c0654fe-64e6-4944-9c9e-f982b0dc87c6;76980fb6-ce4f-4e2a-9958-5cf8fc25e639;3087da56-5a27-4e58-aea7-1555c640f232;X95;9390;Otopic Sweatshirt felpa
432;072fc61a-c8fb-48ef-9a1f-9a9caa1882a7;76980fb6-ce4f-4e2a-9958-5cf8fc25e639;3087da56-5a27-4e58-aea7-1555c640f232;X96;9391;Osport Sweatshirt felpa
433;db1f13f0-d253-4d58-9b09-dfd2e821e930;4039739b-8a62-4b30-862c-af65f9a66356;c6b81db8-29ed-43d6-b14d-0fd913d7ce36;K511;9393;Kigali Jacket denim
434;a126a2db-4ada-447c-851e-8dafe3ddca48;ce8d442c-e662-44f8-a130-2e436f119ede;c6b81db8-29ed-43d6-b14d-0fd913d7ce36;K780;14378;Claudine Jacket maca 
435;86984353-bcd6-4bf4-aa60-e6374892b834;6a8df4c0-bf3c-4e99-a648-44021ccb15af;141f32d6-a5af-49bf-b019-fd28354977f1;J1299;9378;Mou Cardigan knit
436;806567d7-8605-4835-ada3-66936ed1f65b;45ebfaa9-5ebf-4239-8e7f-6fc626344ee3;95f835a3-03fe-40f1-a813-4fbfd2842845;C1208;11330;Medos Tshirt slub 
437;38d2a22c-8067-49ab-ab13-9b828856d726;76980fb6-ce4f-4e2a-9958-5cf8fc25e639;141f32d6-a5af-49bf-b019-fd28354977f1;J1851;15433;Coup Sweater soft
438;b2a1e0d3-4c3f-485d-a869-dac2610f5504;0b0c153b-86f6-406b-8874-91b696d52796;1dc55e58-a5c3-462c-b73d-8dd480de90fc;P1764;11396;Banda Pant shine
439;825fd038-89fc-4a4f-a545-4143a85c8605;e2b0644a-9365-4b40-a821-2a2266de551d;882ecdf8-325d-4826-a066-1b263e438f09;B478;16134;Daphne Bag nude 
440;2dbc45de-d423-425d-a92d-531b231cb63b;44164896-a98d-48f3-84af-bd84401ef348;1dc55e58-a5c3-462c-b73d-8dd480de90fc;P1786;11523;Coated Pant anna
441;e527724a-8bfb-4689-ac3c-650b55497b4a;23d58665-8b33-4a8b-b8cf-be1f0b955112;ba89fcc3-bb1b-42af-a754-2d9f639e43ab;D2317;14614;Nolo Dress ycoo 
442;a137287b-e6c2-49bb-96d3-085b75803272;10978e4c-57de-4f45-9b35-f304ca89875e;39792668-5cfd-42c2-8872-ad776e9bad70;S2435;16599;Mollie Shirt jacquard 
443;575a8cc1-b9b9-4070-819c-fa5db6a9a234;921d101c-6d05-4d3a-94fa-b50b955f0561;1b93b30c-833f-45a8-ba69-c21d2e7f4824;J1167;9591;Space Sweater stripes
444;55f9aee6-6898-463d-bbfd-fe42bd89b8e5;1600fb81-6f8b-4fa2-9ae2-a33420125939;39792668-5cfd-42c2-8872-ad776e9bad70;T2309;17367;Jade Top cerise
445;ec11ed6a-dee1-4c7b-9a33-922b3e318076;e2ed2d6d-895f-4d78-85f0-60805c02013b;1b93b30c-833f-45a8-ba69-c21d2e7f4824;J1993;14689;Serina Sweater glitter 
446;9ddc209c-c97a-496b-b8e1-8d8f675f5c2c;81ff4456-9c03-441f-9201-9410cae79d85;c59807ac-0362-4078-94b0-37ea3df6cdd0;S1244;8489;Friche Shirt solid 
447;bc8c60fe-af51-41e8-9d11-499d62200dc8;ce8d442c-e662-44f8-a130-2e436f119ede;95f835a3-03fe-40f1-a813-4fbfd2842845;C1120;9724;Clea T-shirt deeluxe
448;c7ba732b-e8a8-47ec-a328-31cb3efca58d;ce8d442c-e662-44f8-a130-2e436f119ede;6598b655-3e19-448c-8b4f-ff6a29447b34;M228;9725;Bonnie Jeans denim
449;d0ec3aa9-b284-4e87-81e6-cc9de7881fd4;921d101c-6d05-4d3a-94fa-b50b955f0561;39792668-5cfd-42c2-8872-ad776e9bad70;C1305;11604;Vicky Tshirt street
450;6a43d41c-e5c6-4f7a-8858-008f5175959e;3c79194a-b8b9-40b1-8725-2eb6c6038d15;35405a7d-7018-440b-9d16-76206ac3e224;K735;14735;Biston Parka difusion 
451;62409516-c2ad-40e0-b169-0e22fea2cec8;d16b490f-370e-4eeb-ab4f-31c815f60a69;c59807ac-0362-4078-94b0-37ea3df6cdd0;S2322;15098;Lime Shirt light 
452;bbc64445-2207-45bc-a800-dd51ec8706af;a1f8d89e-04ed-42a9-8c51-dc04cbdd0d18;c59807ac-0362-4078-94b0-37ea3df6cdd0;S1437;9874;Closet Shirt maryland
453;bc28a3d9-fec5-4a17-856d-0e524b494d78;af4acb4b-5bd2-4d87-8bd2-fe5d0ccae443;882ecdf8-325d-4826-a066-1b263e438f09;B444;16141;Cassie Bag nice
454;c0a94e06-441f-4fa2-906d-6a8d48622a46;45702471-835a-4967-a38b-c910df5a5b31;141f32d6-a5af-49bf-b019-fd28354977f1;J1253;8650;Douglas Cardigan shine
455;d29db84f-21b5-4a9b-9b8d-7f9a18e6fdae;e2b0644a-9365-4b40-a821-2a2266de551d;c6b81db8-29ed-43d6-b14d-0fd913d7ce36;K618;9905;Closet Jacket candem
456;168bd926-fa20-4deb-b967-5731c592d64c;e0c5939f-1f3f-44c9-b786-8154fdaa6cac;1dc55e58-a5c3-462c-b73d-8dd480de90fc;P2211;16142;Knitted Pant regular
457;c62d04d5-c59f-45af-a737-cd9eb33d1757;1600fb81-6f8b-4fa2-9ae2-a33420125939;88ee8b83-a7fe-4c00-8f12-621b209012fd;Y203;17386;Ona Playsuit cerise
458;014db934-9a22-410a-bb15-d70b64d57309;61c08d2e-6819-4a64-a866-3e377ff68925;07bee010-39f3-4200-9250-c1524842e6a6;A96;8837;Viwise Coat garden 
459;535eb1b3-7e65-41b4-9f9d-62e073331761;cfca4b92-12a6-411c-a62a-a874d00aa735;1dc55e58-a5c3-462c-b73d-8dd480de90fc;P1485;8843;Onlparis Pant noos 
460;9be19349-0cca-4768-b93c-86177816c629;6ad0756c-5e2a-4caa-8c9a-deaab7cdcf96;35405a7d-7018-440b-9d16-76206ac3e224;K1060;16553;Smilla Parka plain
461;49a58b8d-dcd7-477d-9aea-ad8dcd3bf983;529fd468-16cd-4143-be2a-b8108e26fcef;1dc55e58-a5c3-462c-b73d-8dd480de90fc;P1348;9944;Marshiano Pant ello
462;0e1dc187-9d50-4e24-b2e0-cdfd2e027c11;2a50cb28-0dfb-4689-8c67-4d5149959a2b;39792668-5cfd-42c2-8872-ad776e9bad70;J1004;9942;Jiya Sweater pull
463;0e0a4757-3a97-42f9-bd5f-4eeedae359a6;cfca4b92-12a6-411c-a62a-a874d00aa735;141f32d6-a5af-49bf-b019-fd28354977f1;J1739;15861;Onlserena Cardigan stripes 
464;eae550ee-d3f7-48d4-9390-310b7950cb73;cfca4b92-12a6-411c-a62a-a874d00aa735;6598b655-3e19-448c-8b4f-ff6a29447b34;M543;15862;Onlkenya Jeans sweet 
465;d4862588-3e15-4670-b6c6-c5d022d45cb4;ce8d442c-e662-44f8-a130-2e436f119ede;2514d6c8-11e6-4692-87b4-dcc1cd18592c;F1385;16874;Jacy Skirt denim 
466;2e2a719b-ad8b-4c9f-aacd-0ee741e31cbb;47972e90-e80a-4472-9396-f6d2b69fb7b8;c59807ac-0362-4078-94b0-37ea3df6cdd0;S1881;10091;Pollen Shirt print
467;e958bfc1-02c0-4eae-b6e2-ce7d00329581;9b5272b3-c05f-4237-913b-61dde0fdb8d0;39792668-5cfd-42c2-8872-ad776e9bad70;S2391;16612;Bentley Shirt comfort
468;8a623676-7125-4244-be64-925b8858f2a9;9b5272b3-c05f-4237-913b-61dde0fdb8d0;1dc55e58-a5c3-462c-b73d-8dd480de90fc;P1921;16614;Besna Pant loose 
469;44e26f95-5f44-4fb2-8cd4-8d96a62295ea;1200a8f4-00d6-4c9f-ace7-a96337178888;3087da56-5a27-4e58-aea7-1555c640f232;X139;16884;Atelier Sweatshirt nathael 
470;e9f29537-2c3e-490d-b382-1d910f1bf2d4;97a208d1-6dc8-4198-9638-0f37233cc66e;39792668-5cfd-42c2-8872-ad776e9bad70;S2014;11657;Hwsun Shirt holly
471;cbab57b7-538f-4da4-8d42-9aaa0aa66540;890bd5dd-a9f8-4879-828c-919843a0be89;6598b655-3e19-448c-8b4f-ff6a29447b34;M357;12647;Skinny Jeans dark 
472;6d1d1f1e-543c-4f09-b1e0-47d56a753cce;9884297d-e8e2-4e3c-ba61-03e87d6cbd9f;6598b655-3e19-448c-8b4f-ff6a29447b34;M576;12650;Scarlett Jeans grey
473;5ddb3110-dbbd-4741-a88d-b7860269e578;9884297d-e8e2-4e3c-ba61-03e87d6cbd9f;95f835a3-03fe-40f1-a813-4fbfd2842845;C1252;12652;Retro Tshirt logo
474;efb013c5-93c9-41ac-91c4-a7a08ac8bf07;9884297d-e8e2-4e3c-ba61-03e87d6cbd9f;95f835a3-03fe-40f1-a813-4fbfd2842845;C1254;12653;Stripe Tshirt lee
475;1483c682-a304-4733-9275-db8f60c2511c;c3159d66-c344-4f24-bee1-1d5966e567d6;ba89fcc3-bb1b-42af-a754-2d9f639e43ab;D2293;14529;Madalyn Dress lace
476;ddc5debb-c05b-45b7-b78a-25977ae1f5a0;c3159d66-c344-4f24-bee1-1d5966e567d6;ba89fcc3-bb1b-42af-a754-2d9f639e43ab;D2292;14530;Paulette Dress floral
477;f0c3396a-4cc6-4be1-a01a-d3a13bd8b054;9fead4cd-d80d-4488-be05-beddd6b45fb5;95f835a3-03fe-40f1-a813-4fbfd2842845;C757;7347;Anna T-shirt oneck
478;41fca7ef-81b6-447e-b922-90c44eb3d734;9b5272b3-c05f-4237-913b-61dde0fdb8d0;c6b81db8-29ed-43d6-b14d-0fd913d7ce36;K960;16615;Brantlee Jacket regular 
479;f66c1040-6df8-49b0-8060-f51a7f9e9ec9;1600fb81-6f8b-4fa2-9ae2-a33420125939;9c5a3fee-dad0-444a-acb3-c059e2f3db20;P2260;17389;Amatista Short cerise
480;ee0f55ba-e275-45db-8030-6b1d7033efaa;e2b0644a-9365-4b40-a821-2a2266de551d;39792668-5cfd-42c2-8872-ad776e9bad70;T1377;10495;Sun Top embro
481;8546f280-2cb1-46e3-b7fa-07f5a1b510ae;109eb926-eabe-4933-9172-6ff8a5c95ac7;ba89fcc3-bb1b-42af-a754-2d9f639e43ab;D1716;10701;Collection Dress knitted 
482;d5d7a484-b510-420e-927d-9bc7ebb5c734;6a8df4c0-bf3c-4e99-a648-44021ccb15af;141f32d6-a5af-49bf-b019-fd28354977f1;J1219;8541;Luce Cardigan shine 
483;0a90b0c7-5436-4bc5-a12f-92b7e0f5aca7;921f8c67-2a93-4329-9247-c4153183b04b;9c5a3fee-dad0-444a-acb3-c059e2f3db20;P1673;10152;Place Short summer 
484;dbf79e48-8381-4e38-9a5d-b6ae06e7fe74;b6758f9e-102c-4d39-98b2-b4c5e7a8d6c2;1b93b30c-833f-45a8-ba69-c21d2e7f4824;J1431;12128;Objpaxy Sweater misty
485;b2b3a3e8-1b6d-458a-bcda-9d6bc0d0ebd3;9b5272b3-c05f-4237-913b-61dde0fdb8d0;39792668-5cfd-42c2-8872-ad776e9bad70;S2396;16616;Bee Shirt oshaped 
486;d96cbd6b-26d3-426b-8bc1-89dd3cd992a7;e4c97e4e-1141-497f-b38c-3b7c0cae9ec4;1b93b30c-833f-45a8-ba69-c21d2e7f4824;J1279;12661;Pckalissa Sweater noos
487;2f36f792-483c-4c9a-8a81-8274b391fa7a;cfca4b92-12a6-411c-a62a-a874d00aa735;35405a7d-7018-440b-9d16-76206ac3e224;K474;9624;Onlskylar Parka spring 
488;8895bdca-1b33-42a8-933f-4ea0378b29d4;921f8c67-2a93-4329-9247-c4153183b04b;1dc55e58-a5c3-462c-b73d-8dd480de90fc;P680;3111;Itta Pant denim 
489;5ece08ee-103c-4ff8-b1ee-3664df3eb910;cfca4b92-12a6-411c-a62a-a874d00aa735;6598b655-3e19-448c-8b4f-ff6a29447b34;M28;6725;Onlshape Jeans regs 
490;5b13db19-3645-4c98-b870-7e0ed379a733;6ed756bf-7370-46c0-b4df-a53c893b26bb;35405a7d-7018-440b-9d16-76206ac3e224;K951;16162;Scsalwa Jacket sand
491;ec9dfe89-32d8-4dcc-a4b3-029e748c3ee6;23ac65d4-bca2-4119-b4fa-821b224b8d49;39792668-5cfd-42c2-8872-ad776e9bad70;T911;10394;Rarya Top flower
492;908463c1-4137-4237-8cc4-1ad1c2717bc3;3bf63b3d-7c2f-47a4-81bc-6ad2452245d7;c6b81db8-29ed-43d6-b14d-0fd913d7ce36;K584;\N;Caravana Jacket biker
493;3ed52c5f-215a-4e44-a8c9-21a9443df036;23ac65d4-bca2-4119-b4fa-821b224b8d49;1dc55e58-a5c3-462c-b73d-8dd480de90fc;P1672;10396;Jrarya Pant flow T. L C. black
494;7647ea21-2fd5-4c4a-a11c-30c664606390;7d82a2a5-1eee-425d-a914-ace3d7864a26;1dc55e58-a5c3-462c-b73d-8dd480de90fc;P1677;10402;Leopard Pant print
495;a9bb4731-66c1-4ea1-8718-2c36a8c8c74c;1ccbcd7a-f998-416d-bb98-5f9d79ee746e;35405a7d-7018-440b-9d16-76206ac3e224;K1102;\N;Noma Parka tiffosi 
496;9ff96255-0bbf-44a6-94c0-13b93f6001b7;cfca4b92-12a6-411c-a62a-a874d00aa735;6598b655-3e19-448c-8b4f-ff6a29447b34;M257;8847;Onlroyal Jeans noos
497;51e6294f-d8d6-4732-b9e3-c04736e1d18f;c3159d66-c344-4f24-bee1-1d5966e567d6;c59807ac-0362-4078-94b0-37ea3df6cdd0;S1937;10600;French Shirt rhodes
498;925e88dd-f536-4663-b1ab-2f7a0dbeb64a;6ed756bf-7370-46c0-b4df-a53c893b26bb;c59807ac-0362-4078-94b0-37ea3df6cdd0;S2350;16160;Scgaga Shirt combi
499;4e148a68-c9cb-4501-bdbc-51c03b6133a7;ae7e5951-6317-42e5-9d7e-0b7cab5fff0a;c59807ac-0362-4078-94b0-37ea3df6cdd0;S2996;16672;Flowers Shirt season 
500;e6ca4f03-d6af-407c-9332-4463d1e44c4b;921d101c-6d05-4d3a-94fa-b50b955f0561;95f835a3-03fe-40f1-a813-4fbfd2842845;C2306;17425;Vianna T-shirt solid 
501;f6093be3-4954-47ae-8fd5-baf8cae2c583;6ccbab3f-f2e6-4992-9844-ff9446fe1f96;1dc55e58-a5c3-462c-b73d-8dd480de90fc;P1508;9512;Beau Pant lili
502;7f68db6d-caed-4ecb-9556-645b9501bbf4;6ccbab3f-f2e6-4992-9844-ff9446fe1f96;c59807ac-0362-4078-94b0-37ea3df6cdd0;S1725;9514;Shine Shirt gold
503;a7a69f58-25ca-4f95-8509-dee5e921f0f5;6ccbab3f-f2e6-4992-9844-ff9446fe1f96;141f32d6-a5af-49bf-b019-fd28354977f1;J1306;9516;Suley Cardigan knit
504;41b722c2-e8a4-4fd8-b376-22f3f4ce5f35;6baa0e97-2a91-43cf-843f-bbac6e5ed509;1b93b30c-833f-45a8-ba69-c21d2e7f4824;J579;4447;Loret Sweater brille 
505;12ef6ca4-e66b-42ec-98c7-3a2c6f9b7f85;ae7e5951-6317-42e5-9d7e-0b7cab5fff0a;1dc55e58-a5c3-462c-b73d-8dd480de90fc;P1533;9564;Lua Pant season
506;7c64c875-751e-4f35-9315-f03851c3c824;202035b6-3728-4b23-ae73-ce618311e91e;c59807ac-0362-4078-94b0-37ea3df6cdd0;S1696;9565;Necka Shirt sweewe
507;a8e89a03-0759-4471-9d06-56b29b6e0516;e7d3ebfe-6f9f-4d28-b3b4-96b4875b2af3;b263ba41-adab-4a83-a3e0-2766522f5aec;Q287;9661;Top Scarf sun
508;99bb1c6f-c0fb-4aa1-95ca-6f9ceb1a48b0;25e70ebf-206f-4be2-a626-9980e36fdda3;ba89fcc3-bb1b-42af-a754-2d9f639e43ab;D1893;10664;Pinafore Dress denim
509;1ce26356-9a0b-484a-b16e-d8346ae58ddf;1ccbcd7a-f998-416d-bb98-5f9d79ee746e;c6b81db8-29ed-43d6-b14d-0fd913d7ce36;K1101;16725;Lazarus Jacket tiffosi 
510;5229e30e-78d1-43e7-9edd-b2e814184bbf;4039739b-8a62-4b30-862c-af65f9a66356;c6b81db8-29ed-43d6-b14d-0fd913d7ce36;K738;12553;Hamed Jacket down
511;6b037192-f6cf-4e30-ad9e-7d5a8e564f9f;921d101c-6d05-4d3a-94fa-b50b955f0561;95f835a3-03fe-40f1-a813-4fbfd2842845;S1362;8984;Palmira Shirt nice 
512;604c4dd8-6452-49dd-a2cc-0c130f6828d1;e02a9b8d-2a26-46c6-b5c1-0c8b2e4ff4d4;ba89fcc3-bb1b-42af-a754-2d9f639e43ab;D1997;12549;Freesiga Dress kali
513;b22757e8-a113-47b0-8e7d-1daab1161c76;4039739b-8a62-4b30-862c-af65f9a66356;1b93b30c-833f-45a8-ba69-c21d2e7f4824;J1391;12552;Taghil Sweater heach
514;01d0f9c5-db6c-47fd-97ea-5bcf38c60870;b6758f9e-102c-4d39-98b2-b4c5e7a8d6c2;6598b655-3e19-448c-8b4f-ff6a29447b34;M511;16288;Objskinny Jeans noos 
515;78e48f3a-6178-445d-a53c-39acfbf33ebe;61c08d2e-6819-4a64-a866-3e377ff68925;c59807ac-0362-4078-94b0-37ea3df6cdd0;S1068;8278;Vilucy Shirt lux 
516;4d0b5bc8-e3c8-4be1-855c-5f943289ddf2;23d58665-8b33-4a8b-b8cf-be1f0b955112;39792668-5cfd-42c2-8872-ad776e9bad70;T1255;9340;Luna Top look 
517;66cee2e1-39fc-40ea-8e2c-7947b0720667;80624cdd-099b-4cea-8f4a-2837f3e08587;1dc55e58-a5c3-462c-b73d-8dd480de90fc;P1968;16624;Sanne Pant twil 
518;678fe800-5156-4aa9-818e-deae65665ef6;9ef43878-70f3-43df-959d-49af8b1f580f;88ee8b83-a7fe-4c00-8f12-621b209012fd;Y205;17404;Yuli Playsuit summer 
519;b50ae918-6e5e-4d46-a534-6c8ed3abdcb0;9ef43878-70f3-43df-959d-49af8b1f580f;1dc55e58-a5c3-462c-b73d-8dd480de90fc;P2261;17405;Edu Short stripes 
520;a6aadc56-59b1-4ff7-ac9c-2b71cc247a64;136dab85-c840-420f-bf88-e459483f8796;2514d6c8-11e6-4692-87b4-dcc1cd18592c;F1005;9015;Savi Skirt grace
521;85cc2498-2596-44eb-b11f-4e2315f2834e;c92b024d-9dc7-45a7-8de0-b6b6980c16db;95f835a3-03fe-40f1-a813-4fbfd2842845;C1161;9125;Croix Tshirt cotton
522;fd31e987-9810-4f68-8d72-3bbc627b3936;055096da-3cab-492e-8e19-98e6d2656f1d;1dc55e58-a5c3-462c-b73d-8dd480de90fc;P1370;10673;Pinc Pant waist
523;603f1315-3eaa-4df8-9306-0014446555c1;6a8df4c0-bf3c-4e99-a648-44021ccb15af;95f835a3-03fe-40f1-a813-4fbfd2842845;C1332;10677;Peask Tshirt charlior
524;37039c6e-691e-4cb6-b49d-384fde2eadff;e02a9b8d-2a26-46c6-b5c1-0c8b2e4ff4d4;ba89fcc3-bb1b-42af-a754-2d9f639e43ab;D1668;10937;Bird Dress muse
525;a39d547a-bb8c-4971-9b53-ac4e2ae5d18f;e02a9b8d-2a26-46c6-b5c1-0c8b2e4ff4d4;c59807ac-0362-4078-94b0-37ea3df6cdd0;S1420;10938;Bird Shirt muse
526;0d7923a1-89bb-4629-8944-45c7bfb1ed22;45702471-835a-4967-a38b-c910df5a5b31;39792668-5cfd-42c2-8872-ad776e9bad70;T1447;10939;Cherry Top paris
527;be8494f7-ad46-4ff5-97dc-a37d29a0e5a6;f620512a-1e55-4c69-8208-9c83ed4725a5;95f835a3-03fe-40f1-a813-4fbfd2842845;C2096;16289;Striped Tshirt tom 
528;078f03ad-fbb4-40c2-b29b-df806a657578;ae7e5951-6317-42e5-9d7e-0b7cab5fff0a;95f835a3-03fe-40f1-a813-4fbfd2842845;C2276;16676;Summ Tshirt season 
529;bd2203d2-dbb0-4bcf-820a-3efea7e88a8d;d16b490f-370e-4eeb-ab4f-31c815f60a69;95f835a3-03fe-40f1-a813-4fbfd2842845;J1654;14012;Gjbotanic Sweater knit 
530;7baf0dcb-d1e8-4029-81d0-f02c3b255735;80624cdd-099b-4cea-8f4a-2837f3e08587;c59807ac-0362-4078-94b0-37ea3df6cdd0;S2450;16626;Zeze Shirt woven 
531;57e89490-df1a-40db-bcd6-9dd677e07ddd;61c08d2e-6819-4a64-a866-3e377ff68925;6598b655-3e19-448c-8b4f-ff6a29447b34;M120;8512;Vicom Jeans noos
532;8b30be61-1658-4c01-8607-3493c3da358b;61c08d2e-6819-4a64-a866-3e377ff68925;c6b81db8-29ed-43d6-b14d-0fd913d7ce36;K661;8514;Viblue Jacket noos
533;30d92414-21d6-4e5c-ae8f-3cf5cb474188;988e3625-7d5a-46f9-b93b-f3b15c8d6e61;ba89fcc3-bb1b-42af-a754-2d9f639e43ab;D1520;8679;Ihbelinda Dress season
534;8535d29e-8d7b-48fd-8521-4b8ed15333fa;09358432-a44c-4cb4-b8e6-bf51b403bf39;141f32d6-a5af-49bf-b019-fd28354977f1;J1347;9534;Yu Cardigan hippie
535;ffe50924-2e04-4574-ab5d-caa76b3bb833;09358432-a44c-4cb4-b8e6-bf51b403bf39;141f32d6-a5af-49bf-b019-fd28354977f1;J1346;9535;Yubi Cardigan solid
536;0c2a0437-f094-4ace-bfbe-a6446d963125;09358432-a44c-4cb4-b8e6-bf51b403bf39;95f835a3-03fe-40f1-a813-4fbfd2842845;C1205;9537;Hippie Tshirt french
537;2866fabd-6c86-43c9-9c9b-2e64a262a0bf;1ccbcd7a-f998-416d-bb98-5f9d79ee746e;88ee8b83-a7fe-4c00-8f12-621b209012fd;D1541;10943;Ginger Dress lace
538;ba737468-16b2-4aab-8811-144221366946;cfca4b92-12a6-411c-a62a-a874d00aa735;74ba5e25-afd5-490b-a3a8-2175020c4487;A122;12882;Onlastrid Coat marie
539;ccac13f5-fdc0-4319-bf1e-b8e5a33a0577;a255572f-5a7a-49fc-87de-227acbe413a0;6598b655-3e19-448c-8b4f-ff6a29447b34;M874;16679;Mex Jeans printed 
540;18dea950-03fa-4dc5-b911-17f26bccd327;6ccbab3f-f2e6-4992-9844-ff9446fe1f96;141f32d6-a5af-49bf-b019-fd28354977f1;J587;\N;Lina Cardigan longer
541;65813fa9-0dc8-425f-aba5-85ee7450b3c7;a1f8d89e-04ed-42a9-8c51-dc04cbdd0d18;ba89fcc3-bb1b-42af-a754-2d9f639e43ab;D1681;9898;Closet Dress dakota
542;3891e6d1-d864-4c15-9b4e-8581125dcb4a;f55a7823-4b84-4ca2-b24f-4945f2f27ca9;6598b655-3e19-448c-8b4f-ff6a29447b34;M9;6872;Lola Pant jean 
543;8e76dfa5-b2dc-4c78-b695-df5f4448b747;60f81be4-bc2d-465c-ad62-52551b7c9ad8;c59807ac-0362-4078-94b0-37ea3df6cdd0;S1681;8949;Sienna Shirt flower
544;3c016781-5183-4009-994f-610ff0bf9092;136dab85-c840-420f-bf88-e459483f8796;95f835a3-03fe-40f1-a813-4fbfd2842845;C1150;9033;Samantha T-shirt grace
545;21d36a3f-adc4-4570-917a-261ab53517be;e2b0644a-9365-4b40-a821-2a2266de551d;39792668-5cfd-42c2-8872-ad776e9bad70;T1162;9921;Closet Top brick
546;31c3b1d5-e3e2-41ac-9834-5ded29fdb826;e2b0644a-9365-4b40-a821-2a2266de551d;39792668-5cfd-42c2-8872-ad776e9bad70;T1163;9922;Closet Top chester
547;e592e06f-b178-4ad5-9f60-d60b19d2fef8;e2b0644a-9365-4b40-a821-2a2266de551d;39792668-5cfd-42c2-8872-ad776e9bad70;T1165;9924;Closet Top somerville
548;5eedf9ee-c4e3-4515-a8f0-eaa74699a109;c22a8b00-a91b-4f6f-af11-8553e7c13ea9;95f835a3-03fe-40f1-a813-4fbfd2842845;C849;8610;Madison Tshirt group 
549;f93b41a6-5c8b-4c4a-aa48-09c61b3e6ae3;c373a4f2-a8de-41e8-86a0-04725b575436;2514d6c8-11e6-4692-87b4-dcc1cd18592c;F908;9709;Amalfi Skirt leaf 
550;ce571395-f6e1-4a26-96e9-97ab11b49181;bda0bdf1-d19e-4700-9493-78250dce8a6f;2514d6c8-11e6-4692-87b4-dcc1cd18592c;F1191;11059;Camou Skirt onado
551;766d4df5-2285-45ce-a4ea-c2ba6615b63b;bda0bdf1-d19e-4700-9493-78250dce8a6f;c6b81db8-29ed-43d6-b14d-0fd913d7ce36;K825;11062;Dimas Jacket denim 
552;2c9be4d8-f26a-4880-b47f-0d8e6c83f5e9;d0d22dca-1902-45d3-98f5-4130e62056fa;6598b655-3e19-448c-8b4f-ff6a29447b34;M876;16683;Karl Jeans toxik 
553;203cc4e2-77ba-4193-9185-07fec0c6abe9;8a22fb35-a796-4eed-9c57-06f110e4e3e6;1dc55e58-a5c3-462c-b73d-8dd480de90fc;M199;9423;Trissa Jeans sky 
554;714c9aa8-b165-43e1-9f67-a7032ee1f559;9b5272b3-c05f-4237-913b-61dde0fdb8d0;9c5a3fee-dad0-444a-acb3-c059e2f3db20;P1333;10078;Paniz Short regular
555;98d97429-7a43-4039-bf65-06d5b35d6c57;055096da-3cab-492e-8e19-98e6d2656f1d;95f835a3-03fe-40f1-a813-4fbfd2842845;C1398;13552;Rocisne T-shirt stripes
556;f2f9dafe-6e0c-404a-bb76-9542a0296108;a686154a-8570-40ae-b6a2-dc82842a5e32;ba89fcc3-bb1b-42af-a754-2d9f639e43ab;D1674;9828;Bernice Dress bohck
557;b83d72f0-15f9-425d-86ce-150d27598593;bc72be7a-2bd4-44ff-ab0e-e975e4ee9e96;1b93b30c-833f-45a8-ba69-c21d2e7f4824;J1175;9829;Aure Sweater ward
558;9233067b-69cc-4d1b-9277-fd8fb66a9766;dcbc39f3-9aca-4f28-9a5c-2ddd04da77d8;ba89fcc3-bb1b-42af-a754-2d9f639e43ab;D1955;10922;Senes Dress night 
559;3a913450-55dc-4f04-a03f-105e5044603a;f620512a-1e55-4c69-8208-9c83ed4725a5;95f835a3-03fe-40f1-a813-4fbfd2842845;C1229;11883;Teel Tshirt vneck
560;a1a41905-982b-4433-97d5-adcb9c7504ec;2b8a1779-4e37-420c-9439-222f69ab6790;882ecdf8-325d-4826-a066-1b263e438f09;B413;11885;Filpaule Bag cow
561;3a7f049e-6799-460f-8813-f826a1f74161;23ac65d4-bca2-4119-b4fa-821b224b8d49;c59807ac-0362-4078-94b0-37ea3df6cdd0;S1834;11893;Jrtracy Shirt dots
562;0de48b3e-8e8a-4b71-ac61-26fa1743ff61;23ac65d4-bca2-4119-b4fa-821b224b8d49;6598b655-3e19-448c-8b4f-ff6a29447b34;M823;16177;Jrzeronova Jeans noos 
563;816a75ee-c969-4802-9ebb-8d47662656ec;61c08d2e-6819-4a64-a866-3e377ff68925;c59807ac-0362-4078-94b0-37ea3df6cdd0;C955;8665;Vimelli Tshirt noos
564;34d7b5e3-eeec-43b4-b856-88f9e015c580;988e3625-7d5a-46f9-b93b-f3b15c8d6e61;2514d6c8-11e6-4692-87b4-dcc1cd18592c;F1117;10202;Ihmarrakech Skirt mus
565;3b294f3f-dac3-448f-8015-58132818c03f;988e3625-7d5a-46f9-b93b-f3b15c8d6e61;6598b655-3e19-448c-8b4f-ff6a29447b34;M188;\N;Erin Jeans medium
566;13abd201-df09-48ae-b8d1-e52bdcbfa03c;988e3625-7d5a-46f9-b93b-f3b15c8d6e61;2514d6c8-11e6-4692-87b4-dcc1cd18592c;F882;10203;Ihmarrakech Skirt safari
567;956cc98a-2f6f-46a6-87d4-908f447da4c6;52117e6f-5cc4-4cc9-89c6-6c86be22376c;1dc55e58-a5c3-462c-b73d-8dd480de90fc;P1117;5294;Bona Pant miniprint 
568;7df5c131-4c17-47da-85b1-38e138226e04;988e3625-7d5a-46f9-b93b-f3b15c8d6e61;c6b81db8-29ed-43d6-b14d-0fd913d7ce36;K955;15693;Ihgusto Jacket denim 
569;446b2c64-10b2-4413-856c-ce4dd572c051;a255572f-5a7a-49fc-87de-227acbe413a0;6598b655-3e19-448c-8b4f-ff6a29447b34;M880;16681;City Jeans toxik 
570;07c9a753-2d46-40d2-9328-ec631623a982;81ff4456-9c03-441f-9201-9410cae79d85;95f835a3-03fe-40f1-a813-4fbfd2842845;C1029;8694;Pamila Tshirt lisa 
571;1d668f7d-7541-4972-932c-9bcfab498501;ccb37c7e-efc3-4f3e-9d37-8944756b582f;35405a7d-7018-440b-9d16-76206ac3e224;K683;9041;Deper Parka softy
572;917ed9eb-8d1f-4dce-b2aa-33dd5bf33029;1600fb81-6f8b-4fa2-9ae2-a33420125939;ba89fcc3-bb1b-42af-a754-2d9f639e43ab;D1758;9098;Ara Dress dark
573;7e72f056-365e-44b1-b448-3ed096f73667;dcbc39f3-9aca-4f28-9a5c-2ddd04da77d8;c59807ac-0362-4078-94b0-37ea3df6cdd0;S1893;10160;Senes Shirt sas
574;dbde276d-3185-438a-9b2e-8150f2043626;61c08d2e-6819-4a64-a866-3e377ff68925;95f835a3-03fe-40f1-a813-4fbfd2842845;C938;10303;Vinoel T-shirt noos
575;dda75755-1bb4-4095-b524-84864382c3fa;6a8df4c0-bf3c-4e99-a648-44021ccb15af;2514d6c8-11e6-4692-87b4-dcc1cd18592c;F1209;11158;Charlior Skirt dalmata
576;198338bf-cf31-4da0-9db8-61bc7b184245;c373a4f2-a8de-41e8-86a0-04725b575436;35405a7d-7018-440b-9d16-76206ac3e224;K754;13788;Slay Parka brave
577;d49ff255-3dd0-4f7b-95fa-5e0e1cd8760e;e02a9b8d-2a26-46c6-b5c1-0c8b2e4ff4d4;1dc55e58-a5c3-462c-b73d-8dd480de90fc;P1907;15733;Fqlolly Pant solid 
578;43897fbc-b411-47bd-a487-0524fd7fe413;9ef43878-70f3-43df-959d-49af8b1f580f;2514d6c8-11e6-4692-87b4-dcc1cd18592c;F1633;17413;Arlet Skirt print
579;af725486-9846-42f7-b52a-fbce2235b79f;01009d0a-8f37-4d4f-be76-98a291b37def;3087da56-5a27-4e58-aea7-1555c640f232;X126;11173;Paulie Sweatshirt print 
580;8f7d088d-7c48-40af-9328-53c32df9ea92;c373a4f2-a8de-41e8-86a0-04725b575436;95f835a3-03fe-40f1-a813-4fbfd2842845;C1087;8773;Billi Tshirt embro
581;5bf765fc-ea07-45de-8be0-603622f58e29;91664c1b-3d18-4eab-b3ca-79072c417d45;c59807ac-0362-4078-94b0-37ea3df6cdd0;S1878;10038;Utah Shirt floral 
582;328c7472-ae98-44e8-832f-0ba42e6ac529;c1a88681-f26a-450f-a95f-71af63e1c27e;6598b655-3e19-448c-8b4f-ff6a29447b34;M289;10338;Fano Jeans denim
583;905cfc44-3c43-46ea-8a37-388165bd532e;6ed756bf-7370-46c0-b4df-a53c893b26bb;95f835a3-03fe-40f1-a813-4fbfd2842845;C1114;11267;Aretha Tshirt soya
584;31c2170f-de03-4084-b0f9-10e5ba707185;61397b80-34cc-4af1-93e7-54101a3e9d3a;39792668-5cfd-42c2-8872-ad776e9bad70;J2385;16638;Mix Sweater knit 
585;66c758ff-88a5-43be-bb15-a03c873fc388;d0d22dca-1902-45d3-98f5-4130e62056fa;6598b655-3e19-448c-8b4f-ff6a29447b34;M871;16684;Dainel Jeans toxik 
586;aae3590f-bc9f-4354-b079-a3f0fdd5095b;d16b490f-370e-4eeb-ab4f-31c815f60a69;39792668-5cfd-42c2-8872-ad776e9bad70;T906;8862;Hila Top luxe
587;78553a75-bb48-4235-9986-f90dab696de9;1600fb81-6f8b-4fa2-9ae2-a33420125939;39792668-5cfd-42c2-8872-ad776e9bad70;T1236;8910;Luca Top cerise 
588;174a6386-abc2-49de-b5bb-303bede114b7;52117e6f-5cc4-4cc9-89c6-6c86be22376c;1dc55e58-a5c3-462c-b73d-8dd480de90fc;P1690;10468;Olive Pant alabama
589;de32662c-6444-4720-acb8-c2d0a149ddfb;80624cdd-099b-4cea-8f4a-2837f3e08587;95f835a3-03fe-40f1-a813-4fbfd2842845;C1103;11328;Haiz Tshirt ss
590;18d61972-34bb-4ea5-a08b-bb4f0a5e01e7;80624cdd-099b-4cea-8f4a-2837f3e08587;9c5a3fee-dad0-444a-acb3-c059e2f3db20;P1273;11329;Zea Short pant
591;a8692be4-e23b-493f-b277-e77cdebda33e;6a8df4c0-bf3c-4e99-a648-44021ccb15af;74ba5e25-afd5-490b-a3a8-2175020c4487;A137;13932;Fluffy Coat jcz
592;2b8e6b9f-9773-426c-97f4-b262b59174b4;2b8a1779-4e37-420c-9439-222f69ab6790;39792668-5cfd-42c2-8872-ad776e9bad70;S1464;9504;Charis Shirt film
593;5093150b-777d-47a5-ac27-16530925eac1;2b8a1779-4e37-420c-9439-222f69ab6790;c59807ac-0362-4078-94b0-37ea3df6cdd0;S1461;9505;Candace Shirt film
594;e21c22f3-086d-48db-96e8-c148ad221dd3;2b8a1779-4e37-420c-9439-222f69ab6790;c59807ac-0362-4078-94b0-37ea3df6cdd0;S1462;9506;Cascadia Shirt film
595;6eaa376a-c916-4940-bae2-473308ba560b;6ccbab3f-f2e6-4992-9844-ff9446fe1f96;141f32d6-a5af-49bf-b019-fd28354977f1;J1307;9517;Jana Sweater knit
596;ac5d07f0-2298-46ee-baa0-95288203ca99;ae7e5951-6317-42e5-9d7e-0b7cab5fff0a;c59807ac-0362-4078-94b0-37ea3df6cdd0;S1776;9550;Circle Shirt colors
597;8f6d36f2-6471-44d4-806c-515f698a1b95;91930574-de0a-4e8f-a391-2e2c7bf9ed06;39792668-5cfd-42c2-8872-ad776e9bad70;T1525;11355;Casacche Top wide
598;23278696-377b-4cea-966f-81a5e1c9e402;f620512a-1e55-4c69-8208-9c83ed4725a5;c6b81db8-29ed-43d6-b14d-0fd913d7ce36;K959;16644;Riders Jacket denim 
599;15d179f5-205a-4e9a-ba2d-33e2a25b9027;60f81be4-bc2d-465c-ad62-52551b7c9ad8;88ee8b83-a7fe-4c00-8f12-621b209012fd;Y108;8948;Juas Jumpsuit mika
600;e0b0aa54-b194-4160-91c5-78e847cdfc48;988e3625-7d5a-46f9-b93b-f3b15c8d6e61;2514d6c8-11e6-4692-87b4-dcc1cd18592c;F881;10582;Ihlisa Skirt sweet
601;21f0549a-4136-4005-b332-4841a5a46372;81ff4456-9c03-441f-9201-9410cae79d85;88ee8b83-a7fe-4c00-8f12-621b209012fd;Y103;10583;Hailey Playsuit flower
602;36ac5228-f6c5-4cbd-b97c-db6564ad652e;23d58665-8b33-4a8b-b8cf-be1f0b955112;c6b81db8-29ed-43d6-b14d-0fd913d7ce36;K795;10589;Eyes Jacket bomb
603;b34f2b8c-bfcc-4f3b-bb63-3c5dee6af302;dfd310cc-8f71-4c13-8292-9f10d0c800c5;ba89fcc3-bb1b-42af-a754-2d9f639e43ab;D1784;11407;Una Dress navy
604;848cec5d-1031-4baa-9f9d-8bdd8ac11230;76980fb6-ce4f-4e2a-9958-5cf8fc25e639;1dc55e58-a5c3-462c-b73d-8dd480de90fc;P1235;9007;Powi Pant fit
605;bfbb30db-b515-4eca-b455-f6ddb3139ac8;da790000-672a-45a3-9bf9-4805e90d7f19;ba89fcc3-bb1b-42af-a754-2d9f639e43ab;D1482;8985;Florrie Dress dots 
606;ed69d316-5734-451e-bf31-3ac02025f077;da790000-672a-45a3-9bf9-4805e90d7f19;c59807ac-0362-4078-94b0-37ea3df6cdd0;S1199;8986;Catrina Shirt cats 
607;b36a0408-f9e7-4c69-b953-d56f3d76b301;23d58665-8b33-4a8b-b8cf-be1f0b955112;2514d6c8-11e6-4692-87b4-dcc1cd18592c;F1235;11500;Ycoo Skirt cat
608;4f043918-306c-4cd7-9e91-46d6d0e9400e;921d101c-6d05-4d3a-94fa-b50b955f0561;95f835a3-03fe-40f1-a813-4fbfd2842845;C2309;17423;Linen T-shirt stripes
609;92f96835-501e-4fd9-9cf6-57f9c782dda1;e0c5939f-1f3f-44c9-b786-8154fdaa6cac;c59807ac-0362-4078-94b0-37ea3df6cdd0;S1486;10833;Esprit Shirt flow
610;8117d8ca-b8af-4b74-a169-110f2b3da503;dfd310cc-8f71-4c13-8292-9f10d0c800c5;1dc55e58-a5c3-462c-b73d-8dd480de90fc;M469;11661;Hwbella Jeans holly
611;f8ba2796-dbbc-4ffa-be6a-d3f0907e56a5;6ad0756c-5e2a-4caa-8c9a-deaab7cdcf96;39792668-5cfd-42c2-8872-ad776e9bad70;J1547;11665;Plisse Sweater noir
612;7d16976a-7dd2-473e-922a-aeddf0dba7b2;81ff4456-9c03-441f-9201-9410cae79d85;1b93b30c-833f-45a8-ba69-c21d2e7f4824;J1400;14188;Bynian Sweater oneck
613;c7bf7ed7-22f9-4a93-967c-325492bc46b3;81ff4456-9c03-441f-9201-9410cae79d85;1b93b30c-833f-45a8-ba69-c21d2e7f4824;J1555;14189;Bymalea Sweater rollneck
614;0b4ff44f-a3a2-472a-8c97-5540bf56bcf1;f55a7823-4b84-4ca2-b24f-4945f2f27ca9;c6b81db8-29ed-43d6-b14d-0fd913d7ce36;K477;8468;Visti Jacket bomber 
615;8d322b3a-308c-4703-a943-710ea3a3df08;921f8c67-2a93-4329-9247-c4153183b04b;6598b655-3e19-448c-8b4f-ff6a29447b34;P1456;8491;Than Pant place 
616;d21a3c3c-b6dc-417e-91b6-dd9b2f745475;921d101c-6d05-4d3a-94fa-b50b955f0561;c6b81db8-29ed-43d6-b14d-0fd913d7ce36;K556;8504;Eos Jacket peach 
617;37e3d8f4-951c-4b2e-95d0-5eb21a2866b0;202035b6-3728-4b23-ae73-ce618311e91e;c6b81db8-29ed-43d6-b14d-0fd913d7ce36;K708;9568;Bomb Jacket gold
618;9ba7ad5b-8fd4-4cc3-b557-c71533efae68;921d101c-6d05-4d3a-94fa-b50b955f0561;95f835a3-03fe-40f1-a813-4fbfd2842845;S1366;9595;Inside Shirt print
619;457462ef-1e4e-4476-8081-6ebbcebebd86;406ec09b-8c5c-4e3e-8412-f0033e0364d8;c59807ac-0362-4078-94b0-37ea3df6cdd0;S1717;9625;Kilibbi Shirt print
620;b02cc7b2-d5f6-485e-bc2b-d6baafc4eaa4;e4c97e4e-1141-497f-b38c-3b7c0cae9ec4;2514d6c8-11e6-4692-87b4-dcc1cd18592c;F890;9630;Pcsky Skirt aop
621;1a7531fc-aa8e-4d7b-b75c-bed3ba7567d5;921d101c-6d05-4d3a-94fa-b50b955f0561;3087da56-5a27-4e58-aea7-1555c640f232;S1252;8505;Contrast Shirt hem 
622;11d9d5c8-f761-43aa-8c18-538ebba2af82;9fead4cd-d80d-4488-be05-beddd6b45fb5;1dc55e58-a5c3-462c-b73d-8dd480de90fc;P1278;8507;Vera Pant deep 
623;d46cc604-60d3-43e3-a27a-9211b7e0e12b;a1f8d89e-04ed-42a9-8c51-dc04cbdd0d18;b263ba41-adab-4a83-a3e0-2766522f5aec;Q342;9980;Limba Foulard closet
624;0b54c19f-a622-4ded-8279-f9ceeea2bbc3;a1f8d89e-04ed-42a9-8c51-dc04cbdd0d18;b263ba41-adab-4a83-a3e0-2766522f5aec;Q337;9981;Lyris Foulard closet
625;b5ad694f-ed83-43b0-8362-67a73db8fda2;61c08d2e-6819-4a64-a866-3e377ff68925;1b93b30c-833f-45a8-ba69-c21d2e7f4824;J1383;11827;Vianta Sweater knit
626;aa577258-3cb0-4aa7-8039-d86b84090aed;a1f8d89e-04ed-42a9-8c51-dc04cbdd0d18;b263ba41-adab-4a83-a3e0-2766522f5aec;Q410;16242;Lincoln Scarf closet 
627;fa987964-6f2d-47af-a278-bfb67107f603;c76ff1d5-8d0f-459f-9664-a7e405bdfa38;2514d6c8-11e6-4692-87b4-dcc1cd18592c;F860;10936;Fragola Skirt stripes 
628;cb97b1da-167e-4f04-83a0-5aea83177eb7;dd7382b1-6d80-4e80-b3fe-ab0eb0947c4e;6598b655-3e19-448c-8b4f-ff6a29447b34;M568;\N;Alexa Jeans milan 
629;abb70ab0-324c-4752-a6e9-db6ab233e8c1;e0c5939f-1f3f-44c9-b786-8154fdaa6cac;1b93b30c-833f-45a8-ba69-c21d2e7f4824;T1969;16691;India Top sweaters 
630;8ee7103f-a481-4bdf-86f3-05ce2f81dc1b;109eb926-eabe-4933-9172-6ff8a5c95ac7;1b93b30c-833f-45a8-ba69-c21d2e7f4824;C1505;16692;Agnes T-shirt off 
631;1b1d1ee5-4922-4736-a4b9-10fe798f2cd4;6baa0e97-2a91-43cf-843f-bbac6e5ed509;c59807ac-0362-4078-94b0-37ea3df6cdd0;S1688;9219;Laia Shirt rue
632;18525073-4947-482c-8753-7d0a956273cb;e02a9b8d-2a26-46c6-b5c1-0c8b2e4ff4d4;39792668-5cfd-42c2-8872-ad776e9bad70;S1335;10630;Ally Shirt bright 
633;7d82bfc2-4644-4c87-8a7e-2010cd85a369;1ccbcd7a-f998-416d-bb98-5f9d79ee746e;6598b655-3e19-448c-8b4f-ff6a29447b34;M693;16733;Lilly Jeans comfort 
634;930eb14b-bd4e-411e-a679-9ea7e1598ac9;e7d3ebfe-6f9f-4d28-b3b4-96b4875b2af3;95f835a3-03fe-40f1-a813-4fbfd2842845;C999;9442;Linen Shirt vneck
635;a200b3ba-9ca3-42a9-9ca2-f401ee1eca97;6a8df4c0-bf3c-4e99-a648-44021ccb15af;c6b81db8-29ed-43d6-b14d-0fd913d7ce36;K713;9367;Athlete Jacket bomb
636;c3314789-1c1a-4418-9daa-b5e5392efc37;e02a9b8d-2a26-46c6-b5c1-0c8b2e4ff4d4;07bee010-39f3-4200-9250-c1524842e6a6;K567;9439;Ronja Jacket blazer
637;54732b17-da1a-47c2-b400-c14037f4d402;e6b1b7ee-3782-4abd-b0f7-72fdd79ceb7f;c59807ac-0362-4078-94b0-37ea3df6cdd0;S1682;9476;Riz Shirt sew
638;00c7bc77-ac02-4fe6-83c8-26a4bd2f3e02;3bf63b3d-7c2f-47a4-81bc-6ad2452245d7;6598b655-3e19-448c-8b4f-ff6a29447b34;M598;\N;Carwilly Jeans skinny 
639;088cf6b1-b7d8-414b-a707-b324582d9f73;e6b1b7ee-3782-4abd-b0f7-72fdd79ceb7f;c59807ac-0362-4078-94b0-37ea3df6cdd0;S1471;9481;Evadne Shirt sew
640;0dd65aa3-9bab-4ce5-bb6c-fa72113c66d2;921d101c-6d05-4d3a-94fa-b50b955f0561;c59807ac-0362-4078-94b0-37ea3df6cdd0;S1512;10094;Stripemix Shirt collar
641;17595038-4b0e-49b6-ac9c-869fbff12bda;6ccbab3f-f2e6-4992-9844-ff9446fe1f96;2514d6c8-11e6-4692-87b4-dcc1cd18592c;F1116;10095;Oahu Skirt lili
642;d24e98d6-8545-4c62-a3a7-cfda7f740db6;e02a9b8d-2a26-46c6-b5c1-0c8b2e4ff4d4;95f835a3-03fe-40f1-a813-4fbfd2842845;C1345;11958;Frsaint T-shirt sms
643;fe10b04a-7743-4482-b146-4372eb72cee7;e4c97e4e-1141-497f-b38c-3b7c0cae9ec4;6598b655-3e19-448c-8b4f-ff6a29447b34;M393;11962;Pcasta Jeans straight
644;058f4cf3-7013-464e-a620-49891f73c0a6;e4c97e4e-1141-497f-b38c-3b7c0cae9ec4;b263ba41-adab-4a83-a3e0-2766522f5aec;Q362;14489;Pchavana Scarf square 
645;018c269e-bc72-4161-a3f8-3a65eea2f9fe;da790000-672a-45a3-9bf9-4805e90d7f19;1b93b30c-833f-45a8-ba69-c21d2e7f4824;J1330;12786;Livvy Sweater block 
646;c0c2b93f-5bf7-4b21-9c7d-a0150c845e56;45702471-835a-4967-a38b-c910df5a5b31;1b93b30c-833f-45a8-ba69-c21d2e7f4824;J1309;9518;Cherry Sweater tie
647;82dcf130-2d5e-4f7d-b7fd-0f43c437a74e;09358432-a44c-4cb4-b8e6-bf51b403bf39;ba89fcc3-bb1b-42af-a754-2d9f639e43ab;D1796;9523;Hippie Dress mustard
648;271ebfb9-4945-49ed-b39e-2f30101fc30c;a1f8d89e-04ed-42a9-8c51-dc04cbdd0d18;c59807ac-0362-4078-94b0-37ea3df6cdd0;S1441;9877;Closet Shirt iowa 
649;d6697aad-e227-4bda-bdb9-fabb3f374bdf;61c08d2e-6819-4a64-a866-3e377ff68925;c59807ac-0362-4078-94b0-37ea3df6cdd0;S1276;10068;Viatta Shirt parda
650;98d3a64c-7503-4cff-9a1a-562d4fd98cb6;45ebfaa9-5ebf-4239-8e7f-6fc626344ee3;1dc55e58-a5c3-462c-b73d-8dd480de90fc;P1538;10070;Pirme Pant best
651;2fcee9c5-0173-40f4-94a5-49ec6d46449e;dd17f8ec-1667-4ebc-86cb-b2398a8cbbfa;1b93b30c-833f-45a8-ba69-c21d2e7f4824;J1839;16211;Bess Sweater knit 
652;d1a3dfa8-e961-4de3-aefb-efedf382f1c2;17e6c981-001d-41b0-9816-16425ffeef0d;6598b655-3e19-448c-8b4f-ff6a29447b34;M230;10942;Oces Jeans skinny
653;0aba39d9-0112-44fa-8969-57d0b3db7bd7;e2b0644a-9365-4b40-a821-2a2266de551d;c59807ac-0362-4078-94b0-37ea3df6cdd0;S2068;12158;Nudbarroco Shirt modal
654;5b476ca2-0d57-45fe-8166-fccdc7fff194;e2b0644a-9365-4b40-a821-2a2266de551d;c6b81db8-29ed-43d6-b14d-0fd913d7ce36;K1030;15878;Junco Jackect kimono 
655;b0903766-034e-49ab-8252-6a5309b6f193;5a9ca2a1-b909-4a25-ba92-51793e42b8be;1b93b30c-833f-45a8-ba69-c21d2e7f4824;J1815;16655;Shverenice Sweater knit
656;00855490-a542-4e22-b915-3c9a3f3d8663;d16b490f-370e-4eeb-ab4f-31c815f60a69;39792668-5cfd-42c2-8872-ad776e9bad70;C2053;16203;Moon Tshirt dark 
657;c7e579dd-09a1-4b6a-8605-c28cafdb27a7;9b5272b3-c05f-4237-913b-61dde0fdb8d0;9c5a3fee-dad0-444a-acb3-c059e2f3db20;P1328;10083;Eriel Short loose 
658;923dba31-ec3e-4289-b79b-6ea96491aada;9b5272b3-c05f-4237-913b-61dde0fdb8d0;1dc55e58-a5c3-462c-b73d-8dd480de90fc;P1336;10084;Parastoo Pant comfort
659;e70e551e-f46c-4bf5-90af-c6c50497c2a0;25e70ebf-206f-4be2-a626-9980e36fdda3;3087da56-5a27-4e58-aea7-1555c640f232;X118;10655;Elise Sweatshirt hoody
660;b4197ea3-5ce4-46d1-a08e-548c900fd2a8;6a8df4c0-bf3c-4e99-a648-44021ccb15af;2514d6c8-11e6-4692-87b4-dcc1cd18592c;F1185;11035;Charlior Skirt mustard
661;d3a0f255-40cb-4baf-b8f8-6cf65e6d9142;3bf63b3d-7c2f-47a4-81bc-6ad2452245d7;39792668-5cfd-42c2-8872-ad776e9bad70;T1106;11324;Carmira Top strap
662;060864de-e640-492d-a01b-50abe09670ee;9ef43878-70f3-43df-959d-49af8b1f580f;2514d6c8-11e6-4692-87b4-dcc1cd18592c;F1458;14671;Sulay Skirt printed
663;d6f65bc5-45f6-49b7-8d3b-4a7ea2964d75;8a22fb35-a796-4eed-9c57-06f110e4e3e6;c59807ac-0362-4078-94b0-37ea3df6cdd0;S2348;16898;Srblaze Shirt printed 
664;8c38f4f4-241e-4ff7-834e-d5b7c03d400c;8a22fb35-a796-4eed-9c57-06f110e4e3e6;c59807ac-0362-4078-94b0-37ea3df6cdd0;S2347;16899;Srhannah Shirt solid 
665;dacc6570-6aca-4b0a-801e-e5a63be27a77;6a8df4c0-bf3c-4e99-a648-44021ccb15af;1dc55e58-a5c3-462c-b73d-8dd480de90fc;P1458;8544;Juse Pant charlior 
666;4cd9d9d8-5aaf-45cb-99f5-37e5076a7d65;ae7e5951-6317-42e5-9d7e-0b7cab5fff0a;141f32d6-a5af-49bf-b019-fd28354977f1;J1344;9547;Blus Cardigan season 
667;4dc4afbd-8568-47e6-bdff-8bd32ae63306;f55a7823-4b84-4ca2-b24f-4945f2f27ca9;2514d6c8-11e6-4692-87b4-dcc1cd18592c;F857;10138;Addi Skirt even
668;997c270b-f6c1-4c49-9548-5ca8eb058122;9b5272b3-c05f-4237-913b-61dde0fdb8d0;c59807ac-0362-4078-94b0-37ea3df6cdd0;S1882;10087;Paigee Shirt brand 
669;57fae03f-5950-40a4-8f13-1dd28929545b;1600fb81-6f8b-4fa2-9ae2-a33420125939;c59807ac-0362-4078-94b0-37ea3df6cdd0;S2043;10900;Tulipan Shirt cerise 
670;ec8899f5-3c32-4c69-b5fe-5f1c26f8a583;a686154a-8570-40ae-b6a2-dc82842a5e32;882ecdf8-325d-4826-a066-1b263e438f09;B424;12199;Bocapple Bag suede 
671;b17a923b-c6b8-4b18-9985-2aeb826c0b5f;52117e6f-5cc4-4cc9-89c6-6c86be22376c;1dc55e58-a5c3-462c-b73d-8dd480de90fc;P1728;10946;Olive Pant miniprint 
672;9b112cac-0e28-4e28-86d0-c0c4995ebc89;67b4106f-ce58-4ea9-8912-9b6e3e32d203;ba89fcc3-bb1b-42af-a754-2d9f639e43ab;D1539;10282;Bsfatima Dress print
673;d141fd4c-7eba-47a3-8a12-81c00c91b995;67b4106f-ce58-4ea9-8912-9b6e3e32d203;95f835a3-03fe-40f1-a813-4fbfd2842845;C1080;10274;Bsbernadette Tshirt peacoat
674;fb2f2bd4-e992-4614-bada-0c64813c6100;199da221-79cf-44b0-932d-d90ffa244ae5;95f835a3-03fe-40f1-a813-4fbfd2842845;C1429;11382;Canotta Tshirt fluor
675;827849ac-e8f5-42c0-9f01-afc8b40874d3;a1f8d89e-04ed-42a9-8c51-dc04cbdd0d18;1dc55e58-a5c3-462c-b73d-8dd480de90fc;P2029;16299;Constella Pant closet 
676;51b3428a-5798-4de8-9dc7-ee5aa0ff59eb;e0c5939f-1f3f-44c9-b786-8154fdaa6cac;95f835a3-03fe-40f1-a813-4fbfd2842845;C1551;16694;Evelyn T-shirt Stripes 
677;94497ffb-c30f-4286-aa03-4f5a439463d5;1ccbcd7a-f998-416d-bb98-5f9d79ee746e;88ee8b83-a7fe-4c00-8f12-621b209012fd;Y185;16735;Jacker Jumpsuit striped 
678;f85e10be-6a9c-4b0a-a7c3-e2d42e533f22;52117e6f-5cc4-4cc9-89c6-6c86be22376c;1dc55e58-a5c3-462c-b73d-8dd480de90fc;P1726;10947;Olivia Pant vichy 
679;3387ffb5-63f7-4099-a3da-f4b59ba52c1c;c1a88681-f26a-450f-a95f-71af63e1c27e;c59807ac-0362-4078-94b0-37ea3df6cdd0;S1756;10332;Vono Shirt point
680;05035bb6-bb87-4825-afee-9685be01f279;9fead4cd-d80d-4488-be05-beddd6b45fb5;2514d6c8-11e6-4692-87b4-dcc1cd18592c;F874;11157;Kadaluz Skirt plaid
681;f4883dd5-5793-413c-a580-fc5fe7278ea7;e0c5939f-1f3f-44c9-b786-8154fdaa6cac;1dc55e58-a5c3-462c-b73d-8dd480de90fc;M610;16697;Keire Jeans chino 
682;4251bb10-e061-43a6-8701-30b6526909ee;17e6c981-001d-41b0-9816-16425ffeef0d;95f835a3-03fe-40f1-a813-4fbfd2842845;C2027;11896;Golden T-shirt summer
683;c3e3645a-aa19-40a2-91c9-2570bce5402a;10978e4c-57de-4f45-9b35-f304ca89875e;ba89fcc3-bb1b-42af-a754-2d9f639e43ab;D1838;13522;Simone Dress floral
684;6ff5fff6-aff1-4233-b836-6fd31f4c4d05;b767f189-d40b-49cc-adf1-fc4ee11438d7;c59807ac-0362-4078-94b0-37ea3df6cdd0;S2229;\N;Vmindia Shirt noos 
685;7d934d02-0851-48de-8b6b-428e33d43b7d;6a8df4c0-bf3c-4e99-a648-44021ccb15af;95f835a3-03fe-40f1-a813-4fbfd2842845;C1427;11346;Stripes T-shirt charlior
686;d5c4efd7-2dea-4572-86fc-1609e4703417;a1f8d89e-04ed-42a9-8c51-dc04cbdd0d18;ba89fcc3-bb1b-42af-a754-2d9f639e43ab;D1977;12176;Clocollage Dress modal
687;dc7737d7-81cf-43a0-b5ae-e187e23ac68b;ab95a726-f520-4428-bf42-44f8c5722fda;39792668-5cfd-42c2-8872-ad776e9bad70;T1609;16663;Shnauplia Top miniprint
688;01141fa7-9b06-4716-834a-a82e77d25e94;cfca4b92-12a6-411c-a62a-a874d00aa735;35405a7d-7018-440b-9d16-76206ac3e224;A103;8058;Onlnorth Coat nylon 
689;27a92f07-742b-43e0-98e4-b7c23a4bfc2e;6ad0756c-5e2a-4caa-8c9a-deaab7cdcf96;c59807ac-0362-4078-94b0-37ea3df6cdd0;S1766;11413;Jeanne Shirt dusty
690;5b82abfc-4968-4cee-9479-6b123b22e677;6ad0756c-5e2a-4caa-8c9a-deaab7cdcf96;9c5a3fee-dad0-444a-acb3-c059e2f3db20;P1519;11415;Naomi Pant short
691;604c0a9a-141c-4538-93c6-44be1b65babd;6ad0756c-5e2a-4caa-8c9a-deaab7cdcf96;9c5a3fee-dad0-444a-acb3-c059e2f3db20;P1520;11416;Naomi Pant short
692;9fdb4f94-ae53-4eb1-896b-78e4517a2cb8;68d6b1fc-233d-4346-b9d3-cd712c54b847;ba89fcc3-bb1b-42af-a754-2d9f639e43ab;D2035;11445;Noreli Dress noir
693;7f62e0fb-e6c1-4347-80f4-ded8a5f6a145;60f81be4-bc2d-465c-ad62-52551b7c9ad8;88ee8b83-a7fe-4c00-8f12-621b209012fd;Y160;12360;Stripe Jumpsuit pinny
694;72d43a8a-cc38-41b5-9f2d-4d7f1ecfb18f;6ed756bf-7370-46c0-b4df-a53c893b26bb;95f835a3-03fe-40f1-a813-4fbfd2842845;C2081;16147;Scmaric Tshirt off
695;6072c9cb-cfa6-418d-9a7b-b0db055a082d;9ef43878-70f3-43df-959d-49af8b1f580f;9c5a3fee-dad0-444a-acb3-c059e2f3db20;P1676;10382;Majolica Short solid
696;8779c76a-4ea7-4a82-bcf2-33061329c6bb;9ef43878-70f3-43df-959d-49af8b1f580f;c59807ac-0362-4078-94b0-37ea3df6cdd0;S1923;10373;Summer Shirt majolica
697;6d892726-7b23-4268-b433-f23f49d49a65;1600fb81-6f8b-4fa2-9ae2-a33420125939;88ee8b83-a7fe-4c00-8f12-621b209012fd;Y140;11460;Cerise Playsuit tokyo
698;bc972c9b-a93f-4be7-bc24-c86dee674ebf;e4c97e4e-1141-497f-b38c-3b7c0cae9ec4;1dc55e58-a5c3-462c-b73d-8dd480de90fc;P1594;12474;Pchipa Pant pieces
699;a99551fc-9d2a-4d39-a61a-1be1b3e62fdd;7d82a2a5-1eee-425d-a914-ace3d7864a26;39792668-5cfd-42c2-8872-ad776e9bad70;T798;\N;Akoz Top solid 
700;4d35ffd5-178e-4d0b-a30b-764408acc88e;e02a9b8d-2a26-46c6-b5c1-0c8b2e4ff4d4;95f835a3-03fe-40f1-a813-4fbfd2842845;S1337;10573;Merle Shirt stripe
701;13a93944-e358-4785-a4b6-c4f02ea89a78;b6758f9e-102c-4d39-98b2-b4c5e7a8d6c2;1dc55e58-a5c3-462c-b73d-8dd480de90fc;P1390;10575;Objpamela Pant poppy
702;4ed7d784-4913-4d0c-9a23-e6d1a6de8de3;23ac65d4-bca2-4119-b4fa-821b224b8d49;c59807ac-0362-4078-94b0-37ea3df6cdd0;T1319;11916;Jrsavia Shirt sleeve
703;835a0ea2-bf17-403e-a342-8f94909d2458;f620512a-1e55-4c69-8208-9c83ed4725a5;c59807ac-0362-4078-94b0-37ea3df6cdd0;S1974;12746;Tailor Shirt blouse
704;58470600-152e-4289-bcb7-57e677f55017;9ef43878-70f3-43df-959d-49af8b1f580f;c59807ac-0362-4078-94b0-37ea3df6cdd0;S1538;8554;Majo Shirt geo 
705;e8478bde-0281-44a1-b522-68eb0516deab;e02a9b8d-2a26-46c6-b5c1-0c8b2e4ff4d4;1dc55e58-a5c3-462c-b73d-8dd480de90fc;P1540;12515;Aida Pant camo
706;f8abdd54-68a4-4c7c-a9ca-73390630c546;109eb926-eabe-4933-9172-6ff8a5c95ac7;95f835a3-03fe-40f1-a813-4fbfd2842845;C1503;16737;Fashion T-shirt collection 
707;736f8232-30b1-4d7f-a07f-6cdb8e388087;a1f8d89e-04ed-42a9-8c51-dc04cbdd0d18;ba89fcc3-bb1b-42af-a754-2d9f639e43ab;D1679;9880;Closet Dress vania 
708;4f846ff7-4145-4a1d-8932-f6750c7d5b11;c3159d66-c344-4f24-bee1-1d5966e567d6;ba89fcc3-bb1b-42af-a754-2d9f639e43ab;D1890;10617;French Dress eleonore
709;3d0ed38f-6aa2-4d76-8148-9a7fc4960772;e02a9b8d-2a26-46c6-b5c1-0c8b2e4ff4d4;3087da56-5a27-4e58-aea7-1555c640f232;J1360;12513;Fuma Sweater night
710;09d0f367-a395-4607-8ff1-57b7cbd4f3ff;e02a9b8d-2a26-46c6-b5c1-0c8b2e4ff4d4;95f835a3-03fe-40f1-a813-4fbfd2842845;C1220;12514;Ivy Tshirt mix
711;0f950e4e-18c7-4a93-bf0f-50f94a8a81c6;c373a4f2-a8de-41e8-86a0-04725b575436;35405a7d-7018-440b-9d16-76206ac3e224;K995;16739;Rave Parka windstop 
712;9838fda9-2ba6-4575-97d2-e143e360cd18;c3159d66-c344-4f24-bee1-1d5966e567d6;ba89fcc3-bb1b-42af-a754-2d9f639e43ab;D1889;10623;French Dress fifine
713;514dc57a-e77c-4fd0-be21-3500528dfdc0;6ad0756c-5e2a-4caa-8c9a-deaab7cdcf96;ba89fcc3-bb1b-42af-a754-2d9f639e43ab;D1779;10749;Isa Dress dusty
714;c7ab9599-94fe-47e8-90b9-282b09deb8d3;9ef43878-70f3-43df-959d-49af8b1f580f;ba89fcc3-bb1b-42af-a754-2d9f639e43ab;D2768;17443;Marga Dress majolica 
715;81efe32e-ea19-4199-aa33-e8f8ce8d4dd9;6ad0756c-5e2a-4caa-8c9a-deaab7cdcf96;1b93b30c-833f-45a8-ba69-c21d2e7f4824;C1184;10750;Rupo Tshirt polo
716;74648d78-662e-4c0b-9e19-567d7dea721b;af4acb4b-5bd2-4d87-8bd2-fe5d0ccae443;882ecdf8-325d-4826-a066-1b263e438f09;B443;16700;Esprit Bag shopper 
717;c942f5ad-709f-46c6-b7f9-521448877467;1600fb81-6f8b-4fa2-9ae2-a33420125939;2514d6c8-11e6-4692-87b4-dcc1cd18592c;F1172;10911;Hearts Skirt mini
718;1e4c7d1f-16bb-4047-abb7-fa469f352d37;988e3625-7d5a-46f9-b93b-f3b15c8d6e61;1b93b30c-833f-45a8-ba69-c21d2e7f4824;J1556;12571;Fabiola Sweater basic
719;500f5dc5-e4ac-4f37-aa8d-5e10284baf49;c373a4f2-a8de-41e8-86a0-04725b575436;1b93b30c-833f-45a8-ba69-c21d2e7f4824;J1614;13810;Bstangier Sweater neck
720;30c9f937-4bbc-48d5-856c-8f07e7f2daa4;c373a4f2-a8de-41e8-86a0-04725b575436;141f32d6-a5af-49bf-b019-fd28354977f1;J1635;13811;Bshugo Cardigan acrilic
721;86509a45-7068-4d85-978a-633c9ef2f10b;da790000-672a-45a3-9bf9-4805e90d7f19;1b93b30c-833f-45a8-ba69-c21d2e7f4824;J1332;\N;Stacey Sweater sleeve 
722;3f6ce391-b395-490d-bdcd-d7361953f8f7;1600fb81-6f8b-4fa2-9ae2-a33420125939;c59807ac-0362-4078-94b0-37ea3df6cdd0;S2058;10917;Minie Shirt cerise
723;6e09ba78-5a3f-4971-abfe-93d3d4626a75;988e3625-7d5a-46f9-b93b-f3b15c8d6e61;2514d6c8-11e6-4692-87b4-dcc1cd18592c;F1091;12576;Ihjamina Skirt palace
724;c7301b0f-31b7-44df-89b4-a766afdc791e;a1f8d89e-04ed-42a9-8c51-dc04cbdd0d18;2514d6c8-11e6-4692-87b4-dcc1cd18592c;F1422;15883;Panther Skirt closet 
725;6f8a2f84-9ef6-411a-86b0-8c43e06fbd62;61c08d2e-6819-4a64-a866-3e377ff68925;9c5a3fee-dad0-444a-acb3-c059e2f3db20;P1784;16219;Visofina Short noos 
726;34305014-f3d3-4682-a5f2-d2e94315d6ad;81ff4456-9c03-441f-9201-9410cae79d85;ba89fcc3-bb1b-42af-a754-2d9f639e43ab;D1525;8700;Rizetta Dress copen 
727;4dae66e6-1975-41d9-bc4e-4a962890eb0d;c22a8b00-a91b-4f6f-af11-8553e7c13ea9;141f32d6-a5af-49bf-b019-fd28354977f1;J905;8701;Lulu Cardigan pep 
728;d6ba9618-6a4b-4ba0-9bfa-51325717bfde;ae7e5951-6317-42e5-9d7e-0b7cab5fff0a;1b93b30c-833f-45a8-ba69-c21d2e7f4824;J1342;9545;Buttons Sweater back 
729;a4e0758c-5d1c-4e4b-af45-70e71d333f47;988e3625-7d5a-46f9-b93b-f3b15c8d6e61;95f835a3-03fe-40f1-a813-4fbfd2842845;C1241;12050;Ihluna Tshirt ichi
730;2506d714-c454-43a0-be14-506b451b6847;e2b0644a-9365-4b40-a821-2a2266de551d;39792668-5cfd-42c2-8872-ad776e9bad70;T2023;15885;Tropic Top nude 
731;94024d51-c692-42cd-a844-f8e988d7c178;1600fb81-6f8b-4fa2-9ae2-a33420125939;c59807ac-0362-4078-94b0-37ea3df6cdd0;S2059;10918;Helene Shirt cerise
732;24f6a100-b622-4bfb-a439-abab37f214b7;921d101c-6d05-4d3a-94fa-b50b955f0561;39792668-5cfd-42c2-8872-ad776e9bad70;S2830;17248;Laila Shirt striped 
733;c2503e9f-f228-42bc-afa0-feed242bb80d;988e3625-7d5a-46f9-b93b-f3b15c8d6e61;95f835a3-03fe-40f1-a813-4fbfd2842845;C1127;10919;Ihmoto Tshirt wide
734;58598bf2-b2af-4add-a812-d99627e63ab8;09358432-a44c-4cb4-b8e6-bf51b403bf39;ba89fcc3-bb1b-42af-a754-2d9f639e43ab;D1984;11054;Itsolid Dress hippie 
735;c083011c-c400-4e96-8504-d0b0c7717327;f620512a-1e55-4c69-8208-9c83ed4725a5;39792668-5cfd-42c2-8872-ad776e9bad70;T1439;12739;Ttoven Top v-neck 
736;3bc9eff2-fc60-4165-8feb-1e0ea125cb8f;80624cdd-099b-4cea-8f4a-2837f3e08587;1dc55e58-a5c3-462c-b73d-8dd480de90fc;P1571;13837;Celes Pant zeze
737;d2421f08-2464-4975-974b-58da4f1980f0;80624cdd-099b-4cea-8f4a-2837f3e08587;141f32d6-a5af-49bf-b019-fd28354977f1;J1421;13838;Zare Cardigan kompa
738;e27b9f2f-7479-4df1-b6b8-68d3aeb42f0e;09358432-a44c-4cb4-b8e6-bf51b403bf39;ba89fcc3-bb1b-42af-a754-2d9f639e43ab;D2097;11998;Simas Dress hippie
739;767c0c08-d8b2-4d1c-8501-1769eaf35089;10978e4c-57de-4f45-9b35-f304ca89875e;141f32d6-a5af-49bf-b019-fd28354977f1;J1530;11196;Darcey Cardigan organic 
740;1307eb79-604f-4b7b-9530-1f1e7aa807f1;e2ed2d6d-895f-4d78-85f0-60805c02013b;1dc55e58-a5c3-462c-b73d-8dd480de90fc;P2219;16345;Spot Pant leg 
741;23ec5cfd-652c-41db-bfd8-e2e43ef5921d;8a22fb35-a796-4eed-9c57-06f110e4e3e6;2514d6c8-11e6-4692-87b4-dcc1cd18592c;F1301;16901;Srmoira Skirt midi 
742;74ebf5b7-6dd2-4e8b-9e9b-43f80a6167fc;c92b024d-9dc7-45a7-8de0-b6b6980c16db;1b93b30c-833f-45a8-ba69-c21d2e7f4824;J2355;16902;Cassey Sweater vneck 
743;ab964cd7-7d6e-4da8-8baa-8ca446ebbcaa;1600fb81-6f8b-4fa2-9ae2-a33420125939;39792668-5cfd-42c2-8872-ad776e9bad70;T467;2781;Mina Top klein 
744;bde4e324-360d-47a7-b117-64d155f17f42;1600fb81-6f8b-4fa2-9ae2-a33420125939;ba89fcc3-bb1b-42af-a754-2d9f639e43ab;D2040;11466;Cerise Dress solid 
745;bba616f4-3fd2-468a-a83d-fa3c23bdc3fc;cfca4b92-12a6-411c-a62a-a874d00aa735;6598b655-3e19-448c-8b4f-ff6a29447b34;M492;11526;Onlcar Jeans noos
746;69528add-7a5b-4e42-a87a-c33260ea9afd;cfca4b92-12a6-411c-a62a-a874d00aa735;1b93b30c-833f-45a8-ba69-c21d2e7f4824;J1729;\N;Onlregitze Sweater noos
747;75576053-819c-4d6d-97f1-67167e9943bb;6ed756bf-7370-46c0-b4df-a53c893b26bb;c6b81db8-29ed-43d6-b14d-0fd913d7ce36;K952;\N;Scdaniela Jacket blazer 
748;5cebbbbd-93f2-45c3-96bd-b082b6b88014;9ef43878-70f3-43df-959d-49af8b1f580f;ba89fcc3-bb1b-42af-a754-2d9f639e43ab;D2761;17409;Eli Dress print 
749;7ef82697-440b-4bfd-bf70-e073961e4d40;bcdc75ed-99e1-4efe-9912-2805ca4a0105;c6b81db8-29ed-43d6-b14d-0fd913d7ce36;K1215;\N;Laura Jacket soft 
750;92cf454b-a209-4bd2-b413-5a50dd72444d;72080cba-8970-4386-9a07-e896ed44d999;95f835a3-03fe-40f1-a813-4fbfd2842845;S2832;17252;Alexa Shirt melagne 
751;18064421-0c98-4450-84fc-729117121ba5;9ef43878-70f3-43df-959d-49af8b1f580f;88ee8b83-a7fe-4c00-8f12-621b209012fd;Y206;17446;Miniprint Jumpsuit maj 
752;9d71fb09-0ede-4469-b20a-5938917ecbd2;81ff4456-9c03-441f-9201-9410cae79d85;1dc55e58-a5c3-462c-b73d-8dd480de90fc;P1564;12626;Bydanta Pant belt 
753;b8ba1a7e-5a46-4bc9-a258-73e734b0abbc;988e3625-7d5a-46f9-b93b-f3b15c8d6e61;6598b655-3e19-448c-8b4f-ff6a29447b34;M350;12631;Ihluva Jeans wash
754;d494c9ed-73e8-4610-80a5-e5c12110f40b;52117e6f-5cc4-4cc9-89c6-6c86be22376c;1dc55e58-a5c3-462c-b73d-8dd480de90fc;P1466;8631;Olive Pant les 
755;18585abf-7cb4-435f-9689-5f4a6655e1ca;52117e6f-5cc4-4cc9-89c6-6c86be22376c;1dc55e58-a5c3-462c-b73d-8dd480de90fc;P1467;8632;Vert Pant bonnes 
756;5dfe4b01-5d0c-428e-89ee-f03b9a043164;b767f189-d40b-49cc-adf1-fc4ee11438d7;c6b81db8-29ed-43d6-b14d-0fd913d7ce36;K664;8639;Vmcallie Jacket bomber 
757;c7c8edb5-4d35-4b62-9295-b8e7b4e55dc6;c3159d66-c344-4f24-bee1-1d5966e567d6;c59807ac-0362-4078-94b0-37ea3df6cdd0;T1324;11950;Conver Top crepe
758;f2fe6295-13f1-41c4-aa9a-3bf6effcfc0c;b767f189-d40b-49cc-adf1-fc4ee11438d7;88ee8b83-a7fe-4c00-8f12-621b209012fd;Y178;16945;Vmdotti Jumpsuit culotte 
759;6551eb3c-683d-4a71-8d53-477b2cb2090b;9884297d-e8e2-4e3c-ba61-03e87d6cbd9f;6598b655-3e19-448c-8b4f-ff6a29447b34;M796;16451;Scarlett Jeans solid 
760;333d16e3-d8b8-4c43-903e-f6f1489085fd;81ff4456-9c03-441f-9201-9410cae79d85;6598b655-3e19-448c-8b4f-ff6a29447b34;P1891;16221;Bylola Pant bylikke 
761;2800ed42-2a4c-4703-abb8-0bb4bb9f8704;e2ed2d6d-895f-4d78-85f0-60805c02013b;2514d6c8-11e6-4692-87b4-dcc1cd18592c;F1574;16349;Faux Skirt leather 
762;8dd367b5-5d10-43aa-b108-9a32ebcccc69;e4c97e4e-1141-497f-b38c-3b7c0cae9ec4;74ba5e25-afd5-490b-a3a8-2175020c4487;A83;6821;Pcdorita Coat noos 
763;a7de5206-a282-451d-8a37-367a28dd28e4;23d58665-8b33-4a8b-b8cf-be1f0b955112;1dc55e58-a5c3-462c-b73d-8dd480de90fc;P1853;11987;Printed Pant summ
764;d5be422b-c99c-4717-b623-298e72f2c211;23d58665-8b33-4a8b-b8cf-be1f0b955112;2514d6c8-11e6-4692-87b4-dcc1cd18592c;F1274;11988;Buttons Skirt ycoo
765;5a54917e-c87b-4538-bdd1-35eeb433e339;76980fb6-ce4f-4e2a-9958-5cf8fc25e639;1b93b30c-833f-45a8-ba69-c21d2e7f4824;J1410;12768;Mofornia Sweater one
766;60d124dd-95df-467b-a396-7ec5b83d1ce6;921d101c-6d05-4d3a-94fa-b50b955f0561;1dc55e58-a5c3-462c-b73d-8dd480de90fc;P1754;12205;Sthorse Pant check 
767;87974ac4-df0d-420d-858d-7af8c9b37f97;921d101c-6d05-4d3a-94fa-b50b955f0561;95f835a3-03fe-40f1-a813-4fbfd2842845;C1416;12209;Stmela Tshirt block
768;70164a57-2372-4de2-9472-d234b0b1fcd9;136dab85-c840-420f-bf88-e459483f8796;141f32d6-a5af-49bf-b019-fd28354977f1;K900;12761;Tacos Jacket grace
769;7acffa5a-7357-4906-887c-51a73e3c4239;10978e4c-57de-4f45-9b35-f304ca89875e;141f32d6-a5af-49bf-b019-fd28354977f1;J1512;13510;Amber Cardigan knit
770;454942bb-7dca-4af2-be61-acc5e67c7a21;2b8a1779-4e37-420c-9439-222f69ab6790;39792668-5cfd-42c2-8872-ad776e9bad70;C2132;14873;Mila Tshirt film
771;1d1df372-69e6-42a1-898f-3726d60f88da;f620512a-1e55-4c69-8208-9c83ed4725a5;2514d6c8-11e6-4692-87b4-dcc1cd18592c;F1560;16460;Mia Skirt denim 
772;7e41ea04-1753-4bd1-a678-b6924ae552c4;b767f189-d40b-49cc-adf1-fc4ee11438d7;ba89fcc3-bb1b-42af-a754-2d9f639e43ab;D1813;12379;Vmkiki Dress moda
773;2b42a736-c24d-4466-91f4-d5e0e67afec4;529fd468-16cd-4143-be2a-b8108e26fcef;95f835a3-03fe-40f1-a813-4fbfd2842845;C1186;12387;Eugene Tshirt cks
774;58ec3c73-237d-466d-910e-fc18820395c9;61c08d2e-6819-4a64-a866-3e377ff68925;c6b81db8-29ed-43d6-b14d-0fd913d7ce36;K772;12389;Vijaxie Jacket long
775;ca856776-a5bc-49c5-af9f-064e2e50d4a8;c373a4f2-a8de-41e8-86a0-04725b575436;95f835a3-03fe-40f1-a813-4fbfd2842845;C2227;16744;Martb Tshirt sparkle 
776;169baa68-103d-43aa-ba8a-51f669181796;b767f189-d40b-49cc-adf1-fc4ee11438d7;95f835a3-03fe-40f1-a813-4fbfd2842845;C1348;12376;Vmcelena T-shirt jrs
777;954bb628-cee9-4c7d-9dd0-e8151bb0d231;17e6c981-001d-41b0-9816-16425ffeef0d;1b93b30c-833f-45a8-ba69-c21d2e7f4824;J1607;12802;Edtwo Sweater knit
778;feaa61fe-edf6-4184-96d9-7fdab55d0b48;109eb926-eabe-4933-9172-6ff8a5c95ac7;ba89fcc3-bb1b-42af-a754-2d9f639e43ab;D1931;12805;Edbelt Dress knit
779;1d0f485f-12b2-44c7-a619-845c5db94787;e0c5939f-1f3f-44c9-b786-8154fdaa6cac;95f835a3-03fe-40f1-a813-4fbfd2842845;C1383;12812;Espnoos T-shirt blousy
780;b01b580c-a7ea-440e-9602-3f72457b9d12;988e3625-7d5a-46f9-b93b-f3b15c8d6e61;141f32d6-a5af-49bf-b019-fd28354977f1;J1544;\N;Ihamara Cardigan sugar
781;07bc3e6d-20ee-41d3-89e7-e95f2c15204b;23d58665-8b33-4a8b-b8cf-be1f0b955112;ba89fcc3-bb1b-42af-a754-2d9f639e43ab;D2371;15587;Ambar Dress ycoo 
782;3d33a057-6a1a-4037-bbf8-317fb92d0967;e6b1b7ee-3782-4abd-b0f7-72fdd79ceb7f;882ecdf8-325d-4826-a066-1b263e438f09;B398;10006;Terentis Bag sew 
783;de5018d2-e126-4160-b955-1b4ee5122774;e6b1b7ee-3782-4abd-b0f7-72fdd79ceb7f;882ecdf8-325d-4826-a066-1b263e438f09;B400;10007;Tansy Bag sew 
784;60bf55b4-8a48-4848-b145-b24edcaf3886;b6758f9e-102c-4d39-98b2-b4c5e7a8d6c2;c6b81db8-29ed-43d6-b14d-0fd913d7ce36;K594;10964;Objwin Jacket seasonal
785;25a24150-d5aa-4a89-bb2c-6868890873f2;988e3625-7d5a-46f9-b93b-f3b15c8d6e61;95f835a3-03fe-40f1-a813-4fbfd2842845;C1245;13715;Ihkaia Tshirt origin 
786;94cc06f2-6458-4959-a284-e0e23768725e;61c08d2e-6819-4a64-a866-3e377ff68925;ba89fcc3-bb1b-42af-a754-2d9f639e43ab;D1942;13673;Vijamille Dress midi
787;575fd9df-3b42-41f5-862a-9aad539dd207;9b5272b3-c05f-4237-913b-61dde0fdb8d0;88ee8b83-a7fe-4c00-8f12-621b209012fd;Y164;16951;Bendine Jumpsuit flower 
788;37749629-4872-4928-9089-a7bf6d662bc2;61c08d2e-6819-4a64-a866-3e377ff68925;1b93b30c-833f-45a8-ba69-c21d2e7f4824;J629;\N;Viril Sweater neck
789;ffb4e44e-766b-405f-b3f8-a32ccc9d158f;81ff4456-9c03-441f-9201-9410cae79d85;c59807ac-0362-4078-94b0-37ea3df6cdd0;S2263;\N;Byfabianne Shirt stripes
790;c5c7479e-14bf-46ab-9a3f-90e2962d3c40;e0c5939f-1f3f-44c9-b786-8154fdaa6cac;1dc55e58-a5c3-462c-b73d-8dd480de90fc;P1721;12669;Espamelia Pant knit
791;11a76c2b-e7e3-40f3-bd13-42f297102a7a;109eb926-eabe-4933-9172-6ff8a5c95ac7;ba89fcc3-bb1b-42af-a754-2d9f639e43ab;D1930;12670;Edchecked Dress knit
792;b5240524-fa45-4213-b9b4-d3f234ee8cce;f620512a-1e55-4c69-8208-9c83ed4725a5;1b93b30c-833f-45a8-ba69-c21d2e7f4824;J1575;12749;Tailor Sweater cable
793;8fefdef2-aaef-4e51-a5de-b9d6a065f476;e02a9b8d-2a26-46c6-b5c1-0c8b2e4ff4d4;1b93b30c-833f-45a8-ba69-c21d2e7f4824;J1687;12752;Freeviba Sweater highneck 
794;61b3a2f9-09c8-4309-8fc7-47fb4a8f9cdb;81ff4456-9c03-441f-9201-9410cae79d85;1b93b30c-833f-45a8-ba69-c21d2e7f4824;J1403;12315;Bymasja Sweater vneck
795;e4b9b2f8-d0ad-4264-bd24-fa7872554c41;81ff4456-9c03-441f-9201-9410cae79d85;141f32d6-a5af-49bf-b019-fd28354977f1;J1566;13494;Mariam Cardigan solid
796;f14aabee-87c7-4865-99f5-a31d983b0fd1;80624cdd-099b-4cea-8f4a-2837f3e08587;c59807ac-0362-4078-94b0-37ea3df6cdd0;S1805;13820;Sua Shirt origin
797;b4dabd34-9378-4f8f-8323-a9bf9654f265;6a8df4c0-bf3c-4e99-a648-44021ccb15af;c6b81db8-29ed-43d6-b14d-0fd913d7ce36;K1153;15465;Realer Jacket print 
798;4c8591ce-f375-4a5e-be65-0be6611bc1d8;af4acb4b-5bd2-4d87-8bd2-fe5d0ccae443;882ecdf8-325d-4826-a066-1b263e438f09;B445;16720;Carol Bag acc 
799;4c633f23-5685-4f13-848a-f331bc6ad481;1600fb81-6f8b-4fa2-9ae2-a33420125939;39792668-5cfd-42c2-8872-ad776e9bad70;T2161;16952;Dial Top cerise
800;d9a4fe9d-6c26-4538-8d37-20e6600c7d8a;c92b024d-9dc7-45a7-8de0-b6b6980c16db;39792668-5cfd-42c2-8872-ad776e9bad70;T1657;12322;Purpurine Top meisie
801;23b68104-19f5-4d73-8efc-febdabd55ef5;c92b024d-9dc7-45a7-8de0-b6b6980c16db;c59807ac-0362-4078-94b0-37ea3df6cdd0;S2340;12325;Rib Shirt embro
802;68ab3bc4-f0d6-43d6-9cdb-00e431f2f70d;c92b024d-9dc7-45a7-8de0-b6b6980c16db;c59807ac-0362-4078-94b0-37ea3df6cdd0;S2338;12326;Plumeti Shirt meisie
803;157c4442-14d8-44ed-8ba4-9b6fcaa622f6;c92b024d-9dc7-45a7-8de0-b6b6980c16db;1dc55e58-a5c3-462c-b73d-8dd480de90fc;P1881;12328;Paper Pant cargo
804;9649cae8-33b1-4b0b-b23c-a1ba8d93deb0;d16b490f-370e-4eeb-ab4f-31c815f60a69;1dc55e58-a5c3-462c-b73d-8dd480de90fc;P1985;17258;Moon pant loose 
805;7fd6ac5d-de4e-4491-8611-5275015d0f71;81ff4456-9c03-441f-9201-9410cae79d85;c59807ac-0362-4078-94b0-37ea3df6cdd0;S1972;13505;Bygitten Shirt placket
806;ade6546d-9c6f-4f15-b715-10e87f3a496a;d16b490f-370e-4eeb-ab4f-31c815f60a69;95f835a3-03fe-40f1-a813-4fbfd2842845;C2114;17257;Marine Tshirt stripes 
807;036a109f-48db-4e5d-8799-3a6d498ec081;d16b490f-370e-4eeb-ab4f-31c815f60a69;2514d6c8-11e6-4692-87b4-dcc1cd18592c;F1391;17259;Moon Skirt soft 
808;a58e7e4a-86c6-4baa-9370-27022eb87492;61c08d2e-6819-4a64-a866-3e377ff68925;2514d6c8-11e6-4692-87b4-dcc1cd18592c;F646;6667;Vipeny Skirt fav
809;27b2a320-b88e-4405-b0eb-b1664d556e78;10978e4c-57de-4f45-9b35-f304ca89875e;141f32d6-a5af-49bf-b019-fd28354977f1;J1514;13506;Haywood Cardigan knit
810;456690a6-0310-4da9-a23e-5d5ac996d7e1;10978e4c-57de-4f45-9b35-f304ca89875e;1b93b30c-833f-45a8-ba69-c21d2e7f4824;J1513;13509;Harpen Sweater jumper
811;6116dd6f-2fef-40f7-8d8e-575c24feb2e3;52117e6f-5cc4-4cc9-89c6-6c86be22376c;07bee010-39f3-4200-9250-c1524842e6a6;K1002;13937;Ante Trench belt
812;62f95ecd-b114-45ff-827e-5900a9c545dc;81ff4456-9c03-441f-9201-9410cae79d85;39792668-5cfd-42c2-8872-ad776e9bad70;T1668;16223;Byginny Top vneck 
813;e962f2f2-0298-4ab9-9da0-341dfcc95399;cfca4b92-12a6-411c-a62a-a874d00aa735;07bee010-39f3-4200-9250-c1524842e6a6;A97;9381;Onlvienna Coat humus 
814;33d3f0e7-190d-4d4a-a73a-aa8c0997304d;bda0bdf1-d19e-4700-9493-78250dce8a6f;2514d6c8-11e6-4692-87b4-dcc1cd18592c;F1030;9585;Onado Skirt hibiscus
815;6b13758f-0a91-4024-8fcc-d42905209d20;988e3625-7d5a-46f9-b93b-f3b15c8d6e61;c6b81db8-29ed-43d6-b14d-0fd913d7ce36;K926;15130;Ihkate Jacket square
816;5452af2a-6edd-41e0-ada3-1cd54391fb57;988e3625-7d5a-46f9-b93b-f3b15c8d6e61;c6b81db8-29ed-43d6-b14d-0fd913d7ce36;K925;15131;Ihkate Jacket blume 
817;0bc9cbd0-d7b8-4bf9-8dac-d32b98b081f0;e2ed2d6d-895f-4d78-85f0-60805c02013b;39792668-5cfd-42c2-8872-ad776e9bad70;T1660;12458;Waff Top oasis
818;fe1fc518-df1a-4064-8d87-0c3f9fe8facd;60f81be4-bc2d-465c-ad62-52551b7c9ad8;882ecdf8-325d-4826-a066-1b263e438f09;B441;13349;Satchel Bag lock 
819;79bb4de1-1832-4f43-87bf-8f56841ae683;056287db-fb8b-44e7-a76a-f356ec59d5f5;1b93b30c-833f-45a8-ba69-c21d2e7f4824;J1504;13652;Lala Sweater knit
820;e2133afa-80a6-4e21-b616-d25399ae896f;e4c97e4e-1141-497f-b38c-3b7c0cae9ec4;e1646b68-8f10-4b63-87d5-30924341f8ba;Q364;13657;Pcinka Scarf long
821;5a14c0da-b607-41fa-8428-4b9857e4d4aa;b7addd6d-e506-4da6-90e7-0f73bc435d28;95f835a3-03fe-40f1-a813-4fbfd2842845;C2244;16470;Alva Tshirt print 
822;e2fb574b-0b89-43f0-bca7-33cbe05bc66c;921d101c-6d05-4d3a-94fa-b50b955f0561;1b93b30c-833f-45a8-ba69-c21d2e7f4824;J1984;16722;Finnny Sweater ranglan 
823;c062200a-5f07-4284-b631-7b084a15014f;921d101c-6d05-4d3a-94fa-b50b955f0561;141f32d6-a5af-49bf-b019-fd28354977f1;S2775;17260;Nette Shirt street 
824;e35ab256-d1a0-4608-913a-012390cdd097;988e3625-7d5a-46f9-b93b-f3b15c8d6e61;c59807ac-0362-4078-94b0-37ea3df6cdd0;S222;\N;Dima Shirt basc 
825;0a56a571-1c34-4e06-b178-9cb1badbd035;7d82a2a5-1eee-425d-a914-ace3d7864a26;39792668-5cfd-42c2-8872-ad776e9bad70;T462;2790;Aster Top blue 
826;625c6d19-fa6c-4a20-bdf7-9cd220d5cdb5;bc72be7a-2bd4-44ff-ab0e-e975e4ee9e96;141f32d6-a5af-49bf-b019-fd28354977f1;J1973;17664;Martin Cardigan knit 
827;1551622e-aaf6-4d6f-b80c-3048f08221b6;988e3625-7d5a-46f9-b93b-f3b15c8d6e61;c6b81db8-29ed-43d6-b14d-0fd913d7ce36;K120;\N;Kate Jacket knit 
828;3db6fe72-3f1c-48ed-9f92-403683bad203;9ef43878-70f3-43df-959d-49af8b1f580f;39792668-5cfd-42c2-8872-ad776e9bad70;T965;7546;Alba Top dots 
829;7c1b4838-f4c3-4a6c-a274-ef2bcd8f364c;f66308ed-5556-4469-a729-517b619fac5a;1b93b30c-833f-45a8-ba69-c21d2e7f4824;J1467;13658;Roll Sweater neck
830;e7260dcf-8f97-409b-8f1d-a48887e5b9e2;f66308ed-5556-4469-a729-517b619fac5a;95f835a3-03fe-40f1-a813-4fbfd2842845;C1257;13659;Round Tshirt tropez
831;a100f6a0-ee21-4e3d-8c9d-c2c80387c94a;f620512a-1e55-4c69-8208-9c83ed4725a5;c59807ac-0362-4078-94b0-37ea3df6cdd0;S2891;16631;Longsleeve Shirt printed 
832;bb93c103-9258-4ef5-85c8-98b244728c25;c92b024d-9dc7-45a7-8de0-b6b6980c16db;39792668-5cfd-42c2-8872-ad776e9bad70;T2099;16904;Muriel Top lace 
833;d33d5196-1e38-473d-a3fc-a257d10a2e32;60f81be4-bc2d-465c-ad62-52551b7c9ad8;ba89fcc3-bb1b-42af-a754-2d9f639e43ab;D2278;14374;Sequim Dress mesh
834;ba16d1e8-eb47-4364-9bf3-22afeb9131cc;60f81be4-bc2d-465c-ad62-52551b7c9ad8;74ba5e25-afd5-490b-a3a8-2175020c4487;A133;13701;Single Coat breasted
835;cba46bfb-b8fa-4523-8fa3-58f591d8ce5b;ff436f5f-57aa-45bb-badc-c4063c6a022f;3087da56-5a27-4e58-aea7-1555c640f232;X105;9825;Nora Sweatshirt cahier 
836;52a5ae7c-707e-478d-8fae-2701718ac2b3;a686154a-8570-40ae-b6a2-dc82842a5e32;95f835a3-03fe-40f1-a813-4fbfd2842845;S1436;9826;Calantha Shirt bohck 
837;95608907-ed04-41f4-a441-060156f8a0d7;921d101c-6d05-4d3a-94fa-b50b955f0561;1b93b30c-833f-45a8-ba69-c21d2e7f4824;J1746;13559;Dick Sweater vneck 
838;c59f85a8-4b6b-4b1e-b5b7-e81ea6598765;921d101c-6d05-4d3a-94fa-b50b955f0561;95f835a3-03fe-40f1-a813-4fbfd2842845;C1180;11129;Tiara Shirt print 
839;6be3f16e-7383-4c4c-b95a-6d45c7d09f41;988e3625-7d5a-46f9-b93b-f3b15c8d6e61;1dc55e58-a5c3-462c-b73d-8dd480de90fc;P1436;11131;Ihtiffany Pant arona 
840;fd3230de-fcc0-4692-9163-5d2bdb933261;81ff4456-9c03-441f-9201-9410cae79d85;1dc55e58-a5c3-462c-b73d-8dd480de90fc;P1438;11132;Bydena Pant combi 
841;3c04738c-8db4-4c23-9c0d-69e2684bcbd5;10978e4c-57de-4f45-9b35-f304ca89875e;35405a7d-7018-440b-9d16-76206ac3e224;K788;13531;Taylor Parka water
842;a4aa3121-07a8-4891-82a9-92e3c7792cb7;da790000-672a-45a3-9bf9-4805e90d7f19;141f32d6-a5af-49bf-b019-fd28354977f1;J1361;13533;Bobbi Cardigan leopard
843;e280eaa1-eda7-47b4-912a-e462acf5b3a3;81ff4456-9c03-441f-9201-9410cae79d85;39792668-5cfd-42c2-8872-ad776e9bad70;T1308;13705;Byhabella Shirt young 
844;db0c50e4-0353-4409-8e26-1def8bb660c0;154c7f5d-9f6b-4f6b-bace-422d40a9ab7f;1dc55e58-a5c3-462c-b73d-8dd480de90fc;P2061;14446;Pane Pant lui
845;2e37c35e-4633-4a80-8346-14e695e3aebe;45ebfaa9-5ebf-4239-8e7f-6fc626344ee3;95f835a3-03fe-40f1-a813-4fbfd2842845;C1206;11134;Rayes Tshirt peak 
846;1743f273-767b-45f9-9512-790bf9c975cc;dcbc39f3-9aca-4f28-9a5c-2ddd04da77d8;c59807ac-0362-4078-94b0-37ea3df6cdd0;S2140;11138;Senes Shirt bambi 
847;35390aaf-95bd-457a-953c-cca83e12d061;60f81be4-bc2d-465c-ad62-52551b7c9ad8;ba89fcc3-bb1b-42af-a754-2d9f639e43ab;D2001;11225;Wahidden Dress parrot
848;ea27d216-5bfa-40fd-9d33-55a09830f814;921d101c-6d05-4d3a-94fa-b50b955f0561;88ee8b83-a7fe-4c00-8f12-621b209012fd;Y117;11228;Florencia Jumpsuit uni
849;836419ee-f777-4818-8e2e-8790bf68265b;921d101c-6d05-4d3a-94fa-b50b955f0561;95f835a3-03fe-40f1-a813-4fbfd2842845;C1174;11234;Woven Tshirt collar
850;53ec77e5-5bb6-40bb-b2a4-62dedb371f7b;921d101c-6d05-4d3a-94fa-b50b955f0561;95f835a3-03fe-40f1-a813-4fbfd2842845;C1175;11236;Taily Tshirt knot
851;bd3dbefa-832e-4f87-ab1d-52f9155371b2;2a50cb28-0dfb-4689-8c67-4d5149959a2b;1b93b30c-833f-45a8-ba69-c21d2e7f4824;J936;8501;Haylie Sweater draw 
852;955f4365-90da-4656-b082-0a147fd860fd;6ed756bf-7370-46c0-b4df-a53c893b26bb;2514d6c8-11e6-4692-87b4-dcc1cd18592c;F1100;13543;Anabel Skirt soya
853;33c21b30-ecad-4dc6-ba51-4dd2bf14d1f0;056287db-fb8b-44e7-a76a-f356ec59d5f5;1dc55e58-a5c3-462c-b73d-8dd480de90fc;P1596;13846;Blanche Pant flounce
854;66303ebd-071f-4888-9b5e-6765ef9c77e0;c22a8b00-a91b-4f6f-af11-8553e7c13ea9;c6b81db8-29ed-43d6-b14d-0fd913d7ce36;K673;13848;Malou Jacket blazer
855;d0286095-7274-4551-bb9c-1a842d38928c;37fe10b7-3e0b-4bcb-ab83-759ddc273e23;c59807ac-0362-4078-94b0-37ea3df6cdd0;S1962;13853;Facampa Shirt flower
856;cbc2cd45-9f13-49f7-b0cf-b38fa4961c40;6ad0756c-5e2a-4caa-8c9a-deaab7cdcf96;95f835a3-03fe-40f1-a813-4fbfd2842845;D2073;13854;Tinna Dress tunic
857;48aa3157-1cb6-4f1e-bc47-fb8b9398ef58;60f81be4-bc2d-465c-ad62-52551b7c9ad8;1dc55e58-a5c3-462c-b73d-8dd480de90fc;P1954;16752;Orna Pant palazzo 
858;113a0cf1-0d08-469c-a999-1a565c957fea;e0c5939f-1f3f-44c9-b786-8154fdaa6cac;ba89fcc3-bb1b-42af-a754-2d9f639e43ab;D2016;13912;Woven Dress esprit
859;807b947d-6501-4102-a616-3b90facc334e;f55a7823-4b84-4ca2-b24f-4945f2f27ca9;3087da56-5a27-4e58-aea7-1555c640f232;X86;8883;Veina Sweatshirt tokyo
860;3b0c6093-31bf-4f67-8bf8-d7019dcd8ffb;cfca4b92-12a6-411c-a62a-a874d00aa735;1b93b30c-833f-45a8-ba69-c21d2e7f4824;J1722;\N;Onllesly Sweater noos 
861;3c27442c-a06b-465d-8706-5593ca9cf457;988e3625-7d5a-46f9-b93b-f3b15c8d6e61;1dc55e58-a5c3-462c-b73d-8dd480de90fc;P1281;8885;Ihkate Pant spring
862;77eb8b11-4f97-4557-a203-ecbdb0efae76;9ef43878-70f3-43df-959d-49af8b1f580f;c59807ac-0362-4078-94b0-37ea3df6cdd0;S2641;14661;Print Shirt snake 
863;dda5cae8-5d9b-4a81-814e-734e27b76ca7;ce8d442c-e662-44f8-a130-2e436f119ede;1dc55e58-a5c3-462c-b73d-8dd480de90fc;P1395;8927;Elida Pant deeluxe
864;107d63e0-c1e9-49dd-967c-9defcff235f1;61c08d2e-6819-4a64-a866-3e377ff68925;1b93b30c-833f-45a8-ba69-c21d2e7f4824;X91;8932;Viril Sweatshirt hoodie
865;8e94941c-38d5-4e87-b686-5fd334a2e7af;cfca4b92-12a6-411c-a62a-a874d00aa735;35405a7d-7018-440b-9d16-76206ac3e224;K473;8934;Onllorca Parka spring
866;7ac62232-3aa9-4a66-9043-beb70999f3d8;cfca4b92-12a6-411c-a62a-a874d00aa735;35405a7d-7018-440b-9d16-76206ac3e224;K469;8936;Onlmay Parka spring
867;000a29f9-d1c0-4623-b319-9ad790f20436;9b5272b3-c05f-4237-913b-61dde0fdb8d0;c59807ac-0362-4078-94b0-37ea3df6cdd0;S1307;12409;Sloane Shirt print
868;d5f4932a-5df9-44c5-a976-1c5d73e6ee67;921d101c-6d05-4d3a-94fa-b50b955f0561;1b93b30c-833f-45a8-ba69-c21d2e7f4824;J1829;14102;Blanka Sweater strong 
869;cec36c3b-b0dc-4127-8a7a-2f9ddb7bba95;a1f8d89e-04ed-42a9-8c51-dc04cbdd0d18;b263ba41-adab-4a83-a3e0-2766522f5aec;Q431;16231;Betty Scarf closet 
870;8e9f677e-599a-4f00-b181-8989a2de91bd;5ac9ffe0-7aa8-4f96-93cf-b2a2401e3d74;ba89fcc3-bb1b-42af-a754-2d9f639e43ab;D1719;8978;Iona Dress wdc
871;7e4d62cc-7312-4db6-a62d-16f819a33b45;1600fb81-6f8b-4fa2-9ae2-a33420125939;c6b81db8-29ed-43d6-b14d-0fd913d7ce36;K688;9090;Gold Jacket bomb
872;8f6bd7d1-88d8-45c8-9d67-24c21d452411;67b4106f-ce58-4ea9-8912-9b6e3e32d203;6598b655-3e19-448c-8b4f-ff6a29447b34;M206;9410;Bsfiona Jeans nova
873;f120d726-6062-4776-9c67-5c79ad344c9c;988e3625-7d5a-46f9-b93b-f3b15c8d6e61;141f32d6-a5af-49bf-b019-fd28354977f1;J1176;9107;Ihmafa Cardigan sweet 
874;925b8852-f28b-4be6-86dd-23c6db3adcd4;988e3625-7d5a-46f9-b93b-f3b15c8d6e61;6598b655-3e19-448c-8b4f-ff6a29447b34;M203;9108;Izaro Jeans slim 
875;c25b1f3c-5517-42d6-906e-4bc37b898667;81ff4456-9c03-441f-9201-9410cae79d85;95f835a3-03fe-40f1-a813-4fbfd2842845;C1069;9408;Teri T-shirt flower
876;e96f2edc-2dfd-44f4-a06e-596034e8fc67;e4c97e4e-1141-497f-b38c-3b7c0cae9ec4;141f32d6-a5af-49bf-b019-fd28354977f1;J1958;14113;Pcholly Cardigan knit
877;cb8255cc-4a73-46e2-ad6d-72dc5ef58236;f55a7823-4b84-4ca2-b24f-4945f2f27ca9;1dc55e58-a5c3-462c-b73d-8dd480de90fc;M181;9433;Adina Jeans button
878;c5f64def-33c9-4f98-9920-1921e24c201a;c373a4f2-a8de-41e8-86a0-04725b575436;88ee8b83-a7fe-4c00-8f12-621b209012fd;Y190;16757;Eris Playsuit button 
879;517e12df-69df-423d-9b9c-d8c0fe236c74;c22a8b00-a91b-4f6f-af11-8553e7c13ea9;c59807ac-0362-4078-94b0-37ea3df6cdd0;S1196;9434;Maddy Shirt stripe
880;64cbdb60-1a84-422e-bc55-f2736cb74837;e6b1b7ee-3782-4abd-b0f7-72fdd79ceb7f;b263ba41-adab-4a83-a3e0-2766522f5aec;Q300;9789;Ipnosy Scarf lurex
881;dd574edf-f255-45c7-806b-cf0e344a9845;ff436f5f-57aa-45bb-badc-c4063c6a022f;882ecdf8-325d-4826-a066-1b263e438f09;B407;9785;Tibolo Bag cahier
882;10a83f25-09c2-44b9-95d0-735d238d57a8;ff436f5f-57aa-45bb-badc-c4063c6a022f;882ecdf8-325d-4826-a066-1b263e438f09;B406;9786;Timeus Bag cahier
883;9082de35-a585-411a-b782-a0fd346322f7;e6b1b7ee-3782-4abd-b0f7-72fdd79ceb7f;b263ba41-adab-4a83-a3e0-2766522f5aec;Q297;9792;Maltinto Scarf small
884;29dad0f2-972e-4eac-baff-810fbfc23b9f;81ff4456-9c03-441f-9201-9410cae79d85;ba89fcc3-bb1b-42af-a754-2d9f639e43ab;D1810;14198;Bygetagar Dress young
885;5579e52f-7985-4ffe-bde4-b00b03aa0231;ab1f5213-03fc-4553-b77c-13b2c6213d27;ba89fcc3-bb1b-42af-a754-2d9f639e43ab;D1527;9797;Rob Dress print
886;bd612f2d-b3be-4a61-a2fc-f530aeb98a0f;321f9370-6a4a-4ea4-bd01-e0a2fad07f33;141f32d6-a5af-49bf-b019-fd28354977f1;J1178;9819;Melodia Cardigan grette
887;5d94af1a-52ca-454f-b9cd-90a4dad8944d;81ff4456-9c03-441f-9201-9410cae79d85;1b93b30c-833f-45a8-ba69-c21d2e7f4824;J1812;14972;Bymalea Sweater crew
888;ebfe1996-bbf2-4cac-a2df-5efba7112668;9b5272b3-c05f-4237-913b-61dde0fdb8d0;74ba5e25-afd5-490b-a3a8-2175020c4487;A114;12421;Sesilia Coat comfort
889;4751cff7-39e6-4fa0-9738-b198ca45de95;61c08d2e-6819-4a64-a866-3e377ff68925;141f32d6-a5af-49bf-b019-fd28354977f1;J1483;12425;Vipoco Cardigan knit
890;a6e6ffb4-09d6-40b1-80ee-3211dcd1b9e7;3bf63b3d-7c2f-47a4-81bc-6ad2452245d7;6598b655-3e19-448c-8b4f-ff6a29447b34;M597;16634;Carcarma Jeans jogg 
891;39e74e32-d944-4122-b89a-53c4170877d9;c92b024d-9dc7-45a7-8de0-b6b6980c16db;39792668-5cfd-42c2-8872-ad776e9bad70;T2098;16905;Mia Top visco 
892;ed433d8c-6bf4-4f3c-80f8-631fabc2316d;c373a4f2-a8de-41e8-86a0-04725b575436;88ee8b83-a7fe-4c00-8f12-621b209012fd;Y181;16758;Suana Jumpsuit floral 
893;7e110eaa-cf1f-495c-aa84-df9ef0bb14ce;bc72be7a-2bd4-44ff-ab0e-e975e4ee9e96;c6b81db8-29ed-43d6-b14d-0fd913d7ce36;K607;9832;Acacia Jacket ward
894;c4020021-b49b-4693-82f8-86aa8382fd8b;921d101c-6d05-4d3a-94fa-b50b955f0561;c6b81db8-29ed-43d6-b14d-0fd913d7ce36;K646;9947;Roxana Jacket pale
895;ad67d466-1dca-4226-b85b-17c11d654bb9;921d101c-6d05-4d3a-94fa-b50b955f0561;c6b81db8-29ed-43d6-b14d-0fd913d7ce36;K647;9948;Roxa Jacket knit
896;5453b139-7929-4461-af33-4a2207304588;a1f8d89e-04ed-42a9-8c51-dc04cbdd0d18;39792668-5cfd-42c2-8872-ad776e9bad70;T1780;15900;Pantheras Top closet 
897;cd2d7464-de6f-4cc0-97cb-fafe4baf896e;a1f8d89e-04ed-42a9-8c51-dc04cbdd0d18;b263ba41-adab-4a83-a3e0-2766522f5aec;Q323;9996;Kara Foulard closet
898;3bf9c9a7-3c5b-4ee4-9589-d0d15f0668ad;a1f8d89e-04ed-42a9-8c51-dc04cbdd0d18;b263ba41-adab-4a83-a3e0-2766522f5aec;Q339;9998;Lysandra Foulard closet 
899;728832d7-a69b-4956-b09c-a88556c8b859;a686154a-8570-40ae-b6a2-dc82842a5e32;882ecdf8-325d-4826-a066-1b263e438f09;B392;9999;Sophie Bag bohck 
900;96f96f81-6897-4f83-a54a-bc7474811128;a686154a-8570-40ae-b6a2-dc82842a5e32;882ecdf8-325d-4826-a066-1b263e438f09;B384;10001;Saba Bag bohck
901;4f287b0b-79c2-48bc-9178-efa94108762f;a1f8d89e-04ed-42a9-8c51-dc04cbdd0d18;b263ba41-adab-4a83-a3e0-2766522f5aec;Q429;16233;Bele Scarf closet 
902;41ec106c-8c55-4ec7-8acf-8c671907d7ec;61397b80-34cc-4af1-93e7-54101a3e9d3a;141f32d6-a5af-49bf-b019-fd28354977f1;J1904;16372;Long Cardigan real 
903;8c26fa78-3fec-4470-beab-5030d12c254e;91664c1b-3d18-4eab-b3ca-79072c417d45;88ee8b83-a7fe-4c00-8f12-621b209012fd;Y119;10025;Utah Jumpsuit floral
904;4b186f7f-4c34-49ed-aa67-2e87040a8899;1600fb81-6f8b-4fa2-9ae2-a33420125939;39792668-5cfd-42c2-8872-ad776e9bad70;T1351;10212;Flonce Top cerise
905;6a939e81-d8cf-4ed3-b824-6088583d9799;9fead4cd-d80d-4488-be05-beddd6b45fb5;c59807ac-0362-4078-94b0-37ea3df6cdd0;S1257;10184;Kakira Shirt v-neck
906;f55a7bb8-8a8c-49e6-ad7f-4196a84884a8;e6b1b7ee-3782-4abd-b0f7-72fdd79ceb7f;882ecdf8-325d-4826-a066-1b263e438f09;B388;10014;Seema Bag sew 
907;996276cc-85d5-4906-ada9-38c58a5c0980;e6b1b7ee-3782-4abd-b0f7-72fdd79ceb7f;882ecdf8-325d-4826-a066-1b263e438f09;B390;10015;Sibley Bag sew 
908;7fa89330-60fc-4165-943d-2b5db5da0b2e;921d101c-6d05-4d3a-94fa-b50b955f0561;6598b655-3e19-448c-8b4f-ff6a29447b34;M239;10298;Denim Jeans york
909;9f4b1aba-a7c1-4439-85ca-f69ad9c15cf9;c1a88681-f26a-450f-a95f-71af63e1c27e;ba89fcc3-bb1b-42af-a754-2d9f639e43ab;D1777;10322;Galina Dress zebra
910;b4b97802-39e0-4dcd-aea4-b95af12489a9;667cc453-9ac1-42f1-993b-c0264065f6df;6598b655-3e19-448c-8b4f-ff6a29447b34;M652;14444;Quermes Jeans denim
911;ba96db3f-187b-4063-925a-e8a641d18f21;e4c97e4e-1141-497f-b38c-3b7c0cae9ec4;1dc55e58-a5c3-462c-b73d-8dd480de90fc;P1776;15182;Pckamelia Pant culotte
912;080e801a-685c-41e3-9147-897e7664b379;988e3625-7d5a-46f9-b93b-f3b15c8d6e61;1b93b30c-833f-45a8-ba69-c21d2e7f4824;J1114;8692;Ihgreenfire Sweater maroon 
913;7218bb80-533b-43b4-ae83-6da52a8c8bca;a1f8d89e-04ed-42a9-8c51-dc04cbdd0d18;39792668-5cfd-42c2-8872-ad776e9bad70;T1147;9855;Closet Top tennessee 
914;8b6586c7-ffb3-47ae-b6df-6a2e13ce2479;dcbc39f3-9aca-4f28-9a5c-2ddd04da77d8;39792668-5cfd-42c2-8872-ad776e9bad70;T1509;11142;Senes Top arizona 
915;39d3d729-8657-418e-9686-1a3af01a61d8;921d101c-6d05-4d3a-94fa-b50b955f0561;ba89fcc3-bb1b-42af-a754-2d9f639e43ab;D1769;11143;Street Dress neck 
916;052ae075-52d0-46ac-93e8-fcacf6f3dcba;921d101c-6d05-4d3a-94fa-b50b955f0561;2514d6c8-11e6-4692-87b4-dcc1cd18592c;F1050;11144;Street Skirt pepica 
917;9abc1514-9931-448d-809e-bebbee156a39;5022b700-e283-4753-b236-9c50ba9a1738;141f32d6-a5af-49bf-b019-fd28354977f1;J1684;11151;Filena Cardigan nais 
918;f3da3e5f-5c49-401e-aa75-125346c32ad6;2b8a1779-4e37-420c-9439-222f69ab6790;882ecdf8-325d-4826-a066-1b263e438f09;B410;10514;Timandra Bag film
919;9e8f99bb-24fc-4f1d-96b1-ebbc2bba176c;17e6c981-001d-41b0-9816-16425ffeef0d;39792668-5cfd-42c2-8872-ad776e9bad70;C1133;10702;Ostripe Tshirt cotton
920;39b35e83-2b76-4377-b583-bdc33274c2f7;a1f8d89e-04ed-42a9-8c51-dc04cbdd0d18;141f32d6-a5af-49bf-b019-fd28354977f1;J2404;\N;Mehr Cardigan long
921;1cec20a7-4c80-4dfb-9a80-1c8ea946f8b7;a1f8d89e-04ed-42a9-8c51-dc04cbdd0d18;141f32d6-a5af-49bf-b019-fd28354977f1;J2403;\N;Mira Cardigan short
922;20c8f148-5412-4b3e-a916-d0821658fe30;e0c5939f-1f3f-44c9-b786-8154fdaa6cac;ba89fcc3-bb1b-42af-a754-2d9f639e43ab;D1963;10991;Esprit Dress knit
923;64cfad63-3487-4e39-8b44-fe775ac1ca61;68d6b1fc-233d-4346-b9d3-cd712c54b847;ba89fcc3-bb1b-42af-a754-2d9f639e43ab;D2034;11449;Denise Dress stripes
924;ea6e0c6d-7ed4-4cc7-9a32-54e02be5dcd7;9ef43878-70f3-43df-959d-49af8b1f580f;1dc55e58-a5c3-462c-b73d-8dd480de90fc;P1778;11489;Dalias Pant summ
925;127e0422-dd2e-4c62-bd1f-4584c40b03ac;e2b0644a-9365-4b40-a821-2a2266de551d;ba89fcc3-bb1b-42af-a754-2d9f639e43ab;D2262;16262;Emba Dress nude T. L C. black
926;b05925a6-ab30-4972-9ab5-e7018177d250;33036f90-cafa-45bc-94f1-4f6defb59223;2514d6c8-11e6-4692-87b4-dcc1cd18592c;F1414;16532;Farlala Skirt midi 
927;e6185e9e-26cb-4a55-829b-a61fca3c00d0;9884297d-e8e2-4e3c-ba61-03e87d6cbd9f;6598b655-3e19-448c-8b4f-ff6a29447b34;M263;\N;Elly Jeans denim 
928;8aea4880-c9c0-49f7-a068-1747171f2dc6;10978e4c-57de-4f45-9b35-f304ca89875e;95f835a3-03fe-40f1-a813-4fbfd2842845;T1339;13519;Adelade Top micro
929;3c6f47d1-b1c6-413b-8d54-a17011e17510;23ac65d4-bca2-4119-b4fa-821b224b8d49;6598b655-3e19-448c-8b4f-ff6a29447b34;M441;13769;Jrfive Jeans shape 
930;016c8e92-c49a-4619-95ef-2b4c8aaf338a;61c08d2e-6819-4a64-a866-3e377ff68925;141f32d6-a5af-49bf-b019-fd28354977f1;J1210;\N;Viril Cardigan noos
931;53176d03-27cd-43a1-8039-7ff70870aa46;e6b1b7ee-3782-4abd-b0f7-72fdd79ceb7f;b263ba41-adab-4a83-a3e0-2766522f5aec;Q402;16089;Emirate Scarf sew T. UNQ C. ecru
932;989601f9-401b-4391-9b20-3a9c64bd47dc;cfca4b92-12a6-411c-a62a-a874d00aa735;1dc55e58-a5c3-462c-b73d-8dd480de90fc;P1832;16537;Onllauren Pant denim 
933;d6e72250-26d9-4de1-a889-5b4e53fc9204;76980fb6-ce4f-4e2a-9958-5cf8fc25e639;b263ba41-adab-4a83-a3e0-2766522f5aec;Q391;16807;Ray Scarf multi 
934;993165a3-309e-4859-8e9a-c22b3902d686;e6b1b7ee-3782-4abd-b0f7-72fdd79ceb7f;b263ba41-adab-4a83-a3e0-2766522f5aec;Q400;15926;Sparta Scarf sew 
935;66e6ee51-72e8-443a-ad2c-7392e9253304;cfca4b92-12a6-411c-a62a-a874d00aa735;88ee8b83-a7fe-4c00-8f12-621b209012fd;Y167;16538;Onlelaine Playsuit bot 
936;26ab395e-aad6-4133-a8c1-aa1651ef9b68;09358432-a44c-4cb4-b8e6-bf51b403bf39;c6b81db8-29ed-43d6-b14d-0fd913d7ce36;K1012;14084;Egipt Jakect bomber
937;1f981815-19a0-421c-b62a-37e2ca8b4d14;76980fb6-ce4f-4e2a-9958-5cf8fc25e639;b263ba41-adab-4a83-a3e0-2766522f5aec;Q392;16808;Flori Scarf naf 
938;e1d31266-b682-41b3-a8fd-595b9b40fc31;c373a4f2-a8de-41e8-86a0-04725b575436;ba89fcc3-bb1b-42af-a754-2d9f639e43ab;D1952;13798;Bsterra Dress floral
939;25805d22-612e-4937-ae59-ce7fe4f30d44;921d101c-6d05-4d3a-94fa-b50b955f0561;6598b655-3e19-448c-8b4f-ff6a29447b34;M284;10814;Wide Jeans slim
940;f8509c25-23cc-45b4-a6f1-de8bed570712;988e3625-7d5a-46f9-b93b-f3b15c8d6e61;1b93b30c-833f-45a8-ba69-c21d2e7f4824;J206;2976;Mafa Sweater wint 
941;127eaecf-3294-431d-bc37-f0761a94b383;cfca4b92-12a6-411c-a62a-a874d00aa735;6598b655-3e19-448c-8b4f-ff6a29447b34;M136;8834;Onlmila Jeans anke
942;fa5d3bb6-3b72-4810-a15f-761c9c36aabc;a1f8d89e-04ed-42a9-8c51-dc04cbdd0d18;b263ba41-adab-4a83-a3e0-2766522f5aec;Q427;16090;Exet Foulard closet 
943;598ce1bc-5c0c-4bff-b195-2705aef7f5c7;988e3625-7d5a-46f9-b93b-f3b15c8d6e61;141f32d6-a5af-49bf-b019-fd28354977f1;J205;\N;Maf Sweater V 
944;319a03f0-7ee3-457f-9773-6ea3ac8612b7;1600fb81-6f8b-4fa2-9ae2-a33420125939;2514d6c8-11e6-4692-87b4-dcc1cd18592c;F1398;14229;Kelvin Skirt cerise
945;da89ea9a-0567-4742-a295-5b35b7d4858a;a1f8d89e-04ed-42a9-8c51-dc04cbdd0d18;39792668-5cfd-42c2-8872-ad776e9bad70;T2005;16269;Constella Top closet
946;99ce23a8-e4dc-4f2b-acff-0d589422bca3;4039739b-8a62-4b30-862c-af65f9a66356;ba89fcc3-bb1b-42af-a754-2d9f639e43ab;D1847;10246;Hainaut Dress flower 
947;54f9b260-7cf6-4101-89c2-59ad49836286;6a8df4c0-bf3c-4e99-a648-44021ccb15af;39792668-5cfd-42c2-8872-ad776e9bad70;T1446;10921;Dots Top charlior
948;a4bf060c-2ffb-4ed2-baf6-ddc3c4e53f2f;e7d3ebfe-6f9f-4d28-b3b4-96b4875b2af3;b263ba41-adab-4a83-a3e0-2766522f5aec;Q290;10984;Soles Scarf big
949;d4c9c222-4c51-4cca-88b0-372c2eec4518;1600fb81-6f8b-4fa2-9ae2-a33420125939;74ba5e25-afd5-490b-a3a8-2175020c4487;A139;14230;Forth Coat cerise
950;7efe0f8f-d0ce-4484-b123-e55c086679e6;e6b1b7ee-3782-4abd-b0f7-72fdd79ceb7f;e1646b68-8f10-4b63-87d5-30924341f8ba;Q368;14097;Jungla Scarf sew
951;c2aef791-8dd1-4f68-92a6-de62ae78cd31;6ad0756c-5e2a-4caa-8c9a-deaab7cdcf96;6598b655-3e19-448c-8b4f-ff6a29447b34;M297;10271;Lilly Jeans denim
952;58676de4-1c3f-4c9d-9164-438ffd0e269c;9ef43878-70f3-43df-959d-49af8b1f580f;39792668-5cfd-42c2-8872-ad776e9bad70;T2072;15310;Blanc Top plain 
953;bb6827a6-9407-45c5-a45c-6d3465edb607;cfca4b92-12a6-411c-a62a-a874d00aa735;ba89fcc3-bb1b-42af-a754-2d9f639e43ab;D2381;17608;Onlkarmen Dress short 
954;f72312ff-798e-40f6-a24e-26cd55563649;c373a4f2-a8de-41e8-86a0-04725b575436;1dc55e58-a5c3-462c-b73d-8dd480de90fc;P1326;11003;Ahina Pant floral
955;4c0e38ce-37de-4047-b13f-6cec7903164e;a1f8d89e-04ed-42a9-8c51-dc04cbdd0d18;39792668-5cfd-42c2-8872-ad776e9bad70;T2007;16272;Constance Top closet
956;6e378d77-78b3-4582-bca4-b318156451aa;e4c97e4e-1141-497f-b38c-3b7c0cae9ec4;1b93b30c-833f-45a8-ba69-c21d2e7f4824;J1281;14093;Pcellen Sweater knit 
957;53b06b51-1d87-4b3b-a185-51b03fde4a44;b0dccece-d204-490b-b868-a2878275e40d;95f835a3-03fe-40f1-a813-4fbfd2842845;C2220;16813;Bohemian Tshirt daphnea 
958;67b1cfc3-d7bf-4641-9202-c7725dfd7f9d;e4c97e4e-1141-497f-b38c-3b7c0cae9ec4;e1646b68-8f10-4b63-87d5-30924341f8ba;Q360;14098;Pchush Scarf long
959;90d73dc9-8268-48fb-9637-d2ad962d76da;b767f189-d40b-49cc-adf1-fc4ee11438d7;2514d6c8-11e6-4692-87b4-dcc1cd18592c;F1178;\N;Vmdonnadina Skirt suede
960;ac9647a2-6069-4484-9934-0b2716874f2d;52117e6f-5cc4-4cc9-89c6-6c86be22376c;1dc55e58-a5c3-462c-b73d-8dd480de90fc;P957;\N;Miniprint Pant belt 
961;49fc9efe-3d03-478e-9a1f-5414ed5ea69d;da790000-672a-45a3-9bf9-4805e90d7f19;88ee8b83-a7fe-4c00-8f12-621b209012fd;Y159;16546;Millie Jumpsuit linen
962;869ca7be-b2e3-40e5-b29a-87358b62234b;9ef43878-70f3-43df-959d-49af8b1f580f;c59807ac-0362-4078-94b0-37ea3df6cdd0;S2731;15318;Mix Shirt majo
963;b9c2a3f5-0687-4e4e-8680-34c1f43026b4;6ccbab3f-f2e6-4992-9844-ff9446fe1f96;141f32d6-a5af-49bf-b019-fd28354977f1;J586;4567;Lulu Cardigan long 
964;74b4c34a-7257-4449-8a44-f1d762321571;a1f8d89e-04ed-42a9-8c51-dc04cbdd0d18;c6b81db8-29ed-43d6-b14d-0fd913d7ce36;K1111;17316;Sheep Jacket leather
965;d39c1c8d-13ef-40f7-8c98-0e030a41093f;b6758f9e-102c-4d39-98b2-b4c5e7a8d6c2;95f835a3-03fe-40f1-a813-4fbfd2842845;C717;6602;Objtessi Tshirt slub
966;258fc800-7755-4fee-b187-fca98950b894;1600fb81-6f8b-4fa2-9ae2-a33420125939;c6b81db8-29ed-43d6-b14d-0fd913d7ce36;K1105;15512;Lavender Jacket bomber
967;a22e7a98-7e6f-4845-aaf1-0864aea5500f;da790000-672a-45a3-9bf9-4805e90d7f19;ba89fcc3-bb1b-42af-a754-2d9f639e43ab;D2129;16547;Jessica Dress fruit
968;629a9496-bf22-4f2c-b8cb-fde9b8289f10;b0dccece-d204-490b-b868-a2878275e40d;95f835a3-03fe-40f1-a813-4fbfd2842845;C2219;16814;Makeup Tshirt daphnea 
969;8613eb69-06d6-4d7f-ae34-5ff3cb3cd858;cfca4b92-12a6-411c-a62a-a874d00aa735;1b93b30c-833f-45a8-ba69-c21d2e7f4824;J462;\N;Onsuzana Pullover knit 
970;8835f596-3351-4947-ad73-1fd3052dba68;23ac65d4-bca2-4119-b4fa-821b224b8d49;6598b655-3e19-448c-8b4f-ff6a29447b34;M20;\N;Jrqueen Jeans denim 
971;cdb085db-3437-466e-9d82-7381a4e3ddec;988e3625-7d5a-46f9-b93b-f3b15c8d6e61;6598b655-3e19-448c-8b4f-ff6a29447b34;M45;7003;Hizto Jean denim
972;e70c252a-04ad-4183-8c7e-a7e139622746;61c08d2e-6819-4a64-a866-3e377ff68925;ba89fcc3-bb1b-42af-a754-2d9f639e43ab;D2324;17733;Viril Dress noos 
973;ebb860b1-204b-4f36-a151-7f661c1c0e5d;ab1f5213-03fc-4553-b77c-13b2c6213d27;95f835a3-03fe-40f1-a813-4fbfd2842845;C1384;11729;Ikdebardeur T-shirt less
974;a5e655d2-bb69-4dfe-8ed5-a79613b76bd1;a1f8d89e-04ed-42a9-8c51-dc04cbdd0d18;c59807ac-0362-4078-94b0-37ea3df6cdd0;T2008;16278;Constelly Top closet
975;fe45050d-1e6d-4fd1-bebc-88fb51a1fd36;ccb37c7e-efc3-4f3e-9d37-8944756b582f;07bee010-39f3-4200-9250-c1524842e6a6;K435;5520;Florida Trench sof 
976;69ac010f-c847-4cc0-bcd2-e636263d0c8f;bc72be7a-2bd4-44ff-ab0e-e975e4ee9e96;3087da56-5a27-4e58-aea7-1555c640f232;X87;\N;Astra Sweatshirt ward 
977;9b3305cf-4b6d-40a7-a803-67b624477e42;61c08d2e-6819-4a64-a866-3e377ff68925;2514d6c8-11e6-4692-87b4-dcc1cd18592c;F13;\N;Vipen Falda poly 
978;ee40e708-b868-46aa-91f2-e4f04f7dde9f;e02a9b8d-2a26-46c6-b5c1-0c8b2e4ff4d4;1dc55e58-a5c3-462c-b73d-8dd480de90fc;P1909;\N;Fqsolvej Pant ankle 
979;2f1dce3c-79db-4152-9148-f68f63410c95;2b8a1779-4e37-420c-9439-222f69ab6790;1dc55e58-a5c3-462c-b73d-8dd480de90fc;P1427;9488;Dora Pant film
980;d4381ae4-09c8-4b1b-9ce9-e03e43e2b2ae;e2b0644a-9365-4b40-a821-2a2266de551d;39792668-5cfd-42c2-8872-ad776e9bad70;T2024;16280;Tropical Top nude
981;026d606c-dad6-448b-9fd0-24ed281f59d2;e02a9b8d-2a26-46c6-b5c1-0c8b2e4ff4d4;1dc55e58-a5c3-462c-b73d-8dd480de90fc;P904;5913;Isabella Pant ankel 
982;bb72dee7-282f-40c4-b60b-2c37648671f8;6baa0e97-2a91-43cf-843f-bbac6e5ed509;c59807ac-0362-4078-94b0-37ea3df6cdd0;S1730;9471;Laurie Shirt mustard
983;031261eb-e061-47a7-92dd-3c2a8bad05e7;1600fb81-6f8b-4fa2-9ae2-a33420125939;39792668-5cfd-42c2-8872-ad776e9bad70;T1245;9085;Liel Top ceris
984;98777d4d-a91e-4b20-87de-d5ae310f7440;c373a4f2-a8de-41e8-86a0-04725b575436;1dc55e58-a5c3-462c-b73d-8dd480de90fc;P962;6039;Camille Pant black 
985;9ef1b87c-bd9d-48d7-9232-8a9c7c36cd3b;988e3625-7d5a-46f9-b93b-f3b15c8d6e61;ba89fcc3-bb1b-42af-a754-2d9f639e43ab;D2158;16421;Ihfernando Dress classic 
986;4dbf8969-c5d0-4117-9c1d-40dbf2d4fb95;6ad0756c-5e2a-4caa-8c9a-deaab7cdcf96;6598b655-3e19-448c-8b4f-ff6a29447b34;M666;16555;Clara Jeans denim
987;82b38045-f940-46be-bdee-5d75e7896d4f;8a22fb35-a796-4eed-9c57-06f110e4e3e6;1b93b30c-833f-45a8-ba69-c21d2e7f4824;J726;7507;Zara Sweater turtleneck 
988;5c74d014-fb0a-46e4-abf8-76fa61c583eb;d16b490f-370e-4eeb-ab4f-31c815f60a69;6598b655-3e19-448c-8b4f-ff6a29447b34;M303;12558;Mida Jeans gj
989;645d8ad7-891d-47f2-89af-0d10a5f5169d;e4c97e4e-1141-497f-b38c-3b7c0cae9ec4;6598b655-3e19-448c-8b4f-ff6a29447b34;M39;6724;Pcfive Jean sweet 
990;166691ce-95d7-4131-96a1-37cc557503e6;ae7e5951-6317-42e5-9d7e-0b7cab5fff0a;95f835a3-03fe-40f1-a813-4fbfd2842845;C1203;9548;Ava Tshirt season
991;62a7e4c6-4fec-4000-bd49-e14b76b3ada1;280c43d3-fae5-4111-9d32-c55f16b0f17a;2514d6c8-11e6-4692-87b4-dcc1cd18592c;F1041;9582;Elli Skirt midi
992;888b74ce-ae65-4974-8f0c-099324ad9aab;406ec09b-8c5c-4e3e-8412-f0033e0364d8;2514d6c8-11e6-4692-87b4-dcc1cd18592c;F1037;9628;Kilibbi Skirt print
993;8f95b505-da5a-4549-adb7-24b728845c70;32f3b931-b9f2-4ffc-aff8-1231abd99738;1dc55e58-a5c3-462c-b73d-8dd480de90fc;P2150;16829;Amina Pant phase 
994;ea2affdd-40d3-4b85-979a-448994331766;e2b0644a-9365-4b40-a821-2a2266de551d;c59807ac-0362-4078-94b0-37ea3df6cdd0;S3087;17328;Junco Shirt nude 
995;11e288fa-773e-403f-94c9-b94838b0ef99;f55a7823-4b84-4ca2-b24f-4945f2f27ca9;6598b655-3e19-448c-8b4f-ff6a29447b34;P1083;7519;Trudy Pant stripe 
996;05ac5eeb-c992-4606-b4e1-d31ec2df5501;3bf63b3d-7c2f-47a4-81bc-6ad2452245d7;6598b655-3e19-448c-8b4f-ff6a29447b34;M525;\N;Carwilly Jeans skinny 
997;34a9bf09-1d34-4fb5-8cfc-54ea50f5960d;e4c97e4e-1141-497f-b38c-3b7c0cae9ec4;c6b81db8-29ed-43d6-b14d-0fd913d7ce36;K510;9631;Pcbellance Jacket grape
998;3b4ec889-38c7-4758-88f8-c24821155e8e;2a50cb28-0dfb-4689-8c67-4d5149959a2b;1b93b30c-833f-45a8-ba69-c21d2e7f4824;J1472;14059;Merryn Sweater numph
999;305b5a80-336e-46b4-be88-f1a81e02c110;3bf63b3d-7c2f-47a4-81bc-6ad2452245d7;6598b655-3e19-448c-8b4f-ff6a29447b34;M221;10504;Carwilly Jeans skinny
1000;b2907b35-5059-4349-bbbb-201faf900d77;25e70ebf-206f-4be2-a626-9980e36fdda3;ba89fcc3-bb1b-42af-a754-2d9f639e43ab;D1896;10658;Hummingbird Dress blue
1001;71f7decb-0415-47cd-899c-78064bdf134c;921d101c-6d05-4d3a-94fa-b50b955f0561;1dc55e58-a5c3-462c-b73d-8dd480de90fc;P2256;17330;Fit Pant wideleg
1002;9724f8f9-1773-448b-b8ef-8a516d40834c;76980fb6-ce4f-4e2a-9958-5cf8fc25e639;b263ba41-adab-4a83-a3e0-2766522f5aec;Q347;13482;Line Scarf jaune
1003;5e786366-d597-496a-8666-01c4880da2f7;21ac889e-d515-417f-961c-5497e0d3c58e;ba89fcc3-bb1b-42af-a754-2d9f639e43ab;D2642;16428;Sochen Dress paris 
1004;a1390939-4a70-4a8f-ad4d-5886db4f3efb;988e3625-7d5a-46f9-b93b-f3b15c8d6e61;6598b655-3e19-448c-8b4f-ff6a29447b34;M187;8477;Bista Jeans lulu 
1005;85fe00af-716f-477b-a836-351eb54beb1f;81ff4456-9c03-441f-9201-9410cae79d85;ba89fcc3-bb1b-42af-a754-2d9f639e43ab;D1737;8683;Young Dress night 
1006;c05367ab-c55e-4ead-872c-a3d8e31d840b;e4c97e4e-1141-497f-b38c-3b7c0cae9ec4;882ecdf8-325d-4826-a066-1b263e438f09;B378;8767;Pcbeth Bag leather 
1007;47888823-d217-418e-b256-820d13fcddc5;60f81be4-bc2d-465c-ad62-52551b7c9ad8;1b93b30c-833f-45a8-ba69-c21d2e7f4824;T1006;8813;Sia Top satin 
1008;117ce71e-4f28-4294-9b91-d66a429dc9d3;60f81be4-bc2d-465c-ad62-52551b7c9ad8;c59807ac-0362-4078-94b0-37ea3df6cdd0;S1574;8814;Dree Shirt floral 
1009;1af4d5f0-dcd7-4a86-b838-ce667179cc2d;60f81be4-bc2d-465c-ad62-52551b7c9ad8;39792668-5cfd-42c2-8872-ad776e9bad70;T1100;8817;Turner Top ware 
1010;a478d856-4c46-403f-9630-f45be0f887c7;e4c97e4e-1141-497f-b38c-3b7c0cae9ec4;6598b655-3e19-448c-8b4f-ff6a29447b34;M113;8819;Pcshape Jeans noos 
1011;04f16876-fb7c-47e8-9f8d-b00c7dc964c9;61c08d2e-6819-4a64-a866-3e377ff68925;6598b655-3e19-448c-8b4f-ff6a29447b34;M123;8824;Vifeli Jeans slim 
1012;06a8d1bc-04b6-4087-896b-a2591da0ad12;988e3625-7d5a-46f9-b93b-f3b15c8d6e61;c6b81db8-29ed-43d6-b14d-0fd913d7ce36;K527;8887;Ihkate Jacket spring 
1013;929b9fd5-675a-42eb-9d1b-254384422581;988e3625-7d5a-46f9-b93b-f3b15c8d6e61;c6b81db8-29ed-43d6-b14d-0fd913d7ce36;K526;8890;Ihkate Jacket four 
1014;51e1ec0a-a691-457b-b273-7cba7bf0f581;81ff4456-9c03-441f-9201-9410cae79d85;141f32d6-a5af-49bf-b019-fd28354977f1;J1119;8899;Pimba Cardigan short 
1015;06b1c4a5-c329-4e1c-8831-81e13fe8b9e7;921d101c-6d05-4d3a-94fa-b50b955f0561;c6b81db8-29ed-43d6-b14d-0fd913d7ce36;K559;8926;Oriana Jacket qr 
1016;609fa45a-13e8-4d4f-8153-767814a303c8;ce8d442c-e662-44f8-a130-2e436f119ede;9c5a3fee-dad0-444a-acb3-c059e2f3db20;P1487;8928;Arla Pant short 
1017;ac9b27a0-c04c-41e2-866e-4aa134412563;cfca4b92-12a6-411c-a62a-a874d00aa735;35405a7d-7018-440b-9d16-76206ac3e224;K472;8933;Onlstarry Parka long 
1018;692905c3-e153-494d-acf2-555a06c721d6;cfca4b92-12a6-411c-a62a-a874d00aa735;2514d6c8-11e6-4692-87b4-dcc1cd18592c;F912;9065;Onlfloria Skirt short 
1019;ed64df00-92d5-453b-a3f2-412a8d54ff24;61c08d2e-6819-4a64-a866-3e377ff68925;95f835a3-03fe-40f1-a813-4fbfd2842845;T889;9068;Vinamia Top nice 
1020;28179fca-a6b1-46dc-87c0-621af66ba9ce;1600fb81-6f8b-4fa2-9ae2-a33420125939;c59807ac-0362-4078-94b0-37ea3df6cdd0;S1586;9091;Floun Shirt cerise 
1021;71cefed7-a4cf-4999-a52a-3b873b357574;1600fb81-6f8b-4fa2-9ae2-a33420125939;c59807ac-0362-4078-94b0-37ea3df6cdd0;S1590;9093;Leo Shirt cerise 
1022;90e0271e-10f4-489f-8c23-df6b2a3e34f3;bda0bdf1-d19e-4700-9493-78250dce8a6f;c6b81db8-29ed-43d6-b14d-0fd913d7ce36;K702;9159;Emily Jacket denim 
1023;10fb1650-3c9e-402d-b171-ec29e6f7be58;c76ff1d5-8d0f-459f-9664-a7e405bdfa38;141f32d6-a5af-49bf-b019-fd28354977f1;J1002;9189;Rebeca Cardigan blue 
1024;7eec0f7f-d0b4-430c-a5f2-e50b071d746d;ae7e5951-6317-42e5-9d7e-0b7cab5fff0a;1b93b30c-833f-45a8-ba69-c21d2e7f4824;J1343;9543;Ara Sweater season
1025;742f85d8-40ab-44fe-87f1-b1cfb70c7dd0;ae7e5951-6317-42e5-9d7e-0b7cab5fff0a;39792668-5cfd-42c2-8872-ad776e9bad70;T1278;9552;Lence Top season
1026;3925a050-7622-4437-b2e1-6dbac23e820b;ae7e5951-6317-42e5-9d7e-0b7cab5fff0a;39792668-5cfd-42c2-8872-ad776e9bad70;T1277;9553;Shiny Top season
1027;fcbaf897-e4c8-4c38-9a96-8e231859cf54;b0dccece-d204-490b-b868-a2878275e40d;95f835a3-03fe-40f1-a813-4fbfd2842845;C1169;9575;Glitter Tshirt peak
1028;f9c67e25-8968-417d-8044-34986ac37806;b0dccece-d204-490b-b868-a2878275e40d;3087da56-5a27-4e58-aea7-1555c640f232;X106;9579;Sauvage Sweatshirt look
1029;cd2f5c7c-66de-462d-b8c3-ece26bd35478;dfd310cc-8f71-4c13-8292-9f10d0c800c5;c59807ac-0362-4078-94b0-37ea3df6cdd0;S1759;9615;Bridget Shirt chambray 
1030;4d2dc7e7-0000-4734-bfa6-a84949707654;e0c5939f-1f3f-44c9-b786-8154fdaa6cac;39792668-5cfd-42c2-8872-ad776e9bad70;S1483;11166;Esprit Shirt woven 
1031;f86c9372-f7f3-4ff7-bf0b-1d70ab51004b;1600fb81-6f8b-4fa2-9ae2-a33420125939;2514d6c8-11e6-4692-87b4-dcc1cd18592c;F1230;11465;Cerise Skirt pistachio 
1032;3ee3f348-03c6-42ef-bdd0-390211bcada2;a1f8d89e-04ed-42a9-8c51-dc04cbdd0d18;b263ba41-adab-4a83-a3e0-2766522f5aec;Q458;16112;Virginia Scarf closet 
1033;1e35dea4-fe95-4e12-836f-5d02d5491369;e2ed2d6d-895f-4d78-85f0-60805c02013b;c59807ac-0362-4078-94b0-37ea3df6cdd0;S2759;16431;Viscose Shirt dobby 
1034;afcc86c7-927d-4ff9-8bf8-4820b1299d6f;988e3625-7d5a-46f9-b93b-f3b15c8d6e61;ba89fcc3-bb1b-42af-a754-2d9f639e43ab;D2155;\N;Ihmarrakech Dress fluid 
1035;e2ab9852-519b-4cc5-b619-cf0d16770329;6ed756bf-7370-46c0-b4df-a53c893b26bb;c6b81db8-29ed-43d6-b14d-0fd913d7ce36;K534;9760;Jinx Jacket eight 
1036;0a700f4b-2d27-41d7-853a-b3e3fbfcd048;6ed756bf-7370-46c0-b4df-a53c893b26bb;35405a7d-7018-440b-9d16-76206ac3e224;K530;9761;Salwa Jacket both 
1037;d8acbd5b-28c5-4549-a99e-93c8689b4faf;e6b1b7ee-3782-4abd-b0f7-72fdd79ceb7f;b263ba41-adab-4a83-a3e0-2766522f5aec;Q302;9794;Salento Scarf fazz 
1038;3338a03b-8780-41ab-aad8-c4d14197f97f;a1f8d89e-04ed-42a9-8c51-dc04cbdd0d18;2514d6c8-11e6-4692-87b4-dcc1cd18592c;F966;9848;Closet Skirt mexico 
1039;631523fb-8aaa-47bf-bed2-4963cef12e90;1600fb81-6f8b-4fa2-9ae2-a33420125939;c59807ac-0362-4078-94b0-37ea3df6cdd0;S1915;10217;Turke Shirt cerise
1040;1ce980f5-2e10-406a-adfc-63706703d8bd;e2b0644a-9365-4b40-a821-2a2266de551d;b263ba41-adab-4a83-a3e0-2766522f5aec;Q314;9977;Nude Foulard juno 
1041;e24837e6-70a2-4b89-910d-8b7a677d6306;988e3625-7d5a-46f9-b93b-f3b15c8d6e61;1dc55e58-a5c3-462c-b73d-8dd480de90fc;P1604;10055;Ihkate Pant sky
1042;bcd96463-bf65-4069-a652-8fd190e6250f;6ed756bf-7370-46c0-b4df-a53c893b26bb;95f835a3-03fe-40f1-a813-4fbfd2842845;C1070;10065;Ingun Tshirt sc
1043;a2293cb2-48ff-40cd-b816-b6e3b77670a7;136dab85-c840-420f-bf88-e459483f8796;1dc55e58-a5c3-462c-b73d-8dd480de90fc;P1515;10171;Soraya Pant cap 
1044;bc0327b9-9292-4f32-9a2c-65b144c126b4;136dab85-c840-420f-bf88-e459483f8796;2514d6c8-11e6-4692-87b4-dcc1cd18592c;F1064;10172;Sindy Skirt gim 
1045;a8222670-c7c8-4656-9464-739ceab43ab4;1600fb81-6f8b-4fa2-9ae2-a33420125939;88ee8b83-a7fe-4c00-8f12-621b209012fd;Y156;11984;Pola Playsuit cerise
1046;2b0d9c04-8aed-444f-9f17-e297cc2c551b;2b8a1779-4e37-420c-9439-222f69ab6790;882ecdf8-325d-4826-a066-1b263e438f09;B423;12201;Filpott Bag snake
1047;189a066a-d643-42f1-927a-1c1709a8dc01;a1f8d89e-04ed-42a9-8c51-dc04cbdd0d18;b263ba41-adab-4a83-a3e0-2766522f5aec;Q425;15983;Luton Foulard closet
1048;f3448ec8-f01c-4a95-927a-043844c24b22;814a9862-1628-4efd-aee8-77f7ad5cb017;1dc55e58-a5c3-462c-b73d-8dd480de90fc;P1802;11693;Sheila Pant dixie
1049;cee702d8-a17f-4db0-ad9f-1ef8b65832d4;f55a7823-4b84-4ca2-b24f-4945f2f27ca9;07bee010-39f3-4200-9250-c1524842e6a6;K944;16392;Desflicka Trench jacket 
1050;1e3a8102-2a60-4145-8c4b-50db15257729;c1a88681-f26a-450f-a95f-71af63e1c27e;c6b81db8-29ed-43d6-b14d-0fd913d7ce36;K718;10323;Duna Jacket origin 
1051;b9eacc80-d0c1-4db6-8ab4-ae49f52bbefe;c1a88681-f26a-450f-a95f-71af63e1c27e;c59807ac-0362-4078-94b0-37ea3df6cdd0;S1757;10331;Jeki Shirt chain 
1052;233dc378-67a3-4f71-a443-bbc773fe10a1;09358432-a44c-4cb4-b8e6-bf51b403bf39;ba89fcc3-bb1b-42af-a754-2d9f639e43ab;D1871;10353;Sporty Dress lurex 
1053;83392804-3e6a-42a4-9f81-c00304d8d829;09358432-a44c-4cb4-b8e6-bf51b403bf39;ba89fcc3-bb1b-42af-a754-2d9f639e43ab;D1869;10361;Fluent Dress itta 
1054;1386ec76-63bf-41cf-9b33-2d5ab7820d81;dd17f8ec-1667-4ebc-86cb-b2398a8cbbfa;3087da56-5a27-4e58-aea7-1555c640f232;X125;13870;Presley Sweatshirt joules
1055;e5b77570-9a0e-4621-8103-a1f45b9ce431;2a50cb28-0dfb-4689-8c67-4d5149959a2b;141f32d6-a5af-49bf-b019-fd28354977f1;J937;8602;Jarrel Cardigan mine 
1056;32ea113c-bd6c-4739-a28f-7f6d44ddda0a;1b723b3f-8627-4517-8a73-282f5376e18a;1b93b30c-833f-45a8-ba69-c21d2e7f4824;J1418;10369;Star Sweater cashmere 
1057;2b2a9c73-8cc5-4bae-b800-ea80ee33e782;cfca4b92-12a6-411c-a62a-a874d00aa735;88ee8b83-a7fe-4c00-8f12-621b209012fd;Y192;17336;Onlvide Playsuit summ
1058;d9ce47ce-d99c-4bb7-b78f-68a77e6c3e28;9b5272b3-c05f-4237-913b-61dde0fdb8d0;1dc55e58-a5c3-462c-b73d-8dd480de90fc;P1329;10426;Piper Pant loose 
1059;71a011ac-037b-4e2b-8759-dc61437abc3e;ae7e5951-6317-42e5-9d7e-0b7cab5fff0a;39792668-5cfd-42c2-8872-ad776e9bad70;T1370;10437;Lina Top back 
1060;a973d391-257f-45e6-a943-40c5d35c5e81;ae7e5951-6317-42e5-9d7e-0b7cab5fff0a;3087da56-5a27-4e58-aea7-1555c640f232;J1528;10452;Zipe Sweater season 
1061;16b930c6-afb2-4681-88e0-dc2b3dc1a045;c3159d66-c344-4f24-bee1-1d5966e567d6;95f835a3-03fe-40f1-a813-4fbfd2842845;C1321;10598;French Tshirt tim 
1062;1932920a-8ea0-4492-a213-1304b33246f3;25e70ebf-206f-4be2-a626-9980e36fdda3;141f32d6-a5af-49bf-b019-fd28354977f1;J1541;10648;Colour Cardigan block 
1063;0e891575-3fad-4d9c-b3b6-fe06371a196f;25e70ebf-206f-4be2-a626-9980e36fdda3;3087da56-5a27-4e58-aea7-1555c640f232;C1327;10659;Bella Tshirt navy 
1064;78a0ac15-f289-4eaf-a99c-b872c29fa3c7;6a8df4c0-bf3c-4e99-a648-44021ccb15af;c6b81db8-29ed-43d6-b14d-0fd913d7ce36;K1001;13918;Leaf Jacket vert
1065;cb45af55-0ada-4249-8c93-2843a8c0d2f9;6a8df4c0-bf3c-4e99-a648-44021ccb15af;c6b81db8-29ed-43d6-b14d-0fd913d7ce36;K998;13920;Leo Jacket blazer
1066;9cc7733e-69e2-4ddd-a587-b7af58c794d7;d16b490f-370e-4eeb-ab4f-31c815f60a69;2514d6c8-11e6-4692-87b4-dcc1cd18592c;F778;9074;Lana Skirt denim 
1067;c634a6e4-efda-4676-82cc-ba95d55ffb1b;d16b490f-370e-4eeb-ab4f-31c815f60a69;6598b655-3e19-448c-8b4f-ff6a29447b34;M155;9078;Laia Jeans sky 
1068;d6ad7505-c512-493a-b3f0-7a4c1447f67f;f55a7823-4b84-4ca2-b24f-4945f2f27ca9;9c5a3fee-dad0-444a-acb3-c059e2f3db20;P2027;16393;Flavia Short plain 
1069;cd50d401-bc16-47aa-b6e8-306dbddd240f;921d101c-6d05-4d3a-94fa-b50b955f0561;95f835a3-03fe-40f1-a813-4fbfd2842845;S1742;10689;Street Shirt stripes 
1070;5ca9fe2d-e0eb-45ee-8204-6a0f6f89ef82;921d101c-6d05-4d3a-94fa-b50b955f0561;95f835a3-03fe-40f1-a813-4fbfd2842845;S1737;10691;Ramona Shirt colourblock 
1071;1595053b-d968-4868-a96e-2f5d609754dc;61c08d2e-6819-4a64-a866-3e377ff68925;141f32d6-a5af-49bf-b019-fd28354977f1;J1170;10696;Vinyla Cardigan knit 
1072;0c5e7906-3805-4c43-80ee-ad06b912964a;61c08d2e-6819-4a64-a866-3e377ff68925;39792668-5cfd-42c2-8872-ad776e9bad70;T1115;10697;Vilvera Top cloud 
1073;a461af9e-80f8-4888-bff6-75fbcb03951e;d16b490f-370e-4eeb-ab4f-31c815f60a69;c6b81db8-29ed-43d6-b14d-0fd913d7ce36;K480;9079;Peach Jacket denim 
1074;411af84c-1634-40ae-a941-861b5bee3958;b767f189-d40b-49cc-adf1-fc4ee11438d7;39792668-5cfd-42c2-8872-ad776e9bad70;T1582;16114;Vmnadia Top button
1075;d75aebc6-14d6-4cce-86f4-a4d7f9b5f205;ae7e5951-6317-42e5-9d7e-0b7cab5fff0a;1dc55e58-a5c3-462c-b73d-8dd480de90fc;P1609;10853;Leafs Pant season 
1076;ac060e2f-42d7-4ffd-ac6d-23a8e9c225d8;ae7e5951-6317-42e5-9d7e-0b7cab5fff0a;c59807ac-0362-4078-94b0-37ea3df6cdd0;S2002;10854;Tula Shirt season 
1077;395aa31f-838e-4949-a4d7-a869bf66c3c4;529fd468-16cd-4143-be2a-b8108e26fcef;1b93b30c-833f-45a8-ba69-c21d2e7f4824;J962;9081;Weerda Sweater mustard 
1078;5c1fa828-3470-4928-afeb-0db9a7491b48;529fd468-16cd-4143-be2a-b8108e26fcef;95f835a3-03fe-40f1-a813-4fbfd2842845;C1004;9083;Elioh Tshirt off 
1079;cdbcce2c-9da9-45ce-bad7-a9cb77fe5a94;3bf63b3d-7c2f-47a4-81bc-6ad2452245d7;39792668-5cfd-42c2-8872-ad776e9bad70;T1105;10860;Carturner Top sky 
1080;6ac59fe3-df22-47e6-a1e6-7c03ceaa9549;23ac65d4-bca2-4119-b4fa-821b224b8d49;9c5a3fee-dad0-444a-acb3-c059e2f3db20;P1241;10868;Alexandra Short stripe 
1081;fa8d002e-113b-454a-a0d3-559e7868592e;3bf63b3d-7c2f-47a4-81bc-6ad2452245d7;1dc55e58-a5c3-462c-b73d-8dd480de90fc;P1371;10871;Carlux Pant saint 
1082;6ea50181-bb95-405b-9215-a56908503953;9fead4cd-d80d-4488-be05-beddd6b45fb5;c59807ac-0362-4078-94b0-37ea3df6cdd0;S1258;10872;Kawilla Shirt flower 
1083;eb241664-ae83-4e3b-9bba-2568af7dfd3e;3bf63b3d-7c2f-47a4-81bc-6ad2452245d7;6598b655-3e19-448c-8b4f-ff6a29447b34;M436;10876;Carjones Jeans skinny 
1084;c1be04ea-d353-4287-9259-11e5df7e27ca;61c08d2e-6819-4a64-a866-3e377ff68925;9c5a3fee-dad0-444a-acb3-c059e2f3db20;P1381;11012;Visofina Pant short 
1085;9f15060b-40f4-40c8-ae08-32a53a5f8bed;cfca4b92-12a6-411c-a62a-a874d00aa735;2514d6c8-11e6-4692-87b4-dcc1cd18592c;F943;11016;Onlsky Skirt midi 
1086;05b7ad2d-50bf-4356-8d5f-8c32cabd5120;23d58665-8b33-4a8b-b8cf-be1f0b955112;c6b81db8-29ed-43d6-b14d-0fd913d7ce36;K829;11076;Print Jacket bomb 
1087;e7380202-5461-4934-9ba6-9fe0223fcb9b;23d58665-8b33-4a8b-b8cf-be1f0b955112;88ee8b83-a7fe-4c00-8f12-621b209012fd;Y131;11077;Summ Playsuit ycoo 
1088;50369792-053e-4a10-ad4c-537b91b1de06;109eb926-eabe-4933-9172-6ff8a5c95ac7;39792668-5cfd-42c2-8872-ad776e9bad70;S1490;11102;Collection Shirt chi 
1089;7022e45f-2576-49c1-b0ad-0e32d6970661;ae7e5951-6317-42e5-9d7e-0b7cab5fff0a;c59807ac-0362-4078-94b0-37ea3df6cdd0;S2136;11118;Japan Shirt season 
1090;5acd4351-402b-4946-ae29-76e691ff7549;921d101c-6d05-4d3a-94fa-b50b955f0561;39792668-5cfd-42c2-8872-ad776e9bad70;T1266;\N;Striped Top one 
1091;efb38a65-e4dd-4942-8f73-d9268f284055;ff436f5f-57aa-45bb-badc-c4063c6a022f;b263ba41-adab-4a83-a3e0-2766522f5aec;Q332;9990;Leandra Scarf cahier 
1092;e4000baa-8e51-4647-a892-a49b8c12ce8b;ff436f5f-57aa-45bb-badc-c4063c6a022f;b263ba41-adab-4a83-a3e0-2766522f5aec;Q328;9992;Layna Scarf cahier 
1093;0d35a664-1859-4a7f-b62c-868e57be230d;ff436f5f-57aa-45bb-badc-c4063c6a022f;b263ba41-adab-4a83-a3e0-2766522f5aec;Q333;9993;Lilah Scarf cahier 
1094;c3dd4e6a-3c7c-455a-bee1-432c9a6b3a97;321f9370-6a4a-4ea4-bd01-e0a2fad07f33;1dc55e58-a5c3-462c-b73d-8dd480de90fc;P2032;14883;Liverpool Pant grette 
1095;bd3d7995-2835-4e19-ac3d-5c4954d19337;f55a7823-4b84-4ca2-b24f-4945f2f27ca9;1dc55e58-a5c3-462c-b73d-8dd480de90fc;P1867;16395;Desfiona Pant squared 
1096;3ea7f03e-f546-467e-bb38-f9a400641506;80624cdd-099b-4cea-8f4a-2837f3e08587;95f835a3-03fe-40f1-a813-4fbfd2842845;C1100;11204;Seis Tshirt jers 
1097;7adac8b3-7af5-4025-9e92-0cb1ce93e2cf;23ac65d4-bca2-4119-b4fa-821b224b8d49;9c5a3fee-dad0-444a-acb3-c059e2f3db20;P1389;11207;Jrmadalan Short nice 
1098;6438398c-f314-44ba-9f48-12c584995eb2;23ac65d4-bca2-4119-b4fa-821b224b8d49;6598b655-3e19-448c-8b4f-ff6a29447b34;M226;11208;Jrfive Jeans mahela 
1099;abf17df8-7205-4ed4-8daa-c0326aebd603;80624cdd-099b-4cea-8f4a-2837f3e08587;9c5a3fee-dad0-444a-acb3-c059e2f3db20;P1272;11209;Sia Short pant 
1100;2b2833d0-819a-460e-a46c-ec921a12bc9f;ae7e5951-6317-42e5-9d7e-0b7cab5fff0a;c59807ac-0362-4078-94b0-37ea3df6cdd0;S2148;11220;Season Shirt flower 
1101;55c2d87b-3923-4475-843e-943c39c46421;9ef43878-70f3-43df-959d-49af8b1f580f;39792668-5cfd-42c2-8872-ad776e9bad70;T1511;11221;Majolica Top detail 
1102;aa608827-a9a1-46f8-ae17-b7b19997d8dd;3bf63b3d-7c2f-47a4-81bc-6ad2452245d7;6598b655-3e19-448c-8b4f-ff6a29447b34;M240;11222;Carwilly Jeans straight 
1103;eb7c1f9f-dba6-4b99-a904-eb6406065bef;60f81be4-bc2d-465c-ad62-52551b7c9ad8;2514d6c8-11e6-4692-87b4-dcc1cd18592c;F1212;11229;Wabias Skirt satin 
1104;3e82b9ae-e4e5-4fc1-a983-4b72ca89125b;60f81be4-bc2d-465c-ad62-52551b7c9ad8;88ee8b83-a7fe-4c00-8f12-621b209012fd;Y132;11237;Wahidden Jumpsuit print 
1105;b4c5c3cb-b4a9-4aa4-a28a-3bf00db390ae;10978e4c-57de-4f45-9b35-f304ca89875e;141f32d6-a5af-49bf-b019-fd28354977f1;J1533;11368;Haywood Cardigan bay 
1106;08d89d4a-f7eb-4fcf-af87-ffbe16f77394;199da221-79cf-44b0-932d-d90ffa244ae5;39792668-5cfd-42c2-8872-ad776e9bad70;T1527;11376;Animals Top print 
1107;8772bba7-13ee-4edc-a326-30afb7a40428;1600fb81-6f8b-4fa2-9ae2-a33420125939;88ee8b83-a7fe-4c00-8f12-621b209012fd;Y139;11462;Cerise Playsuit solid 
1108;31b86155-5184-4e01-beaa-73944d5b280b;1600fb81-6f8b-4fa2-9ae2-a33420125939;2514d6c8-11e6-4692-87b4-dcc1cd18592c;F1229;11463;Cerise Skirt karai 
1109;2b1f8708-21cf-4af1-80f4-13f1fe48bb99;6826e5f2-33d9-47eb-aff2-402a3d031e79;88ee8b83-a7fe-4c00-8f12-621b209012fd;Y141;11480;Combi Jumpsuit summ 
1110;661cd95f-0c8d-40d7-9ecf-b2a0577f9d98;3f30b2f3-4c58-4acc-a69b-d2eee9d57be0;c59807ac-0362-4078-94b0-37ea3df6cdd0;S1750;11482;Viki Shirt burnout 
1111;60e61d82-70d6-46ce-95f4-dba9f7cf4412;921d101c-6d05-4d3a-94fa-b50b955f0561;95f835a3-03fe-40f1-a813-4fbfd2842845;C1308;11483;Vivana Tshirt ltd 
1112;c71f59b5-6b2d-45d1-b52f-0ac4f44ca535;67b4106f-ce58-4ea9-8912-9b6e3e32d203;1b93b30c-833f-45a8-ba69-c21d2e7f4824;J1129;8598;Bspenelopes Sweater peac
1113;1017ab52-2857-4b8f-8e07-c7bd6db0cd38;2b8a1779-4e37-420c-9439-222f69ab6790;39792668-5cfd-42c2-8872-ad776e9bad70;T1484;11578;Abba Top miniprint 
1114;4d836d05-3895-406c-93c0-d3d77979e3d8;2b8a1779-4e37-420c-9439-222f69ab6790;39792668-5cfd-42c2-8872-ad776e9bad70;T1478;11580;Abba Top print 
1115;81b16ab3-906c-4f43-ab1c-920628d9162a;e02a9b8d-2a26-46c6-b5c1-0c8b2e4ff4d4;2514d6c8-11e6-4692-87b4-dcc1cd18592c;F1146;11586;Frbilly Skirt solid 
1116;1692bd79-6fab-4781-a777-f5ea7e96972e;81ff4456-9c03-441f-9201-9410cae79d85;39792668-5cfd-42c2-8872-ad776e9bad70;T1193;11591;Bygina Top rib 
1117;208d3266-9a5a-47f6-aa75-6c934fd34963;61c08d2e-6819-4a64-a866-3e377ff68925;1b93b30c-833f-45a8-ba69-c21d2e7f4824;J1384;11594;Vibirth Sweater knit 
1118;6771aee2-3417-486c-bf0e-f7cb3ab73e31;61c08d2e-6819-4a64-a866-3e377ff68925;35405a7d-7018-440b-9d16-76206ac3e224;K771;11596;Visky Parka long 
1119;fe7d2581-c00b-4128-a9e2-4fb94e789930;b767f189-d40b-49cc-adf1-fc4ee11438d7;39792668-5cfd-42c2-8872-ad776e9bad70;T1322;11597;Vmbeate Top birch 
1120;1d011a8b-2db8-47e1-8ff4-94f65fa91f6c;1600fb81-6f8b-4fa2-9ae2-a33420125939;39792668-5cfd-42c2-8872-ad776e9bad70;T1573;11613;Cerise Top okla 
1121;4dfbf9ad-f672-4c76-adae-e3358cb515e9;61c08d2e-6819-4a64-a866-3e377ff68925;c59807ac-0362-4078-94b0-37ea3df6cdd0;S1548;\N;Vilucy Shirt noos 
1122;1a78e48d-2760-476b-9e22-1737fdf3b01d;60f81be4-bc2d-465c-ad62-52551b7c9ad8;88ee8b83-a7fe-4c00-8f12-621b209012fd;Y149;11652;Warehouse Jumpsuit safari 
1123;fe76bf14-c006-4103-9729-82e14e56ff09;321f9370-6a4a-4ea4-bd01-e0a2fad07f33;39792668-5cfd-42c2-8872-ad776e9bad70;T1491;\N;Libra Top solid 
1124;060e50ab-8130-497c-ae32-93f0602124d7;60f81be4-bc2d-465c-ad62-52551b7c9ad8;88ee8b83-a7fe-4c00-8f12-621b209012fd;Y150;11654;Jungle Jumpsuit print 
1125;913f2214-f6a5-41e7-977a-6b003311be56;6ad0756c-5e2a-4caa-8c9a-deaab7cdcf96;88ee8b83-a7fe-4c00-8f12-621b209012fd;Y122;11666;Heidi Jumpsuit dusty 
1126;3e3bd00b-5588-40a1-b4e2-3b87290b1aa5;6ad0756c-5e2a-4caa-8c9a-deaab7cdcf96;39792668-5cfd-42c2-8872-ad776e9bad70;T1402;11667;Elin Top dusty 
1127;631f6b3f-eedf-43e6-86f8-68a23e8afecf;f620512a-1e55-4c69-8208-9c83ed4725a5;39792668-5cfd-42c2-8872-ad776e9bad70;T1299;11690;Sleeve Top lise 
1128;55614c9b-7ee2-46f5-8870-949b6a62561c;a686154a-8570-40ae-b6a2-dc82842a5e32;141f32d6-a5af-49bf-b019-fd28354977f1;J1668;11763;Lea Cardigan pocket 
1129;41a666c2-3cd8-4cfa-b8b5-fbf3353a1647;e0c5939f-1f3f-44c9-b786-8154fdaa6cac;6598b655-3e19-448c-8b4f-ff6a29447b34;M374;11770;Oca Jeans denim 
1130;ace9ee50-a0d9-4ab1-af79-594bdbee3fc8;3e0e694f-fb8e-49e3-98dd-b83aac682569;2514d6c8-11e6-4692-87b4-dcc1cd18592c;F1089;11802;Nmayla Skirt noos 
1131;aa247553-4c30-41bd-9022-1cf8ac4a068a;cfca4b92-12a6-411c-a62a-a874d00aa735;6598b655-3e19-448c-8b4f-ff6a29447b34;M410;11807;Onlblush Jeans raw 
1132;2e780d44-b6ee-47e9-8e80-6addf186770a;c3159d66-c344-4f24-bee1-1d5966e567d6;6598b655-3e19-448c-8b4f-ff6a29447b34;M388;11814;Organic Jeans skinny 
1133;2a9910f9-d511-484f-a067-f66f50fbb197;9fead4cd-d80d-4488-be05-beddd6b45fb5;2514d6c8-11e6-4692-87b4-dcc1cd18592c;F876;10180;Naya Skirt fit 
1134;287ddca8-d5d6-4fb2-a9f0-9734728376f5;91664c1b-3d18-4eab-b3ca-79072c417d45;6598b655-3e19-448c-8b4f-ff6a29447b34;M387;11817;Velvet Jeans skinny 
1135;9140f911-2997-429b-8465-e4bdfaf23884;c3159d66-c344-4f24-bee1-1d5966e567d6;2514d6c8-11e6-4692-87b4-dcc1cd18592c;F1099;11818;Leona Skirt denim 
1136;0a936b26-f806-4f9e-a38f-96b009616ad1;c3159d66-c344-4f24-bee1-1d5966e567d6;ba89fcc3-bb1b-42af-a754-2d9f639e43ab;D1824;11821;Raakel Dress beau 
1137;9ac7aef0-9a5e-4df9-b755-f707040d2f2a;d16b490f-370e-4eeb-ab4f-31c815f60a69;39792668-5cfd-42c2-8872-ad776e9bad70;T1286;11848;Printa Top gj 
1138;d852d971-b63d-4152-a498-02e0eba5919f;d16b490f-370e-4eeb-ab4f-31c815f60a69;39792668-5cfd-42c2-8872-ad776e9bad70;T1287;11849;Lence Top garcia 
1139;320900a6-6d21-4a12-8e6c-1fb3571f5484;2b8a1779-4e37-420c-9439-222f69ab6790;e1646b68-8f10-4b63-87d5-30924341f8ba;Q377;11858;Filosos Scarf wool 
1140;08cb7765-3a99-4b40-a006-bed00a49f6fa;a686154a-8570-40ae-b6a2-dc82842a5e32;882ecdf8-325d-4826-a066-1b263e438f09;B429;11859;Bocanna Bag cow 
1141;5a1826ae-b321-420e-84b7-0b9e20b08099;3bf63b3d-7c2f-47a4-81bc-6ad2452245d7;2514d6c8-11e6-4692-87b4-dcc1cd18592c;F1071;11890;Carthunder Skirt pencil 
1142;b7c44e16-5f20-40ce-a8f9-f16199872b80;bc72be7a-2bd4-44ff-ab0e-e975e4ee9e96;1dc55e58-a5c3-462c-b73d-8dd480de90fc;P1772;11940;Osaka Pant wardrobe 
1143;269f91d6-6551-484a-a62f-45172980003b;e02a9b8d-2a26-46c6-b5c1-0c8b2e4ff4d4;1dc55e58-a5c3-462c-b73d-8dd480de90fc;P1359;\N;Nanni Pant ankle
1144;fc346ef3-3622-4f88-916c-c1d326ba7c27;91664c1b-3d18-4eab-b3ca-79072c417d45;95f835a3-03fe-40f1-a813-4fbfd2842845;C1472;11952;Orla Tshirt stripes 
1145;c003b860-59da-44a4-83fa-9821eb19cf1e;9ef43878-70f3-43df-959d-49af8b1f580f;88ee8b83-a7fe-4c00-8f12-621b209012fd;Y155;11973;Margarithe Jumpsuit one 
1146;fe3c8256-90f7-4827-b4a7-4dd5d24531db;60f81be4-bc2d-465c-ad62-52551b7c9ad8;c59807ac-0362-4078-94b0-37ea3df6cdd0;T1103;8808;Ivan Top ware 
1147;37013051-4c93-48d0-bb88-edecbfe7f5bf;c22a8b00-a91b-4f6f-af11-8553e7c13ea9;141f32d6-a5af-49bf-b019-fd28354977f1;J1837;12006;Pep Cardigan one 
1148;d3ea07e9-abd0-4b12-9700-43564d3db82f;e0c5939f-1f3f-44c9-b786-8154fdaa6cac;1dc55e58-a5c3-462c-b73d-8dd480de90fc;P1575;12015;Casual Pant esprit 
1149;6ab3916d-970a-4690-9aa3-3eec757e8eb3;e4c97e4e-1141-497f-b38c-3b7c0cae9ec4;c6b81db8-29ed-43d6-b14d-0fd913d7ce36;K870;\N;Pclou Jacket denim
1150;99cb9827-2b67-4f2c-8b16-108ad07ee0dd;6ed756bf-7370-46c0-b4df-a53c893b26bb;141f32d6-a5af-49bf-b019-fd28354977f1;J1480;12021;Niaka Cardigan soya 
1151;2498a289-beea-411d-a5fe-d2f8e21bf1a1;6ed756bf-7370-46c0-b4df-a53c893b26bb;c59807ac-0362-4078-94b0-37ea3df6cdd0;S1864;12022;Pamela Shirt soya 
1152;b4b8cc46-df36-434d-a00a-f740369e2b57;988e3625-7d5a-46f9-b93b-f3b15c8d6e61;6598b655-3e19-448c-8b4f-ff6a29447b34;M347;12034;Paloma Jeans flash 
1153;5a501574-5c55-4a25-bf3b-8d4fad8bbbce;988e3625-7d5a-46f9-b93b-f3b15c8d6e61;ba89fcc3-bb1b-42af-a754-2d9f639e43ab;D2089;12037;Ihjanella Dress printed 
1154;8467f347-332e-4ee7-b688-261124cc45c7;cfca4b92-12a6-411c-a62a-a874d00aa735;c6b81db8-29ed-43d6-b14d-0fd913d7ce36;K654;12102;Onlenya Jacket biker 
1155;dd892c6d-4586-49d5-8563-d6555f1c588a;b767f189-d40b-49cc-adf1-fc4ee11438d7;6598b655-3e19-448c-8b4f-ff6a29447b34;M383;12138;Vmsheila Jeans flare 
1156;d8ae80e1-fa5b-482d-a09b-612af6bdae37;c4d14ff6-043b-4314-b288-04ad5efcb00b;95f835a3-03fe-40f1-a813-4fbfd2842845;C1228;12146;Samira Tshirt stripe 
1157;30d24db4-f20d-4379-ae34-d12b3fb0caee;e2b0644a-9365-4b40-a821-2a2266de551d;c59807ac-0362-4078-94b0-37ea3df6cdd0;S2070;12170;Nudpalma Shirt modal 
1158;57879cd7-09a2-4c81-91ce-59a4a34e239c;61c08d2e-6819-4a64-a866-3e377ff68925;74ba5e25-afd5-490b-a3a8-2175020c4487;A112;12212;Vijessi Coat noos 
1159;16fd1c30-47fb-49e4-bf0e-135688bd71b4;b767f189-d40b-49cc-adf1-fc4ee11438d7;95f835a3-03fe-40f1-a813-4fbfd2842845;C1349;12213;Vmcira T-shirt vneck 
1160;6dc851f9-5086-464a-a6b3-9cb51df8bfb7;b767f189-d40b-49cc-adf1-fc4ee11438d7;6598b655-3e19-448c-8b4f-ff6a29447b34;M380;12214;Vmseven Jeans noos 
1161;56eee629-7a0a-4bd4-b0a0-afb40068f2e9;37fe10b7-3e0b-4bcb-ab83-759ddc273e23;95f835a3-03fe-40f1-a813-4fbfd2842845;C1157;12221;Fremshimmer T-shirt stars 
1162;a42816aa-84db-406a-bb02-544916dc7570;cfca4b92-12a6-411c-a62a-a874d00aa735;1b93b30c-833f-45a8-ba69-c21d2e7f4824;J1600;12222;Onlnicolla Sweater glitter 
1163;1e8b5686-54fe-4778-ac34-a5663c063bed;f620512a-1e55-4c69-8208-9c83ed4725a5;ba89fcc3-bb1b-42af-a754-2d9f639e43ab;D1938;12246;Ttmix Dress ruffle 
1164;eabf4bb0-ba31-436b-9f6d-bfe890f8951f;e0c5939f-1f3f-44c9-b786-8154fdaa6cac;95f835a3-03fe-40f1-a813-4fbfd2842845;C1382;12247;Espnoos T-shit nice 
1165;dcd7d95b-a846-4ddc-8ef0-bd4db9b26894;cfca4b92-12a6-411c-a62a-a874d00aa735;1dc55e58-a5c3-462c-b73d-8dd480de90fc;P1602;12265;Onlroyal Pant high 
1166;5995f29f-b05f-4ad1-a618-99fff0dde657;cfca4b92-12a6-411c-a62a-a874d00aa735;6598b655-3e19-448c-8b4f-ff6a29447b34;M404;12266;Onlblush Jeans col 
1167;30b13514-7751-48a9-bfda-b55d24de983d;3e0e694f-fb8e-49e3-98dd-b83aac682569;2514d6c8-11e6-4692-87b4-dcc1cd18592c;F1214;12284;Nmayla Skirt corduroy 
1168;b8b08fe2-a55a-4fe2-8da4-8b1bc77d4422;3e0e694f-fb8e-49e3-98dd-b83aac682569;1dc55e58-a5c3-462c-b73d-8dd480de90fc;P1717;12286;Nmboss Pant legging 
1169;c3ff44f1-0cb5-48d6-b067-70b70d77f12a;b767f189-d40b-49cc-adf1-fc4ee11438d7;1dc55e58-a5c3-462c-b73d-8dd480de90fc;P1453;12287;Vmtia Pant maya 
1170;f14cc687-0cbf-457a-857a-ec2176708bcb;b767f189-d40b-49cc-adf1-fc4ee11438d7;35405a7d-7018-440b-9d16-76206ac3e224;K640;12289;Vmsoraya Parka boos 
1171;f99e5ba1-dd4c-48c7-8961-3f9aa61c7fc3;b767f189-d40b-49cc-adf1-fc4ee11438d7;c6b81db8-29ed-43d6-b14d-0fd913d7ce36;K639;12292;Vmbrushed Jacket boos 
1172;3f610e04-87f1-496c-9706-7dacdc8ad5af;e02a9b8d-2a26-46c6-b5c1-0c8b2e4ff4d4;c6b81db8-29ed-43d6-b14d-0fd913d7ce36;K728;12329;Nanni Jacket check 
1173;2fd2a136-969a-4232-a23f-0d617f145347;d16b490f-370e-4eeb-ab4f-31c815f60a69;6598b655-3e19-448c-8b4f-ff6a29447b34;M304;12372;Caro Jeans vintage
1174;2661d4c8-b4cb-4f61-8a4c-09a111c03be0;f620512a-1e55-4c69-8208-9c83ed4725a5;35405a7d-7018-440b-9d16-76206ac3e224;A115;12521;Athlei Coat padded 
1175;e5dd4f02-d974-4763-9404-52410ee953cb;17e6c981-001d-41b0-9816-16425ffeef0d;c6b81db8-29ed-43d6-b14d-0fd913d7ce36;K762;12532;Out Jacket thin 
1176;49fa1ff1-c1c7-408d-89f6-6913c80aacfd;b767f189-d40b-49cc-adf1-fc4ee11438d7;1b93b30c-833f-45a8-ba69-c21d2e7f4824;J1197;12539;Vmmure Sweater vneck 
1177;23a9c9bb-85b1-402a-82d7-3f44ab419a7d;76980fb6-ce4f-4e2a-9958-5cf8fc25e639;9c5a3fee-dad0-444a-acb3-c059e2f3db20;P1875;16801;Epaper Short naf 
1178;704e48d1-1b2d-4593-b00f-ad6a11914f95;61c08d2e-6819-4a64-a866-3e377ff68925;2514d6c8-11e6-4692-87b4-dcc1cd18592c;F998;12542;Vicommit Skirt noos 
1179;96e0ef7b-e8cb-4513-a43b-bd88f948a5d0;e4c97e4e-1141-497f-b38c-3b7c0cae9ec4;e1646b68-8f10-4b63-87d5-30924341f8ba;Q349;12543;Pcherle Scarf long 
1180;c85d9b96-b0d8-453e-87f6-a17814d183ad;76980fb6-ce4f-4e2a-9958-5cf8fc25e639;39792668-5cfd-42c2-8872-ad776e9bad70;T1649;16804;Oki T-shirt sweet 
1181;ff0e2a3b-d5fa-4d97-aeab-af33ea1184c0;23ac65d4-bca2-4119-b4fa-821b224b8d49;95f835a3-03fe-40f1-a813-4fbfd2842845;S1836;12597;Jrannie Shirt combi 
1182;818dc758-6014-4938-8c2f-8a5d939742dd;23ac65d4-bca2-4119-b4fa-821b224b8d49;c59807ac-0362-4078-94b0-37ea3df6cdd0;S1835;12598;Jrzalaz Shirt garden 
1183;fb47465d-6dfa-45f2-b1b9-52cc540cabdc;e4c97e4e-1141-497f-b38c-3b7c0cae9ec4;6598b655-3e19-448c-8b4f-ff6a29447b34;M269;12656;Pcdelly Jeans noos 
1184;06febe5c-a2d8-43e5-8102-f322d7275a5c;17e6c981-001d-41b0-9816-16425ffeef0d;c59807ac-0362-4078-94b0-37ea3df6cdd0;S1991;12685;Edherringbone Shirt woven
1185;3101ace8-cd87-4df2-9c8d-fcec880db179;921d101c-6d05-4d3a-94fa-b50b955f0561;95f835a3-03fe-40f1-a813-4fbfd2842845;S1361;9044;Mix Shirt stripes 
1186;462b1d34-bf85-4791-a428-65febf688b11;9ef43878-70f3-43df-959d-49af8b1f580f;39792668-5cfd-42c2-8872-ad776e9bad70;T1242;9055;Floun Top colors
1187;f0b58eac-f73b-4292-b12e-2827e310f6e0;b767f189-d40b-49cc-adf1-fc4ee11438d7;35405a7d-7018-440b-9d16-76206ac3e224;K764;12813;Vmkylie Parka sky 
1188;c32d88b6-6206-4691-a14d-4ffc69dc2157;a9781aba-c1a3-4bf5-9c50-26cc60e7d4cf;1dc55e58-a5c3-462c-b73d-8dd480de90fc;P1889;\N;Sand Pant leggings 
1189;67745fa9-a7f0-4d0c-80dc-28bad3cda8d9;136dab85-c840-420f-bf88-e459483f8796;1dc55e58-a5c3-462c-b73d-8dd480de90fc;P1798;12705;Target Pant grace 
1190;f806aeb9-818a-4722-86be-7b89e50d06ab;136dab85-c840-420f-bf88-e459483f8796;39792668-5cfd-42c2-8872-ad776e9bad70;T1585;12706;Tanya Top grace 
1191;a6fcff22-06b8-4b23-993a-242fa0c5b74f;136dab85-c840-420f-bf88-e459483f8796;2514d6c8-11e6-4692-87b4-dcc1cd18592c;F1250;12707;Tamiko Skirt grace 
1192;7b58e197-f5f0-4c81-a99c-28eeead21b54;136dab85-c840-420f-bf88-e459483f8796;1dc55e58-a5c3-462c-b73d-8dd480de90fc;P1795;12710;Tandem Pant grace 
1193;a2b3f4c4-dfbb-4f3e-b23f-805ce29bebf4;e4c97e4e-1141-497f-b38c-3b7c0cae9ec4;e1646b68-8f10-4b63-87d5-30924341f8ba;Q365;12828;Pciblanka Scarf long 
1194;f838fdcd-0c59-42d1-9a2d-445630a42634;3e0e694f-fb8e-49e3-98dd-b83aac682569;3087da56-5a27-4e58-aea7-1555c640f232;X123;13033;Nmchristian Sweatshirt flock 
1195;e1cc8072-dcd6-4d3f-aaa1-ceda73c3d641;cfca4b92-12a6-411c-a62a-a874d00aa735;1b93b30c-833f-45a8-ba69-c21d2e7f4824;J1596;13039;Onlevelin Sweater knit 
1196;6f1a2d0c-93eb-42d4-8b53-5c76128e4763;cfca4b92-12a6-411c-a62a-a874d00aa735;1b93b30c-833f-45a8-ba69-c21d2e7f4824;J1211;13047;Onlnaja Sweater knit 
1197;533e3e92-3f21-4331-8f65-7feec2464b95;b767f189-d40b-49cc-adf1-fc4ee11438d7;1dc55e58-a5c3-462c-b73d-8dd480de90fc;P1810;\N;Vmeva Pant paperbag 
1198;9bc114e8-9547-4385-8c02-abab9a840195;8d0a58df-f457-4299-a14f-de0fbb974386;c59807ac-0362-4078-94b0-37ea3df6cdd0;S1616;13117;Lena Shirt studio 
1199;d529c81d-6919-4201-99fc-b5244e6b68ab;f66308ed-5556-4469-a729-517b619fac5a;39792668-5cfd-42c2-8872-ad776e9bad70;T1321;13472;Singlet Top lace 
1200;7983a6a0-d495-423d-b1b4-330f8188ee7c;6ed756bf-7370-46c0-b4df-a53c893b26bb;35405a7d-7018-440b-9d16-76206ac3e224;K768;13546;Alexa Jacket soya 
1201;99b9fc63-20c7-462c-a145-aeb70741181d;45702471-835a-4967-a38b-c910df5a5b31;2514d6c8-11e6-4692-87b4-dcc1cd18592c;F1302;13681;Cpiris Skirt poly 
1202;82fd5575-2251-4aff-9963-ab35f118b3db;e2ed2d6d-895f-4d78-85f0-60805c02013b;88ee8b83-a7fe-4c00-8f12-621b209012fd;Y163;13684;Dungaree Jumpsuit denim 
1203;88e2d887-9ffe-48fe-81f7-96650fff8cca;09358432-a44c-4cb4-b8e6-bf51b403bf39;c59807ac-0362-4078-94b0-37ea3df6cdd0;S1781;9532;Hippie Shirt geo
1204;f1dcf694-fb52-4042-8f49-04e1266cb17a;e2ed2d6d-895f-4d78-85f0-60805c02013b;2514d6c8-11e6-4692-87b4-dcc1cd18592c;F1321;13685;Chocolate Skirt box 
1205;805f19cd-ffe5-41c4-ac93-b2137ab34f47;e2ed2d6d-895f-4d78-85f0-60805c02013b;1b93b30c-833f-45a8-ba69-c21d2e7f4824;J1879;13691;Sarah Sweater spot 
1206;f76562fd-08bf-4c65-a28a-02c7f3a2b9db;f620512a-1e55-4c69-8208-9c83ed4725a5;2514d6c8-11e6-4692-87b4-dcc1cd18592c;F1144;13695;Talior Skirt denim 
1207;b4520b8e-1cd0-42b5-a061-6d66cc8eb699;60f81be4-bc2d-465c-ad62-52551b7c9ad8;2514d6c8-11e6-4692-87b4-dcc1cd18592c;F1319;13696;Seamed Skirt pencil 
1208;50c62434-c2b3-4c31-8fc8-60e69c64eb44;988e3625-7d5a-46f9-b93b-f3b15c8d6e61;39792668-5cfd-42c2-8872-ad776e9bad70;C1251;13713;Ihjanella Tshirt printed 
1209;98c5db4a-7e25-467d-8c92-e4dbfdd946b0;988e3625-7d5a-46f9-b93b-f3b15c8d6e61;39792668-5cfd-42c2-8872-ad776e9bad70;T1701;13717;Ihjanella Top print 
1210;53d44797-6a78-4668-b046-3d93f4750d96;988e3625-7d5a-46f9-b93b-f3b15c8d6e61;95f835a3-03fe-40f1-a813-4fbfd2842845;C1246;13718;Ihyildiz Tshirt lab 
1211;8e1fb94d-f428-4ca1-9e07-98e41ffad535;988e3625-7d5a-46f9-b93b-f3b15c8d6e61;c6b81db8-29ed-43d6-b14d-0fd913d7ce36;K748;13719;Ihkate Jacket leo 
1212;09938e60-ab2a-4f5f-9f4c-acb45e07d006;37fe10b7-3e0b-4bcb-ab83-759ddc273e23;1b93b30c-833f-45a8-ba69-c21d2e7f4824;J1269;13720;Fremretta Sweater stripes 
1213;af26e508-6bb7-41da-bab4-6b7bd644ece4;d16b490f-370e-4eeb-ab4f-31c815f60a69;95f835a3-03fe-40f1-a813-4fbfd2842845;C1391;13772;Gjrosso T-shirt knit 
1214;91a198cd-4722-4896-ac28-994428ed00d7;6ad0756c-5e2a-4caa-8c9a-deaab7cdcf96;141f32d6-a5af-49bf-b019-fd28354977f1;J1705;13774;Arya Cardigan maxi 
1215;8b622608-1c00-4651-8e7e-19e82d8895f2;6ad0756c-5e2a-4caa-8c9a-deaab7cdcf96;1b93b30c-833f-45a8-ba69-c21d2e7f4824;J1702;13777;Marilyn Sweater melange 
1216;e02ba8fa-ac60-4476-816c-62f3e99e6742;dfd310cc-8f71-4c13-8292-9f10d0c800c5;1b93b30c-833f-45a8-ba69-c21d2e7f4824;J1793;13778;Taylor Sweater color 
1217;28ffca3c-7833-4e46-8a2a-fa497ada7766;6ad0756c-5e2a-4caa-8c9a-deaab7cdcf96;1dc55e58-a5c3-462c-b73d-8dd480de90fc;P1824;13782;Polly Pant color 
1218;0d90bc67-8558-44ad-ac63-65836b85e914;e4c97e4e-1141-497f-b38c-3b7c0cae9ec4;2514d6c8-11e6-4692-87b4-dcc1cd18592c;F1161;13785;Pcjacy Skirt foil 
1219;61f43572-e55c-4f1e-abe2-da7b9453562f;60f81be4-bc2d-465c-ad62-52551b7c9ad8;2514d6c8-11e6-4692-87b4-dcc1cd18592c;F1351;13982;Belted Skirt warehouse 
1220;d23a4fca-1841-4ebc-9d27-89e668be6e04;91664c1b-3d18-4eab-b3ca-79072c417d45;2514d6c8-11e6-4692-87b4-dcc1cd18592c;F1381;13994;Cara Skirt leopard 
1221;985d7aa0-9c0a-4c7b-8ce1-9c51397a4a70;67b4106f-ce58-4ea9-8912-9b6e3e32d203;9c5a3fee-dad0-444a-acb3-c059e2f3db20;P1305;10272;Bsrae Pant short 
1222;aa8ba1be-2917-494f-992a-e8370dd58c80;e0c5939f-1f3f-44c9-b786-8154fdaa6cac;74ba5e25-afd5-490b-a3a8-2175020c4487;A118;14008;Quilted Coat woven 
1223;f697505a-adfb-4836-88f4-74dd3e61d94e;d16b490f-370e-4eeb-ab4f-31c815f60a69;c59807ac-0362-4078-94b0-37ea3df6cdd0;S2060;14011;Gjmoon Shirt collar 
1224;4e63dcee-6583-4384-b2cb-64c2c741b604;37fe10b7-3e0b-4bcb-ab83-759ddc273e23;1b93b30c-833f-45a8-ba69-c21d2e7f4824;J1549;14016;Fisland Sweater nordic 
1225;3a583d4f-8384-4dd8-90ee-d9a8b5bfffc5;974bd864-5f7e-4b18-a28d-03e8f46c8507;2514d6c8-11e6-4692-87b4-dcc1cd18592c;F1027;9322;Icone Skirt hearts
1226;4b5e895d-ccb8-425f-8eb4-63828b648e6f;23d58665-8b33-4a8b-b8cf-be1f0b955112;1b93b30c-833f-45a8-ba69-c21d2e7f4824;J1690;11167;Verta Sweater ycoo
1227;63c0900f-a50b-44f2-8319-890ebe221b86;81ff4456-9c03-441f-9201-9410cae79d85;1b93b30c-833f-45a8-ba69-c21d2e7f4824;J1553;14020;Bymalea Sweater basic 
1228;44dfe842-baaf-4b12-93e2-eca86f3b662e;f620512a-1e55-4c69-8208-9c83ed4725a5;ba89fcc3-bb1b-42af-a754-2d9f639e43ab;D1918;14024;Tmini Dress knit 
1229;533e46b8-67dc-4350-8e64-3328c8324f88;09358432-a44c-4cb4-b8e6-bf51b403bf39;c6b81db8-29ed-43d6-b14d-0fd913d7ce36;K1248;17351;Julia Jacket light
1230;f3e96b35-3c4c-4fb7-a91a-ebdce66ebc91;9ef43878-70f3-43df-959d-49af8b1f580f;c59807ac-0362-4078-94b0-37ea3df6cdd0;S2525;14137;Austen Shirt miniprint 
1231;de3d4aa4-da7c-4f87-9d20-64836719d5f6;9ef43878-70f3-43df-959d-49af8b1f580f;39792668-5cfd-42c2-8872-ad776e9bad70;T1762;14140;Tolkien Top miniprint 
1232;678874fd-125b-4160-9219-fcd0b902a69d;9ef43878-70f3-43df-959d-49af8b1f580f;39792668-5cfd-42c2-8872-ad776e9bad70;T1763;14143;Bronte Top miniprint 
1233;75ff7763-f2f1-43bc-87d6-5892e203605c;9ef43878-70f3-43df-959d-49af8b1f580f;2514d6c8-11e6-4692-87b4-dcc1cd18592c;F1410;14145;Tolkien Skirt dots 
1234;b787f834-b274-4c9a-8d59-93a9caef3bb3;9ef43878-70f3-43df-959d-49af8b1f580f;2514d6c8-11e6-4692-87b4-dcc1cd18592c;F1408;14148;Austen Skirt floral 
1235;928eb279-c4b5-495b-b164-c0217288fc43;25e70ebf-206f-4be2-a626-9980e36fdda3;3087da56-5a27-4e58-aea7-1555c640f232;X132;14155;Stripe Sweatshirt colors 
1236;533d15be-72fc-481f-92da-fdb79ba010fa;e2b0644a-9365-4b40-a821-2a2266de551d;882ecdf8-325d-4826-a066-1b263e438f09;B477;16131;Dana Bag nude
1237;cac276d2-f1d5-416c-84e3-54b7d2111c32;25e70ebf-206f-4be2-a626-9980e36fdda3;141f32d6-a5af-49bf-b019-fd28354977f1;J1947;14159;Classic Cardigan buttons 
1238;2f1e00f7-7778-4ccd-a502-527635e7161f;25e70ebf-206f-4be2-a626-9980e36fdda3;141f32d6-a5af-49bf-b019-fd28354977f1;J1946;14160;Edge Cardigan long 
1239;566fbf96-baa1-4e27-b7e4-6667d01cdd5d;25e70ebf-206f-4be2-a626-9980e36fdda3;141f32d6-a5af-49bf-b019-fd28354977f1;J1949;14161;Chunky Cardigan long 
1240;aa72ffb8-ff44-4252-92cb-fd2ff422cd1c;f66308ed-5556-4469-a729-517b619fac5a;39792668-5cfd-42c2-8872-ad776e9bad70;T1303;14205;Woven Top saint 
1241;1b6be9b9-3e5f-4732-a8ec-7ab1aa57e3a2;1ccbcd7a-f998-416d-bb98-5f9d79ee746e;6598b655-3e19-448c-8b4f-ff6a29447b34;M453;14212;Curvy Jeans one 
1242;0b8b8d42-9fac-4d73-af86-769571e8d5cb;1ccbcd7a-f998-416d-bb98-5f9d79ee746e;6598b655-3e19-448c-8b4f-ff6a29447b34;M454;14213;Curvy Jeans plus 
1243;0b0b776d-3403-424f-87e2-9dc978e58321;1ccbcd7a-f998-416d-bb98-5f9d79ee746e;3087da56-5a27-4e58-aea7-1555c640f232;X119;14215;Kenzo Sweatshirt one 
1244;ffd73fe0-3fdb-4e93-b9b5-7fa9bebb3ab1;1ccbcd7a-f998-416d-bb98-5f9d79ee746e;6598b655-3e19-448c-8b4f-ff6a29447b34;M456;14218;Nicky Jeans four 
1245;6e1d547d-5c1e-41c8-96cc-cf1ef73d66d9;1ccbcd7a-f998-416d-bb98-5f9d79ee746e;6598b655-3e19-448c-8b4f-ff6a29447b34;M450;14219;Push Jeans up 
1246;11ac120a-2530-4545-802f-83d123872630;1ccbcd7a-f998-416d-bb98-5f9d79ee746e;6598b655-3e19-448c-8b4f-ff6a29447b34;M451;14220;Curve Jeans body 
1247;5e3707ed-0cf9-4e85-8644-291aa696c5a1;1ccbcd7a-f998-416d-bb98-5f9d79ee746e;1dc55e58-a5c3-462c-b73d-8dd480de90fc;M645;14223;Curvy Jeans print 
1248;facadd2d-6185-4929-9174-50136bce2ace;81ff4456-9c03-441f-9201-9410cae79d85;35405a7d-7018-440b-9d16-76206ac3e224;K741;14225;Bybomina Jacket young 
1249;2f89aaf9-c846-4a19-9423-e875317b3e05;921d101c-6d05-4d3a-94fa-b50b955f0561;6598b655-3e19-448c-8b4f-ff6a29447b34;M572;14246;Casual Jeans denim 
1250;fda3b5c8-9401-4158-8fd8-c2ab11590eb8;a686154a-8570-40ae-b6a2-dc82842a5e32;882ecdf8-325d-4826-a066-1b263e438f09;B432;14253;Bocameba Bag buff 
1251;7254d68d-d9c8-4164-b5aa-bd4324f78108;a5905093-f8e4-44cc-971a-a12403411c49;c6b81db8-29ed-43d6-b14d-0fd913d7ce36;K1159;16860;Sonora Jacket blazer
1252;34eb0fe1-b0a3-487b-9d45-438e3fde74ab;a686154a-8570-40ae-b6a2-dc82842a5e32;882ecdf8-325d-4826-a066-1b263e438f09;B434;14254;Bocarthur Bag cow 
1253;4bc6fdb3-1134-409f-9392-5ce59ce1f9b7;a686154a-8570-40ae-b6a2-dc82842a5e32;882ecdf8-325d-4826-a066-1b263e438f09;B433;14255;Bocarm Bag suede 
1254;63b49c0a-e11a-4ebe-ab26-916533ae4e33;09358432-a44c-4cb4-b8e6-bf51b403bf39;c6b81db8-29ed-43d6-b14d-0fd913d7ce36;K1247;17352;Vega Jacket print
1255;6f5ffe76-aa34-4a45-abec-57a4b7978f07;09358432-a44c-4cb4-b8e6-bf51b403bf39;ba89fcc3-bb1b-42af-a754-2d9f639e43ab;D2752;17357;Alba Dress light
1256;93663160-3cb1-4fe1-af67-9b52528ccac3;23ac65d4-bca2-4119-b4fa-821b224b8d49;6598b655-3e19-448c-8b4f-ff6a29447b34;M644;14259;Jrfour Jeans noos 
1257;2234c625-7822-457b-8163-063db6c97f38;f433b88b-611c-4641-bb56-60325f504dad;1b93b30c-833f-45a8-ba69-c21d2e7f4824;J1963;14262;Omara Sweater plain 
1258;bd66bf63-84c1-406d-9c20-599b31c5ec07;9b5272b3-c05f-4237-913b-61dde0fdb8d0;1dc55e58-a5c3-462c-b73d-8dd480de90fc;P1548;14265;Sevi Pant slim 
1259;a0f57fe5-9c9b-4d27-af15-8f5af6f124ac;3bf63b3d-7c2f-47a4-81bc-6ad2452245d7;c6b81db8-29ed-43d6-b14d-0fd913d7ce36;K1003;14267;Caravana Jakect biker 
1260;21a2b38d-1cde-43af-bbbc-75aff5d36c17;60f81be4-bc2d-465c-ad62-52551b7c9ad8;74ba5e25-afd5-490b-a3a8-2175020c4487;A140;14282;Teddy Coat faux 
1261;c985d1b1-bbea-4c70-b035-3680dcc0ac43;09358432-a44c-4cb4-b8e6-bf51b403bf39;c6b81db8-29ed-43d6-b14d-0fd913d7ce36;K1249;17354;Sofia Jacket blazer
1262;49a4fd05-1431-4933-8bdc-6de4e8e442c9;60f81be4-bc2d-465c-ad62-52551b7c9ad8;1b93b30c-833f-45a8-ba69-c21d2e7f4824;J1953;14288;Abstract Sweater zebra 
1263;b40df064-95cf-4b8f-ba13-1be1c9f69e2c;60f81be4-bc2d-465c-ad62-52551b7c9ad8;1b93b30c-833f-45a8-ba69-c21d2e7f4824;J1956;14290;Utility Sweater button 
1264;c2e85396-5932-4742-ab6b-c33bc4938d2f;dcbc39f3-9aca-4f28-9a5c-2ddd04da77d8;2514d6c8-11e6-4692-87b4-dcc1cd18592c;F1432;14338;Purpurine Skirt senes 
1265;76725cae-6c12-47b3-b6fd-0651db5c35df;921d101c-6d05-4d3a-94fa-b50b955f0561;1dc55e58-a5c3-462c-b73d-8dd480de90fc;M571;14346;Herrin Jeans highwaist 
1266;f52d98f3-1d37-465f-ba18-c7388c7768ad;921d101c-6d05-4d3a-94fa-b50b955f0561;95f835a3-03fe-40f1-a813-4fbfd2842845;C2050;14348;Vivana T-shirt one 
1267;f9878318-a2e4-44c6-ad1b-a52b512ea665;23ac65d4-bca2-4119-b4fa-821b224b8d49;35405a7d-7018-440b-9d16-76206ac3e224;K676;14380;Jrkokozinfa Parka juna 
1268;5b877bd3-5889-4993-8317-47345a6cee7e;09358432-a44c-4cb4-b8e6-bf51b403bf39;ba89fcc3-bb1b-42af-a754-2d9f639e43ab;D2749;17361;Jamaica Dress print
1269;42143091-2c9b-4315-bc6f-4d51fcc607f1;23d58665-8b33-4a8b-b8cf-be1f0b955112;39792668-5cfd-42c2-8872-ad776e9bad70;T2027;14351;Punta Top buttons 
1270;eea59e8e-4cd9-4427-91c3-a4925052a3e3;60f81be4-bc2d-465c-ad62-52551b7c9ad8;1b93b30c-833f-45a8-ba69-c21d2e7f4824;J1977;14368;Cosy Sweater ribbed 
1271;54566db4-2781-4fc9-b0c7-7c6bf79660b0;60f81be4-bc2d-465c-ad62-52551b7c9ad8;1b93b30c-833f-45a8-ba69-c21d2e7f4824;J1978;14372;Cable Sweater mini 
1272;80b18dbf-42ac-4b74-bc97-a41f6c99329f;23ac65d4-bca2-4119-b4fa-821b224b8d49;1b93b30c-833f-45a8-ba69-c21d2e7f4824;J1542;14379;Jrsaeta Sweater knit 
1273;abe92ffc-ec2e-4ec0-b268-0cf87c4c4697;e2ed2d6d-895f-4d78-85f0-60805c02013b;1dc55e58-a5c3-462c-b73d-8dd480de90fc;P2036;14385;Coated Pant lily 
1274;bba59650-bca3-4094-90e1-ec3e67503fd7;1600fb81-6f8b-4fa2-9ae2-a33420125939;c6b81db8-29ed-43d6-b14d-0fd913d7ce36;K848;11392;Cerise Jacket green 
1275;fa33b8b4-ace9-4a12-aa0a-3675098c8c5d;1600fb81-6f8b-4fa2-9ae2-a33420125939;c6b81db8-29ed-43d6-b14d-0fd913d7ce36;K851;11393;Cream Jacket bomber
1276;99e54c8e-b114-4aff-a792-8fbdbb75fa13;7d82a2a5-1eee-425d-a914-ace3d7864a26;c59807ac-0362-4078-94b0-37ea3df6cdd0;S2571;14388;Soft Shirt akoz 
1277;7d848209-11a0-4650-b707-d205e53e0427;ae7e5951-6317-42e5-9d7e-0b7cab5fff0a;c59807ac-0362-4078-94b0-37ea3df6cdd0;S2580;14414;Goldy Shirt season 
1278;ac8f2885-c4e7-47af-a33f-5efa8c2a9fe7;b767f189-d40b-49cc-adf1-fc4ee11438d7;c6b81db8-29ed-43d6-b14d-0fd913d7ce36;K641;14469;Vmcurl Jacket boos 
1279;0dcb4126-1c61-4cf8-bd03-ca729f1abc2d;e4c97e4e-1141-497f-b38c-3b7c0cae9ec4;6598b655-3e19-448c-8b4f-ff6a29447b34;M462;14481;Pcirene Jeans slim 
1280;852128d8-3cd4-4b6f-9130-b59dd59a0b2b;e4c97e4e-1141-497f-b38c-3b7c0cae9ec4;6598b655-3e19-448c-8b4f-ff6a29447b34;M272;14482;Pvfive Jeans noos 
1281;c7cb8b0f-5feb-46ef-b61c-3e6a1854be64;61c08d2e-6819-4a64-a866-3e377ff68925;141f32d6-a5af-49bf-b019-fd28354977f1;J1488;14502;Vikatay Cardigan multi 
1282;19d65bb9-7d1c-4c5f-a4cf-5e6560a2c7fc;61c08d2e-6819-4a64-a866-3e377ff68925;c59807ac-0362-4078-94b0-37ea3df6cdd0;S1960;14503;Virasha Shirt boat 
1283;90d9a60d-8bb5-458c-a19e-c86546da0913;32f3b931-b9f2-4ffc-aff8-1231abd99738;1b93b30c-833f-45a8-ba69-c21d2e7f4824;J1991;14555;Scar Sweater fitted 
1284;9f02cd45-2556-41fa-bb8e-52dc2e4ceee8;e2ed2d6d-895f-4d78-85f0-60805c02013b;6598b655-3e19-448c-8b4f-ff6a29447b34;M654;14556;Lily Jeans rise 
1285;e5ea2d9f-325b-4a91-aaa4-72e9a77decb8;44164896-a98d-48f3-84af-bd84401ef348;6598b655-3e19-448c-8b4f-ff6a29447b34;M504;11518;Denim Jeans anna
1286;e15abc4c-096f-4707-959a-fa42c704f44d;d0d22dca-1902-45d3-98f5-4130e62056fa;6598b655-3e19-448c-8b4f-ff6a29447b34;M658;14566;Toxico Jeans worn 
1287;26507409-d13c-41c5-9765-ba152eb5bb4b;32f3b931-b9f2-4ffc-aff8-1231abd99738;39792668-5cfd-42c2-8872-ad776e9bad70;T1816;14573;Ina Top wrap 
1288;001f2644-befa-4845-a4ac-48182b880164;6a8df4c0-bf3c-4e99-a648-44021ccb15af;2514d6c8-11e6-4692-87b4-dcc1cd18592c;F1447;14601;Charles Skirt welsh 
1289;73b0931e-8485-4f14-bff0-dd42c4bc3fea;6a8df4c0-bf3c-4e99-a648-44021ccb15af;c59807ac-0362-4078-94b0-37ea3df6cdd0;S2627;14604;Rule Shirt charlior 
1290;167172e2-fb1a-447c-ab32-8eded9099096;ae7e5951-6317-42e5-9d7e-0b7cab5fff0a;c59807ac-0362-4078-94b0-37ea3df6cdd0;S2616;14605;Leyre Shirt forest 
1291;ec3fdaf2-8202-4f5d-9286-f9345800cc61;6a8df4c0-bf3c-4e99-a648-44021ccb15af;c59807ac-0362-4078-94b0-37ea3df6cdd0;S2629;14608;Lune Shirt charlior 
1292;e3c54e73-dced-4a2f-b977-654f63c1c2db;6a8df4c0-bf3c-4e99-a648-44021ccb15af;c59807ac-0362-4078-94b0-37ea3df6cdd0;S2621;14610;Coralie Shirt solid 
1293;421383cf-ccd4-481d-9b93-74b9e11e0772;6a8df4c0-bf3c-4e99-a648-44021ccb15af;39792668-5cfd-42c2-8872-ad776e9bad70;T1817;14611;Sabva Top print 
1294;ad88b44a-7cda-4c24-8ee3-53652a6bd9e9;1600fb81-6f8b-4fa2-9ae2-a33420125939;39792668-5cfd-42c2-8872-ad776e9bad70;T2033;14618;Party Top shine 
1295;25d20c7f-cd03-4a22-a0f3-db96e2e8dbc7;1600fb81-6f8b-4fa2-9ae2-a33420125939;ba89fcc3-bb1b-42af-a754-2d9f639e43ab;D2302;14620;Flowers Dress cerise 
1296;d87ef1e8-3013-47ec-8cbb-1aa6f505792b;1600fb81-6f8b-4fa2-9ae2-a33420125939;c59807ac-0362-4078-94b0-37ea3df6cdd0;S2626;14631;Lunares Shirt cerise 
1297;0b8f75b0-29c8-4bb3-8a4d-6fd7b1da29c3;1600fb81-6f8b-4fa2-9ae2-a33420125939;c59807ac-0362-4078-94b0-37ea3df6cdd0;S2609;14633;Uni Shirt cerise 
1298;b7a4a793-1ef3-4e3f-a5a3-a407d74a485f;1600fb81-6f8b-4fa2-9ae2-a33420125939;ba89fcc3-bb1b-42af-a754-2d9f639e43ab;D2307;14634;Party Dress shines 
1299;851f92fe-4f9c-48ae-b41c-d5103a7fa54a;9ef43878-70f3-43df-959d-49af8b1f580f;c59807ac-0362-4078-94b0-37ea3df6cdd0;S2639;14648;Snake Shirt print 
1300;ab13f05e-b0a2-49a9-99de-a211187093fc;dcbc39f3-9aca-4f28-9a5c-2ddd04da77d8;1b93b30c-833f-45a8-ba69-c21d2e7f4824;J1521;10157;Senes Sweater rainbow 
1301;1fde1138-f67f-4a70-8d36-9cd72cb60909;9ef43878-70f3-43df-959d-49af8b1f580f;c59807ac-0362-4078-94b0-37ea3df6cdd0;S2637;14650;Muse Shirt print 
1302;a8e0d20f-1fab-4bd7-b58e-282a69d19899;9ef43878-70f3-43df-959d-49af8b1f580f;39792668-5cfd-42c2-8872-ad776e9bad70;T1827;14651;Lere Top majo 
1303;fed4ef6e-b0aa-4b37-8f1b-a50c273dd50b;9ef43878-70f3-43df-959d-49af8b1f580f;39792668-5cfd-42c2-8872-ad776e9bad70;T1826;14652;Ille Top majo 
1304;8015cc46-7d24-483a-9b5e-0cdfc8f1c61b;d0d22dca-1902-45d3-98f5-4130e62056fa;6598b655-3e19-448c-8b4f-ff6a29447b34;M668;14673;Munel Jeans toxiko 
1305;cd2ee003-f886-4ac1-bb02-3a993b6a7947;cfca4b92-12a6-411c-a62a-a874d00aa735;c6b81db8-29ed-43d6-b14d-0fd913d7ce36;K751;14674;Onlrhoda Jacket winter 
1306;9e3f069f-465a-407b-ba61-4be7a877669e;6a8df4c0-bf3c-4e99-a648-44021ccb15af;2514d6c8-11e6-4692-87b4-dcc1cd18592c;F1471;14675;Leo Skirt printed 
1307;c4877edf-2cc4-4470-a8e3-633769c9e748;6a8df4c0-bf3c-4e99-a648-44021ccb15af;95f835a3-03fe-40f1-a813-4fbfd2842845;C2140;14677;Coralie Tshirt metal 
1308;bedf0f8c-1120-40dc-8f9d-26fd8f9358e7;17e6c981-001d-41b0-9816-16425ffeef0d;1b93b30c-833f-45a8-ba69-c21d2e7f4824;J1832;14678;Vneck Sweater edc 
1309;16591494-23da-45df-b19a-7584e008ff9d;921d101c-6d05-4d3a-94fa-b50b955f0561;2514d6c8-11e6-4692-87b4-dcc1cd18592c;F1121;11605;Jog Skirt happy 
1310;cc4ecbc9-9603-4ccd-aa52-8ab6f386217e;ff436f5f-57aa-45bb-badc-c4063c6a022f;c59807ac-0362-4078-94b0-37ea3df6cdd0;S1480;8958;Neo Shirt cahier
1311;0b82e1d3-469c-466c-81b7-bb91d603fb5e;52117e6f-5cc4-4cc9-89c6-6c86be22376c;1dc55e58-a5c3-462c-b73d-8dd480de90fc;P2085;\N;Transil Pant olive 
1312;05f31733-6229-4ffa-a4b5-a53313897211;bc72be7a-2bd4-44ff-ab0e-e975e4ee9e96;ba89fcc3-bb1b-42af-a754-2d9f639e43ab;D1672;8964;Ambrose Dress ward
1313;08a1dad1-2c35-4062-8a88-4c96fa50fdd3;3bf63b3d-7c2f-47a4-81bc-6ad2452245d7;c6b81db8-29ed-43d6-b14d-0fd913d7ce36;K964;16139;Carsherry Jacket out
1314;faec99a3-0f6a-4968-a452-802a52981c77;3bf63b3d-7c2f-47a4-81bc-6ad2452245d7;6598b655-3e19-448c-8b4f-ff6a29447b34;M241;11606;Carwilly Jeans ank
1315;e5395844-09a8-429e-9301-277ca876d3db;1600fb81-6f8b-4fa2-9ae2-a33420125939;1dc55e58-a5c3-462c-b73d-8dd480de90fc;P2088;14706;Runo Pant belt 
1316;4056232a-eed2-468f-99f2-40a076a78f64;921d101c-6d05-4d3a-94fa-b50b955f0561;ba89fcc3-bb1b-42af-a754-2d9f639e43ab;D2135;14731;Stripe Dress one 
1317;4360ba63-d9d1-4807-85b5-11f2cc41c774;9fead4cd-d80d-4488-be05-beddd6b45fb5;6598b655-3e19-448c-8b4f-ff6a29447b34;M655;14733;Kaandy Jeans denim 
1318;5a963441-f583-4131-914f-2ecf0983a31f;e4c97e4e-1141-497f-b38c-3b7c0cae9ec4;1b93b30c-833f-45a8-ba69-c21d2e7f4824;C1439;14736;Pckarie Tshirt noos 
1319;e1ab316b-5211-41ac-992a-06192849b721;b767f189-d40b-49cc-adf1-fc4ee11438d7;c6b81db8-29ed-43d6-b14d-0fd913d7ce36;K880;14900;Vmultramalou Jacket coated 
1320;bb7df174-84d0-461a-bdbb-c3b2440d092c;f66308ed-5556-4469-a729-517b619fac5a;141f32d6-a5af-49bf-b019-fd28354977f1;J1806;14901;Stzmila Cardigan vneck 
1321;d71fc054-3c49-4331-a965-ec70e959c96c;80624cdd-099b-4cea-8f4a-2837f3e08587;2514d6c8-11e6-4692-87b4-dcc1cd18592c;F1296;14906;Zela Skirt kompag 
1322;d7764413-cdfa-44d3-b510-39afb679e354;80624cdd-099b-4cea-8f4a-2837f3e08587;c59807ac-0362-4078-94b0-37ea3df6cdd0;S2330;14908;Louis Shirt zeze 
1323;e305f1ec-108f-41fc-9218-7d043f69c601;80624cdd-099b-4cea-8f4a-2837f3e08587;141f32d6-a5af-49bf-b019-fd28354977f1;J1848;14911;Jers Cardigan zeze 
1324;7f2899c5-8363-4b9a-9404-c3a248021d26;bc72be7a-2bd4-44ff-ab0e-e975e4ee9e96;39792668-5cfd-42c2-8872-ad776e9bad70;T1135;8965;Ademia Top ward
1325;cdf7aa8a-eacf-449c-bcc8-966f2fbe2b68;6ed756bf-7370-46c0-b4df-a53c893b26bb;c6b81db8-29ed-43d6-b14d-0fd913d7ce36;K919;15011;Scemy Jacket twill 
1326;32a19755-5cc9-4c3a-a907-09ef1b4e6ab8;6ed756bf-7370-46c0-b4df-a53c893b26bb;141f32d6-a5af-49bf-b019-fd28354977f1;J1824;15012;Scnessie Cardigan knit 
1327;fd40e626-8700-4765-8bdb-f08c1dc2c321;6ed756bf-7370-46c0-b4df-a53c893b26bb;141f32d6-a5af-49bf-b019-fd28354977f1;J1821;15014;Scdollie Cardigan knit 
1328;9229ca00-3b89-43aa-8d5b-cba947b50390;6ed756bf-7370-46c0-b4df-a53c893b26bb;3087da56-5a27-4e58-aea7-1555c640f232;X130;15016;Scbanu Sweatshirt  sms 
1329;dca5cddb-6f59-4b91-b2d6-c32e81db3fbf;6ed756bf-7370-46c0-b4df-a53c893b26bb;c59807ac-0362-4078-94b0-37ea3df6cdd0;S2269;15017;Scella Shirt chiffon 
1330;44c9c809-19d7-4966-baae-29187ff20475;3f30b2f3-4c58-4acc-a69b-d2eee9d57be0;1dc55e58-a5c3-462c-b73d-8dd480de90fc;P1517;10803;Cassie Pant neo 
1331;78950c47-d3a0-4713-8325-fd4f77ad5e73;37fe10b7-3e0b-4bcb-ab83-759ddc273e23;6598b655-3e19-448c-8b4f-ff6a29447b34;M819;16564;Frcayellow Jeans colors 
1332;b15bdc26-38b3-47e3-a9c9-8708f913484a;6ed756bf-7370-46c0-b4df-a53c893b26bb;c59807ac-0362-4078-94b0-37ea3df6cdd0;S2267;15020;Sccembre Shirt blouse 
1333;34402f73-5081-4ca7-8c99-042a2351a416;6ed756bf-7370-46c0-b4df-a53c893b26bb;1b93b30c-833f-45a8-ba69-c21d2e7f4824;J1822;15021;Scdollie Sweater pathwork 
1334;2319dad6-dce6-44c2-b340-bffe29478e67;e0c5939f-1f3f-44c9-b786-8154fdaa6cac;6598b655-3e19-448c-8b4f-ff6a29447b34;M609;16140;Kora Jeans skinny
1335;dd0d477d-ce48-4fc4-ae09-30f589f01ed4;60f81be4-bc2d-465c-ad62-52551b7c9ad8;ba89fcc3-bb1b-42af-a754-2d9f639e43ab;D2340;15027;Daisy Dress long 
1336;207d3543-a8d7-4751-a311-ac6d639deccb;cfca4b92-12a6-411c-a62a-a874d00aa735;1b93b30c-833f-45a8-ba69-c21d2e7f4824;J1727;15034;Onlskylar Sweater knt 
1337;c83e2ea9-9092-4074-954b-46dfb0a79ea6;b767f189-d40b-49cc-adf1-fc4ee11438d7;1b93b30c-833f-45a8-ba69-c21d2e7f4824;J1763;15038;Vmlacole Sweater solid 
1338;a03b9532-0948-4bbe-a72d-6ed30e4afaf7;2a50cb28-0dfb-4689-8c67-4d5149959a2b;1b93b30c-833f-45a8-ba69-c21d2e7f4824;J1825;15072;Nuannora Sweater press 
1339;930291ab-1f53-4dfa-8313-e79c28151196;f620512a-1e55-4c69-8208-9c83ed4725a5;c59807ac-0362-4078-94b0-37ea3df6cdd0;S2273;15076;Denim Shirt tencel 
1340;c55d0092-b2c2-4f6e-95e2-7c18543330b5;136dab85-c840-420f-bf88-e459483f8796;39792668-5cfd-42c2-8872-ad776e9bad70;T1835;15088;Agreable Top mila 
1341;0e376fa9-03ac-48da-8902-c35dc5d3930a;61c08d2e-6819-4a64-a866-3e377ff68925;1dc55e58-a5c3-462c-b73d-8dd480de90fc;M246;11735;Viadelia Jeans noos
1342;2c30bb53-2412-4156-879c-82611fb0174c;cfca4b92-12a6-411c-a62a-a874d00aa735;07bee010-39f3-4200-9250-c1524842e6a6;K909;15114;Onlvictoria Trench suede 
1343;f14f4932-9a0e-4a3a-998d-26b0f3454c4d;cfca4b92-12a6-411c-a62a-a874d00aa735;1b93b30c-833f-45a8-ba69-c21d2e7f4824;J1733;15115;Onlarya Sweater nc 
1344;64916059-b408-45f2-ba05-6321d38cf85d;67b4106f-ce58-4ea9-8912-9b6e3e32d203;88ee8b83-a7fe-4c00-8f12-621b209012fd;Y187;15121;Bsmaike Jumpsuit long 
1345;a30048da-8345-49e1-9a00-b5c90322ee4d;bc72be7a-2bd4-44ff-ab0e-e975e4ee9e96;39792668-5cfd-42c2-8872-ad776e9bad70;T1791;15202;Evans Top ruffle 
1346;ccaedae9-e084-4fd8-99cc-d1d977b2e0ee;bc72be7a-2bd4-44ff-ab0e-e975e4ee9e96;c59807ac-0362-4078-94b0-37ea3df6cdd0;S2546;15204;Martin Shirt floral 
1347;532ee55e-8150-43f8-aa7f-d676ac63da8a;321f9370-6a4a-4ea4-bd01-e0a2fad07f33;141f32d6-a5af-49bf-b019-fd28354977f1;J1970;15209;Nessy Cardigan grette 
1348;f54e7d70-9343-4a20-8465-68044e494f61;2b8a1779-4e37-420c-9439-222f69ab6790;c59807ac-0362-4078-94b0-37ea3df6cdd0;S2564;15237;Sally Shirt film 
1349;f5b166ac-204a-448b-b91a-6d6ec247831e;a686154a-8570-40ae-b6a2-dc82842a5e32;95f835a3-03fe-40f1-a813-4fbfd2842845;T1797;15241;Hawk Top bohck 
1350;a724b6a7-9bd9-4a56-b0f6-e746b0d7be63;2b8a1779-4e37-420c-9439-222f69ab6790;c6b81db8-29ed-43d6-b14d-0fd913d7ce36;K1044;15247;Lillo Jacket film 
1351;6c0699a7-bc32-49da-92bb-e0062b8c39a9;f55a7823-4b84-4ca2-b24f-4945f2f27ca9;1b93b30c-833f-45a8-ba69-c21d2e7f4824;X128;15253;Edua Sweatshirt desires 
1352;389c5a9e-1b46-4b0d-8d27-788408c2c23c;b767f189-d40b-49cc-adf1-fc4ee11438d7;141f32d6-a5af-49bf-b019-fd28354977f1;J1760;15261;Vmbrianna Cardigan boo 
1353;37c99941-56ec-4427-885a-e6db7d83bf01;6a8df4c0-bf3c-4e99-a648-44021ccb15af;1dc55e58-a5c3-462c-b73d-8dd480de90fc;P2146;15350;Motts Pant jcz 
1354;22947e6a-1059-4625-9520-d67fff7179be;321f9370-6a4a-4ea4-bd01-e0a2fad07f33;95f835a3-03fe-40f1-a813-4fbfd2842845;C1533;\N;Sheffield Tshirt grette 
1355;adbb8ff1-c684-4eb6-bd76-30c7a0528f4a;ae7e5951-6317-42e5-9d7e-0b7cab5fff0a;c59807ac-0362-4078-94b0-37ea3df6cdd0;S1929;10439;Margarie Shirt season 
1356;6e0d9544-a02f-4be7-bf6b-611f0510f5f1;6a8df4c0-bf3c-4e99-a648-44021ccb15af;2514d6c8-11e6-4692-87b4-dcc1cd18592c;F1525;15351;Night Skirt gold 
1357;c11e2bfb-988b-4c0d-b865-76c9884d4529;6826e5f2-33d9-47eb-aff2-402a3d031e79;95f835a3-03fe-40f1-a813-4fbfd2842845;C2185;\N;Mademoiselle Tshirt emijo 
1358;e2e653ea-fae0-4652-ab95-eaa4a49576fc;bda0bdf1-d19e-4700-9493-78250dce8a6f;2514d6c8-11e6-4692-87b4-dcc1cd18592c;F1527;15387;Revers Skirt onado 
1359;c0b63086-b07c-4f22-b0ff-e0dd52dffbc2;6826e5f2-33d9-47eb-aff2-402a3d031e79;2514d6c8-11e6-4692-87b4-dcc1cd18592c;F1529;15402;Miniprints Skirt emijo 
1360;f8c0abd5-70e9-4189-a1c0-310fa29199a8;6826e5f2-33d9-47eb-aff2-402a3d031e79;95f835a3-03fe-40f1-a813-4fbfd2842845;C2186;15403;Shine Tshirt colors 
1361;826a37e6-903e-439b-b323-29891ef11e1c;6826e5f2-33d9-47eb-aff2-402a3d031e79;c59807ac-0362-4078-94b0-37ea3df6cdd0;S2769;15404;Eyes Shirt printed 
1362;a858b304-860f-4e30-a926-8541081698ac;6826e5f2-33d9-47eb-aff2-402a3d031e79;1dc55e58-a5c3-462c-b73d-8dd480de90fc;P2153;15405;Emil Pant summ 
1363;e0ee7c63-cb26-415b-9152-82952b7a51a0;6826e5f2-33d9-47eb-aff2-402a3d031e79;ba89fcc3-bb1b-42af-a754-2d9f639e43ab;D2601;15407;Terre Dress emijo 
1364;e126db78-a5e7-4ba7-a42f-ab1e65e0fc06;6826e5f2-33d9-47eb-aff2-402a3d031e79;c59807ac-0362-4078-94b0-37ea3df6cdd0;S2768;15410;Minidots Shirt buttons 
1365;3d476986-57c9-4c65-b798-7a5c5c715f25;6826e5f2-33d9-47eb-aff2-402a3d031e79;c59807ac-0362-4078-94b0-37ea3df6cdd0;S2774;15411;Jade Shirt print 
1366;5e1ea39c-17b4-4b9b-bbba-8baf73529d8b;136dab85-c840-420f-bf88-e459483f8796;95f835a3-03fe-40f1-a813-4fbfd2842845;C2150;15456;Agave Tshirt mila 
1367;179ada61-fd19-43f6-91ca-625bf47c9f60;136dab85-c840-420f-bf88-e459483f8796;2514d6c8-11e6-4692-87b4-dcc1cd18592c;F1478;15458;Agathe Skirt mila 
1368;50e4be4b-c4cd-4925-b002-9d21c33df8d1;ec11ed99-81c3-4684-accc-93e6d85fba97;ba89fcc3-bb1b-42af-a754-2d9f639e43ab;D1556;10197;Rob Dress rouge 
1369;3016c0c0-3380-4b23-80ae-bf4121c76b1e;c373a4f2-a8de-41e8-86a0-04725b575436;2514d6c8-11e6-4692-87b4-dcc1cd18592c;F1166;11840;Bswilma Skirt mini 
1370;24eef5fd-5f2a-42fe-8aba-f9dbc3cee576;b767f189-d40b-49cc-adf1-fc4ee11438d7;c6b81db8-29ed-43d6-b14d-0fd913d7ce36;K931;15654;Vmhot Jacket denim 
1371;9bc83d14-5e09-43e9-b1ed-1ef580ad2686;988e3625-7d5a-46f9-b93b-f3b15c8d6e61;95f835a3-03fe-40f1-a813-4fbfd2842845;C2084;15724;Ihtiwana Tshirt text 
1372;8476b4d2-fab9-4451-88f8-c72af3a96cd0;1600fb81-6f8b-4fa2-9ae2-a33420125939;39792668-5cfd-42c2-8872-ad776e9bad70;T2314;17382;Summ Top cerise
1373;eaf12527-f8ea-453e-94bb-6d2436f4cb5a;9b5272b3-c05f-4237-913b-61dde0fdb8d0;6598b655-3e19-448c-8b4f-ff6a29447b34;M575;15748;Jane Jeans skinny 
1374;02f02b75-d07a-4b2a-8eeb-90065eaf2958;f66308ed-5556-4469-a729-517b619fac5a;95f835a3-03fe-40f1-a813-4fbfd2842845;C1475;15750;Bell Tshirt desert 
1375;41f41739-ae44-4904-b2bd-21a99d82ae8f;c32c4fd0-dd8d-4ea9-aa02-7e4b26ecb4f8;ba89fcc3-bb1b-42af-a754-2d9f639e43ab;D2238;15758;Emin Dress flax 
1376;fb52db80-5789-47cc-b504-232ea94ce4f1;c32c4fd0-dd8d-4ea9-aa02-7e4b26ecb4f8;2514d6c8-11e6-4692-87b4-dcc1cd18592c;F1401;15761;Neola Skirt twill 
1377;a2ccb434-9ca2-4a0e-8d44-f28de6dfaab7;a1f8d89e-04ed-42a9-8c51-dc04cbdd0d18;c6b81db8-29ed-43d6-b14d-0fd913d7ce36;K616;9858;Closet Jacket ohio
1378;8c6ec300-29ba-491e-8648-879e28eb35bd;0d078cd8-4094-47c9-869b-59a7188ad2d6;c6b81db8-29ed-43d6-b14d-0fd913d7ce36;K1171;15762;Blish Jacket colors 
1379;d5e8cd2a-801b-4439-920c-190afcdea53e;60f81be4-bc2d-465c-ad62-52551b7c9ad8;c59807ac-0362-4078-94b0-37ea3df6cdd0;T2060;15767;Ditsy Top floral 
1380;a45fa3ff-46e1-4aae-958e-76697b6905d5;60f81be4-bc2d-465c-ad62-52551b7c9ad8;141f32d6-a5af-49bf-b019-fd28354977f1;J2061;15770;Scallop Cardigan edge 
1381;0496def5-4d0a-4de9-8834-e4538e861ba4;60f81be4-bc2d-465c-ad62-52551b7c9ad8;1b93b30c-833f-45a8-ba69-c21d2e7f4824;T1636;15772;Ribbon Top stitch 
1382;fddac2ae-d3d9-4bab-9ac4-db35cc7e6cda;76980fb6-ce4f-4e2a-9958-5cf8fc25e639;95f835a3-03fe-40f1-a813-4fbfd2842845;C971;10056;Olinou T-shirt mc
1383;fc5c15f3-78a9-4579-9c09-197715581e54;60f81be4-bc2d-465c-ad62-52551b7c9ad8;c59807ac-0362-4078-94b0-37ea3df6cdd0;T2057;15775;Sia Top floral 
1384;14dacc86-c012-42cf-8a30-5acc85c58c76;60f81be4-bc2d-465c-ad62-52551b7c9ad8;39792668-5cfd-42c2-8872-ad776e9bad70;T2062;15776;Square Top neck 
1385;97eef517-01ae-4d2e-b9b9-291dc8876f4f;1600fb81-6f8b-4fa2-9ae2-a33420125939;88ee8b83-a7fe-4c00-8f12-621b209012fd;Y204;17385;Nime Playsuit cerise
1386;bf771e5f-5975-41c6-9ef3-642ce87f5dfb;5a9ca2a1-b909-4a25-ba92-51793e42b8be;6598b655-3e19-448c-8b4f-ff6a29447b34;M551;15778;Shlunar Jeans denim 
1387;a6c61708-7ed4-4fd7-ade5-350e8cca20c8;dd17f8ec-1667-4ebc-86cb-b2398a8cbbfa;c6b81db8-29ed-43d6-b14d-0fd913d7ce36;K939;15783;Ima Jacket joules 
1388;31b13415-6f57-4e68-b76e-9073843ee3dc;a1f8d89e-04ed-42a9-8c51-dc04cbdd0d18;c59807ac-0362-4078-94b0-37ea3df6cdd0;S1444;9904;Closet Shirt delaware 
1389;9575c0ba-0344-4a7b-a8f4-ce23fce68617;e2b0644a-9365-4b40-a821-2a2266de551d;39792668-5cfd-42c2-8872-ad776e9bad70;T1169;9906;Closet Top mays
1390;06567ff4-6cc3-4527-978c-9ff7d98a5fd1;e2b0644a-9365-4b40-a821-2a2266de551d;2514d6c8-11e6-4692-87b4-dcc1cd18592c;F968;9908;Closet Skirt saturno 
1391;1f64985a-9b97-4f90-97cc-40e871c27612;2a50cb28-0dfb-4689-8c67-4d5149959a2b;95f835a3-03fe-40f1-a813-4fbfd2842845;C1048;9935;Laras Tshirt order
1392;2bcb883e-25da-4cb9-8b01-24864512ebc6;e2ed2d6d-895f-4d78-85f0-60805c02013b;c6b81db8-29ed-43d6-b14d-0fd913d7ce36;K1124;15784;Nancy Jacket mid 
1393;8c48bf86-18c6-45bb-9a53-3d4ae823d0d2;2b8a1779-4e37-420c-9439-222f69ab6790;39792668-5cfd-42c2-8872-ad776e9bad70;C2304;17145;Dots Tshirt film 
1394;15230c70-fec6-4331-b4ba-d4912a8756ee;d16b490f-370e-4eeb-ab4f-31c815f60a69;95f835a3-03fe-40f1-a813-4fbfd2842845;C968;8858;Kansas Tshirt fit
1395;ca267434-e691-4007-8fbc-243b01739a90;e0c5939f-1f3f-44c9-b786-8154fdaa6cac;95f835a3-03fe-40f1-a813-4fbfd2842845;C2092;16730;Kayla T-shirt solid 
1396;928bb15e-bf36-408a-948a-a7f70a303b0b;81ff4456-9c03-441f-9201-9410cae79d85;2514d6c8-11e6-4692-87b4-dcc1cd18592c;F885;10129;Likke Skirt denim 
1397;90ad2c50-2b87-4369-bc06-54b524f7bab1;a1f8d89e-04ed-42a9-8c51-dc04cbdd0d18;882ecdf8-325d-4826-a066-1b263e438f09;B455;15366;Roches Bag closet 
1398;42e6a13c-5d7b-4d9e-be71-efb396111f3d;e4c97e4e-1141-497f-b38c-3b7c0cae9ec4;95f835a3-03fe-40f1-a813-4fbfd2842845;C961;9431;Pckamala Tshirt noos
1399;b7392531-9447-47eb-8555-75d290466fe8;1600fb81-6f8b-4fa2-9ae2-a33420125939;74ba5e25-afd5-490b-a3a8-2175020c4487;A113;9216;Moy Coat lion
1400;b3e94388-35ef-4fb8-891f-4310ad859a6c;a2061f67-5f9a-4bdf-928f-d0f65adf0496;9c5a3fee-dad0-444a-acb3-c059e2f3db20;P1516;9457;Denim Pant short
1401;06de9431-d05c-4e9f-85c4-553e391f1de0;f55a7823-4b84-4ca2-b24f-4945f2f27ca9;2514d6c8-11e6-4692-87b4-dcc1cd18592c;F858;10411;Lola Skirt raw
1402;1e125f6a-82dd-4db3-95fa-7016a7d8f6f5;9884297d-e8e2-4e3c-ba61-03e87d6cbd9f;c6b81db8-29ed-43d6-b14d-0fd913d7ce36;K953;\N;Newport Jacket light 
1403;1b02e27f-1b7a-4bd5-93f9-e1e116fbcd44;529fd468-16cd-4143-be2a-b8108e26fcef;2514d6c8-11e6-4692-87b4-dcc1cd18592c;F916;10492;Nairobi Skirt sage 
1404;9f5aad70-8526-4a3a-8a0b-916d47afb225;bcdc75ed-99e1-4efe-9912-2805ca4a0105;c6b81db8-29ed-43d6-b14d-0fd913d7ce36;K1213;\N;Biker Jacket laura 
1405;33f08ef1-2ee7-4cd4-9577-3db1a7c28db8;52117e6f-5cc4-4cc9-89c6-6c86be22376c;1dc55e58-a5c3-462c-b73d-8dd480de90fc;P2004;13935;Roca Pant verte
1406;c3cd905d-866c-40bd-809c-ef0717e0aa49;f433b88b-611c-4641-bb56-60325f504dad;35405a7d-7018-440b-9d16-76206ac3e224;K1025;14263;Jane Parka vest
1407;b092f652-bde5-4299-b1ca-d282e2dff6d8;7d82a2a5-1eee-425d-a914-ace3d7864a26;39792668-5cfd-42c2-8872-ad776e9bad70;T2043;14942;Yula Top akoz 
1408;f78c0911-46ab-4d0e-9a0f-46298ac9e375;23d58665-8b33-4a8b-b8cf-be1f0b955112;c6b81db8-29ed-43d6-b14d-0fd913d7ce36;K1026;\N;Ycoo Jacket suede 
1409;a396fd8f-090c-42ad-be59-348beb96fc52;1600fb81-6f8b-4fa2-9ae2-a33420125939;2514d6c8-11e6-4692-87b4-dcc1cd18592c;F1228;11467;Cerise Skirt long 
1410;d89f8a20-28c5-45c5-8294-2d77690384ac;1600fb81-6f8b-4fa2-9ae2-a33420125939;39792668-5cfd-42c2-8872-ad776e9bad70;T1557;11468;Cerise Top mykonos 
1411;6c12221b-664f-47d0-b22c-993ccb402c90;e6b1b7ee-3782-4abd-b0f7-72fdd79ceb7f;882ecdf8-325d-4826-a066-1b263e438f09;B437;11868;Serengety Bag cow
1412;eb3e2fd2-2d5d-43d3-aaca-535c18b58177;2b8a1779-4e37-420c-9439-222f69ab6790;e1646b68-8f10-4b63-87d5-30924341f8ba;Q380;11869;Filarmonique Scarf wool
1413;5689aa8f-5132-4d71-a1c4-964bfbe2288e;f620512a-1e55-4c69-8208-9c83ed4725a5;39792668-5cfd-42c2-8872-ad776e9bad70;T1293;11870;Lace Top camisole
1414;ab373406-027a-40a3-a476-704f2a2281ba;2a50cb28-0dfb-4689-8c67-4d5149959a2b;c59807ac-0362-4078-94b0-37ea3df6cdd0;S1503;11876;Majorca Shirt nÃ¼mph
1415;60cd06ec-0034-49e6-8407-ec3f9ca44a79;e2b0644a-9365-4b40-a821-2a2266de551d;39792668-5cfd-42c2-8872-ad776e9bad70;T2009;15889;Emball Top nude 
1416;2c9c7c84-e8c3-4425-98e3-1648b51d46bc;1ccbcd7a-f998-416d-bb98-5f9d79ee746e;1dc55e58-a5c3-462c-b73d-8dd480de90fc;P79;\N;Tiwa Pant one 
1417;79139595-80b1-4151-be8c-c2b94b8b318b;e0c5939f-1f3f-44c9-b786-8154fdaa6cac;9c5a3fee-dad0-444a-acb3-c059e2f3db20;P1938;\N;Amanda Short woven 
1418;0d63fc99-c6da-47b0-98b0-ec7449b9ab3f;a1f8d89e-04ed-42a9-8c51-dc04cbdd0d18;c6b81db8-29ed-43d6-b14d-0fd913d7ce36;K615;9860;Closet Jacket colorado
1419;021367e3-0137-4490-9442-ce69046baadc;23ac65d4-bca2-4119-b4fa-821b224b8d49;6598b655-3e19-448c-8b4f-ff6a29447b34;M178;10950;Queen Jeans slim
1420;56a7e99b-8c14-4bac-9b6a-ff9359a8c18e;f66308ed-5556-4469-a729-517b619fac5a;95f835a3-03fe-40f1-a813-4fbfd2842845;C1478;16456;Gia Tshirt desert 
1421;17fa6552-b2ae-4acd-b0fc-4d736b362fb3;921d101c-6d05-4d3a-94fa-b50b955f0561;39792668-5cfd-42c2-8872-ad776e9bad70;S2646;16459;Split Shirt solid 
1422;629c1520-41c9-4963-868c-098f6a6ff782;ab1f5213-03fc-4553-b77c-13b2c6213d27;95f835a3-03fe-40f1-a813-4fbfd2842845;C1034;8799;Grenat Tshirt vic 
1423;0c0f2c6c-b9f1-49f6-971a-1c7660788cf9;81ff4456-9c03-441f-9201-9410cae79d85;ba89fcc3-bb1b-42af-a754-2d9f639e43ab;D1706;11080;Bygrace Dress combi
1424;fc958f65-d737-4353-91c4-85e917e7e5c9;3e0e694f-fb8e-49e3-98dd-b83aac682569;88ee8b83-a7fe-4c00-8f12-621b209012fd;Y175;16355;Nmnathalie Playsuit belt 
1425;cbd140f8-e164-4c5a-89b9-a40f901ee469;e2ed2d6d-895f-4d78-85f0-60805c02013b;141f32d6-a5af-49bf-b019-fd28354977f1;J2420;16747;Lidia Cardigan lace 
1426;daa8133a-d02b-42dc-8879-d72ac3544b27;bc72be7a-2bd4-44ff-ab0e-e975e4ee9e96;141f32d6-a5af-49bf-b019-fd28354977f1;J1972;17663;Johnson Cardigan knit 
1427;4e526dbe-39c5-41ea-8782-d79d88c424ff;921d101c-6d05-4d3a-94fa-b50b955f0561;3087da56-5a27-4e58-aea7-1555c640f232;J1122;8613;Hoody Sweater stripe 
1428;123daad1-1f63-4fa5-8632-9c7bb0419bd4;4039739b-8a62-4b30-862c-af65f9a66356;39792668-5cfd-42c2-8872-ad776e9bad70;T905;10062;Pigniu Top vest
1429;02d08e85-c02b-45bd-8578-154c29f891f3;109eb926-eabe-4933-9172-6ff8a5c95ac7;1dc55e58-a5c3-462c-b73d-8dd480de90fc;P1915;16364;Look Pant knitted 
1430;aa3f3d3a-3362-4ee7-b3fb-493dd40c4889;81ff4456-9c03-441f-9201-9410cae79d85;6598b655-3e19-448c-8b4f-ff6a29447b34;M460;\N;Bylola Jeans zipper
1431;4becaeb0-85ae-41a1-ba94-905940b2926e;e0c5939f-1f3f-44c9-b786-8154fdaa6cac;141f32d6-a5af-49bf-b019-fd28354977f1;J1710;13913;Esprit Cardigan woven
1432;186e83f2-4a74-40ec-9184-e86daac89ca1;6a8df4c0-bf3c-4e99-a648-44021ccb15af;2514d6c8-11e6-4692-87b4-dcc1cd18592c;F1395;13915;Leo Skirt charlior
1433;17707a86-1e51-4079-8ba6-28016d13a95c;e4c97e4e-1141-497f-b38c-3b7c0cae9ec4;1b93b30c-833f-45a8-ba69-c21d2e7f4824;J950;8675;Pcbippa Sweater wool 
1434;64b264c6-c9c9-4322-9cb9-c29c6fb2e6a5;da790000-672a-45a3-9bf9-4805e90d7f19;95f835a3-03fe-40f1-a813-4fbfd2842845;C991;8988;Bowie Tshirt cat
1435;814c1f03-172a-47bf-aa36-16c92c7199dc;76980fb6-ce4f-4e2a-9958-5cf8fc25e639;1b93b30c-833f-45a8-ba69-c21d2e7f4824;J994;8992;Mlubi Sweater colour
1436;8cff4932-c6fc-46d6-8d08-075acfcdf8f6;76980fb6-ce4f-4e2a-9958-5cf8fc25e639;2514d6c8-11e6-4692-87b4-dcc1cd18592c;F853;8995;Kathytu Skirt tube
1437;6a6ea269-ecc4-476d-9583-b89ad4b9fdcf;76980fb6-ce4f-4e2a-9958-5cf8fc25e639;39792668-5cfd-42c2-8872-ad776e9bad70;C972;8996;Odecoup Tshirt sm
1438;6bcdcd81-c020-42a5-beb2-581c782e5095;9884297d-e8e2-4e3c-ba61-03e87d6cbd9f;95f835a3-03fe-40f1-a813-4fbfd2842845;C1482;16850;Leessential Tshirt slim 
1439;287e0a4c-ba00-4b4b-9fc0-8320619e5eb9;bda0bdf1-d19e-4700-9493-78250dce8a6f;6598b655-3e19-448c-8b4f-ff6a29447b34;M888;\N;Bona Jeans colors 
1440;67bee6f0-4b78-47a2-b7a9-c489f44877cd;80624cdd-099b-4cea-8f4a-2837f3e08587;c6b81db8-29ed-43d6-b14d-0fd913d7ce36;K681;14174;Andalo Jacket long
1441;c53622ab-5db1-417f-b98a-6c750538d4ba;b6758f9e-102c-4d39-98b2-b4c5e7a8d6c2;95f835a3-03fe-40f1-a813-4fbfd2842845;C851;8839;Objelisa Tshirt combo 
1442;3355238f-17cb-46e3-8872-0c4df61fa9b8;76980fb6-ce4f-4e2a-9958-5cf8fc25e639;1dc55e58-a5c3-462c-b73d-8dd480de90fc;P1878;15426;Coaty Pant marine
1443;7843c180-5eb6-4e5a-ad5f-950fcd2942a3;c373a4f2-a8de-41e8-86a0-04725b575436;2514d6c8-11e6-4692-87b4-dcc1cd18592c;F1561;16582;Kikitan Skirt midi 
1444;3d0f7537-92e7-4358-82a5-7ee0c1aa4bb5;60f81be4-bc2d-465c-ad62-52551b7c9ad8;c6b81db8-29ed-43d6-b14d-0fd913d7ce36;K580;8806;Anta Jacket blazer 
1445;0cf1119e-3141-4144-8b2e-c16b3358bc75;6ed756bf-7370-46c0-b4df-a53c893b26bb;141f32d6-a5af-49bf-b019-fd28354977f1;J1645;14124;T. L C. blue dark
1446;e760b6d7-dc11-40ac-a026-27d332ea871a;e3e1f893-b7c1-4f90-a5b9-7478ce66d757;39792668-5cfd-42c2-8872-ad776e9bad70;T1748;14177;Galadies Top woven
1447;63ac2f3b-c122-4fb4-92f4-37fbd4807e92;988e3625-7d5a-46f9-b93b-f3b15c8d6e61;141f32d6-a5af-49bf-b019-fd28354977f1;J1447;14179;Ihmara Cardigan colors
1448;726fc560-8397-47fb-ac9f-41d1be50f222;a1f8d89e-04ed-42a9-8c51-dc04cbdd0d18;b263ba41-adab-4a83-a3e0-2766522f5aec;Q432;16232;Brina Scarf closet 
1449;27e39ca8-97a3-4dbf-aa90-2036da24e216;3bf63b3d-7c2f-47a4-81bc-6ad2452245d7;6598b655-3e19-448c-8b4f-ff6a29447b34;M518;\N;Carthunders Jeans noos 
1450;d699a152-a2d0-4869-8234-4a1c8a1ad430;61c08d2e-6819-4a64-a866-3e377ff68925;ba89fcc3-bb1b-42af-a754-2d9f639e43ab;D1961;10968;Vibirdon Dress salia 
1451;1ff9def6-fae9-4a66-9de6-49ab7f9da10f;a1f8d89e-04ed-42a9-8c51-dc04cbdd0d18;b263ba41-adab-4a83-a3e0-2766522f5aec;Q407;16236;Bodiam Scarf closet 
1452;8780d58a-9535-4a6e-998c-696b4f765111;b7addd6d-e506-4da6-90e7-0f73bc435d28;1b93b30c-833f-45a8-ba69-c21d2e7f4824;J870;7128;Femme Sweater mohair 
1453;aab51161-56c4-4465-8470-7db1702bb7c4;c1a88681-f26a-450f-a95f-71af63e1c27e;2514d6c8-11e6-4692-87b4-dcc1cd18592c;F1059;10330;Cen Skirt check
1454;8ab787f1-0790-4bdd-9eec-8dfdaf42c255;52117e6f-5cc4-4cc9-89c6-6c86be22376c;1dc55e58-a5c3-462c-b73d-8dd480de90fc;P1685;10465;Olive Pant bubble
1455;ac9a8d20-bbd5-4fa9-bbfd-03c9df6d51ca;a1f8d89e-04ed-42a9-8c51-dc04cbdd0d18;882ecdf8-325d-4826-a066-1b263e438f09;B1414;10508;Closet Bag nice 
1456;ef6e6d8d-5575-4927-98c9-62a3ecd27832;2b8a1779-4e37-420c-9439-222f69ab6790;b263ba41-adab-4a83-a3e0-2766522f5aec;Q318;10509;Kaia Foulard film 
1457;62e1489f-4276-4566-b4e1-727374dff101;2b8a1779-4e37-420c-9439-222f69ab6790;b263ba41-adab-4a83-a3e0-2766522f5aec;Q321;10510;Karissa Foulard film
1458;ef6cc2bb-ff66-43f9-ae0d-b4cc89cd929b;2b8a1779-4e37-420c-9439-222f69ab6790;b263ba41-adab-4a83-a3e0-2766522f5aec;Q320;10511;Kalica Foulard film
1459;d15073f2-cfc9-4e4c-b6aa-b31a10273776;2b8a1779-4e37-420c-9439-222f69ab6790;b263ba41-adab-4a83-a3e0-2766522f5aec;Q315;10512;Jacinda Foulard film
1460;e6d93cc6-7b51-45c2-a835-b243095f180f;2b8a1779-4e37-420c-9439-222f69ab6790;b263ba41-adab-4a83-a3e0-2766522f5aec;Q316;10516;Jacinthe Foulard closet
1461;028c8294-8542-4883-9e6e-1290cd06c975;2b8a1779-4e37-420c-9439-222f69ab6790;882ecdf8-325d-4826-a066-1b263e438f09;B408;10517;Timon Bag film
1462;9cc05acd-efbf-4f30-87ef-9e5748778f4d;2b8a1779-4e37-420c-9439-222f69ab6790;882ecdf8-325d-4826-a066-1b263e438f09;B412;10518;Lux Bag films
1463;f7e6f4e6-e0ce-4853-a29d-8554f83c4931;ff436f5f-57aa-45bb-badc-c4063c6a022f;b263ba41-adab-4a83-a3e0-2766522f5aec;Q309;10521;Cahier Foulard aurora
1464;950b6bb1-5b56-4084-bc2b-859a8a032142;ff436f5f-57aa-45bb-badc-c4063c6a022f;b263ba41-adab-4a83-a3e0-2766522f5aec;Q306;10522;Cahier Foulard diana
1465;7d5f2a88-5c8a-47f8-9529-4f1b75ea6043;ff436f5f-57aa-45bb-badc-c4063c6a022f;b263ba41-adab-4a83-a3e0-2766522f5aec;Q305;10523;Cahier Foulard juventas
1466;0af5e57b-5a8c-4303-a901-144d55da705c;61c08d2e-6819-4a64-a866-3e377ff68925;c59807ac-0362-4078-94b0-37ea3df6cdd0;S2239;14834;Vigiulia Shirt swirl
1467;55c83404-02bd-477b-a336-71a530059b2a;b767f189-d40b-49cc-adf1-fc4ee11438d7;2514d6c8-11e6-4692-87b4-dcc1cd18592c;F1246;14854;Vmdonna Skirt noos 
1468;dcfd9950-6799-4d51-98b2-3a0ceb72eb19;61c08d2e-6819-4a64-a866-3e377ff68925;1b93b30c-833f-45a8-ba69-c21d2e7f4824;C936;9602;Vikatay T-shirt stripes
1469;e31c1191-ae80-43cd-ad00-33cff78a3a4b;85db1100-3042-4cfb-8108-e3b86d904407;ba89fcc3-bb1b-42af-a754-2d9f639e43ab;D1590;10567;Small Dress blues
1470;8da9d2d5-7531-4849-8623-d177b7c12261;a1f8d89e-04ed-42a9-8c51-dc04cbdd0d18;b263ba41-adab-4a83-a3e0-2766522f5aec;Q405;16238;Warwick Scarf closet 
1471;344490b7-36cc-46f9-837e-5fd53ac70664;b6758f9e-102c-4d39-98b2-b4c5e7a8d6c2;39792668-5cfd-42c2-8872-ad776e9bad70;T883;9636;Objbay Top maize
1472;d98e5d89-4704-4531-b91d-4a779f463cfd;cfca4b92-12a6-411c-a62a-a874d00aa735;1dc55e58-a5c3-462c-b73d-8dd480de90fc;P1375;10576;Onlvegas Pant belt
1473;168fe5d5-397f-4fe1-a974-6dfd7973154c;6ed756bf-7370-46c0-b4df-a53c893b26bb;ba89fcc3-bb1b-42af-a754-2d9f639e43ab;D1530;9658;Silver Dress nine
1474;62d4e8cb-637f-4cba-9ecb-3719e901e7bc;1600fb81-6f8b-4fa2-9ae2-a33420125939;39792668-5cfd-42c2-8872-ad776e9bad70;T2042;14924;Duo Top cerise 
1475;b76643f9-2da9-447f-8df2-1865f0fe6bcc;61c08d2e-6819-4a64-a866-3e377ff68925;39792668-5cfd-42c2-8872-ad776e9bad70;T1596;15509;Visuvio Top flowers 
1476;b7653b4c-024d-4a84-afbe-5999b91a90b9;1600fb81-6f8b-4fa2-9ae2-a33420125939;c6b81db8-29ed-43d6-b14d-0fd913d7ce36;K1134;15511;Yois Jacket bomb
1477;4fd5d944-4ed9-417d-a5c7-fe700ba83ef7;d16b490f-370e-4eeb-ab4f-31c815f60a69;b263ba41-adab-4a83-a3e0-2766522f5aec;Q294;11015;Isabel Scarf print
1478;3e729ffc-6499-49cf-b360-1709456315d4;529fd468-16cd-4143-be2a-b8108e26fcef;95f835a3-03fe-40f1-a813-4fbfd2842845;C1003;9802;Ester Tshirt blush
1479;bfda8e4d-87f2-4c5f-a97d-fcd2584ac2fa;23d58665-8b33-4a8b-b8cf-be1f0b955112;2514d6c8-11e6-4692-87b4-dcc1cd18592c;F1128;10593;Hiaz Skirt ycoo
1480;7618f207-57dc-4ecd-8423-e1375e8134e1;77940ef8-8086-4745-ae52-e8a6a14a05f9;95f835a3-03fe-40f1-a813-4fbfd2842845;C2218;\N;Columbine Tshirt knit 
1481;2b3f3c42-ab8d-4ffd-a152-a4fd364f2090;a0a2efad-234c-4ed3-962c-1f66a41e5da1;ba89fcc3-bb1b-42af-a754-2d9f639e43ab;D1910;10742;Simetric Dress paris
1482;2cc08e5f-419d-453e-a8f0-9cf34beaa4bb;ae7e5951-6317-42e5-9d7e-0b7cab5fff0a;2514d6c8-11e6-4692-87b4-dcc1cd18592c;F1628;17273;Ima Skirt season 
1483;e83312ff-a661-4ac2-b1c2-06eb2f74d880;c373a4f2-a8de-41e8-86a0-04725b575436;1b93b30c-833f-45a8-ba69-c21d2e7f4824;J1145;8789;Ciao Sweater eslogan 
1484;43b055d3-e20e-49e5-b2b9-68d265f1c33c;c92b024d-9dc7-45a7-8de0-b6b6980c16db;39792668-5cfd-42c2-8872-ad776e9bad70;T1246;9127;Fluit Top kale 
1485;7ad3c872-79c1-45ec-9922-0770b7ec8151;055096da-3cab-492e-8e19-98e6d2656f1d;39792668-5cfd-42c2-8872-ad776e9bad70;T1000;10808;Tank Top gold
1486;89004359-b5bb-45ee-a00e-c29fabec13bf;09358432-a44c-4cb4-b8e6-bf51b403bf39;88ee8b83-a7fe-4c00-8f12-621b209012fd;Y126;10891;Combi Jumpsuit night 
1487;d8969222-50ea-494f-b8a0-de28641059d5;6ad0756c-5e2a-4caa-8c9a-deaab7cdcf96;141f32d6-a5af-49bf-b019-fd28354977f1;J1997;15613;Laura Cardigan knit 
1488;74a8ca05-9427-4ca3-9f5f-86b2e508e512;921d101c-6d05-4d3a-94fa-b50b955f0561;6598b655-3e19-448c-8b4f-ff6a29447b34;M164;8390;Envy Jeans denim 
1489;6bad2c63-9ae5-40f9-8c28-8155b5fb09e9;e7d3ebfe-6f9f-4d28-b3b4-96b4875b2af3;ba89fcc3-bb1b-42af-a754-2d9f639e43ab;D1501;10981;Shiny Dress flower
1490;7585bb9c-4980-4902-8cab-3caa52d3e823;e02a9b8d-2a26-46c6-b5c1-0c8b2e4ff4d4;c6b81db8-29ed-43d6-b14d-0fd913d7ce36;K568;9133;Crissi Jacket brown 
1491;323edbf2-b504-4567-9675-f53cab2377fb;ce8d442c-e662-44f8-a130-2e436f119ede;95f835a3-03fe-40f1-a813-4fbfd2842845;C1526;15177;Mood Tshirt letters 
1492;908d6294-3b3b-4e3b-a131-006f50779107;b6758f9e-102c-4d39-98b2-b4c5e7a8d6c2;c59807ac-0362-4078-94b0-37ea3df6cdd0;S2715;15191;Objbay Shirt zigzag
1493;e13015b7-c901-4f6a-b4bd-abe20068fe62;60f81be4-bc2d-465c-ad62-52551b7c9ad8;c59807ac-0362-4078-94b0-37ea3df6cdd0;T1104;8942;Tila Top mia 
1494;96050ee3-885d-44b9-8fe0-7d2dd8c8c465;6ad0756c-5e2a-4caa-8c9a-deaab7cdcf96;6598b655-3e19-448c-8b4f-ff6a29447b34;M254;10250;Lindex Jeans season 
1495;be1f14f7-2e73-4e05-bc84-a95ec37fd560;9ef43878-70f3-43df-959d-49af8b1f580f;c59807ac-0362-4078-94b0-37ea3df6cdd0;S2156;11299;Dots Shirt majolica 
1496;e39b85c3-f1fc-4b21-a999-28a5f5435063;a1f8d89e-04ed-42a9-8c51-dc04cbdd0d18;b263ba41-adab-4a83-a3e0-2766522f5aec;Q408;16240;Durham Scarf closet 
1497;ebf9bc58-e9cd-4dbf-ad1e-5bfd0e8a34bb;f66308ed-5556-4469-a729-517b619fac5a;ba89fcc3-bb1b-42af-a754-2d9f639e43ab;D1805;13473;Tunic Dress tropez
1498;2351ce43-9d5e-4cb3-924e-a80f703038c6;60f81be4-bc2d-465c-ad62-52551b7c9ad8;88ee8b83-a7fe-4c00-8f12-621b209012fd;Y136;11438;Iris Jumpsuit floral
1499;e3aaca6e-492b-488e-b52a-0e8c6d3bf686;9ef43878-70f3-43df-959d-49af8b1f580f;c59807ac-0362-4078-94b0-37ea3df6cdd0;S2155;11301;Starts Shirt majolica 
1500;10e35cc7-9d3c-4eb7-9cb8-fbd713826e02;f8388ff2-6f70-4ae2-ab7e-2857663444a7;1b93b30c-833f-45a8-ba69-c21d2e7f4824;J2362;16378;Abbey Sweater embroidered 
1501;2e2879c3-d65b-4ea3-8ce9-c280497227ba;ae7e5951-6317-42e5-9d7e-0b7cab5fff0a;39792668-5cfd-42c2-8872-ad776e9bad70;T3017;17276;Sare Top season 
1502;a22a4e06-9fa2-42d8-a0e9-341925971fa8;5022b700-e283-4753-b236-9c50ba9a1738;141f32d6-a5af-49bf-b019-fd28354977f1;J1773;11553;Nala Cardigan nais
1503;bb2d7c0b-3ab0-4ab1-bb97-b14fc67dcc86;5022b700-e283-4753-b236-9c50ba9a1738;141f32d6-a5af-49bf-b019-fd28354977f1;J1772;11554;Nial Cardigan knit
1504;770a9b38-a2f9-4943-acdc-5d3ae9357660;6a8df4c0-bf3c-4e99-a648-44021ccb15af;c6b81db8-29ed-43d6-b14d-0fd913d7ce36;K843;11281;Colorfull Jacket bomb
1505;a023c99b-0fa4-489d-873b-f15d87ecd385;9ef43878-70f3-43df-959d-49af8b1f580f;88ee8b83-a7fe-4c00-8f12-621b209012fd;Y143;11492;Long Jumpsuit flowers
1506;9ed8bef0-de29-45ed-8e6b-19ffe77c3776;9ef43878-70f3-43df-959d-49af8b1f580f;ba89fcc3-bb1b-42af-a754-2d9f639e43ab;D2049;11493;Nues Dress majo
1507;72dd5d49-79d7-4ceb-a4d4-4959013a2a16;da790000-672a-45a3-9bf9-4805e90d7f19;3087da56-5a27-4e58-aea7-1555c640f232;C1189;12797;Brighton Tshirt tiger 
1508;7523a906-edb8-49ff-8262-a9888680a3e7;a1f8d89e-04ed-42a9-8c51-dc04cbdd0d18;b263ba41-adab-4a83-a3e0-2766522f5aec;Q409;16241;Anwick Scarf closet 
1509;f0ddf9d5-0e96-42a6-b9d3-5b6c9d59007d;67b4106f-ce58-4ea9-8912-9b6e3e32d203;95f835a3-03fe-40f1-a813-4fbfd2842845;C2202;16317;Bsmia Tshirt angels 
1510;dff477e4-b796-4d75-a36c-2e47c09d383f;da790000-672a-45a3-9bf9-4805e90d7f19;3087da56-5a27-4e58-aea7-1555c640f232;C1190;12798;Brighton Tshirt capitan 
1511;ddcec7c7-4d78-45c4-8491-2c03f3a83e42;f8388ff2-6f70-4ae2-ab7e-2857663444a7;6598b655-3e19-448c-8b4f-ff6a29447b34;M792;16379;Coated Jeans skinny 
1512;5c1f04bc-0350-405d-85e7-025d01e1024c;ae7e5951-6317-42e5-9d7e-0b7cab5fff0a;ba89fcc3-bb1b-42af-a754-2d9f639e43ab;D2745;17277;Rose Dress season 
1513;65206cd7-f0d2-495d-8414-6d9a518a4ee4;60f81be4-bc2d-465c-ad62-52551b7c9ad8;39792668-5cfd-42c2-8872-ad776e9bad70;T3022;17476;Rose Top bud 
1514;3fd8ecb9-e017-47c0-8b8b-9a4c63342124;f55a7823-4b84-4ca2-b24f-4945f2f27ca9;95f835a3-03fe-40f1-a813-4fbfd2842845;C1454;15559;Edly Tshirt desires 
1515;7cb20eaa-d33c-4292-b689-f4324b479bcc;e4c97e4e-1141-497f-b38c-3b7c0cae9ec4;1dc55e58-a5c3-462c-b73d-8dd480de90fc;P1225;10692;Pcnellie Pant noos
1516;db26a71a-b20f-4723-8e1b-84fd82c7feea;f55a7823-4b84-4ca2-b24f-4945f2f27ca9;ba89fcc3-bb1b-42af-a754-2d9f639e43ab;D2122;15563;Desfarima Dress buttons 
1517;66a76f1a-f78c-4cff-9904-8871c393388d;ae7e5951-6317-42e5-9d7e-0b7cab5fff0a;39792668-5cfd-42c2-8872-ad776e9bad70;T3011;17278;Gilly Top season 
1518;709930ff-a32e-42a8-8c80-9cee271decc5;921d101c-6d05-4d3a-94fa-b50b955f0561;39792668-5cfd-42c2-8872-ad776e9bad70;S2027;12035;Stonprinted Shirt lace
1519;35a52125-04cc-4c3e-84f6-b48d785f3c36;81ff4456-9c03-441f-9201-9410cae79d85;ba89fcc3-bb1b-42af-a754-2d9f639e43ab;D2149;16229;Byhelene Dress solid 
1520;ac660546-1528-4ee7-81f1-59f7825d7ded;a1f8d89e-04ed-42a9-8c51-dc04cbdd0d18;b263ba41-adab-4a83-a3e0-2766522f5aec;Q404;16237;Dover Scarf closet 
1521;3b22e8da-dae2-4786-b6fe-8bdc2aa631ac;f620512a-1e55-4c69-8208-9c83ed4725a5;c59807ac-0362-4078-94b0-37ea3df6cdd0;S2384;16468;Fabric Shirt sky 
1522;16698b3c-74f4-4d7a-afaa-a70ee46f8101;b7addd6d-e506-4da6-90e7-0f73bc435d28;1b93b30c-833f-45a8-ba69-c21d2e7f4824;J1316;9673;Alpaca Sweater femme 
1523;e7cd3f84-862e-4aa6-85d8-e05ccf446b41;ab1f5213-03fc-4553-b77c-13b2c6213d27;95f835a3-03fe-40f1-a813-4fbfd2842845;C1041;9680;Mila T-shirt stripe
1524;e8128829-f094-4c85-999e-1a6eb2662cb8;56abc972-f6ff-4292-b607-fd54183c1fb4;3087da56-5a27-4e58-aea7-1555c640f232;X102;9685;Ellen Sweatshirt orange
1525;55b89737-f2eb-4c20-942c-f8f404042938;56abc972-f6ff-4292-b607-fd54183c1fb4;c59807ac-0362-4078-94b0-37ea3df6cdd0;S1234;9687;Elsa Shirt leopard
1526;2613eddd-331c-4d88-9fb3-35f57473a463;e2ed2d6d-895f-4d78-85f0-60805c02013b;2514d6c8-11e6-4692-87b4-dcc1cd18592c;F1405;16498;Mushroom Skirt midi 
1527;71c7dac3-f07c-4abe-b1f2-2226d947d7f3;e2b0644a-9365-4b40-a821-2a2266de551d;b263ba41-adab-4a83-a3e0-2766522f5aec;Q412;16244;Dunstand Scarf nude 
1528;269c8f6f-595a-4125-be41-1075463c2dcf;b767f189-d40b-49cc-adf1-fc4ee11438d7;2514d6c8-11e6-4692-87b4-dcc1cd18592c;F1393;16321;Vmkatelin Skirt wrap 
1529;f315f453-ec61-4a6e-8690-c0edff7ebab0;e2ed2d6d-895f-4d78-85f0-60805c02013b;882ecdf8-325d-4826-a066-1b263e438f09;B493;16501;Leather Bag gold 
1530;504c0af1-45d3-460a-af0b-3c4f5c0f1760;e2b0644a-9365-4b40-a821-2a2266de551d;b263ba41-adab-4a83-a3e0-2766522f5aec;Q413;16245;Newport Scarf nude 
1531;cd3494dd-80b4-4e5b-9033-c4ed568861e0;e2b0644a-9365-4b40-a821-2a2266de551d;b263ba41-adab-4a83-a3e0-2766522f5aec;Q415;16247;Nottine Scarf nude 
1532;79f02285-3ec6-4dcd-80b2-d2505f406553;60f81be4-bc2d-465c-ad62-52551b7c9ad8;1dc55e58-a5c3-462c-b73d-8dd480de90fc;P2130;16775;Ornate Pant vines 
1533;8a39be8b-1a0f-4814-bec4-46aa13268bbf;81ff4456-9c03-441f-9201-9410cae79d85;6598b655-3e19-448c-8b4f-ff6a29447b34;M334;\N;Bykeira Jeans jegging
1534;3d22b416-cd0d-41d9-a921-e4ff11d9aa3a;f8388ff2-6f70-4ae2-ab7e-2857663444a7;ba89fcc3-bb1b-42af-a754-2d9f639e43ab;D2610;16386;Chelsea Dress denim 
1535;77f24c79-1689-4de2-9636-8b4174afa5a5;44164896-a98d-48f3-84af-bd84401ef348;6598b655-3e19-448c-8b4f-ff6a29447b34;M502;11516;Anna Jeans style
1536;95d0fb0b-25cb-4e5e-a392-cbd589cb4d78;5ac9ffe0-7aa8-4f96-93cf-b2a2401e3d74;c59807ac-0362-4078-94b0-37ea3df6cdd0;S2103;11634;Anna Shirt wdc
1537;95636c78-5e2e-4b67-ae6a-917fbcf3fc44;bc72be7a-2bd4-44ff-ab0e-e975e4ee9e96;c59807ac-0362-4078-94b0-37ea3df6cdd0;S2099;11636;Awpocket Shirt miniprint
1538;12de09d0-f877-40b6-8d8d-bce8c723acf7;c373a4f2-a8de-41e8-86a0-04725b575436;1b93b30c-833f-45a8-ba69-c21d2e7f4824;J1143;8790;Randal Sweater raye 
1539;c6329399-8f68-4cc8-919c-123fad022a52;5ac9ffe0-7aa8-4f96-93cf-b2a2401e3d74;1dc55e58-a5c3-462c-b73d-8dd480de90fc;P1444;8980;Vesna Pant wdc
1540;e47d5636-0198-4907-af50-055215d55d33;60f81be4-bc2d-465c-ad62-52551b7c9ad8;6598b655-3e19-448c-8b4f-ff6a29447b34;M299;9622;Flare Jeans kick
1541;0940bccc-943f-4a9a-97f8-aed7ad7856d3;055096da-3cab-492e-8e19-98e6d2656f1d;1b93b30c-833f-45a8-ba69-c21d2e7f4824;J1663;13548;Roceres Sweater buttons
1542;89d8fcd6-52ab-498f-abfd-a6d54a297e4c;61c08d2e-6819-4a64-a866-3e377ff68925;88ee8b83-a7fe-4c00-8f12-621b209012fd;Y169;16504;Vimirenza Jumpsuit v-neck 
1543;284050c3-1b0e-450c-ba8a-94fe97cd380a;1558d3da-fe65-414c-947d-fb95f53172ac;c6b81db8-29ed-43d6-b14d-0fd913d7ce36;K1174;17122;Giubbino Jacket plain
1544;2b4fd149-9483-4482-bdaa-72b7800a280e;60f81be4-bc2d-465c-ad62-52551b7c9ad8;39792668-5cfd-42c2-8872-ad776e9bad70;T1856;16778;Over Top head 
1545;11550950-fa91-4f4d-849f-c8e8fcd7957d;988e3625-7d5a-46f9-b93b-f3b15c8d6e61;1b93b30c-833f-45a8-ba69-c21d2e7f4824;J204;2977;Maf Sweater bsc
1546;991f081b-5d2b-4d3b-aee4-b986881e7c05;c92b024d-9dc7-45a7-8de0-b6b6980c16db;39792668-5cfd-42c2-8872-ad776e9bad70;T1656;12317;Shiner Top meisie
1547;cc901f3f-3688-457c-8d01-b2efdb142e9b;109eb926-eabe-4933-9172-6ff8a5c95ac7;95f835a3-03fe-40f1-a813-4fbfd2842845;C1362;12337;Edbasic T-shirt oneck
1548;5c6b1a15-6d28-45c5-92eb-d38bda40c89f;ae7e5951-6317-42e5-9d7e-0b7cab5fff0a;c59807ac-0362-4078-94b0-37ea3df6cdd0;S2378;13583;Clarise Shirt solid 
1549;c4297087-e627-46ed-b8fa-2d302f7d65df;057f6f59-1738-4727-b870-476a8ce18bdb;1dc55e58-a5c3-462c-b73d-8dd480de90fc;P1894;12964;Andy Pant check
1550;85b78783-146d-4c4c-b463-cf96d0aaa491;2b8a1779-4e37-420c-9439-222f69ab6790;882ecdf8-325d-4826-a066-1b263e438f09;B422;13486;Filpippin Bag suede
1551;c8b5c265-71da-47ba-8a1c-f21564dc220c;988e3625-7d5a-46f9-b93b-f3b15c8d6e61;c59807ac-0362-4078-94b0-37ea3df6cdd0;S1990;13488;Ihkimana Shirt nice
1552;1caaa9d6-fb32-4403-b0ad-ea79a2c96e83;988e3625-7d5a-46f9-b93b-f3b15c8d6e61;ba89fcc3-bb1b-42af-a754-2d9f639e43ab;D1925;13489;Ihfoal Dress midi
1553;565a3ace-22f8-4670-a9c9-fe6d8f3fd0f4;e0c5939f-1f3f-44c9-b786-8154fdaa6cac;1b93b30c-833f-45a8-ba69-c21d2e7f4824;J1706;14184;Crewn Sweater honey
1554;ac414a93-701c-4175-9599-50d343ce608e;1600fb81-6f8b-4fa2-9ae2-a33420125939;1dc55e58-a5c3-462c-b73d-8dd480de90fc;P1981;13875;Kace Pant cerise
1555;2f7bd61d-a022-477c-af2f-9e5237353915;1600fb81-6f8b-4fa2-9ae2-a33420125939;2514d6c8-11e6-4692-87b4-dcc1cd18592c;F1389;13878;Classic Skirt checks
1556;474f7156-60c1-468c-bb5a-8fc6ac9bafb9;f8388ff2-6f70-4ae2-ab7e-2857663444a7;ba89fcc3-bb1b-42af-a754-2d9f639e43ab;D2611;16388;Pasture Dress shirred 
1557;9d354c30-a54d-448c-9ba0-55f7bdecb3b6;f8388ff2-6f70-4ae2-ab7e-2857663444a7;2514d6c8-11e6-4692-87b4-dcc1cd18592c;F1557;16390;Hestia Skirt pencil 
1558;41416ce8-5cc5-4f8a-b22f-892197585958;e7d3ebfe-6f9f-4d28-b3b4-96b4875b2af3;c59807ac-0362-4078-94b0-37ea3df6cdd0;S1215;9665;Sunny Shirt dots 
1559;a3f16a5a-27ef-466a-bd17-889d3344667e;e7d3ebfe-6f9f-4d28-b3b4-96b4875b2af3;39792668-5cfd-42c2-8872-ad776e9bad70;T912;9668;Sun Top polo 
1560;198d4bdb-2ea3-4103-822e-05a09035c02c;76980fb6-ce4f-4e2a-9958-5cf8fc25e639;b263ba41-adab-4a83-a3e0-2766522f5aec;Q346;14535;Rubik Scarf next
1561;ae2f3404-f985-4bf7-8a68-439465532fe5;1600fb81-6f8b-4fa2-9ae2-a33420125939;1dc55e58-a5c3-462c-b73d-8dd480de90fc;P1989;13887;Tie Pant winter
1562;fab4dd0c-6120-4166-91bd-4e7e65140ded;76980fb6-ce4f-4e2a-9958-5cf8fc25e639;1b93b30c-833f-45a8-ba69-c21d2e7f4824;J1850;15422;Mcoup Sweater solid
1563;d0b57e4f-056b-40aa-b349-a02b1099727c;45702471-835a-4967-a38b-c910df5a5b31;141f32d6-a5af-49bf-b019-fd28354977f1;J1545;10714;Araxas Cardigan colors 
1564;152b771a-1405-4638-bb72-fec9bde1b90b;d16b490f-370e-4eeb-ab4f-31c815f60a69;95f835a3-03fe-40f1-a813-4fbfd2842845;C1212;12733;Message Tshirt garcia
1565;853d94fc-5937-4ac3-958c-ff1eeff4b26b;529fd468-16cd-4143-be2a-b8108e26fcef;95f835a3-03fe-40f1-a813-4fbfd2842845;C1185;11888;Enugu Tshirt day
1566;8981cab8-5916-4a58-b49a-5d46c71fcbc9;56abc972-f6ff-4292-b607-fd54183c1fb4;3087da56-5a27-4e58-aea7-1555c640f232;J1368;12861;Mandy Sweater circle
1567;e4155708-06e9-4260-95fb-1d747e892054;60f81be4-bc2d-465c-ad62-52551b7c9ad8;882ecdf8-325d-4826-a066-1b263e438f09;B446;16781;Crossbody Bag suede 
1568;593f84bd-8bf5-4d3c-b787-2d913ff8b723;6a8df4c0-bf3c-4e99-a648-44021ccb15af;1dc55e58-a5c3-462c-b73d-8dd480de90fc;P1998;13927;Mairen Pant belt
1569;cf8fc5c0-6e14-4b7d-bc9d-d525df80de12;b6758f9e-102c-4d39-98b2-b4c5e7a8d6c2;141f32d6-a5af-49bf-b019-fd28354977f1;J1759;16780;Objmarly Cardigan almond 
1570;0acad89a-1aa7-4705-8f3d-fb7199460c0b;cfca4b92-12a6-411c-a62a-a874d00aa735;ba89fcc3-bb1b-42af-a754-2d9f639e43ab;D1567;10944;Onldulcie Dress top 
1571;805fc956-6d93-4eb1-9e0b-c7dd9e98c163;10978e4c-57de-4f45-9b35-f304ca89875e;ba89fcc3-bb1b-42af-a754-2d9f639e43ab;D1836;13524;Lissy Dress check
1572;86081c04-f9fc-4354-9602-8de6d7888bf8;988e3625-7d5a-46f9-b93b-f3b15c8d6e61;1b93b30c-833f-45a8-ba69-c21d2e7f4824;J1448;14186;Ihmara Sweater palace
1573;add1447e-4d04-4cae-89df-b3999af3ebf7;988e3625-7d5a-46f9-b93b-f3b15c8d6e61;95f835a3-03fe-40f1-a813-4fbfd2842845;C1336;14187;Henrietta T-shirt print
1574;60abaac7-33e6-4ca6-9f1f-032874143af0;f8388ff2-6f70-4ae2-ab7e-2857663444a7;c6b81db8-29ed-43d6-b14d-0fd913d7ce36;K1164;16391;Serena Jacket suedette 
1575;52ff06fc-29ef-4381-b6a8-bcb631c3c2ae;61c08d2e-6819-4a64-a866-3e377ff68925;ba89fcc3-bb1b-42af-a754-2d9f639e43ab;D2183;16509;Vimura Dress shirt 
1576;2f4483fb-061b-4d26-97ed-9294ca983d3f;cfca4b92-12a6-411c-a62a-a874d00aa735;ba89fcc3-bb1b-42af-a754-2d9f639e43ab;D2777;17700;Onlluna Dress stripe 
1577;c9f11891-1d04-4021-aaaa-47610dda6f20;cfca4b92-12a6-411c-a62a-a874d00aa735;1b93b30c-833f-45a8-ba69-c21d2e7f4824;J911;8516;Onlnew Sweater knit 
1578;7d7b6f55-b437-4fbb-902b-3718f6d32cdb;6a8df4c0-bf3c-4e99-a648-44021ccb15af;1b93b30c-833f-45a8-ba69-c21d2e7f4824;J1218;8529;Gema Sweater charlior 
1579;627a28fd-a581-4c9f-999a-c08fd24ad9c6;60f81be4-bc2d-465c-ad62-52551b7c9ad8;882ecdf8-325d-4826-a066-1b263e438f09;B447;16782;Moon Bag leather 
1580;7f8f2e3b-687b-4745-a34b-7fb44516da51;b767f189-d40b-49cc-adf1-fc4ee11438d7;1b93b30c-833f-45a8-ba69-c21d2e7f4824;J1469;14521;Vmtiti Sweater oneck
1581;0a2e1d54-741d-4dc9-a08b-ec97429d874c;81ff4456-9c03-441f-9201-9410cae79d85;141f32d6-a5af-49bf-b019-fd28354977f1;J1810;\N;Bynonina Cardigan pocket
1582;b96da649-132a-47d8-a309-6cf3e7433d79;60f81be4-bc2d-465c-ad62-52551b7c9ad8;ba89fcc3-bb1b-42af-a754-2d9f639e43ab;D1633;8804;Mia Dress season 
1583;9b958d08-ee68-4e35-8da2-00f339871cca;6ad0756c-5e2a-4caa-8c9a-deaab7cdcf96;1dc55e58-a5c3-462c-b73d-8dd480de90fc;P1955;16516;Bengalin Pant lindex 
1584;85f809c5-9eee-40b9-b168-fd5b160075eb;51feeb05-f169-4dca-8fe3-4f0968ad088c;39792668-5cfd-42c2-8872-ad776e9bad70;T2168;16785;Lina Top moi 
1585;f005ffcd-2ef1-437f-abde-eb4e0bb5789d;61c08d2e-6819-4a64-a866-3e377ff68925;c6b81db8-29ed-43d6-b14d-0fd913d7ce36;K856;\N;Viher Jacket noos
1586;1f50a91d-efa3-4972-b0e3-b2dbaf5d5441;dcbc39f3-9aca-4f28-9a5c-2ddd04da77d8;141f32d6-a5af-49bf-b019-fd28354977f1;J1680;11139;Senes Cardigan summer 
1587;96c5b290-b884-4014-a8b4-82e664f17003;61c08d2e-6819-4a64-a866-3e377ff68925;2514d6c8-11e6-4692-87b4-dcc1cd18592c;F1256;14837;Vichoose Skirt short
1588;5f2ea83f-2bb6-4865-8e48-e1cce5e1d801;dfd310cc-8f71-4c13-8292-9f10d0c800c5;c59807ac-0362-4078-94b0-37ea3df6cdd0;S2243;12403;Jane Shirt off 
1589;9ce52dc6-0e2e-4b25-8688-bd94895d7617;a1f8d89e-04ed-42a9-8c51-dc04cbdd0d18;95f835a3-03fe-40f1-a813-4fbfd2842845;T1143;9853;Closet Top georgia 
1590;a8872cdc-e6b3-4a48-86f8-faee32920c0e;5022b700-e283-4753-b236-9c50ba9a1738;1b93b30c-833f-45a8-ba69-c21d2e7f4824;J1686;11152;Trila Sweater nais 
1591;72203b07-d0c1-4cf2-90b7-62b57b434032;67b4106f-ce58-4ea9-8912-9b6e3e32d203;2514d6c8-11e6-4692-87b4-dcc1cd18592c;F1493;14841;Bsmashu Skirt printed
1592;b7833cb3-08f4-4bb5-afdb-76ad3686ac97;67b4106f-ce58-4ea9-8912-9b6e3e32d203;1b93b30c-833f-45a8-ba69-c21d2e7f4824;J2041;14845;Bslacsin Sweater snow
1593;92c22ffe-37af-4897-b715-8672f9304a9c;d16b490f-370e-4eeb-ab4f-31c815f60a69;b263ba41-adab-4a83-a3e0-2766522f5aec;Q293;10018;Maria Scarf nice 
1594;ecb88a20-ec78-406a-a6fb-fff93a772468;ff436f5f-57aa-45bb-badc-c4063c6a022f;b263ba41-adab-4a83-a3e0-2766522f5aec;Q324;9988;Kassia Foulard cahier 
1595;13151015-172b-41d0-8b6a-439a0c8073b3;ff436f5f-57aa-45bb-badc-c4063c6a022f;b263ba41-adab-4a83-a3e0-2766522f5aec;Q330;9989;Leonidas Scarf cahier 
1596;5373087c-3012-45a8-b040-d6e4a245a6ac;7d82a2a5-1eee-425d-a914-ace3d7864a26;ba89fcc3-bb1b-42af-a754-2d9f639e43ab;D1763;9309;Akoz Dress print 
1597;810340ce-c0fe-4317-893e-028fc9cfe961;91664c1b-3d18-4eab-b3ca-79072c417d45;1b93b30c-833f-45a8-ba69-c21d2e7f4824;J1519;10040;Post Sweater plains 
1598;6de436fe-c949-45dc-9472-4975137184d2;6ed756bf-7370-46c0-b4df-a53c893b26bb;39792668-5cfd-42c2-8872-ad776e9bad70;S1380;11266;Vendel Shirt blouse 
1599;eaffc66e-1f28-4dec-814c-487f0d036793;56abc972-f6ff-4292-b607-fd54183c1fb4;141f32d6-a5af-49bf-b019-fd28354977f1;J1370;14252;Hanna Cardigan knit
1600;b11b8908-99d9-43e6-be67-66273136c39a;dd17f8ec-1667-4ebc-86cb-b2398a8cbbfa;39792668-5cfd-42c2-8872-ad776e9bad70;C2046;16257;Ryder Tshirt joules 
1601;6b5d47cc-24e5-4047-aa80-e116f6c32e8d;f55a7823-4b84-4ca2-b24f-4945f2f27ca9;1b93b30c-833f-45a8-ba69-c21d2e7f4824;J1846;16396;Desfenna Sweater stripes 
1602;538893d2-e883-4e92-86d8-cf1a51fe2ca4;2b8a1779-4e37-420c-9439-222f69ab6790;39792668-5cfd-42c2-8872-ad776e9bad70;T1806;17023;Silby Top film 
1603;dd1aa0e4-8d27-4663-9425-df19b408e6dd;76980fb6-ce4f-4e2a-9958-5cf8fc25e639;6598b655-3e19-448c-8b4f-ff6a29447b34;M167;9389;Gally Jeans slim 
1604;9294c8a6-3384-4ecb-98a5-a7a0ab99631d;91930574-de0a-4e8f-a391-2e2c7bf9ed06;9c5a3fee-dad0-444a-acb3-c059e2f3db20;P1757;11356;Loni Pant short 
1605;9d206aeb-3f3a-4fb5-823d-fb5e2b2ee5c8;9ef43878-70f3-43df-959d-49af8b1f580f;c6b81db8-29ed-43d6-b14d-0fd913d7ce36;K1207;16792;Snake Jacket bomb 
1606;8dcf18c2-d259-4819-afb8-d17aa05aad55;ff436f5f-57aa-45bb-badc-c4063c6a022f;b263ba41-adab-4a83-a3e0-2766522f5aec;Q417;17294;Ludlow Scarf cahier 
1607;63e872a6-118a-461e-82a2-ffbdca17f33e;61c08d2e-6819-4a64-a866-3e377ff68925;39792668-5cfd-42c2-8872-ad776e9bad70;T3023;17589;Viofficiel Top strap 
1608;1323a4ec-ff37-424a-84bc-0d5144ed30ae;67b4106f-ce58-4ea9-8912-9b6e3e32d203;1b93b30c-833f-45a8-ba69-c21d2e7f4824;J1134;8924;Bsamelia Sweater striped 
1609;2a3b77ae-d7b9-46a4-9279-cf9486ba32e7;c373a4f2-a8de-41e8-86a0-04725b575436;ba89fcc3-bb1b-42af-a754-2d9f639e43ab;D1935;13440;Bsmegan Dress bow 
1610;d7df685b-8227-4c4a-af65-51b7121c6568;44164896-a98d-48f3-84af-bd84401ef348;6598b655-3e19-448c-8b4f-ff6a29447b34;M716;15338;Huil Jeans anna
1611;e348f6a8-276f-467b-b45b-e134efb70afb;f55a7823-4b84-4ca2-b24f-4945f2f27ca9;39792668-5cfd-42c2-8872-ad776e9bad70;T1641;16398;Desfatana Top stripes 
1612;9ab45b56-f88f-46f8-8322-c8ce0259b150;136dab85-c840-420f-bf88-e459483f8796;ba89fcc3-bb1b-42af-a754-2d9f639e43ab;D2626;16523;Aragon Dress vneck 
1613;4f276fb7-4122-4afc-995e-f6820d285e41;9ef43878-70f3-43df-959d-49af8b1f580f;c6b81db8-29ed-43d6-b14d-0fd913d7ce36;K1208;16793;Bleus Jacket bomb 
1614;d45043bf-d5cb-4276-84ac-61bf6758df7d;ff436f5f-57aa-45bb-badc-c4063c6a022f;b263ba41-adab-4a83-a3e0-2766522f5aec;Q419;17295;Bamburg Scarf cahier 
1615;f1b5da97-6fd7-4543-805e-9f6dcd9e25d2;ff436f5f-57aa-45bb-badc-c4063c6a022f;39792668-5cfd-42c2-8872-ad776e9bad70;T1470;\N;Vneck Top miniprint 
1616;4812a988-7773-41a4-af73-58a654e99e9a;6ed756bf-7370-46c0-b4df-a53c893b26bb;35405a7d-7018-440b-9d16-76206ac3e224;K918;16154;Sclora Jacket solid
1617;7305c7cf-8dfe-468e-a554-6e877eac2dc9;ab1f5213-03fc-4553-b77c-13b2c6213d27;95f835a3-03fe-40f1-a813-4fbfd2842845;C1039;9153;Feli T-shirt print 
1618;c79a0db1-eda2-46b3-861e-7b1b9ea0a7d2;592412c5-4355-40b7-837b-b8b229ed11e8;39792668-5cfd-42c2-8872-ad776e9bad70;S2425;16921;Nimbim Shirt lez 
1619;a4b45a06-d401-47e5-8e0d-15f7f1cf7729;56abc972-f6ff-4292-b607-fd54183c1fb4;9c5a3fee-dad0-444a-acb3-c059e2f3db20;P1276;10801;Flower Pant smock 
1620;3802f9f8-39d5-41c0-92b8-334052c30410;c373a4f2-a8de-41e8-86a0-04725b575436;6598b655-3e19-448c-8b4f-ff6a29447b34;P961;6036;Jenna Pant who 
1621;2c83b919-17f5-435c-a128-4c7e36992b84;e4c97e4e-1141-497f-b38c-3b7c0cae9ec4;35405a7d-7018-440b-9d16-76206ac3e224;K682;9521;Pceve Parka padded 
1622;a10a5f30-f8d1-48f4-962d-be8ace3ecb9c;a1f8d89e-04ed-42a9-8c51-dc04cbdd0d18;ba89fcc3-bb1b-42af-a754-2d9f639e43ab;D1683;9896;Closet Dress manhattan 
1623;fe60817c-8c4e-401b-be44-39127871af01;2a50cb28-0dfb-4689-8c67-4d5149959a2b;95f835a3-03fe-40f1-a813-4fbfd2842845;C1047;9936;Kacia Tshirt numph 
1624;aeef58a3-ae61-4ece-873f-5e00cadcdc4d;61397b80-34cc-4af1-93e7-54101a3e9d3a;35405a7d-7018-440b-9d16-76206ac3e224;K977;16635;Soft Parka true 
1625;c4fd46c8-12f0-4754-b62f-8a597aefc7a0;cfca4b92-12a6-411c-a62a-a874d00aa735;6598b655-3e19-448c-8b4f-ff6a29447b34;M423;10574;Onlroyal Jeans noos 
1626;7170403f-ecec-400e-bb32-dfe498b25bcd;23ac65d4-bca2-4119-b4fa-821b224b8d49;ba89fcc3-bb1b-42af-a754-2d9f639e43ab;D1573;10712;Jrlobe Dress midi 
1627;e7be430f-9811-44ce-8751-2f2c23a924c9;67b4106f-ce58-4ea9-8912-9b6e3e32d203;39792668-5cfd-42c2-8872-ad776e9bad70;T952;10276;Bsfarah Top provence 
1628;0aeaf3de-a29d-44f4-8b68-5179af84792a;921f8c67-2a93-4329-9247-c4153183b04b;6598b655-3e19-448c-8b4f-ff6a29447b34;M476;11133;Pine Jeans place 
1629;6e2a6fe8-e50b-45a0-98bb-298120642573;d16b490f-370e-4eeb-ab4f-31c815f60a69;95f835a3-03fe-40f1-a813-4fbfd2842845;C1217;12484;Very Tshirt gj 
1630;c4d234d9-b9c5-4f70-b866-0251de435060;d16b490f-370e-4eeb-ab4f-31c815f60a69;1b93b30c-833f-45a8-ba69-c21d2e7f4824;J1560;12485;Moon Sweater dark 
1631;a63c758f-5915-4739-8ac6-5cbfc47ec038;4039739b-8a62-4b30-862c-af65f9a66356;6598b655-3e19-448c-8b4f-ff6a29447b34;M331;12554;Aissuia Jeans denim
1632;735761e6-8f79-43c9-8279-a7af97fe00eb;61c08d2e-6819-4a64-a866-3e377ff68925;39792668-5cfd-42c2-8872-ad776e9bad70;T948;\N;Vilucy Tshirt fav 
1633;b0979cd7-fe6f-4e51-aec7-21aaad00fc06;3bf63b3d-7c2f-47a4-81bc-6ad2452245d7;1dc55e58-a5c3-462c-b73d-8dd480de90fc;P1556;12589;Carawesome Pant aw 
1634;441be1df-9d0f-477d-8887-6bae433b0d1d;80624cdd-099b-4cea-8f4a-2837f3e08587;1dc55e58-a5c3-462c-b73d-8dd480de90fc;P1490;12601;Sanne Pant coated 
1635;76e9ffd9-9a86-40c4-850d-051649d861f6;81ff4456-9c03-441f-9201-9410cae79d85;2514d6c8-11e6-4692-87b4-dcc1cd18592c;F1076;12058;Byrydra Skirt young 
1636;c70c73d0-edec-42fe-a9bd-4a2da91d6f0c;056287db-fb8b-44e7-a76a-f356ec59d5f5;c59807ac-0362-4078-94b0-37ea3df6cdd0;S2401;16403;Jacey Shirt pepper 
1637;d7eeab15-cf9f-43fc-95eb-0cdfd17ef0da;cfca4b92-12a6-411c-a62a-a874d00aa735;88ee8b83-a7fe-4c00-8f12-621b209012fd;Y171;16405;Onlmiranda Playsuit nice 
1638;aa2112ad-5efe-4f9e-aee4-a2f111bc6fd6;e0c5939f-1f3f-44c9-b786-8154fdaa6cac;1b93b30c-833f-45a8-ba69-c21d2e7f4824;J1895;16798;Esme Sweater stripes 
1639;2d354358-c919-450d-bf9a-2377560943ca;9576c5a9-7aef-4cfd-879c-390cab4fedfc;ba89fcc3-bb1b-42af-a754-2d9f639e43ab;D1862;10350;Lion Dress moi 
1640;b28b4d03-696b-4b07-a2cc-28108c104423;e4c97e4e-1141-497f-b38c-3b7c0cae9ec4;ba89fcc3-bb1b-42af-a754-2d9f639e43ab;D1469;10571;Pcbertha Dress martime 
1641;f040c06f-f16b-478f-9bc3-75cc78b9fa3a;d16b490f-370e-4eeb-ab4f-31c815f60a69;ba89fcc3-bb1b-42af-a754-2d9f639e43ab;D1799;12740;Ruse Dress gj 
1642;69786685-c431-4511-9574-a168da76601b;d16b490f-370e-4eeb-ab4f-31c815f60a69;6598b655-3e19-448c-8b4f-ff6a29447b34;M306;12742;Caro Jeans gj 
1643;75cfd62a-cd66-4bba-a00d-80811a540222;23ac65d4-bca2-4119-b4fa-821b224b8d49;c59807ac-0362-4078-94b0-37ea3df6cdd0;S1210;10389;Rarya Shirt flower 
1644;daabea00-0200-4aed-8d5d-4bfc75f069bf;dd17f8ec-1667-4ebc-86cb-b2398a8cbbfa;1b93b30c-833f-45a8-ba69-c21d2e7f4824;J1673;13499;Kellie Sweater joules 
1645;184976eb-09bc-42a5-b535-cbecde6bf453;23ac65d4-bca2-4119-b4fa-821b224b8d49;9c5a3fee-dad0-444a-acb3-c059e2f3db20;P1240;10390;Rarya Short flower 
1646;a57fb9ce-b08c-4355-864e-455248f69cd8;81ff4456-9c03-441f-9201-9410cae79d85;95f835a3-03fe-40f1-a813-4fbfd2842845;C1344;13500;Bytollis T-shirt solid 
1647;3f89f066-f364-43a6-8dbb-efc5d4ae5817;33036f90-cafa-45bc-94f1-4f6defb59223;1b93b30c-833f-45a8-ba69-c21d2e7f4824;J1357;13502;Lissen Sweater vneck 
1648;f536d088-3308-45fd-99ca-8d8e2ab02cc8;cfca4b92-12a6-411c-a62a-a874d00aa735;9c5a3fee-dad0-444a-acb3-c059e2f3db20;P1831;16535;Onlkira Short belt 
1649;3cfa14c5-b0eb-489d-b58d-364dfcbe4cd2;85e3fe9e-8f5c-4762-9523-467ac908b8c6;1dc55e58-a5c3-462c-b73d-8dd480de90fc;P2040;16938;Chino Pant slim 
1650;c8318ec5-7148-40a6-a71d-8a175ea03adb;ab1f5213-03fc-4553-b77c-13b2c6213d27;95f835a3-03fe-40f1-a813-4fbfd2842845;C1386;13843;Ikclair T-shirt tsh 
1651;9d650ff1-7788-439c-93e9-25d7569c3f86;9ef43878-70f3-43df-959d-49af8b1f580f;2514d6c8-11e6-4692-87b4-dcc1cd18592c;F1188;11044;Majolica Skirt night 
1652;11c89d21-dc4f-40dd-a7d6-762cb9ed3f1f;9ef43878-70f3-43df-959d-49af8b1f580f;c59807ac-0362-4078-94b0-37ea3df6cdd0;S2097;11045;Majolica Shirt spring 
1653;8f0c6283-3f6c-4a85-b649-1595ada42376;09358432-a44c-4cb4-b8e6-bf51b403bf39;c6b81db8-29ed-43d6-b14d-0fd913d7ce36;K823;11053;Itfloral Jacket bomber 
1654;b4dae1e5-4aed-4394-96c6-d0f333fb910a;e2ed2d6d-895f-4d78-85f0-60805c02013b;39792668-5cfd-42c2-8872-ad776e9bad70;T1677;13254;Bobble Top shell 
1655;e3b5411e-9a75-4470-b256-40f0755287cb;e4c97e4e-1141-497f-b38c-3b7c0cae9ec4;74ba5e25-afd5-490b-a3a8-2175020c4487;A117;14492;Pchira Coat long 
1656;9acf7560-7a75-4f92-9adc-0429a56f2eb3;cfca4b92-12a6-411c-a62a-a874d00aa735;c6b81db8-29ed-43d6-b14d-0fd913d7ce36;K867;16406;Onlohio Jacket kalamata 
1657;966c098c-6c78-4ab6-bdce-01b6c323ca91;cfca4b92-12a6-411c-a62a-a874d00aa735;6598b655-3e19-448c-8b4f-ff6a29447b34;M546;16536;Onlmila Jeans ank 
1658;c686ba87-5114-4e0a-9559-65cf09d0ffa1;e4c97e4e-1141-497f-b38c-3b7c0cae9ec4;b263ba41-adab-4a83-a3e0-2766522f5aec;Q352;14490;Pcharia Scarf long 
1659;3a5f1960-cfc4-4b15-bd9a-c2b75e478f3d;6a8df4c0-bf3c-4e99-a648-44021ccb15af;74ba5e25-afd5-490b-a3a8-2175020c4487;A138;13930;Winter Coat colors
1660;496a2722-e76b-42ac-9d2b-0fb6984bca56;a1f8d89e-04ed-42a9-8c51-dc04cbdd0d18;39792668-5cfd-42c2-8872-ad776e9bad70;T1948;17303;Mamen Top closet 
1661;9995b214-ada5-42d2-9f42-4dff7d0c8741;3bd97752-3b84-4a47-b649-25069c014eff;6598b655-3e19-448c-8b4f-ff6a29447b34;M804;17517;Secret Jeans skinny 
1662;57cedb2a-406b-4ecb-9532-b097b1b566c7;76980fb6-ce4f-4e2a-9958-5cf8fc25e639;39792668-5cfd-42c2-8872-ad776e9bad70;T1311;12088;Olaura Top naf 
1663;5d47d8f3-24ec-4763-8a08-2dc27607c4dd;76980fb6-ce4f-4e2a-9958-5cf8fc25e639;1b93b30c-833f-45a8-ba69-c21d2e7f4824;J1409;12089;Base Sweater high 
1664;f657ee07-c321-4c1a-afab-0590d2690b64;1600fb81-6f8b-4fa2-9ae2-a33420125939;2514d6c8-11e6-4692-87b4-dcc1cd18592c;F389;956;Dana Skirt pencil 
1665;d990092e-a135-4567-992f-0a8250e9750b;d16b490f-370e-4eeb-ab4f-31c815f60a69;1dc55e58-a5c3-462c-b73d-8dd480de90fc;M308;12380;Nior Jeans garcia 
1666;69ee7a32-2530-4609-bd92-4b5b093a4c10;76980fb6-ce4f-4e2a-9958-5cf8fc25e639;95f835a3-03fe-40f1-a813-4fbfd2842845;J1408;12769;Mio Sweater naf 
1667;1c882318-59de-4826-aae2-580faab24d4e;1600fb81-6f8b-4fa2-9ae2-a33420125939;c59807ac-0362-4078-94b0-37ea3df6cdd0;S2668;14929;Cerise Shirt print 
1668;9b09a435-63ee-4d8c-b650-0709f760bfc9;1ccbcd7a-f998-416d-bb98-5f9d79ee746e;35405a7d-7018-440b-9d16-76206ac3e224;K801;14210;Sul Jacket tiffo
1669;35c8c25d-2a7d-47f4-a156-8d57433fa834;e4c97e4e-1141-497f-b38c-3b7c0cae9ec4;95f835a3-03fe-40f1-a813-4fbfd2842845;C933;\N;Pcbillo Tshirt noos 
1670;249ad033-a334-4f57-8c90-bf6bd37de331;921d101c-6d05-4d3a-94fa-b50b955f0561;95f835a3-03fe-40f1-a813-4fbfd2842845;C1415;12208;Stmelanie Tshirt knot 
1671;e3dbbe67-0c77-4efc-8924-0319ea1a893b;b767f189-d40b-49cc-adf1-fc4ee11438d7;c59807ac-0362-4078-94b0-37ea3df6cdd0;S2231;\N;Vmerika Shirt stripes 
1672;df5c1cac-f143-48a1-9c46-604f0dc323e1;61c08d2e-6819-4a64-a866-3e377ff68925;c59807ac-0362-4078-94b0-37ea3df6cdd0;C1074;8836;Viallia Tshirt button 
1673;640f4b1c-4b61-4cfb-8ba4-979013b19bc4;d16b490f-370e-4eeb-ab4f-31c815f60a69;1dc55e58-a5c3-462c-b73d-8dd480de90fc;M574;15730;Dark Jeans gj 
1674;502ebadb-b5c1-45bc-bc60-5c35abc44637;3bf63b3d-7c2f-47a4-81bc-6ad2452245d7;35405a7d-7018-440b-9d16-76206ac3e224;K652;12604;Carirena Parka merlot 
1675;12cfb99d-67a8-4f6b-b078-d96e08329cad;17e6c981-001d-41b0-9816-16425ffeef0d;141f32d6-a5af-49bf-b019-fd28354977f1;J1605;14085;Edopen Cardigan knit 
1676;b56d7276-1c0b-45f8-8c2f-34d3b3fee57f;a1f8d89e-04ed-42a9-8c51-dc04cbdd0d18;b263ba41-adab-4a83-a3e0-2766522f5aec;Q406;16239;Leeds Scarf closet 
1677;993ede32-8b44-4226-9035-1dc0f2ef6571;a1f8d89e-04ed-42a9-8c51-dc04cbdd0d18;b263ba41-adab-4a83-a3e0-2766522f5aec;Q411;16243;Lindis Scarf closet 
1678;e0309422-441c-4e6f-9958-98262c6c15a8;81ff4456-9c03-441f-9201-9410cae79d85;c6b81db8-29ed-43d6-b14d-0fd913d7ce36;K393;6947;Rizetta Jacket blazer
1679;31158db7-315a-4133-8fd0-4d9aeff6c704;529fd468-16cd-4143-be2a-b8108e26fcef;95f835a3-03fe-40f1-a813-4fbfd2842845;C1187;12478;Ezhou Tshirt melee 
1680;8bce27b8-232e-4fd9-a8f3-38c1b239d0dc;3bf63b3d-7c2f-47a4-81bc-6ad2452245d7;35405a7d-7018-440b-9d16-76206ac3e224;K651;12606;Caruby Parka short 
1681;710318ca-28e9-4c36-9efb-822f1031ca66;e02a9b8d-2a26-46c6-b5c1-0c8b2e4ff4d4;95f835a3-03fe-40f1-a813-4fbfd2842845;C1221;12608;Bita Tshirt tee 
1682;b2df2c73-c59f-4407-a5ff-56c66101e0b1;b767f189-d40b-49cc-adf1-fc4ee11438d7;39792668-5cfd-42c2-8872-ad776e9bad70;T1595;16093;Vmvida Top gavo 
1683;00efaf4b-69ac-4ae1-9a17-027ecf6d05af;61c08d2e-6819-4a64-a866-3e377ff68925;9c5a3fee-dad0-444a-acb3-c059e2f3db20;P1783;16318;Vichino Short noos 
1684;6bfc8c14-7873-47d9-a07e-b60324b8958c;da790000-672a-45a3-9bf9-4805e90d7f19;ba89fcc3-bb1b-42af-a754-2d9f639e43ab;D2127;16540;Justine Dress jurassic 
1685;fe036a4c-1971-44f3-9422-4052f545096a;e4c97e4e-1141-497f-b38c-3b7c0cae9ec4;141f32d6-a5af-49bf-b019-fd28354977f1;J1792;16809;Pcnell Cardigan knit 
1686;13fe7dbe-38bf-4ac1-931b-a27f8240a3c5;e4c97e4e-1141-497f-b38c-3b7c0cae9ec4;c6b81db8-29ed-43d6-b14d-0fd913d7ce36;K869;\N;Pclou Jacket noos 
1687;d1c698a5-85ea-4037-82d7-d3a39074575d;b767f189-d40b-49cc-adf1-fc4ee11438d7;95f835a3-03fe-40f1-a813-4fbfd2842845;C1455;\N;Vmmaren Tshirt button 
1688;d21c831c-1939-4550-bf1e-f4c67c368ebc;6ad0756c-5e2a-4caa-8c9a-deaab7cdcf96;6598b655-3e19-448c-8b4f-ff6a29447b34;M253;10270;Lindex Jeans denim 
1689;ff41c84e-ebc3-4abc-b085-41e58631d945;b767f189-d40b-49cc-adf1-fc4ee11438d7;1b93b30c-833f-45a8-ba69-c21d2e7f4824;J1201;14326;Vmdoffy Sweater roll 
1690;bc3e9438-b062-4c9b-8b7d-b540791e3dd3;a1f8d89e-04ed-42a9-8c51-dc04cbdd0d18;c59807ac-0362-4078-94b0-37ea3df6cdd0;S2531;14327;Birds Shirt closet 
1691;605bc48f-b5ba-4848-9eef-3efa19b0c385;52117e6f-5cc4-4cc9-89c6-6c86be22376c;2514d6c8-11e6-4692-87b4-dcc1cd18592c;F1468;\N;Taupe Skirt olive 
1692;38279020-2830-4bfb-9279-188c022ec141;529fd468-16cd-4143-be2a-b8108e26fcef;ba89fcc3-bb1b-42af-a754-2d9f639e43ab;D1515;9398;Wayra Dress dark 
1693;ce572ce0-755a-4882-a014-c42474a6fad1;ff436f5f-57aa-45bb-badc-c4063c6a022f;882ecdf8-325d-4826-a066-1b263e438f09;B403;9784;Thisbe Bag cahier 
1694;be366102-aa64-43c7-ada5-30f4f5933909;b6758f9e-102c-4d39-98b2-b4c5e7a8d6c2;9c5a3fee-dad0-444a-acb3-c059e2f3db20;P2244;16970;Objanna Short denim 
1695;f70e931e-fa6e-4522-afce-2acfe6bd0148;b767f189-d40b-49cc-adf1-fc4ee11438d7;c6b81db8-29ed-43d6-b14d-0fd913d7ce36;K992;16094;Vmsandi Jacket coated 
1696;cc02d0f4-b0c2-4c64-a32c-00eef25fb916;b767f189-d40b-49cc-adf1-fc4ee11438d7;ba89fcc3-bb1b-42af-a754-2d9f639e43ab;D2068;16320;Vmsasha Dress noos 
1697;0de12254-8200-47bc-8bdb-2308292564a5;2b8a1779-4e37-420c-9439-222f69ab6790;39792668-5cfd-42c2-8872-ad776e9bad70;T1186;9837;Dream Top film 
1698;f88c328d-131a-43d5-8706-c7d9adf50e40;d16b490f-370e-4eeb-ab4f-31c815f60a69;c59807ac-0362-4078-94b0-37ea3df6cdd0;S2323;15102;Live Shirt look 
1699;85fea60c-ac42-45b6-91df-6b2a130a1db6;ff436f5f-57aa-45bb-badc-c4063c6a022f;b263ba41-adab-4a83-a3e0-2766522f5aec;Q307;10524;Cahier Foulard minerva 
1700;30a9acb0-cd78-4054-b89b-fd498a06ba44;529fd468-16cd-4143-be2a-b8108e26fcef;1dc55e58-a5c3-462c-b73d-8dd480de90fc;P1351;10527;Neelda Pant sage 
1701;384c96a2-4848-4c82-b63c-a58062abfcd6;f8388ff2-6f70-4ae2-ab7e-2857663444a7;1dc55e58-a5c3-462c-b73d-8dd480de90fc;P2200;16380;Reese Pant pleat 
1702;9b2c8d49-f0ea-49cf-8d28-0cbb6ce8fa56;e2b0644a-9365-4b40-a821-2a2266de551d;39792668-5cfd-42c2-8872-ad776e9bad70;T1940;17313;Annah Top nude 
1703;60e36b37-f56c-4be7-9dc2-897acf1f6f2e;c3159d66-c344-4f24-bee1-1d5966e567d6;1b93b30c-833f-45a8-ba69-c21d2e7f4824;J1539;10611;French Sweater ebba 
1704;0dc47f56-5364-4787-898b-22f4b4941e0e;3bf63b3d-7c2f-47a4-81bc-6ad2452245d7;6598b655-3e19-448c-8b4f-ff6a29447b34;M318;\N;Caraugusta Jeans skinny
1705;86a7b7ec-03a8-4159-ac45-ea83899bf07c;81ff4456-9c03-441f-9201-9410cae79d85;c59807ac-0362-4078-94b0-37ea3df6cdd0;S693;5788;Fabianne Shirt stripe 
1706;ac8b450d-539f-4b9c-b870-d2f423ea3ab5;23ac65d4-bca2-4119-b4fa-821b224b8d49;1dc55e58-a5c3-462c-b73d-8dd480de90fc;P1387;10713;Jrsmilla Pant ankle 
1707;06015eb3-c77b-4478-af5c-c95198269ccb;81ff4456-9c03-441f-9201-9410cae79d85;ba89fcc3-bb1b-42af-a754-2d9f639e43ab;D1811;12061;Byhabella Dress shirt 
1708;0dd2e4e3-4efa-45d7-b8ec-dc3b603a4c70;61c08d2e-6819-4a64-a866-3e377ff68925;39792668-5cfd-42c2-8872-ad776e9bad70;T1554;\N;Vimero Top noos
1709;3fc6de57-9866-4f42-8817-5ef911ad3b74;921d101c-6d05-4d3a-94fa-b50b955f0561;c59807ac-0362-4078-94b0-37ea3df6cdd0;S2286;14099;Melanie Shirt details 
1710;38c2213d-fbe7-474b-a5c4-87d0b35ce95e;dcbc39f3-9aca-4f28-9a5c-2ddd04da77d8;c59807ac-0362-4078-94b0-37ea3df6cdd0;S2738;15312;Stripes Shirt office 
1711;57071a59-7ea9-407d-a832-2a45575b35fd;9ef43878-70f3-43df-959d-49af8b1f580f;39792668-5cfd-42c2-8872-ad776e9bad70;T2069;15314;Blues Top majo 
1712;c5719ec3-c97a-4268-8bfc-131e0326d665;dcbc39f3-9aca-4f28-9a5c-2ddd04da77d8;2514d6c8-11e6-4692-87b4-dcc1cd18592c;F1815;15316;Uniq Skirt senes 
1713;998675aa-7fbf-41a6-934c-1dbe157b122c;7c447307-e6d3-44e2-8cbc-415c8dd44ef7;c59807ac-0362-4078-94b0-37ea3df6cdd0;S2757;15394;Couture Shirt print 
1714;9eb7c8a6-0f1d-4c3e-8a9f-f19d8abbe0d2;f8388ff2-6f70-4ae2-ab7e-2857663444a7;ba89fcc3-bb1b-42af-a754-2d9f639e43ab;D2612;16387;Anna Dress volume 
1715;491b8dd4-e9d4-4b05-b071-e7acc8e23568;a1f8d89e-04ed-42a9-8c51-dc04cbdd0d18;c6b81db8-29ed-43d6-b14d-0fd913d7ce36;K1112;17315;Leather Jacket sheep 
1716;06b8e215-5644-4218-9fdb-09162aa1b9e2;9ef43878-70f3-43df-959d-49af8b1f580f;2514d6c8-11e6-4692-87b4-dcc1cd18592c;F1515;15317;Selma Skirt majo 
1717;84a7be01-2813-47f0-ba1b-8e5b4f90e2be;6ed756bf-7370-46c0-b4df-a53c893b26bb;1b93b30c-833f-45a8-ba69-c21d2e7f4824;J1127;9317;Dollie Sweater six 
1718;6b5ea07c-e051-4b81-bcd3-8023dfbcde45;e02a9b8d-2a26-46c6-b5c1-0c8b2e4ff4d4;6598b655-3e19-448c-8b4f-ff6a29447b34;M587;16277;Fqadina Jeans straight 
1719;3191180b-e386-4be0-8cf0-298124f03c2d;61c08d2e-6819-4a64-a866-3e377ff68925;39792668-5cfd-42c2-8872-ad776e9bad70;T1696;16818;Vitiana Top dots 
1720;d8b4861b-146a-4513-af5f-d3c0e585005d;921d101c-6d05-4d3a-94fa-b50b955f0561;95f835a3-03fe-40f1-a813-4fbfd2842845;C2424;17692;Wanda T-shirt stripes 
1721;dd7917d3-deaf-441e-b38c-11f9bdcb7f10;76980fb6-ce4f-4e2a-9958-5cf8fc25e639;1b93b30c-833f-45a8-ba69-c21d2e7f4824;C1234;12773;Opoint Tshirt naf 
1722;b0ebc437-c254-4071-ab25-7eff34008703;76980fb6-ce4f-4e2a-9958-5cf8fc25e639;95f835a3-03fe-40f1-a813-4fbfd2842845;C1235;12775;Omayana Tshirt brand 
1723;93e40a5b-7819-459d-83d6-396fb6e1e619;057f6f59-1738-4727-b870-476a8ce18bdb;2514d6c8-11e6-4692-87b4-dcc1cd18592c;F1292;13588;Ebro Skirt jupe 
1724;b5b33efd-19d9-42ba-b779-c44487cd5a37;e02a9b8d-2a26-46c6-b5c1-0c8b2e4ff4d4;2514d6c8-11e6-4692-87b4-dcc1cd18592c;F1443;16282;Fqagnes Skirt printed 
1725;30c207d7-94ee-4368-9fe4-d12256e33f0b;85e3fe9e-8f5c-4762-9523-467ac908b8c6;1dc55e58-a5c3-462c-b73d-8dd480de90fc;P2041;16822;Chino Pant belt 
1726;92203bd8-74da-410c-a6cd-94b98913ef32;5a9ca2a1-b909-4a25-ba92-51793e42b8be;141f32d6-a5af-49bf-b019-fd28354977f1;J1814;16660;Shbasatin Cardigan knit
1727;e0111c2f-ecb5-4ce9-91e9-4b01b0e59378;136dab85-c840-420f-bf88-e459483f8796;2514d6c8-11e6-4692-87b4-dcc1cd18592c;F1009;9030;Sheer Skirt grace 
1728;0fcd3259-cc58-46c5-a8b9-66af9c64d9e8;7c447307-e6d3-44e2-8cbc-415c8dd44ef7;c59807ac-0362-4078-94b0-37ea3df6cdd0;S2956;16556;Vince Shirt summ 
1729;6982ad13-24da-431d-b781-b107069b0df0;9ef43878-70f3-43df-959d-49af8b1f580f;39792668-5cfd-42c2-8872-ad776e9bad70;T617;8555;Majo Top nice
1730;d57974cf-c79e-4e2d-a0ab-87ae4f8df6b3;e6b1b7ee-3782-4abd-b0f7-72fdd79ceb7f;2514d6c8-11e6-4692-87b4-dcc1cd18592c;F973;9812;Eunice Skirt sew 
1731;bd7bece9-681d-496b-998a-41d510d48ea5;81ff4456-9c03-441f-9201-9410cae79d85;74ba5e25-afd5-490b-a3a8-2175020c4487;A131;16106;Bydala Coat button 
1732;7ea8043c-9933-40cd-bb15-f14deaedc2b8;32f3b931-b9f2-4ffc-aff8-1231abd99738;1dc55e58-a5c3-462c-b73d-8dd480de90fc;P2151;16828;Lenka Pant phase 
1733;b4365a87-a7ff-49e9-8935-3867220800f1;e6b1b7ee-3782-4abd-b0f7-72fdd79ceb7f;95f835a3-03fe-40f1-a813-4fbfd2842845;C1244;9814;Lia Tshirt sew 
1734;c36c164b-2531-49a4-b717-7715e3d70df8;e0c5939f-1f3f-44c9-b786-8154fdaa6cac;74ba5e25-afd5-490b-a3a8-2175020c4487;A119;14204;Mix Coat fabric
1735;32e7774e-bbd3-443d-9ad0-453a26a5f18d;2a50cb28-0dfb-4689-8c67-4d5149959a2b;1b93b30c-833f-45a8-ba69-c21d2e7f4824;J938;8601;Jaylene Sweater diff
1736;7088f368-6f76-418b-afcb-5316510c9bfa;e02a9b8d-2a26-46c6-b5c1-0c8b2e4ff4d4;2514d6c8-11e6-4692-87b4-dcc1cd18592c;F1211;14032;Freeisadora Skirt short 
1737;63afb315-545e-46c3-a377-8c98c1de2391;a1f8d89e-04ed-42a9-8c51-dc04cbdd0d18;39792668-5cfd-42c2-8872-ad776e9bad70;T1177;10499;Closet Top calipso 
1738;21485c7f-6aa5-4681-b056-ffbabebaba75;fcc1f3f0-5b41-4933-8f96-b00d741980f9;6598b655-3e19-448c-8b4f-ff6a29447b34;M638;14052;Skinny Jeans high 
1739;3da18583-e2ac-483e-9e13-dcd8a836b284;2a50cb28-0dfb-4689-8c67-4d5149959a2b;95f835a3-03fe-40f1-a813-4fbfd2842845;C1268;14060;Amali Tshirt numph 
1740;1e5c86d4-4711-4710-985c-cedb35169cdb;988e3625-7d5a-46f9-b93b-f3b15c8d6e61;9c5a3fee-dad0-444a-acb3-c059e2f3db20;P1900;16425;Ihtwiggy Short denim 
1741;2b69baf8-249f-45be-a188-863231226310;09358432-a44c-4cb4-b8e6-bf51b403bf39;c59807ac-0362-4078-94b0-37ea3df6cdd0;S2516;14071;Aiur Shirt hippie 
1742;d17e17c0-0246-430e-b658-c41dcdc1b86f;9ef43878-70f3-43df-959d-49af8b1f580f;39792668-5cfd-42c2-8872-ad776e9bad70;T2250;17056;Susana Top rose 
1743;44615d8b-0696-4614-b751-084b15b653af;61c08d2e-6819-4a64-a866-3e377ff68925;141f32d6-a5af-49bf-b019-fd28354977f1;J811;\N;Viril Cardigan knit 
1744;c37b7851-0f25-43fd-978d-e2c5406d99d2;a1f8d89e-04ed-42a9-8c51-dc04cbdd0d18;882ecdf8-325d-4826-a066-1b263e438f09;B1412;10506;Closet Bag leather 
1745;41b89d56-4d87-4b51-b72c-aba471a03533;a686154a-8570-40ae-b6a2-dc82842a5e32;c6b81db8-29ed-43d6-b14d-0fd913d7ce36;K610;8972;Bastian Jacket bohck
1746;e4046e7d-7c62-4b7d-ab5e-2274371fac40;23ac65d4-bca2-4119-b4fa-821b224b8d49;39792668-5cfd-42c2-8872-ad776e9bad70;T1380;10502;Jrarya Top juna 
1747;d2f50684-a7b3-4ad1-a943-32f607b58da6;cfca4b92-12a6-411c-a62a-a874d00aa735;c59807ac-0362-4078-94b0-37ea3df6cdd0;S2250;15173;Onlalys Shirt oversize 
1748;480fd7d2-5ef3-46cc-9733-5347838b97e2;37fe10b7-3e0b-4bcb-ab83-759ddc273e23;ba89fcc3-bb1b-42af-a754-2d9f639e43ab;D2633;16563;Fritdotsa Dress printed 
1749;018973b9-3e05-4411-ae3b-daed8c972e2d;a686154a-8570-40ae-b6a2-dc82842a5e32;2514d6c8-11e6-4692-87b4-dcc1cd18592c;F963;\N;Basha Skirt bohck
1750;9330e0d0-aa81-4214-a259-b2177aef506a;81ff4456-9c03-441f-9201-9410cae79d85;c6b81db8-29ed-43d6-b14d-0fd913d7ce36;K392;6921;Pully Jacket denim 
1751;a82744f7-605f-430f-877b-12f63db3fb9e;9884297d-e8e2-4e3c-ba61-03e87d6cbd9f;6598b655-3e19-448c-8b4f-ff6a29447b34;M581;\N;Ivy Jeans dark 
1752;a4a1557e-bd94-4b4a-addd-b36b485d4f8e;2b8a1779-4e37-420c-9439-222f69ab6790;882ecdf8-325d-4826-a066-1b263e438f09;B1418;10011;Film Bag spring 
1753;bb2aeb03-6592-4a45-b92a-3ad2f5641a83;cfca4b92-12a6-411c-a62a-a874d00aa735;35405a7d-7018-440b-9d16-76206ac3e224;K913;15174;Onlemma Parka crinkled 
1754;4847ed7d-caa0-455f-be62-2cab7f73f743;890bd5dd-a9f8-4879-828c-919843a0be89;6598b655-3e19-448c-8b4f-ff6a29447b34;M628;16448;Estats Jeans skinny 
1755;c725727c-e6fa-4938-9ad0-2b7524563351;61c08d2e-6819-4a64-a866-3e377ff68925;c6b81db8-29ed-43d6-b14d-0fd913d7ce36;K1191;16453;Vicris Jacket suede 
1756;0a7274a3-27dd-4d6b-89d0-69689772b903;b6758f9e-102c-4d39-98b2-b4c5e7a8d6c2;c6b81db8-29ed-43d6-b14d-0fd913d7ce36;K910;16832;Objwinew Jacket denim 
1757;2ca537e8-919c-4650-85cb-30543cd19f19;9ef43878-70f3-43df-959d-49af8b1f580f;88ee8b83-a7fe-4c00-8f12-621b209012fd;Y193;16834;Leo Jumpsuit printed 
1758;1d4ed719-db94-4593-a38b-c49a4449079e;321f9370-6a4a-4ea4-bd01-e0a2fad07f33;141f32d6-a5af-49bf-b019-fd28354977f1;J1179;\N;Piros Cardigan grette 
1759;e6f33614-5988-4d6e-9399-1d6f86904889;988e3625-7d5a-46f9-b93b-f3b15c8d6e61;c6b81db8-29ed-43d6-b14d-0fd913d7ce36;K923;\N;Ihstampe Jacket denim 
1760;f6cd750b-64cf-4c1e-8256-98ebce2b3c17;61c08d2e-6819-4a64-a866-3e377ff68925;9c5a3fee-dad0-444a-acb3-c059e2f3db20;P1382;10895;Visemah Pant short 
1761;56a3b7f7-93ed-4879-9aa5-bbbbeee37741;81ff4456-9c03-441f-9201-9410cae79d85;1dc55e58-a5c3-462c-b73d-8dd480de90fc;P1061;\N;Danta Pant crops 
1762;9351f695-16f9-42f5-8c7d-8f1c86a2f3d9;d16b490f-370e-4eeb-ab4f-31c815f60a69;6598b655-3e19-448c-8b4f-ff6a29447b34;M163;8871;Chloe Jeans smoke 
1763;b4cd3c39-0eb6-475e-a213-94e4bc54eefa;2b8a1779-4e37-420c-9439-222f69ab6790;c6b81db8-29ed-43d6-b14d-0fd913d7ce36;K623;9845;Cressida Jacket film 
1764;176ff139-6fd1-4196-a9c4-5b6d79ac4e17;45702471-835a-4967-a38b-c910df5a5b31;07bee010-39f3-4200-9250-c1524842e6a6;K712;9347;Cherry Jacket trench
1765;4ec1b4dd-9c11-4fd2-876e-edbed084495b;6baa0e97-2a91-43cf-843f-bbac6e5ed509;39792668-5cfd-42c2-8872-ad776e9bad70;T1249;9348;Lesta Top night 
1766;301993a3-51e7-47e4-9e14-de9b635654db;921d101c-6d05-4d3a-94fa-b50b955f0561;95f835a3-03fe-40f1-a813-4fbfd2842845;C1179;11147;Street Tshirt happy 
1767;9ee640d6-677c-426f-a0b5-42ea181fafdd;6ad0756c-5e2a-4caa-8c9a-deaab7cdcf96;1dc55e58-a5c3-462c-b73d-8dd480de90fc;P1479;10262;Lindex Pant suede 
1768;1bc5e202-16bd-4b7d-83eb-cbabb6212ba8;37fe10b7-3e0b-4bcb-ab83-759ddc273e23;95f835a3-03fe-40f1-a813-4fbfd2842845;T944;10291;Francisa Top draper 
1769;dfbc2011-0121-41a1-8f9e-a56f37cd26b4;d16b490f-370e-4eeb-ab4f-31c815f60a69;c59807ac-0362-4078-94b0-37ea3df6cdd0;S1181;9175;Sel Shirt dots 
1770;be42b632-5438-4b7f-b98b-82828fe447ef;6baa0e97-2a91-43cf-843f-bbac6e5ed509;c59807ac-0362-4078-94b0-37ea3df6cdd0;S1731;9470;Laurie Shirt print 
1771;3627cb46-55ed-4fab-9597-4bcf79447aeb;56abc972-f6ff-4292-b607-fd54183c1fb4;6598b655-3e19-448c-8b4f-ff6a29447b34;P1274;9691;Ellen Pant high 
1772;0c9a3691-eb09-4c28-96e6-f37b0050271b;85db1100-3042-4cfb-8108-e3b86d904407;ba89fcc3-bb1b-42af-a754-2d9f639e43ab;D1587;10555;Bird Dress circus 
1773;1cb60a6b-ddf3-4012-bea4-368176abadd6;2b8a1779-4e37-420c-9439-222f69ab6790;39792668-5cfd-42c2-8872-ad776e9bad70;T589;5971;Mejh Top lace
1774;6fe5f269-6c61-4486-861f-46ab1c33b900;a1f8d89e-04ed-42a9-8c51-dc04cbdd0d18;b263ba41-adab-4a83-a3e0-2766522f5aec;Q426;16111;York Foulard closet 
1775;42f9d121-4cbb-4c53-8939-0c4557268ef0;529fd468-16cd-4143-be2a-b8108e26fcef;95f835a3-03fe-40f1-a813-4fbfd2842845;C1093;9930;Nanoki Tshirt coral 
1776;cfc41744-0505-41e8-8a77-d34d1175dd62;e8fa374f-2d28-4935-baac-4aef08a511e7;ba89fcc3-bb1b-42af-a754-2d9f639e43ab;D1511;9960;Lau Dress lily 
1777;d7de3bf9-a43f-4a5b-be45-815399e47d7c;c373a4f2-a8de-41e8-86a0-04725b575436;ba89fcc3-bb1b-42af-a754-2d9f639e43ab;D1558;\N;Moon Dress floral 
1778;e6ded763-8058-4430-84ae-fb8d68be190d;ff436f5f-57aa-45bb-badc-c4063c6a022f;b263ba41-adab-4a83-a3e0-2766522f5aec;Q329;9986;Leah Scarf cahier 
1779;45245b36-f8a6-4b66-952f-c99c061ec1c1;76980fb6-ce4f-4e2a-9958-5cf8fc25e639;1dc55e58-a5c3-462c-b73d-8dd480de90fc;P1236;10060;Epaper Pant fit 
1780;155beca9-5f41-4b6d-ab32-164b51b15596;d16b490f-370e-4eeb-ab4f-31c815f60a69;39792668-5cfd-42c2-8872-ad776e9bad70;T960;10155;Carla Top soft 
1781;362da663-9d6b-444a-b159-1ff1c7718566;c3159d66-c344-4f24-bee1-1d5966e567d6;c59807ac-0362-4078-94b0-37ea3df6cdd0;S1938;10597;French Shirt blair 
1782;54851105-578d-4ed8-9e54-82b186d11a03;61c08d2e-6819-4a64-a866-3e377ff68925;1b93b30c-833f-45a8-ba69-c21d2e7f4824;J918;8869;Vistrike Sweater noos
1783;54d1c2d9-cfcb-4102-a3cb-c66d70c1e07c;b6758f9e-102c-4d39-98b2-b4c5e7a8d6c2;141f32d6-a5af-49bf-b019-fd28354977f1;J1753;\N;Objthessi Cardigan noos 
1784;4e689b20-1c6c-4b56-b4a7-bcba5a618db8;60f81be4-bc2d-465c-ad62-52551b7c9ad8;1b93b30c-833f-45a8-ba69-c21d2e7f4824;J1524;10316;Multi Sweater warehouse 
1785;ce052692-56cb-4ba5-b0b6-3e4332ec43d5;61c08d2e-6819-4a64-a866-3e377ff68925;95f835a3-03fe-40f1-a813-4fbfd2842845;C1288;10317;Vidreamers Tshirt stripes 
1786;50e98878-b79e-46eb-92a6-fcb0c897f4e5;6a8df4c0-bf3c-4e99-a648-44021ccb15af;ba89fcc3-bb1b-42af-a754-2d9f639e43ab;D2036;11455;Chain Dress summ 
1787;27e7a635-c757-4716-be31-f21464641fb7;2b8a1779-4e37-420c-9439-222f69ab6790;2514d6c8-11e6-4692-87b4-dcc1cd18592c;F970;9842;Callia Skirt film
1788;19d25b8b-7c3f-498a-9824-5a9f505d81f6;10978e4c-57de-4f45-9b35-f304ca89875e;1dc55e58-a5c3-462c-b73d-8dd480de90fc;P1696;11179;Pocket Pant jegging 
1789;0df79143-ac70-4c70-9024-aa664eaf8a39;055096da-3cab-492e-8e19-98e6d2656f1d;ba89fcc3-bb1b-42af-a754-2d9f639e43ab;D1607;10477;Felp Dress canale 
1790;ad966813-ff9c-4841-afdb-c5d6de59063e;9884297d-e8e2-4e3c-ba61-03e87d6cbd9f;6598b655-3e19-448c-8b4f-ff6a29447b34;M353;\N;Scarlett Jeans solid 
1791;4d754bb0-9211-41bc-9ffa-f7491e3bb14b;b7addd6d-e506-4da6-90e7-0f73bc435d28;1dc55e58-a5c3-462c-b73d-8dd480de90fc;P1257;9207;Alana Pant ancle 
1792;639f09b4-05a9-43d7-94df-ff30eaf79948;988e3625-7d5a-46f9-b93b-f3b15c8d6e61;6598b655-3e19-448c-8b4f-ff6a29447b34;M46;\N;Erika Jean fashion 
1793;b30c5850-a06c-4fce-a43c-19309cabc3c9;1600fb81-6f8b-4fa2-9ae2-a33420125939;c59807ac-0362-4078-94b0-37ea3df6cdd0;S1914;10216;Peach Shirt cerise 
1794;1ea098fa-a104-4f12-b09a-5a26dfb35010;cfca4b92-12a6-411c-a62a-a874d00aa735;74ba5e25-afd5-490b-a3a8-2175020c4487;J913;\N;Onlsoho Cardigan noos 
1795;6f98c114-769e-48ff-8c2c-0ddce1723dab;6ad0756c-5e2a-4caa-8c9a-deaab7cdcf96;c59807ac-0362-4078-94b0-37ea3df6cdd0;S1561;9611;Lindex Shirt day 
1796;b974e499-4aa3-4bf1-902c-c76104fec2d2;4039739b-8a62-4b30-862c-af65f9a66356;6598b655-3e19-448c-8b4f-ff6a29447b34;M325;12071;Hadiadi Jeans denim 
1797;8d9240b7-9add-45ff-a792-442e844dc8fa;23d58665-8b33-4a8b-b8cf-be1f0b955112;1dc55e58-a5c3-462c-b73d-8dd480de90fc;P1501;\N;Cooler Pant ycoo 
1798;f5d3f58b-ea3d-4e10-a052-b294be2b9f1e;1600fb81-6f8b-4fa2-9ae2-a33420125939;c59807ac-0362-4078-94b0-37ea3df6cdd0;S1907;10220;Miniprint Shirt peak 
1799;fb9ebb2e-b50f-4e2f-a84d-57c2979beec4;921d101c-6d05-4d3a-94fa-b50b955f0561;c6b81db8-29ed-43d6-b14d-0fd913d7ce36;K814;11696;Stonblouson Jacket zebra 
1800;4b51fcd9-0e4d-45b1-909e-50f569e21e8c;a686154a-8570-40ae-b6a2-dc82842a5e32;882ecdf8-325d-4826-a066-1b263e438f09;B425;12195;Bocabril Bag cow 
1801;7f30700f-b2bc-4cef-a378-2d83cb597037;2b8a1779-4e37-420c-9439-222f69ab6790;882ecdf8-325d-4826-a066-1b263e438f09;B421;12197;Filperea Bag cow 
1802;e60cd7ae-8445-4349-a56e-0e4cbaae7a86;2b8a1779-4e37-420c-9439-222f69ab6790;882ecdf8-325d-4826-a066-1b263e438f09;B417;12198;Filpisa Bag foil 
1803;1a5b2b50-8980-4762-a43b-2d92475adc0c;37fe10b7-3e0b-4bcb-ab83-759ddc273e23;35405a7d-7018-440b-9d16-76206ac3e224;A129;16432;Frassor Coat outerwear 
1804;ece64a75-ad94-46ee-a3e1-848a8df43828;988e3625-7d5a-46f9-b93b-f3b15c8d6e61;ba89fcc3-bb1b-42af-a754-2d9f639e43ab;D2156;16567;Icmarrakech Dress miniprint 
1805;aa49c47e-d79e-4bb6-ac41-e89c04365b39;a653959a-b880-427e-86a2-eb613e07a756;35405a7d-7018-440b-9d16-76206ac3e224;K789;10107;Zell Parka brand 
1806;e500028b-5db5-4e1d-8a14-cce9e76e1e71;01009d0a-8f37-4d4f-be76-98a291b37def;3087da56-5a27-4e58-aea7-1555c640f232;J1491;10112;Star Sweater postcard 
1807;c53b9d93-c42f-402a-a8e1-fc32a06f2d96;10978e4c-57de-4f45-9b35-f304ca89875e;6598b655-3e19-448c-8b4f-ff6a29447b34;M425;11183;Georgia Jeans crop 
1808;2f4a258f-2dea-48ae-a9ab-74e5bebd5b07;91664c1b-3d18-4eab-b3ca-79072c417d45;e1646b68-8f10-4b63-87d5-30924341f8ba;Q394;12689;Winter Scarf space 
1809;e904aa2a-97c4-408c-b010-f8591275733b;d16b490f-370e-4eeb-ab4f-31c815f60a69;c59807ac-0362-4078-94b0-37ea3df6cdd0;S1615;12729;Golden Shirt rod 
1810;befe0a10-f556-4c3e-9186-ac827e86731b;cfca4b92-12a6-411c-a62a-a874d00aa735;1dc55e58-a5c3-462c-b73d-8dd480de90fc;P1166;\N;Onlroyal Pant coated
1811;467ab193-a474-40d4-a6e5-218dba623f48;68d6b1fc-233d-4346-b9d3-cd712c54b847;1b93b30c-833f-45a8-ba69-c21d2e7f4824;J1283;9049;Pelle Sweater kilky 
1812;f4766148-0908-41f9-ba98-094d136a452a;e4c97e4e-1141-497f-b38c-3b7c0cae9ec4;882ecdf8-325d-4826-a066-1b263e438f09;B380;10230;Pcbianca Bag cross 
1813;114aab75-256e-4eb1-aeb9-b8c52b94af93;dfd310cc-8f71-4c13-8292-9f10d0c800c5;2514d6c8-11e6-4692-87b4-dcc1cd18592c;F1062;10254;Hedda Skirt strong
1814;1dada170-ce2b-4a94-a3d6-22884226e325;dfd310cc-8f71-4c13-8292-9f10d0c800c5;c59807ac-0362-4078-94b0-37ea3df6cdd0;S1917;10259;Holly Shirt white
1815;028b4d7d-7bcf-48ae-b699-82981989f7e7;4039739b-8a62-4b30-862c-af65f9a66356;c59807ac-0362-4078-94b0-37ea3df6cdd0;S1798;11711;Tifour Shirt arav 
1816;468e0495-433e-454f-9b75-427982a4c5c8;321f9370-6a4a-4ea4-bd01-e0a2fad07f33;2514d6c8-11e6-4692-87b4-dcc1cd18592c;F1200;11725;Tube Skirt leather 
1817;c7948078-2b9a-4a3e-8316-589b383b0f55;4039739b-8a62-4b30-862c-af65f9a66356;6598b655-3e19-448c-8b4f-ff6a29447b34;M328;11833;Menat Jeans denim 
1818;b7d6215d-7f50-4420-9070-1878fc69a4a7;4039739b-8a62-4b30-862c-af65f9a66356;1b93b30c-833f-45a8-ba69-c21d2e7f4824;J1392;11838;Idrissia Sweater race 
1819;90f89c17-598b-4493-97e5-eb708c95fc98;23ac65d4-bca2-4119-b4fa-821b224b8d49;2514d6c8-11e6-4692-87b4-dcc1cd18592c;F1133;13823;Jrsavannah Skirt leather 
1820;b4218e6b-abb6-4c90-b37c-af4e6964010d;a1f8d89e-04ed-42a9-8c51-dc04cbdd0d18;e1646b68-8f10-4b63-87d5-30924341f8ba;Q387;13899;Clogross Scarf raising 
1821;bfa7a69e-0225-4ed9-8d8f-16da6bd6d6a2;6ed756bf-7370-46c0-b4df-a53c893b26bb;c6b81db8-29ed-43d6-b14d-0fd913d7ce36;K767;13958;Asmine Jacket soya 
1822;dccfacca-c984-4981-98bd-e93931913c29;61c08d2e-6819-4a64-a866-3e377ff68925;2514d6c8-11e6-4692-87b4-dcc1cd18592c;F835;9165;Vicommit Skirt noos
1823;87a0559f-153b-4993-a1b3-6949cec0cde7;e4c97e4e-1141-497f-b38c-3b7c0cae9ec4;c59807ac-0362-4078-94b0-37ea3df6cdd0;S1384;9167;Pcsimilar Shirt ls
1824;ca5da220-cb8b-4b37-9648-1357fe12bc59;e4c97e4e-1141-497f-b38c-3b7c0cae9ec4;6598b655-3e19-448c-8b4f-ff6a29447b34;M115;9168;Pcfive Jeans noos
1825;3017ed3b-11e7-47e8-8a64-91cfa3597b51;bda0bdf1-d19e-4700-9493-78250dce8a6f;c6b81db8-29ed-43d6-b14d-0fd913d7ce36;K707;9171;Onado Jacket vintage
1826;fc3730e8-ffe1-45db-bd64-6cb11fd3590a;cfca4b92-12a6-411c-a62a-a874d00aa735;07bee010-39f3-4200-9250-c1524842e6a6;K507;10292;Onlnew Trench melia
1827;108aa449-03d2-434f-b9cc-263eb3c1100c;e2ed2d6d-895f-4d78-85f0-60805c02013b;1b93b30c-833f-45a8-ba69-c21d2e7f4824;J2091;16433;Rebecca Sweater oasis 
1828;63362fae-c4c6-44c6-99f8-48d61dddbacd;9ef43878-70f3-43df-959d-49af8b1f580f;2514d6c8-11e6-4692-87b4-dcc1cd18592c;F1596;16839;Luna Skirt majolica 
1829;7d761a2b-0a72-48e9-94db-e5b95d4b214c;b767f189-d40b-49cc-adf1-fc4ee11438d7;c6b81db8-29ed-43d6-b14d-0fd913d7ce36;K807;14321;Vmalice Jacket teddy 
1830;668664e1-c4d2-4257-ac05-a97800e30808;d16b490f-370e-4eeb-ab4f-31c815f60a69;9c5a3fee-dad0-444a-acb3-c059e2f3db20;P1988;17116;Sandshell Short jeans 
1831;40048d36-0205-4045-83a1-6275e63b57ce;e0c5939f-1f3f-44c9-b786-8154fdaa6cac;1b93b30c-833f-45a8-ba69-c21d2e7f4824;J1641;14088;Espamaia Sweater rollneck 
1832;cff6cd02-9128-4aef-9d41-6ec6766403a4;52117e6f-5cc4-4cc9-89c6-6c86be22376c;1dc55e58-a5c3-462c-b73d-8dd480de90fc;P1692;10461;Olive Pant print
1833;49103afd-4bc2-45d0-86b7-c9d10dd6e7b5;c76ff1d5-8d0f-459f-9664-a7e405bdfa38;2514d6c8-11e6-4692-87b4-dcc1cd18592c;F1022;9186;Geo Skirt colorful 
1834;58da28ff-c26e-4fe3-81c9-512a4e88952d;921d101c-6d05-4d3a-94fa-b50b955f0561;39792668-5cfd-42c2-8872-ad776e9bad70;C1304;11485;Lace Tshirt mix 
1835;1054b5c5-5be1-46ec-903a-aa173ed33bdb;ab1f5213-03fc-4553-b77c-13b2c6213d27;95f835a3-03fe-40f1-a813-4fbfd2842845;C1389;12307;Ikmarin T-shirt tsh 
1836;2232c54e-73f6-49b5-ae3f-f3e1678629fc;e7d3ebfe-6f9f-4d28-b3b4-96b4875b2af3;b263ba41-adab-4a83-a3e0-2766522f5aec;Q284;9447;Jacquard Scarf sun
1837;d39675ef-d2e8-4ab0-bc3b-bcbf3704dcd3;cfca4b92-12a6-411c-a62a-a874d00aa735;95f835a3-03fe-40f1-a813-4fbfd2842845;C959;9448;Onldavid Tshirt bowie
1838;74dbff29-9d3c-424c-8ad7-14b38fc990d5;cfca4b92-12a6-411c-a62a-a874d00aa735;ba89fcc3-bb1b-42af-a754-2d9f639e43ab;D1565;9452;Onlstar Dress leo
1839;03e0ae12-5abc-42c2-9e4e-bb759917cb15;3e0e694f-fb8e-49e3-98dd-b83aac682569;35405a7d-7018-440b-9d16-76206ac3e224;K747;14471;Nmginger Jacket noisy 
1840;d9864735-d773-4f20-be15-5fa457d99854;a2061f67-5f9a-4bdf-928f-d0f65adf0496;6598b655-3e19-448c-8b4f-ff6a29447b34;M282;9455;Power Jeans lexy 
1841;923c3713-5cab-4bd3-86aa-2a1ebc97309b;a2061f67-5f9a-4bdf-928f-d0f65adf0496;9c5a3fee-dad0-444a-acb3-c059e2f3db20;P1514;9456;Retro Pant short 
1842;8a65fdfc-56bf-4d4f-8a7d-b7c5929db5c5;a2061f67-5f9a-4bdf-928f-d0f65adf0496;6598b655-3e19-448c-8b4f-ff6a29447b34;M173;9458;Dezie Jeans denim
1843;9ec84b19-9b22-4405-a634-2664ee8d3599;9b5272b3-c05f-4237-913b-61dde0fdb8d0;39792668-5cfd-42c2-8872-ad776e9bad70;S1205;9461;Olina Shirt collect 
1844;ac60f410-bf34-4c36-a541-dfd1217d07fb;6baa0e97-2a91-43cf-843f-bbac6e5ed509;9c5a3fee-dad0-444a-acb3-c059e2f3db20;P1680;10408;Hanea Short mazarine 
1845;f571507d-b21c-4f4b-ad9f-891897245870;f55a7823-4b84-4ca2-b24f-4945f2f27ca9;88ee8b83-a7fe-4c00-8f12-621b209012fd;Y101;10410;Abelone Playsuit miniprint 
1846;2c61f285-377b-4a57-8433-3dd88ec7105d;e6b1b7ee-3782-4abd-b0f7-72fdd79ceb7f;ba89fcc3-bb1b-42af-a754-2d9f639e43ab;D1699;9484;Eugenia Dress sew
1847;8e331053-a708-4b00-87c7-123165dcc6ba;e6b1b7ee-3782-4abd-b0f7-72fdd79ceb7f;9c5a3fee-dad0-444a-acb3-c059e2f3db20;P1430;9486;Elina Pant sew
1848;2d924df4-fd0c-480f-8f6e-07642dd0cee3;56abc972-f6ff-4292-b607-fd54183c1fb4;39792668-5cfd-42c2-8872-ad776e9bad70;T1294;12860;Kim Top rut 
1849;99190a6e-68d8-4e5a-b754-ecf0662c380d;9b5272b3-c05f-4237-913b-61dde0fdb8d0;95f835a3-03fe-40f1-a813-4fbfd2842845;C993;9465;Naousca Tshirt lurex
1850;7a8169c3-a14c-4f57-83de-e936aa2b9736;cfca4b92-12a6-411c-a62a-a874d00aa735;1b93b30c-833f-45a8-ba69-c21d2e7f4824;J1735;\N;Onlnatalia Sweater stripes 
1851;d9b82e5d-5aa6-4367-8613-3a2912dcafce;ab1f5213-03fc-4553-b77c-13b2c6213d27;95f835a3-03fe-40f1-a813-4fbfd2842845;C1508;15053;Lorena Shirt casual 
1852;54821c6d-909e-467a-8d4c-7dd0c33856ab;e0c5939f-1f3f-44c9-b786-8154fdaa6cac;6598b655-3e19-448c-8b4f-ff6a29447b34;M229;10547;Esprit Jeans denim
1853;1e41febe-9ef6-45e5-b64b-1e97bc0d5082;e2ed2d6d-895f-4d78-85f0-60805c02013b;1b93b30c-833f-45a8-ba69-c21d2e7f4824;J2092;16434;Wiggle Sweater oasis 
1854;9b63f5b9-fa78-49a2-84d7-032c207198b3;988e3625-7d5a-46f9-b93b-f3b15c8d6e61;1dc55e58-a5c3-462c-b73d-8dd480de90fc;P1899;16574;Ihmarrakech Pant fluid 
1855;abda3542-06bc-477c-8c48-81e57548c4ba;ce8d442c-e662-44f8-a130-2e436f119ede;95f835a3-03fe-40f1-a813-4fbfd2842845;C1122;9723;Leoni T-shirt deeluxe
1856;50126b01-26d2-4e5c-8754-81181103d1c4;a1f8d89e-04ed-42a9-8c51-dc04cbdd0d18;2514d6c8-11e6-4692-87b4-dcc1cd18592c;F965;9847;Closet Skirt kansas
1857;876fa0c5-8d8d-42b6-a850-e172be9814a3;80624cdd-099b-4cea-8f4a-2837f3e08587;39792668-5cfd-42c2-8872-ad776e9bad70;T932;10484;Strap Top number 
1858;7db8bbf3-329b-49bc-8898-c92c561052cc;80624cdd-099b-4cea-8f4a-2837f3e08587;ba89fcc3-bb1b-42af-a754-2d9f639e43ab;D1519;10487;Sus Dress ss 
1859;9858f10d-ec3c-4107-ba07-ca052d6684ef;a1f8d89e-04ed-42a9-8c51-dc04cbdd0d18;39792668-5cfd-42c2-8872-ad776e9bad70;T1174;9849;Closet Top titan
1860;be058d3f-882f-4545-96b1-01306d5f1f4d;85e3fe9e-8f5c-4762-9523-467ac908b8c6;95f835a3-03fe-40f1-a813-4fbfd2842845;C1545;15272;Maison Tshirt print 
1861;3b130bca-89b7-4e7b-9e6e-8d3b2503115e;1600fb81-6f8b-4fa2-9ae2-a33420125939;39792668-5cfd-42c2-8872-ad776e9bad70;T2265;17071;Waves Top cerise
1862;a2f1aa36-6a3a-4394-ad9e-148227dc89c6;37fe10b7-3e0b-4bcb-ab83-759ddc273e23;1b93b30c-833f-45a8-ba69-c21d2e7f4824;J2380;\N;Zubasic Sweater hedge 
1863;4701fed6-252c-4ae8-8978-bd584337180a;cfca4b92-12a6-411c-a62a-a874d00aa735;95f835a3-03fe-40f1-a813-4fbfd2842845;C957;9670;Onlamber Tshirt high
1864;6005d394-01da-4682-ae0b-8e81c2fd236f;ae7e5951-6317-42e5-9d7e-0b7cab5fff0a;ba89fcc3-bb1b-42af-a754-2d9f639e43ab;D1814;9692;Season Dress brand
1865;481d265a-e76a-407b-8cf2-1208a3eafd7d;921d101c-6d05-4d3a-94fa-b50b955f0561;95f835a3-03fe-40f1-a813-4fbfd2842845;S1740;10842;Ramona Shirt diagonal 
1866;f1f32672-ea60-4a71-8677-208ce39a1065;ae7e5951-6317-42e5-9d7e-0b7cab5fff0a;1b93b30c-833f-45a8-ba69-c21d2e7f4824;C1370;10859;Canale Tshirt season
1867;b96a988b-ce7a-40ec-9d73-3ec3ce5e4b93;37fe10b7-3e0b-4bcb-ab83-759ddc273e23;1dc55e58-a5c3-462c-b73d-8dd480de90fc;P2205;16119;Fritblaze Pant print 
1868;7bb42fbf-7ba1-45d6-87db-daead3af91b2;988e3625-7d5a-46f9-b93b-f3b15c8d6e61;c59807ac-0362-4078-94b0-37ea3df6cdd0;S2365;16436;Ihtulle Shirt stripes 
1869;6572b466-55ad-40a9-9a85-8f2bcad2489e;1600fb81-6f8b-4fa2-9ae2-a33420125939;ba89fcc3-bb1b-42af-a754-2d9f639e43ab;D2707;17075;Poll Dress cerise 
1870;9fcb0601-3ea4-4659-b423-27330813b2c4;cfca4b92-12a6-411c-a62a-a874d00aa735;1b93b30c-833f-45a8-ba69-c21d2e7f4824;J909;8473;Onlkairo Sweater knit 
1871;b6f0e2f0-49e4-4671-92e6-c8a00d7be983;80624cdd-099b-4cea-8f4a-2837f3e08587;3087da56-5a27-4e58-aea7-1555c640f232;X99;9742;Yani Sweatshirt ls
1872;1276d122-de4d-4565-bc24-e41bd9a293da;80624cdd-099b-4cea-8f4a-2837f3e08587;1dc55e58-a5c3-462c-b73d-8dd480de90fc;P1266;9743;Sanne Pant coated
1873;cdc9f0ee-4b50-418a-ba2a-a5c25addd50c;80624cdd-099b-4cea-8f4a-2837f3e08587;1dc55e58-a5c3-462c-b73d-8dd480de90fc;P1263;9745;Concept Pant zeze
1874;4e495c38-e23a-4c64-95f6-568009cf2d8b;80624cdd-099b-4cea-8f4a-2837f3e08587;1dc55e58-a5c3-462c-b73d-8dd480de90fc;P1267;\N;Shape Pant twill
1875;63e014af-3bce-484c-8828-ecf7ed6bdc36;6ed756bf-7370-46c0-b4df-a53c893b26bb;c6b81db8-29ed-43d6-b14d-0fd913d7ce36;S1269;9752;Sessa Shirt stripe
1876;43151b7a-c023-4627-9312-6e45e6ee37dc;6ed756bf-7370-46c0-b4df-a53c893b26bb;2514d6c8-11e6-4692-87b4-dcc1cd18592c;F878;9755;Dena Skirt solid
1877;b078763d-3dc8-412f-8f99-d23161a17192;61c08d2e-6819-4a64-a866-3e377ff68925;39792668-5cfd-42c2-8872-ad776e9bad70;T1694;16845;Vimonellie Top vneck 
1878;f19eeed0-d537-4c7f-8dfa-5da554948df4;3bf63b3d-7c2f-47a4-81bc-6ad2452245d7;6598b655-3e19-448c-8b4f-ff6a29447b34;M238;\N;Carwilly Jeans reg 
1879;bae528e8-9bda-4754-9bcf-908aff274a29;136dab85-c840-420f-bf88-e459483f8796;2514d6c8-11e6-4692-87b4-dcc1cd18592c;F1004;9764;Satya Skirt grace
1880;9fb7646a-16ee-4d79-9396-456616369eda;a1f8d89e-04ed-42a9-8c51-dc04cbdd0d18;39792668-5cfd-42c2-8872-ad776e9bad70;T1996;16271;Bibla Top closet
1881;a3509188-edb9-4c8c-bc87-f006e6f6b2bc;3bf63b3d-7c2f-47a4-81bc-6ad2452245d7;6598b655-3e19-448c-8b4f-ff6a29447b34;M142;8464;Carwilly Jeans reg 
1882;4266ef2c-e4ac-4140-bbfb-a9dba34532c6;f55a7823-4b84-4ca2-b24f-4945f2f27ca9;2514d6c8-11e6-4692-87b4-dcc1cd18592c;F1106;9928;Gallo Skirt rubi
1883;4fac7bc9-7be8-4283-a6db-f830653b1197;e2b0644a-9365-4b40-a821-2a2266de551d;b263ba41-adab-4a83-a3e0-2766522f5aec;Q311;9975;Nude Foulard fortuna
1884;99b260f6-17b5-4eea-9837-53a85b29ccd7;a1f8d89e-04ed-42a9-8c51-dc04cbdd0d18;b263ba41-adab-4a83-a3e0-2766522f5aec;Q341;9978;Litsa Foulard closet
1885;2b27e77d-03fd-4a92-b8b7-5d7ac76cccb0;61c08d2e-6819-4a64-a866-3e377ff68925;c6b81db8-29ed-43d6-b14d-0fd913d7ce36;K538;\N;Vishow Jacket denim 
1886;d2a69fa7-a652-4fc4-8478-60a5f0458f6d;b767f189-d40b-49cc-adf1-fc4ee11438d7;c6b81db8-29ed-43d6-b14d-0fd913d7ce36;K663;8645;Vmtoby Jacket check
1887;95239668-309f-43ca-936a-2fe45d98444b;988e3625-7d5a-46f9-b93b-f3b15c8d6e61;ba89fcc3-bb1b-42af-a754-2d9f639e43ab;D1532;10149;Ihlisa Dress sleeve
1888;8b81a80c-a5bb-4b2c-bb55-448465632d66;a686154a-8570-40ae-b6a2-dc82842a5e32;39792668-5cfd-42c2-8872-ad776e9bad70;S1435;10733;Calandra Shirt bohck 
1889;a61fe5f1-8b5a-4a63-bd16-06f280a76e73;c22a8b00-a91b-4f6f-af11-8553e7c13ea9;141f32d6-a5af-49bf-b019-fd28354977f1;J1591;10793;Laia Cardigan touch 
1890;6521f0f0-8550-4c1e-a57d-c7c156d45ae4;60f81be4-bc2d-465c-ad62-52551b7c9ad8;88ee8b83-a7fe-4c00-8f12-621b209012fd;Y106;10795;Begi Jumpsuit house
1891;3b088072-d123-4233-8975-945c72647ee0;23d58665-8b33-4a8b-b8cf-be1f0b955112;39792668-5cfd-42c2-8872-ad776e9bad70;T1481;11067;Leila Top ycoo 
1892;7f07445d-d8b8-4245-9207-6e869e76ccbf;a5cec3c7-e486-4940-bda7-a3fa8ea46f9d;2514d6c8-11e6-4692-87b4-dcc1cd18592c;F1452;\N;Molly Skirt lurex 
1893;7e0dc1af-4e46-46da-bbd4-425060be1cc8;056287db-fb8b-44e7-a76a-f356ec59d5f5;2514d6c8-11e6-4692-87b4-dcc1cd18592c;F1499;14996;Linette Skirt check 
1894;8602a141-943f-453b-997a-01794aa170ba;cfca4b92-12a6-411c-a62a-a874d00aa735;1b93b30c-833f-45a8-ba69-c21d2e7f4824;J914;8769;Onllaura Sweater knit
1895;2950d013-9470-4829-89d4-75f9908e70dd;c373a4f2-a8de-41e8-86a0-04725b575436;9c5a3fee-dad0-444a-acb3-c059e2f3db20;F909;8798;Chelsea Skirt boho 
1896;1b7e438d-ff49-4a82-9a87-31c8fb0951dd;bcdc75ed-99e1-4efe-9912-2805ca4a0105;c6b81db8-29ed-43d6-b14d-0fd913d7ce36;K836;11101;Laura Jacket nice
1897;7adee0d3-f386-4c72-afdd-1f28c1346890;136dab85-c840-420f-bf88-e459483f8796;39792668-5cfd-42c2-8872-ad776e9bad70;T1424;11113;Gmsurimi Top cap 
1898;4472c839-1bcb-47f3-988e-324aa812b17d;68d6b1fc-233d-4346-b9d3-cd712c54b847;141f32d6-a5af-49bf-b019-fd28354977f1;J1741;11447;Gilet Cardigan lurex
1899;a3324597-725a-4399-a869-6affbfee7ead;85e3fe9e-8f5c-4762-9523-467ac908b8c6;c6b81db8-29ed-43d6-b14d-0fd913d7ce36;K1047;15869;Classic Jacket blazer 
1900;327d770e-bbcf-483a-a4c4-45e229ff0057;61c08d2e-6819-4a64-a866-3e377ff68925;141f32d6-a5af-49bf-b019-fd28354977f1;J1481;11626;Virolas Cardigan knit 
1901;a058712b-54d2-4875-a1e8-549ba8904d02;921d101c-6d05-4d3a-94fa-b50b955f0561;c6b81db8-29ed-43d6-b14d-0fd913d7ce36;K557;8670;Zick Jacket blazer 
1902;5d2c7974-47c0-46b5-8858-fa620cb05048;60f81be4-bc2d-465c-ad62-52551b7c9ad8;ba89fcc3-bb1b-42af-a754-2d9f639e43ab;D2055;\N;Into Dress jungle 
1903;0f724f17-5d1e-4b90-86bb-e4525e452a5f;60f81be4-bc2d-465c-ad62-52551b7c9ad8;ba89fcc3-bb1b-42af-a754-2d9f639e43ab;D2005;11318;Linen Dress square
1904;c0377dd4-347e-4c7e-b98c-8cf823630a06;60f81be4-bc2d-465c-ad62-52551b7c9ad8;ba89fcc3-bb1b-42af-a754-2d9f639e43ab;D2006;11319;Malica Dress maxi
1905;f914c05c-d693-4aa1-81c0-efca2b3a08c5;f620512a-1e55-4c69-8208-9c83ed4725a5;39792668-5cfd-42c2-8872-ad776e9bad70;T1300;11688;Dots Top tailor
1906;7c96d0eb-9eda-434b-b391-a78168f81653;e02a9b8d-2a26-46c6-b5c1-0c8b2e4ff4d4;1dc55e58-a5c3-462c-b73d-8dd480de90fc;P1543;12150;Betty Pant check
1907;74015545-4e59-43dd-bf64-87ecbc93171f;a1f8d89e-04ed-42a9-8c51-dc04cbdd0d18;c59807ac-0362-4078-94b0-37ea3df6cdd0;S2090;12184;Cloimpala Shirt modal
1908;2b49af61-eb0e-44b1-941a-8925ec8e035a;67b4106f-ce58-4ea9-8912-9b6e3e32d203;3087da56-5a27-4e58-aea7-1555c640f232;J1132;8677;Bspippa Sweater flame 
1909;25dc5a4f-51f6-4692-a09a-8ae4c091222f;c22a8b00-a91b-4f6f-af11-8553e7c13ea9;ba89fcc3-bb1b-42af-a754-2d9f639e43ab;D1476;8989;Melody Dress noir
1910;51622935-d9e4-43f2-ae47-c5da4f973c65;921d101c-6d05-4d3a-94fa-b50b955f0561;e1646b68-8f10-4b63-87d5-30924341f8ba;Q344;10300;Floral Scarf square
1911;506f11b1-6729-41e1-9c62-ceb8d421b87d;60f81be4-bc2d-465c-ad62-52551b7c9ad8;88ee8b83-a7fe-4c00-8f12-621b209012fd;Y147;11540;Bohemia Jumpsuit print 
1912;6f2d1554-1d1a-4c16-b178-518a40634d50;e02a9b8d-2a26-46c6-b5c1-0c8b2e4ff4d4;c6b81db8-29ed-43d6-b14d-0fd913d7ce36;K560;10309;Nanni Jacket stripe
1913;a5597447-555a-4e98-9a38-4dec8590b20c;61c08d2e-6819-4a64-a866-3e377ff68925;95f835a3-03fe-40f1-a813-4fbfd2842845;C1341;11543;Virau T-shirt solid
1914;ed7885c3-d466-46d4-85fe-94b66a5d55af;921d101c-6d05-4d3a-94fa-b50b955f0561;c59807ac-0362-4078-94b0-37ea3df6cdd0;S2828;17770;Crinkled Shirt collar 
1915;265b138d-eeb0-4951-9c38-6ece5df78966;81ff4456-9c03-441f-9201-9410cae79d85;ba89fcc3-bb1b-42af-a754-2d9f639e43ab;D1707;11589;Bygina Dress long
1916;54f79095-d403-4c41-ad22-7253bf9766fb;9ef43878-70f3-43df-959d-49af8b1f580f;c6b81db8-29ed-43d6-b14d-0fd913d7ce36;K887;11600;Mandala Jacket bomb
1917;21527e60-13ec-423b-9e21-e87d4eafcff2;1600fb81-6f8b-4fa2-9ae2-a33420125939;39792668-5cfd-42c2-8872-ad776e9bad70;T1576;11617;Cerise Top paris
1918;20d7f104-5297-4a14-a31c-c9e5f9b782e5;81ff4456-9c03-441f-9201-9410cae79d85;1dc55e58-a5c3-462c-b73d-8dd480de90fc;P1285;8897;Danta Pant belt 
1919;980fdf10-9325-4c1b-9340-428a934418b6;9b5272b3-c05f-4237-913b-61dde0fdb8d0;6598b655-3e19-448c-8b4f-ff6a29447b34;M273;9122;Lou Jeans broadway
1920;2d384a67-ec5d-4ccb-99e7-be9ef4008827;81ff4456-9c03-441f-9201-9410cae79d85;ba89fcc3-bb1b-42af-a754-2d9f639e43ab;D1524;8695;Rizetta Dress sleeveless 
1921;cf4f743b-d736-471d-a49c-d763af4de65a;68d6b1fc-233d-4346-b9d3-cd712c54b847;141f32d6-a5af-49bf-b019-fd28354977f1;J1284;9042;Urle Cardigan long 
1922;f2e4c78f-0d21-4cf0-b73d-eaf66f6f6c47;6a8df4c0-bf3c-4e99-a648-44021ccb15af;2514d6c8-11e6-4692-87b4-dcc1cd18592c;F1210;11159;Charior Skirt geo 
1923;d75da1fc-a3d5-46ae-ba4a-4d38969a095a;c373a4f2-a8de-41e8-86a0-04725b575436;35405a7d-7018-440b-9d16-76206ac3e224;K753;13789;Cello Jacket long 
1924;8e65345b-5a96-470c-beaf-27deb7941e4f;ce8d442c-e662-44f8-a130-2e436f119ede;1b93b30c-833f-45a8-ba69-c21d2e7f4824;J1496;14040;Meline Sweater old
1925;0bc179c5-3d99-4d91-bb02-c6ad289b76fd;ce8d442c-e662-44f8-a130-2e436f119ede;e1646b68-8f10-4b63-87d5-30924341f8ba;Q359;14041;Hamilton Scarf deeluxe
1926;3824f7c4-2e6b-4538-af4c-00ca78b25920;a686154a-8570-40ae-b6a2-dc82842a5e32;882ecdf8-325d-4826-a066-1b263e438f09;B475;15361;Clarise Bag bohck
1927;fbaa9b92-16de-456d-acc7-9f9fd98160ac;9ef43878-70f3-43df-959d-49af8b1f580f;c59807ac-0362-4078-94b0-37ea3df6cdd0;S3074;17138;Jais Shirt majolica
1928;495c562f-d2da-4ecc-af1e-1bb8120706fc;81ff4456-9c03-441f-9201-9410cae79d85;141f32d6-a5af-49bf-b019-fd28354977f1;J1116;8697;Nona Cardigan short 
1929;17cca12b-de75-4fcb-bb15-74caac92007f;81ff4456-9c03-441f-9201-9410cae79d85;1b93b30c-833f-45a8-ba69-c21d2e7f4824;J1115;8698;Nona Sweater oneck 
1930;34d0cde0-66f1-4454-b16b-9916c89e1fd3;91664c1b-3d18-4eab-b3ca-79072c417d45;c59807ac-0362-4078-94b0-37ea3df6cdd0;S1879;10039;Multi Shirt combo 
1931;8c7022be-0867-4beb-8fa9-c1c7afb3292b;ae7e5951-6317-42e5-9d7e-0b7cab5fff0a;95f835a3-03fe-40f1-a813-4fbfd2842845;C1289;10443;Gold Tshirt details 
1932;e45d9daf-6756-48c3-aa33-2ba0a41eb1b6;9fead4cd-d80d-4488-be05-beddd6b45fb5;2514d6c8-11e6-4692-87b4-dcc1cd18592c;F1204;11161;Kalykke Skirt bci 
1933;475d76ba-7b8d-4379-92d7-0594a93d3d77;c373a4f2-a8de-41e8-86a0-04725b575436;35405a7d-7018-440b-9d16-76206ac3e224;K757;13790;Rave Parka plaing 
1934;626e9c7a-e719-4049-b1d0-ae13b1136b28;c373a4f2-a8de-41e8-86a0-04725b575436;141f32d6-a5af-49bf-b019-fd28354977f1;J1634;13792;Bsandal Cardigan buttons 
1935;ba2c9da8-e5c3-4910-b32b-a3d881f19e2d;61397b80-34cc-4af1-93e7-54101a3e9d3a;c6b81db8-29ed-43d6-b14d-0fd913d7ce36;K1179;16636;Royal Jacket blazer 
1936;75f78fbf-6cd7-4dcb-9011-70f8ee5454bf;6baa0e97-2a91-43cf-843f-bbac6e5ed509;2514d6c8-11e6-4692-87b4-dcc1cd18592c;F1544;15620;Baskia Skirt print
1937;bb8e9645-bcaf-429c-b689-ec9e690d4763;cfca4b92-12a6-411c-a62a-a874d00aa735;141f32d6-a5af-49bf-b019-fd28354977f1;J912;8778;Onljosie Cardigan knit 
1938;ae8506e2-16d8-4d5a-8d1f-5d928f54b3ee;c373a4f2-a8de-41e8-86a0-04725b575436;1b93b30c-833f-45a8-ba69-c21d2e7f4824;J1146;8788;Haze Sweater knit 
1939;d652fd63-6ffe-4d43-9c21-37c9c6f43b6c;cfca4b92-12a6-411c-a62a-a874d00aa735;c6b81db8-29ed-43d6-b14d-0fd913d7ce36;K553;9311;Onlnanna Jacket only 
1940;e601a285-7a97-4ed5-b81b-7d64033297cb;81ff4456-9c03-441f-9201-9410cae79d85;39792668-5cfd-42c2-8872-ad776e9bad70;T947;10126;Hailey Top ethnic 
1941;a9813d10-34ca-45d0-9465-50c5f57ad918;01009d0a-8f37-4d4f-be76-98a291b37def;3087da56-5a27-4e58-aea7-1555c640f232;X127;11333;Daisy Sweatshirt contrast 
1942;e640caf8-4417-4d27-9fe7-f38af56ff08f;9ef43878-70f3-43df-959d-49af8b1f580f;c6b81db8-29ed-43d6-b14d-0fd913d7ce36;K877;11494;Prett Jacket bomb
1943;832ca61f-b519-4655-b0e2-9722d461607f;136dab85-c840-420f-bf88-e459483f8796;ba89fcc3-bb1b-42af-a754-2d9f639e43ab;D2067;12693;Tarantino Dress grace
1944;bb227d28-4062-4873-b3d9-ca723316a018;136dab85-c840-420f-bf88-e459483f8796;141f32d6-a5af-49bf-b019-fd28354977f1;K901;12694;Tagada Jacket grace
1945;e876d17e-5e17-4191-b90e-61f8cf92e7f6;136dab85-c840-420f-bf88-e459483f8796;1b93b30c-833f-45a8-ba69-c21d2e7f4824;J1776;12695;Tahiti Sweater grace
1946;1205ba61-6dd7-4fe6-b377-f60f84c9b5c3;136dab85-c840-420f-bf88-e459483f8796;ba89fcc3-bb1b-42af-a754-2d9f639e43ab;D2066;12698;Tanaka Dress grace
1947;e27eb17a-cfeb-49a3-b3a1-fb2a781466e6;136dab85-c840-420f-bf88-e459483f8796;95f835a3-03fe-40f1-a813-4fbfd2842845;C1447;12708;Taquine Tshirt grace
1948;d041eebb-38e8-423c-b89c-5055e6f191ba;9ef43878-70f3-43df-959d-49af8b1f580f;c6b81db8-29ed-43d6-b14d-0fd913d7ce36;K1019;14147;Rowling Jacket bomber
1949;b36bc7a9-cc0d-4ba8-b504-a548d6433f78;80624cdd-099b-4cea-8f4a-2837f3e08587;9c5a3fee-dad0-444a-acb3-c059e2f3db20;P1270;11327;Mini Short pant 
1950;00f6b0fa-7203-420b-a938-27226d9faeb8;cfca4b92-12a6-411c-a62a-a874d00aa735;35405a7d-7018-440b-9d16-76206ac3e224;K785;14151;Onlsara Parka long
1951;1d7552ee-4645-4f1e-a579-66912e05b268;1600fb81-6f8b-4fa2-9ae2-a33420125939;1dc55e58-a5c3-462c-b73d-8dd480de90fc;P2008;14232;Dean Pant cerise
1952;dd14c132-2ec0-49ae-9393-a626b2818a17;61c08d2e-6819-4a64-a866-3e377ff68925;35405a7d-7018-440b-9d16-76206ac3e224;K777;14236;Vitrust Parka short
1953;3235fb70-5296-404d-a14c-aa9a5d44d287;6a8df4c0-bf3c-4e99-a648-44021ccb15af;2514d6c8-11e6-4692-87b4-dcc1cd18592c;F1033;9374;Fleur Skirt charlior 
1954;dde081a9-eeac-4f89-93ad-2464e9ee247d;2b8a1779-4e37-420c-9439-222f69ab6790;ba89fcc3-bb1b-42af-a754-2d9f639e43ab;D1695;9388;Cyril Dress film 
1955;a9c55ac7-c892-4630-b172-da88eaf4072f;2b8a1779-4e37-420c-9439-222f69ab6790;882ecdf8-325d-4826-a066-1b263e438f09;B411;10515;Tienette Bag film 
1956;c180495b-2a45-4dec-8875-f74a55a5c65b;09358432-a44c-4cb4-b8e6-bf51b403bf39;c6b81db8-29ed-43d6-b14d-0fd913d7ce36;K846;11354;Hippie Jacket bomber 
1957;e109eb6f-f610-4057-93f5-0c0559e69d6f;cfca4b92-12a6-411c-a62a-a874d00aa735;35405a7d-7018-440b-9d16-76206ac3e224;K657;13148;Onlnew Parka fur
1958;f800f481-de85-4509-bd05-7b1bcbf68a81;60f81be4-bc2d-465c-ad62-52551b7c9ad8;ba89fcc3-bb1b-42af-a754-2d9f639e43ab;D1617;8943;Rafe Dress ware 
1959;e830f003-f780-438f-85f2-057a34def7eb;3e0e694f-fb8e-49e3-98dd-b83aac682569;39792668-5cfd-42c2-8872-ad776e9bad70;T1411;11677;Nmpaisley Top aop 
1960;a1b0c5c4-f7c8-4b4a-a0dc-85a0b4c6f6ff;a1f8d89e-04ed-42a9-8c51-dc04cbdd0d18;c6b81db8-29ed-43d6-b14d-0fd913d7ce36;K818;13466;Cloross Jacket lamb
1961;fc7dba01-ac8f-49d7-b510-30c8ee3d14da;60f81be4-bc2d-465c-ad62-52551b7c9ad8;c59807ac-0362-4078-94b0-37ea3df6cdd0;T1209;8947;Jungle Top ware 
1962;ffd097ae-f6f6-4b3c-b526-0bc956068ac7;f55a7823-4b84-4ca2-b24f-4945f2f27ca9;9c5a3fee-dad0-444a-acb3-c059e2f3db20;P1244;10585;Acentia Short own 
1963;a76c4b9e-83d1-46a7-bd44-b03ce5ba6bf1;23d58665-8b33-4a8b-b8cf-be1f0b955112;1dc55e58-a5c3-462c-b73d-8dd480de90fc;P1780;11499;Ycoo Pant west 
1964;918217d1-c28e-451e-9299-855552ff0efb;23d58665-8b33-4a8b-b8cf-be1f0b955112;ba89fcc3-bb1b-42af-a754-2d9f639e43ab;D2050;11501;Ycoo Dress print 
1965;86f2ed64-0e1e-445e-9750-7e6b4dbc096d;136dab85-c840-420f-bf88-e459483f8796;1dc55e58-a5c3-462c-b73d-8dd480de90fc;P1480;9013;Saturne Pant grace 
1966;26668e6f-54fa-4333-a305-fd98f50dd07b;136dab85-c840-420f-bf88-e459483f8796;1dc55e58-a5c3-462c-b73d-8dd480de90fc;P1483;9037;Sharline Pant grace 
1967;88fb3d34-9713-43bc-9dcc-3bc765a748f2;1600fb81-6f8b-4fa2-9ae2-a33420125939;2514d6c8-11e6-4692-87b4-dcc1cd18592c;F1015;9105;Lima Skirt tie 
1968;600c49c5-50b5-4d07-9f4c-b6389cfdee4b;1600fb81-6f8b-4fa2-9ae2-a33420125939;c59807ac-0362-4078-94b0-37ea3df6cdd0;S1585;9106;Lina Shirt light 
1969;c6ab69e8-bd85-4e3c-92d1-75e514ec06ed;762c7ccd-88e8-4c80-a07c-5627b81c1c80;39792668-5cfd-42c2-8872-ad776e9bad70;T1378;10531;Religion Top shoulder 
1970;1d800837-d091-4152-a950-fa3771614841;23d58665-8b33-4a8b-b8cf-be1f0b955112;9c5a3fee-dad0-444a-acb3-c059e2f3db20;P1700;\N;Kusi Short pant 
1971;2b3e0788-a3f0-488f-b573-1d1ba5b4e537;a0a2efad-234c-4ed3-962c-1f66a41e5da1;ba89fcc3-bb1b-42af-a754-2d9f639e43ab;D1911;10738;Flowa Dress mustard 
1972;f17f5bdf-f6db-41db-bb94-beacd4cfec07;23d58665-8b33-4a8b-b8cf-be1f0b955112;88ee8b83-a7fe-4c00-8f12-621b209012fd;Y146;11506;Ycoo Jumpsuit cabos 
1973;de8039de-85d5-465e-b913-ef901c56befb;e02a9b8d-2a26-46c6-b5c1-0c8b2e4ff4d4;c6b81db8-29ed-43d6-b14d-0fd913d7ce36;K958;16191;Fqtilli Jacket olive 
1974;3a16cbad-4c23-4e47-87b6-19a99be1be6f;a1f8d89e-04ed-42a9-8c51-dc04cbdd0d18;882ecdf8-325d-4826-a066-1b263e438f09;B469;16646;Chanel Bag closet 
1975;e47cd7d3-89a9-4aa0-bf6d-28d72f36718b;c3159d66-c344-4f24-bee1-1d5966e567d6;c6b81db8-29ed-43d6-b14d-0fd913d7ce36;K796;\N;French Jacket ava 
1976;0be7eece-8657-4c5c-8b5c-d3498d6a4936;921d101c-6d05-4d3a-94fa-b50b955f0561;c59807ac-0362-4078-94b0-37ea3df6cdd0;S1372;9136;Street Shirt printmix 
1977;d8cfab2b-cd6a-4a05-b49f-01949fa21974;e0c5939f-1f3f-44c9-b786-8154fdaa6cac;95f835a3-03fe-40f1-a813-4fbfd2842845;C1262;11683;Crochet Tshirt tee 
1978;87ac7444-ae50-40e7-890b-0ac52ae9b63c;e02a9b8d-2a26-46c6-b5c1-0c8b2e4ff4d4;1b93b30c-833f-45a8-ba69-c21d2e7f4824;J1873;16193;Fqjone Sweater block 
1979;94a0c2a2-0f4b-4bfb-90bd-048fe8ea7ee8;a1f8d89e-04ed-42a9-8c51-dc04cbdd0d18;882ecdf8-325d-4826-a066-1b263e438f09;B470;16648;Charis Bag closet 
1980;d5693359-8080-422b-9452-e87508cd72a1;a1f8d89e-04ed-42a9-8c51-dc04cbdd0d18;882ecdf8-325d-4826-a066-1b263e438f09;B466;16649;Cathy Bag closet 
1981;b6080901-0ae8-4674-bfad-1b8768ebba03;a686154a-8570-40ae-b6a2-dc82842a5e32;882ecdf8-325d-4826-a066-1b263e438f09;B473;16650;Charis Bag bohck 
1982;e6c00c56-896c-4d24-ad3d-8a1b1645d106;c76ff1d5-8d0f-459f-9664-a7e405bdfa38;2514d6c8-11e6-4692-87b4-dcc1cd18592c;F861;9183;Flamingo Skirt print 
1983;75cf1fb9-3d30-4715-ad17-d2c666528744;ce8d442c-e662-44f8-a130-2e436f119ede;39792668-5cfd-42c2-8872-ad776e9bad70;T616;9635;Shiny Top luxe 
1984;501419b0-9033-4c94-9f5a-83f1e31ce3bc;a1f8d89e-04ed-42a9-8c51-dc04cbdd0d18;b263ba41-adab-4a83-a3e0-2766522f5aec;Q338;9982;Lysa Foulard closet 
1985;020728e8-c674-486b-913f-6591a87619a1;a1f8d89e-04ed-42a9-8c51-dc04cbdd0d18;b263ba41-adab-4a83-a3e0-2766522f5aec;Q340;9983;Lima Foulard closet 
1986;a6e6604a-ecc0-40cf-8a06-7ee3b431084f;b6758f9e-102c-4d39-98b2-b4c5e7a8d6c2;1b93b30c-833f-45a8-ba69-c21d2e7f4824;J1438;12012;Objthessi Sweater knit 
1987;bd909ffb-e735-44a0-b093-a41a7ee48e25;23ac65d4-bca2-4119-b4fa-821b224b8d49;c6b81db8-29ed-43d6-b14d-0fd913d7ce36;K515;9213;Fiona Jacket denim 
1988;d656141d-e18c-4f67-9746-2b6b347283fa;23ac65d4-bca2-4119-b4fa-821b224b8d49;ba89fcc3-bb1b-42af-a754-2d9f639e43ab;D1572;9214;Jralwia Dress knee 
1989;2d06e113-de52-49f8-a94a-b463eaf879b1;1600fb81-6f8b-4fa2-9ae2-a33420125939;ba89fcc3-bb1b-42af-a754-2d9f639e43ab;D1760;9217;Moufette Dress afrika 
1990;d5796d4c-a20f-43cb-9cd8-e26785dbf60f;1600fb81-6f8b-4fa2-9ae2-a33420125939;ba89fcc3-bb1b-42af-a754-2d9f639e43ab;D1761;9218;Garden Dress cerise 
1991;af509abb-f7b9-484f-9de3-066e38f90996;6baa0e97-2a91-43cf-843f-bbac6e5ed509;2514d6c8-11e6-4692-87b4-dcc1cd18592c;F1024;9280;Hally Skirt print 
1992;e29ad232-7330-4052-923a-c95795258db8;6baa0e97-2a91-43cf-843f-bbac6e5ed509;ba89fcc3-bb1b-42af-a754-2d9f639e43ab;D1762;9281;Moufette Dress afrika 
1993;6552beb3-898e-476c-afe5-73aea5bae19a;ff436f5f-57aa-45bb-badc-c4063c6a022f;b263ba41-adab-4a83-a3e0-2766522f5aec;Q334;9984;Lillian Scarf cahier 
1994;efd8b40c-b4b5-443e-938f-6b65fadba419;ff436f5f-57aa-45bb-badc-c4063c6a022f;b263ba41-adab-4a83-a3e0-2766522f5aec;Q327;9985;Lander Scarf cahier 
1995;adbd130d-560c-443a-9847-751447440519;a1f8d89e-04ed-42a9-8c51-dc04cbdd0d18;b263ba41-adab-4a83-a3e0-2766522f5aec;Q322;9995;Karios Foulard closet 
1996;9af96b8b-48cd-495f-8895-2961f47b4a49;7d82a2a5-1eee-425d-a914-ace3d7864a26;88ee8b83-a7fe-4c00-8f12-621b209012fd;Y130;11005;Akoz Jumpsuit print 
1997;827f7aae-ddec-4fa1-a9dc-e591e212b9ab;5ac9ffe0-7aa8-4f96-93cf-b2a2401e3d74;c59807ac-0362-4078-94b0-37ea3df6cdd0;S2132;11685;Abigail Shirt wdc 
1998;a2be37ea-2f59-4661-a720-4500caf527ce;c373a4f2-a8de-41e8-86a0-04725b575436;2514d6c8-11e6-4692-87b4-dcc1cd18592c;F1167;11842;Bsviola Skirt mini 
1999;5071ca4b-0227-43a0-852b-abdf54eaa4f5;f66308ed-5556-4469-a729-517b619fac5a;2514d6c8-11e6-4692-87b4-dcc1cd18592c;F1276;16196;Elly Skirt iced 
2000;115ed157-e29e-401b-a3e3-f914358a2076;988e3625-7d5a-46f9-b93b-f3b15c8d6e61;9c5a3fee-dad0-444a-acb3-c059e2f3db20;P1901;16651;Ihfernanda Short solid 
2001;1c5a29a9-7b3e-485d-a953-eb3d267afea8;6826e5f2-33d9-47eb-aff2-402a3d031e79;1dc55e58-a5c3-462c-b73d-8dd480de90fc;P1671;10099;Flurs Pant emijo 
2002;4ea9d713-4766-4a23-83ca-dfc688ac0c0e;6ed756bf-7370-46c0-b4df-a53c893b26bb;95f835a3-03fe-40f1-a813-4fbfd2842845;C1390;13965;Socopylle T-shirt cott
2003;798e2ac5-6930-4710-8963-8da2889e022e;23ac65d4-bca2-4119-b4fa-821b224b8d49;6598b655-3e19-448c-8b4f-ff6a29447b34;M442;13973;Jrfou Jeans denim
2004;020f5755-ae80-4921-8ee1-6285e1153ddf;e0c5939f-1f3f-44c9-b786-8154fdaa6cac;1b93b30c-833f-45a8-ba69-c21d2e7f4824;J1834;14746;Vneck Sweater light
2005;3f8bd318-60d9-4b8c-8216-6af4f43b844d;e0c5939f-1f3f-44c9-b786-8154fdaa6cac;6598b655-3e19-448c-8b4f-ff6a29447b34;M565;14748;Denim Jeans casual
2006;62a69b31-e004-4221-91af-8e84288a1f24;61c08d2e-6819-4a64-a866-3e377ff68925;c59807ac-0362-4078-94b0-37ea3df6cdd0;S2497;14751;Vilucy Shirt button
2007;1735d199-d25f-4c35-a527-a712cc3f0808;e4c97e4e-1141-497f-b38c-3b7c0cae9ec4;c6b81db8-29ed-43d6-b14d-0fd913d7ce36;K968;16199;Pcana Jacket suede 
2008;c2f3753d-0159-4a17-9c51-a7033f08461e;cfca4b92-12a6-411c-a62a-a874d00aa735;141f32d6-a5af-49bf-b019-fd28354977f1;J1725;\N;Onllesly Cardigan knt
2009;9537c7da-279c-4cb5-9d91-6e80b1ad2ce2;bc72be7a-2bd4-44ff-ab0e-e975e4ee9e96;39792668-5cfd-42c2-8872-ad776e9bad70;T1547;\N;Amberes Top wardrobe 
2010;7999fbb9-7dd7-4cfa-ad45-820810a5cd1f;cfca4b92-12a6-411c-a62a-a874d00aa735;1dc55e58-a5c3-462c-b73d-8dd480de90fc;P1829;\N;Onlmissuri Pant ankle
2011;60538419-7384-47ef-8bde-b54b2feecfc2;6ccbab3f-f2e6-4992-9844-ff9446fe1f96;2514d6c8-11e6-4692-87b4-dcc1cd18592c;F1115;10096;Geometric Skirt lili 
2012;4977ae7c-8c0b-47de-a0b4-b0c4cfb3fc34;1600fb81-6f8b-4fa2-9ae2-a33420125939;9c5a3fee-dad0-444a-acb3-c059e2f3db20;P1741;11098;Cerise Short summer 
2013;11b909e6-fc50-4193-8f0f-cfe51a8814f8;2399c5f1-36a1-4452-9a07-ff8ce72d4a6f;c6b81db8-29ed-43d6-b14d-0fd913d7ce36;K1083;14763;Checks Jacket nana
2014;f72e00c2-1e3c-476b-8d35-94e88dd50672;e2ed2d6d-895f-4d78-85f0-60805c02013b;6598b655-3e19-448c-8b4f-ff6a29447b34;M685;14764;Lily Jeans rise
2015;6618843d-62ee-4d55-90e7-61ecc0d39e5e;e2ed2d6d-895f-4d78-85f0-60805c02013b;39792668-5cfd-42c2-8872-ad776e9bad70;T1842;14765;Bud Top shell
2016;59509316-d382-42bd-83aa-684a8eea91b7;e2ed2d6d-895f-4d78-85f0-60805c02013b;6598b655-3e19-448c-8b4f-ff6a29447b34;M686;14766;High Jeans rise
2017;9c7f69a7-3ac7-4483-a9de-e8ebdc45929c;5a9ca2a1-b909-4a25-ba92-51793e42b8be;6598b655-3e19-448c-8b4f-ff6a29447b34;M553;16653;Shamburgo Jeans solid 
2018;45fadfcb-8d09-42fc-87ac-21d001f4a455;921d101c-6d05-4d3a-94fa-b50b955f0561;6598b655-3e19-448c-8b4f-ff6a29447b34;M769;17153;York Jeans slimfit 
2019;c4bc648c-a88b-4569-b175-1d1497c39f92;e02a9b8d-2a26-46c6-b5c1-0c8b2e4ff4d4;6598b655-3e19-448c-8b4f-ff6a29447b34;M310;\N;Aida Jeans denim 
2020;0f490498-e91c-4523-a3a2-7fc9c397529a;6a8df4c0-bf3c-4e99-a648-44021ccb15af;141f32d6-a5af-49bf-b019-fd28354977f1;J1349;9509;Juane Cardigan gilet 
2021;389a6c99-752e-4510-8a67-041eb5087cd4;6ccbab3f-f2e6-4992-9844-ff9446fe1f96;9c5a3fee-dad0-444a-acb3-c059e2f3db20;P1507;9510;Mini Pant short 
2022;26e3913e-618f-42bb-a61c-3412dfabc225;45702471-835a-4967-a38b-c910df5a5b31;1b93b30c-833f-45a8-ba69-c21d2e7f4824;J1311;9520;Yu Sweater hearts 
2023;69061af1-4ba2-4d8a-bca3-295aebdc1f41;d16b490f-370e-4eeb-ab4f-31c815f60a69;1dc55e58-a5c3-462c-b73d-8dd480de90fc;P1312;9938;Joy Pant garcia 
2024;b61f6de9-0331-4bcf-884a-c639d58fd922;9ef43878-70f3-43df-959d-49af8b1f580f;9c5a3fee-dad0-444a-acb3-c059e2f3db20;P1706;10634;Blush Short pant 
2025;0d7bec5a-7558-4580-b6b2-85a63c379c24;e4c97e4e-1141-497f-b38c-3b7c0cae9ec4;2514d6c8-11e6-4692-87b4-dcc1cd18592c;F946;10840;Pccoya Skirt midi 
2026;e30cf6d7-2911-4ce0-8b47-e8cd10d399b6;e0c5939f-1f3f-44c9-b786-8154fdaa6cac;95f835a3-03fe-40f1-a813-4fbfd2842845;T1200;11244;Esprit Top coli 
2027;e11dd8ae-980f-4b70-b3e2-6e435f2390e5;4b0d3d62-1e97-49ac-805d-e32675180664;c6b81db8-29ed-43d6-b14d-0fd913d7ce36;K935;11991;Femme Jacket summ 
2028;94f12e1e-27c5-431a-93f5-3c7db722de36;dcbc39f3-9aca-4f28-9a5c-2ddd04da77d8;ba89fcc3-bb1b-42af-a754-2d9f639e43ab;D2095;11992;Numbia Dress code 
2029;a1156179-0421-414e-8c2c-f039a4bd6707;e2b0644a-9365-4b40-a821-2a2266de551d;c59807ac-0362-4078-94b0-37ea3df6cdd0;S2071;12159;Nudrayas Shirt modal 
2030;ee3646c0-971e-4abe-b303-1f58d75dd6cd;f620512a-1e55-4c69-8208-9c83ed4725a5;c59807ac-0362-4078-94b0-37ea3df6cdd0;S2472;16202;Vertical Shirt soft 
2031;914c83d1-df2e-4d1b-a76e-d07574c1d668;592412c5-4355-40b7-837b-b8b229ed11e8;39792668-5cfd-42c2-8872-ad776e9bad70;T2100;16922;Beach Top alcas 
2032;ef747555-7c4b-4f4a-8e70-0d79ce7de008;9ef43878-70f3-43df-959d-49af8b1f580f;2514d6c8-11e6-4692-87b4-dcc1cd18592c;F1464;14668;Davi Skirt majo 
2033;87eff96b-474f-4402-b248-784783782885;1600fb81-6f8b-4fa2-9ae2-a33420125939;39792668-5cfd-42c2-8872-ad776e9bad70;T1433;10898;Cactus Top cerise 
2034;f16d8aab-e110-4338-ae0e-c553376ec52b;9ef43878-70f3-43df-959d-49af8b1f580f;c6b81db8-29ed-43d6-b14d-0fd913d7ce36;K822;11038;Majo Jacket print 
2035;21a6a914-e873-4260-a325-8f0711cbabe1;61c08d2e-6819-4a64-a866-3e377ff68925;9c5a3fee-dad0-444a-acb3-c059e2f3db20;P1385;11321;Vikastanja Pant short 
2036;cc56669f-9c1a-4269-93ef-d8a566eb78ab;3bf63b3d-7c2f-47a4-81bc-6ad2452245d7;95f835a3-03fe-40f1-a813-4fbfd2842845;T1107;11322;Carflake Top mix 
2037;f3b713fe-88cd-44ec-a947-700995c99cd3;988e3625-7d5a-46f9-b93b-f3b15c8d6e61;39792668-5cfd-42c2-8872-ad776e9bad70;T1189;11325;Ihvera Top arona 
2038;7b098a88-438d-4b31-919f-b229b0295a52;d16b490f-370e-4eeb-ab4f-31c815f60a69;2514d6c8-11e6-4692-87b4-dcc1cd18592c;F1065;12371;Rosso Skirt garcia
2039;9eb1f4a6-eb2c-45da-8134-b9ede01e32d0;9ef43878-70f3-43df-959d-49af8b1f580f;2514d6c8-11e6-4692-87b4-dcc1cd18592c;F1457;14666;Liab Skirt majolica 
2040;ac422367-ac3d-4c4f-912a-f2ffba45ca5c;9ef43878-70f3-43df-959d-49af8b1f580f;2514d6c8-11e6-4692-87b4-dcc1cd18592c;F1462;14667;Lupa Skirt majolica 
2041;2ba971cc-b600-4166-be88-389df9123388;5a9ca2a1-b909-4a25-ba92-51793e42b8be;39792668-5cfd-42c2-8872-ad776e9bad70;T1606;16656;Shquesir Sweater vneck 
2042;a742cbea-05d1-4468-a461-b9548d349609;ccb37c7e-efc3-4f3e-9d37-8944756b582f;07bee010-39f3-4200-9250-c1524842e6a6;K448;5917;Softy Trench boom 
2043;abcf5d56-cf41-4377-a09e-f446579fd945;cfca4b92-12a6-411c-a62a-a874d00aa735;9c5a3fee-dad0-444a-acb3-c059e2f3db20;P1374;10088;Onlrhonda Short stripe 
2044;131f8bc0-8165-4263-b748-e3baee76fd20;c22a8b00-a91b-4f6f-af11-8553e7c13ea9;c6b81db8-29ed-43d6-b14d-0fd913d7ce36;K570;10901;Rise Jacket kimono 
2045;170910d9-0f24-46ea-9642-1928505d465c;9ef43878-70f3-43df-959d-49af8b1f580f;c6b81db8-29ed-43d6-b14d-0fd913d7ce36;K821;11037;Majolica Jacket bomber 
2046;46953ea5-657a-4632-9e89-3f750cde81f4;2a50cb28-0dfb-4689-8c67-4d5149959a2b;ba89fcc3-bb1b-42af-a754-2d9f639e43ab;D1656;11165;Lalange Dress numph 
2047;2a8b4dbf-051a-499a-9758-3047e215d996;10978e4c-57de-4f45-9b35-f304ca89875e;9c5a3fee-dad0-444a-acb3-c059e2f3db20;P1698;11180;Clean Short pant 
2048;f07651c0-c75b-47e4-b4b6-ef88579be76c;10978e4c-57de-4f45-9b35-f304ca89875e;1dc55e58-a5c3-462c-b73d-8dd480de90fc;P1697;11181;Sadie Pant skinny 
2049;24e82d3a-736b-40d9-a96b-b96c44dc2c09;60f81be4-bc2d-465c-ad62-52551b7c9ad8;2514d6c8-11e6-4692-87b4-dcc1cd18592c;F1298;12354;Faux Skirt seamed 
2050;076b6192-d198-43e3-9f62-f3474b9ca037;ab95a726-f520-4428-bf42-44f8c5722fda;c59807ac-0362-4078-94b0-37ea3df6cdd0;S2266;16657;Shagnolo Shirt popelin 
2051;fd183461-0e9d-4082-9ed8-abeb2fc6eb19;5a9ca2a1-b909-4a25-ba92-51793e42b8be;39792668-5cfd-42c2-8872-ad776e9bad70;T1607;16659;Shibrahi Top knit 
2052;65304716-33df-4bc3-b56b-2e1a4ae6ec30;6ad0756c-5e2a-4caa-8c9a-deaab7cdcf96;c59807ac-0362-4078-94b0-37ea3df6cdd0;S2632;16926;Lilly Shirt lindex 
2053;b5e029eb-aff8-4797-b056-f219aa977ea8;e4c97e4e-1141-497f-b38c-3b7c0cae9ec4;6598b655-3e19-448c-8b4f-ff6a29447b34;M42;5920;Pchighfive Jean denim 
2054;7b0b2026-2f9d-447d-975b-8d9f3548618a;67b4106f-ce58-4ea9-8912-9b6e3e32d203;c6b81db8-29ed-43d6-b14d-0fd913d7ce36;K539;10283;Bsbasia Jacket risk 
2055;84c936a9-82f4-45e0-985b-eac90d168111;67b4106f-ce58-4ea9-8912-9b6e3e32d203;c59807ac-0362-4078-94b0-37ea3df6cdd0;T953;10284;Bsfatima Top printed 
2056;9a91cc0d-2c8e-4044-9762-7a9edf6eed4f;199da221-79cf-44b0-932d-d90ffa244ae5;39792668-5cfd-42c2-8872-ad776e9bad70;T1526;11385;Rigas Top miss 
2057;0adfa079-01c6-42dc-8a70-2770bfe14916;81ff4456-9c03-441f-9201-9410cae79d85;39792668-5cfd-42c2-8872-ad776e9bad70;T1190;11401;Bypatirice Top off 
2058;e167a274-880d-4827-a1fd-c0e72c5d9b1d;bc72be7a-2bd4-44ff-ab0e-e975e4ee9e96;c59807ac-0362-4078-94b0-37ea3df6cdd0;S2102;11639;Awvneck Shirt dots 
2059;155f5e77-983a-40b0-be49-ddbf8c0e2309;cfca4b92-12a6-411c-a62a-a874d00aa735;35405a7d-7018-440b-9d16-76206ac3e224;K784;14318;Onlsarah Parka port
2060;ea066366-32eb-4b0b-a27c-d4648d3644e1;b6758f9e-102c-4d39-98b2-b4c5e7a8d6c2;c59807ac-0362-4078-94b0-37ea3df6cdd0;S2207;15074;Objzoe Shirt burnt
2061;f7efe893-a315-4a06-96bd-75ae632a8ec9;b6758f9e-102c-4d39-98b2-b4c5e7a8d6c2;c59807ac-0362-4078-94b0-37ea3df6cdd0;S2713;15078;Objbay Shirt print
2062;1db74447-fc3e-4fd7-bb96-2066ad3f010d;17e6c981-001d-41b0-9816-16425ffeef0d;95f835a3-03fe-40f1-a813-4fbfd2842845;C1266;11897;Henley Tshirt fem 
2063;cdc5e6fe-19a7-4d2a-89c8-cb47ab73f769;f55a7823-4b84-4ca2-b24f-4945f2f27ca9;39792668-5cfd-42c2-8872-ad776e9bad70;T1227;12500;Bonita Top desire 
2064;0d8c95b9-c3fc-46ec-b991-12c211d320dc;cfca4b92-12a6-411c-a62a-a874d00aa735;35405a7d-7018-440b-9d16-76206ac3e224;K787;14319;Onlclair Jacket hooded
2065;a0c16ce6-3e3d-432c-b0fb-f07cf7bb0533;b767f189-d40b-49cc-adf1-fc4ee11438d7;1b93b30c-833f-45a8-ba69-c21d2e7f4824;J1765;14936;Vmpleasent Sweater oneck 
2066;30b0fdf3-63b5-4936-9be7-f8acb03f873b;b7addd6d-e506-4da6-90e7-0f73bc435d28;2514d6c8-11e6-4692-87b4-dcc1cd18592c;F1338;16208;Lyanna Skirt moss 
2067;3d9e3c18-739d-4d03-bba1-8dcc6a266958;321f9370-6a4a-4ea4-bd01-e0a2fad07f33;c59807ac-0362-4078-94b0-37ea3df6cdd0;S2544;15210;Leeds Shirt grette 
2068;bcc93ddd-fef4-475b-92bc-41304912a9ca;814a9862-1628-4efd-aee8-77f7ad5cb017;95f835a3-03fe-40f1-a813-4fbfd2842845;C1423;11350;Help Tshirt dixie 
2069;d14d39ac-ac75-4539-83af-b14871092157;a1f8d89e-04ed-42a9-8c51-dc04cbdd0d18;ba89fcc3-bb1b-42af-a754-2d9f639e43ab;D1971;12179;Clociguena Dress modal 
2070;6d0e7057-ea89-4a48-b0ef-43aa92b4128b;e2b0644a-9365-4b40-a821-2a2266de551d;ba89fcc3-bb1b-42af-a754-2d9f639e43ab;D1970;12180;Nudrayas Dress modal 
2071;98e70e6c-7d64-447c-bf28-47b3ee54d08c;61c08d2e-6819-4a64-a866-3e377ff68925;6598b655-3e19-448c-8b4f-ff6a29447b34;M392;14500;Viglittie Jeans souh 
2072;576702d9-0807-4a84-ac90-1f9a85ec3ed2;1600fb81-6f8b-4fa2-9ae2-a33420125939;2514d6c8-11e6-4692-87b4-dcc1cd18592c;F1498;15304;Cherry Skirt solid 
2073;6e1d6293-a28c-4f42-863c-0504316ee81a;ab95a726-f520-4428-bf42-44f8c5722fda;39792668-5cfd-42c2-8872-ad776e9bad70;T1608;16664;Shnauplia Top flowers 
2074;70225642-5ee5-494c-b22b-d7b319d5fa0e;6ed756bf-7370-46c0-b4df-a53c893b26bb;c6b81db8-29ed-43d6-b14d-0fd913d7ce36;S1268;10342;Sessa Shirt two 
2075;1cca08a0-d4be-44b4-9970-0ddbc70cb9af;921d101c-6d05-4d3a-94fa-b50b955f0561;2514d6c8-11e6-4692-87b4-dcc1cd18592c;F989;10344;Happy Skirt belt 
2076;924fbfc8-07fe-4424-adf8-e89a730f857d;9576c5a9-7aef-4cfd-879c-390cab4fedfc;ba89fcc3-bb1b-42af-a754-2d9f639e43ab;D1859;10349;Leo Dress moi 
2077;ec5678e9-9788-47e8-9f38-8af2f01f0fc9;9ef43878-70f3-43df-959d-49af8b1f580f;c59807ac-0362-4078-94b0-37ea3df6cdd0;S1921;10377;Majolica Shirt look 
2078;7f10ba8b-278a-47dc-a20e-960e77aa9427;9ef43878-70f3-43df-959d-49af8b1f580f;c6b81db8-29ed-43d6-b14d-0fd913d7ce36;K793;10380;Majolica Jacket bomber 
2079;7b410584-a9d0-42a2-8b2c-4086452f9858;9ef43878-70f3-43df-959d-49af8b1f580f;c59807ac-0362-4078-94b0-37ea3df6cdd0;S1918;10381;Majo Shirt print 
2080;4cdc535b-ba34-4b0f-a142-a8f31e269be4;e2b0644a-9365-4b40-a821-2a2266de551d;ba89fcc3-bb1b-42af-a754-2d9f639e43ab;D1966;12181;Nudrroco Dress modal 
2081;a98ed33d-2389-49ab-b65a-37f5ad2fba0f;e02a9b8d-2a26-46c6-b5c1-0c8b2e4ff4d4;ba89fcc3-bb1b-42af-a754-2d9f639e43ab;D1802;12240;Karlotta Dress flora 
2082;0534feaf-e9d4-40a7-b3bb-95162bf11c76;e2ed2d6d-895f-4d78-85f0-60805c02013b;2514d6c8-11e6-4692-87b4-dcc1cd18592c;F1284;12276;Leila Skirt animal 
2083;893f677a-69a5-495e-9fc6-d9cb040a86cf;60f81be4-bc2d-465c-ad62-52551b7c9ad8;95f835a3-03fe-40f1-a813-4fbfd2842845;C2073;12357;Puff Tshirt rib 
2084;4c19e9dc-ad04-4125-ade9-a3822a80e9f9;60f81be4-bc2d-465c-ad62-52551b7c9ad8;ba89fcc3-bb1b-42af-a754-2d9f639e43ab;D2139;12359;Tiered Dress mini 
2085;abfe7024-2cbb-49e5-84c3-8f3945f2b00c;cfca4b92-12a6-411c-a62a-a874d00aa735;2514d6c8-11e6-4692-87b4-dcc1cd18592c;F1108;12470;Onlcally Skirt suede 
2086;4aeccc40-1c81-425a-b765-29c17b45eb18;e4c97e4e-1141-497f-b38c-3b7c0cae9ec4;141f32d6-a5af-49bf-b019-fd28354977f1;J1274;12476;Pcnew Cardigan noos 
2087;afbd63c3-e398-48f3-a359-46b4b6b7bd7b;e4c97e4e-1141-497f-b38c-3b7c0cae9ec4;c59807ac-0362-4078-94b0-37ea3df6cdd0;S1973;12491;Pcillu Shirt solid 
2088;1149f527-95ea-496c-a858-0e1e84d76ddd;e4c97e4e-1141-497f-b38c-3b7c0cae9ec4;95f835a3-03fe-40f1-a813-4fbfd2842845;C2074;12494;Pcminna Tshirt noos 
2089;03d8aa2b-4754-482d-b483-662128ac98f9;a5cec3c7-e486-4940-bda7-a3fa8ea46f9d;2514d6c8-11e6-4692-87b4-dcc1cd18592c;F1451;14587;Polly Skirt gold 
2090;981cd1ac-500d-4777-986d-1b3b97ffa64d;23d58665-8b33-4a8b-b8cf-be1f0b955112;2514d6c8-11e6-4692-87b4-dcc1cd18592c;F1129;10591;Hays Skirt ycoo 
2091;9148ce66-542b-4b02-9d2c-39a223ab0571;6a8df4c0-bf3c-4e99-a648-44021ccb15af;1dc55e58-a5c3-462c-b73d-8dd480de90fc;P1704;10614;Floun Pant charl 
2092;fc0673b1-4e63-4704-9b75-2cdcf5244325;6a8df4c0-bf3c-4e99-a648-44021ccb15af;9c5a3fee-dad0-444a-acb3-c059e2f3db20;P1705;10615;Cute Short pant 
2093;32e20a95-9c43-4e0f-a6b0-ed95cf1f42e0;921d101c-6d05-4d3a-94fa-b50b955f0561;141f32d6-a5af-49bf-b019-fd28354977f1;J1691;12496;Stsakko Cardigan basic 
2094;c65feec4-56b7-4ba9-bb16-e54776449f7b;921d101c-6d05-4d3a-94fa-b50b955f0561;c59807ac-0362-4078-94b0-37ea3df6cdd0;S2150;12498;Stotto Shirt buttoned 
2095;234e9c24-a2ce-4473-bb49-599ad7992934;f55a7823-4b84-4ca2-b24f-4945f2f27ca9;95f835a3-03fe-40f1-a813-4fbfd2842845;C1145;12499;Britney Tshirt cns 
2096;17627e66-31da-4ee2-bc78-7e11e0c8e9b7;b6758f9e-102c-4d39-98b2-b4c5e7a8d6c2;1dc55e58-a5c3-462c-b73d-8dd480de90fc;P1468;\N;Objlisa Pant noos 
2097;e0f56c94-7c02-4403-81bb-26534b980700;61c08d2e-6819-4a64-a866-3e377ff68925;6598b655-3e19-448c-8b4f-ff6a29447b34;M604;15418;Viekko Jeans birch 
2098;94b3de41-9930-44f2-b999-632c244f8c05;1600fb81-6f8b-4fa2-9ae2-a33420125939;c59807ac-0362-4078-94b0-37ea3df6cdd0;S2793;15535;Dotts Shirt cerise 
2099;493f2315-d3aa-41d8-8fab-b916227280f8;ae7e5951-6317-42e5-9d7e-0b7cab5fff0a;c59807ac-0362-4078-94b0-37ea3df6cdd0;S2997;16666;Dots Shirt season 
2100;051aa9ac-4111-4106-85d6-4853a66b6720;ce8d442c-e662-44f8-a130-2e436f119ede;9c5a3fee-dad0-444a-acb3-c059e2f3db20;P1975;\N;Merida Short pocket 
2101;d1f58176-116e-4b8b-980a-d2c4e98e177d;988e3625-7d5a-46f9-b93b-f3b15c8d6e61;ba89fcc3-bb1b-42af-a754-2d9f639e43ab;D1927;\N;Ihbarbara Dress short 
2102;5ca9a939-3822-44ac-b5f3-1d02e8a13422;c3159d66-c344-4f24-bee1-1d5966e567d6;88ee8b83-a7fe-4c00-8f12-621b209012fd;Y121;10616;French Jumpsuit bessie 
2103;97663b7c-6339-44e3-86e8-3dad0ab37c78;c3159d66-c344-4f24-bee1-1d5966e567d6;ba89fcc3-bb1b-42af-a754-2d9f639e43ab;D1887;10618;French Dress connection 
2104;fd1329b5-d94e-4c12-841d-c16d3b35e3c3;d2157f29-32b4-4578-be3f-bfaa77b9d18f;ba89fcc3-bb1b-42af-a754-2d9f639e43ab;D1906;10744;Lucce Dress knit 
2105;956572ed-7e72-4132-93a1-1f7621f54b67;988e3625-7d5a-46f9-b93b-f3b15c8d6e61;1dc55e58-a5c3-462c-b73d-8dd480de90fc;P1435;\N;Kate Pant mazarine 
2106;f94018ac-8f99-4f4e-b206-83fbe51fedaa;d2157f29-32b4-4578-be3f-bfaa77b9d18f;39792668-5cfd-42c2-8872-ad776e9bad70;T1404;10745;Lusa Top knit 
2107;1d6674c9-efbc-4012-93fd-5055c276db4e;988e3625-7d5a-46f9-b93b-f3b15c8d6e61;95f835a3-03fe-40f1-a813-4fbfd2842845;C1250;12566;Ihrebel Tshirt total 
2108;173abba0-6476-49ed-9089-c36ca3bce869;dd7382b1-6d80-4e80-b3fe-ab0eb0947c4e;6598b655-3e19-448c-8b4f-ff6a29447b34;M363;12905;Dahlia Jeans freeman 
2109;d4a0a8dd-ce72-4d6e-b546-0da6d8e41388;c373a4f2-a8de-41e8-86a0-04725b575436;c59807ac-0362-4078-94b0-37ea3df6cdd0;S2038;13795;Bschrissiet Shirt tiger 
2110;14ba66bd-c385-4002-bf6d-9d65c86911e0;b767f189-d40b-49cc-adf1-fc4ee11438d7;1dc55e58-a5c3-462c-b73d-8dd480de90fc;P1994;16936;Vmkarina Pant wide 
2111;0153b90a-993d-4d23-aaa7-d31253a7290c;ce8d442c-e662-44f8-a130-2e436f119ede;95f835a3-03fe-40f1-a813-4fbfd2842845;C1522;16937;Sweet Tshirt vneck 
2112;c6be03b3-be44-4dcd-92f9-ac3c2262a735;e2ed2d6d-895f-4d78-85f0-60805c02013b;2514d6c8-11e6-4692-87b4-dcc1cd18592c;F1320;13686;Tie Skirt pow
2113;cbb08963-4bde-4433-8c29-df2e7851bc09;cfca4b92-12a6-411c-a62a-a874d00aa735;1b93b30c-833f-45a8-ba69-c21d2e7f4824;J1720;14800;Onlmaye Sweater knit 
2114;dc753aa6-8fda-489f-be88-1f54ed164375;921d101c-6d05-4d3a-94fa-b50b955f0561;b263ba41-adab-4a83-a3e0-2766522f5aec;Q397;14812;Avierrow Scarf print
2115;ce30031b-a4f6-418b-8e27-2f7ffe986a81;23d58665-8b33-4a8b-b8cf-be1f0b955112;ba89fcc3-bb1b-42af-a754-2d9f639e43ab;D2335;14814;Lener Dress ycoo
2116;477dc1c9-f27b-4aa6-94c5-770e7bd505fe;2a50cb28-0dfb-4689-8c67-4d5149959a2b;95f835a3-03fe-40f1-a813-4fbfd2842845;C1471;11878;Karit T-shirt print 
2117;48c25435-cac6-437a-9b4b-f93f7ded89e4;dd17f8ec-1667-4ebc-86cb-b2398a8cbbfa;ba89fcc3-bb1b-42af-a754-2d9f639e43ab;D2143;12565;Hyaden Dress colorfull 
2118;0972cc28-e076-454d-a597-fdd853d7a9ac;81ff4456-9c03-441f-9201-9410cae79d85;141f32d6-a5af-49bf-b019-fd28354977f1;J1425;12580;Bymoni Cardigan young 
2119;6aaef4bf-87b3-455a-b771-c8455243427d;c373a4f2-a8de-41e8-86a0-04725b575436;35405a7d-7018-440b-9d16-76206ac3e224;K755;13815;Cello Jacket soul 
2120;e5d49a35-518b-49a9-ab99-c919f8dd810a;23d58665-8b33-4a8b-b8cf-be1f0b955112;c6b81db8-29ed-43d6-b14d-0fd913d7ce36;K1027;14298;Sergie Jacket suede 
2121;cce8aa82-edd2-4222-b82a-a59572724b7f;23d58665-8b33-4a8b-b8cf-be1f0b955112;c59807ac-0362-4078-94b0-37ea3df6cdd0;S2674;14943;Lolis Shirt ycoo 
2122;ba839150-a70b-41a3-b60c-8f46d73d8662;9b5272b3-c05f-4237-913b-61dde0fdb8d0;1dc55e58-a5c3-462c-b73d-8dd480de90fc;P1925;16939;Bente Pant slim 
2123;3ff75b0b-0753-457a-bdb1-137c4b733ecf;9b5272b3-c05f-4237-913b-61dde0fdb8d0;9c5a3fee-dad0-444a-acb3-c059e2f3db20;P1919;16941;Baranya Shorts fit 
2124;0a58fa98-c5f4-4486-b6b2-edfe541bda8c;e4c97e4e-1141-497f-b38c-3b7c0cae9ec4;2514d6c8-11e6-4692-87b4-dcc1cd18592c;F1011;\N;Pcparo Skirt noos 
2125;73a8abee-00b2-4b3d-a7a9-ffadfc51ee90;e4c97e4e-1141-497f-b38c-3b7c0cae9ec4;6598b655-3e19-448c-8b4f-ff6a29447b34;P1943;\N;Pcdelly Jeans noos 
2126;aff923f8-a3eb-4d8d-a484-c7b3fabe8ea0;e0c5939f-1f3f-44c9-b786-8154fdaa6cac;1dc55e58-a5c3-462c-b73d-8dd480de90fc;P1442;11273;Esprit Pant culotte 
2127;50af4f2a-99c5-48b4-b269-135f9389a794;921d101c-6d05-4d3a-94fa-b50b955f0561;1dc55e58-a5c3-462c-b73d-8dd480de90fc;M286;11275;Wide Jeans uni 
2128;43b088c0-e0b4-4c20-9b97-c9444c3b215b;e4c97e4e-1141-497f-b38c-3b7c0cae9ec4;6598b655-3e19-448c-8b4f-ff6a29447b34;M482;11509;Pcdellys Jeans noos 
2129;f6882ea0-0583-4e63-96a9-8faebde30664;2b8a1779-4e37-420c-9439-222f69ab6790;e1646b68-8f10-4b63-87d5-30924341f8ba;Q376;11853;Filoso Scarf wool 
2130;d034d12d-a544-42a7-aa32-c6ccf233669d;2b8a1779-4e37-420c-9439-222f69ab6790;e1646b68-8f10-4b63-87d5-30924341f8ba;Q379;11854;Filomena Scarf wool 
2131;df7c5e7c-39f8-46df-a26c-06667216273f;a1f8d89e-04ed-42a9-8c51-dc04cbdd0d18;c59807ac-0362-4078-94b0-37ea3df6cdd0;S2084;11922;Clograndjardin Shirt modal 
2132;b17502f7-fa73-4d69-ac87-db5f59822d6f;a1f8d89e-04ed-42a9-8c51-dc04cbdd0d18;39792668-5cfd-42c2-8872-ad776e9bad70;T1462;11923;Clocollages Top modal 
2133;86147f29-e991-49a2-9d87-12619f2ce4bb;6ad0756c-5e2a-4caa-8c9a-deaab7cdcf96;39792668-5cfd-42c2-8872-ad776e9bad70;T1662;12396;Camilla Top lindex 
2134;f885e442-8bbd-4236-aeb8-0deba25f021b;e02a9b8d-2a26-46c6-b5c1-0c8b2e4ff4d4;1dc55e58-a5c3-462c-b73d-8dd480de90fc;P1751;14033;Freemito Pant shannon 
2135;99b63dc0-679e-4ccc-99f3-4cd649558829;b767f189-d40b-49cc-adf1-fc4ee11438d7;35405a7d-7018-440b-9d16-76206ac3e224;K644;14034;Vmsimone Parka hoody 
2136;ae62162e-63be-4aa6-9332-b02f45b14be7;bcdc75ed-99e1-4efe-9912-2805ca4a0105;c6b81db8-29ed-43d6-b14d-0fd913d7ce36;K1008;14044;Amanda Jacket paris 
2137;ea460a20-73c9-4b82-a74c-24925b7d5bbc;b6758f9e-102c-4d39-98b2-b4c5e7a8d6c2;9c5a3fee-dad0-444a-acb3-c059e2f3db20;P1788;16940;Objanna Short summ 
2138;d89bdd6b-c948-4144-a96f-562852f09c38;9b5272b3-c05f-4237-913b-61dde0fdb8d0;1dc55e58-a5c3-462c-b73d-8dd480de90fc;P1920;16942;Baiba Pant comfort 
2139;88d4e854-ef29-473f-a264-f2d3f0a7dacb;a1f8d89e-04ed-42a9-8c51-dc04cbdd0d18;ba89fcc3-bb1b-42af-a754-2d9f639e43ab;D1973;11926;Clofirma Dress modal 
2140;989cd504-5f44-40d3-ba23-5d45b48e6efa;b767f189-d40b-49cc-adf1-fc4ee11438d7;ba89fcc3-bb1b-42af-a754-2d9f639e43ab;D2119;12237;Vmautumn Dress print 
2141;3cc9a663-8995-492c-93aa-bcbf130128c4;6ad0756c-5e2a-4caa-8c9a-deaab7cdcf96;c6b81db8-29ed-43d6-b14d-0fd913d7ce36;K853;12397;Violet Jacket modal 
2142;88866904-7383-4a3f-b357-0687c615cada;e4c97e4e-1141-497f-b38c-3b7c0cae9ec4;2514d6c8-11e6-4692-87b4-dcc1cd18592c;F1142;14484;Pcirene Skirt pencil 
2143;1b526400-a20d-492b-b4a5-fe40111e5ad2;e4c97e4e-1141-497f-b38c-3b7c0cae9ec4;1b93b30c-833f-45a8-ba69-c21d2e7f4824;J1571;14486;Pcina Sweater o-neck 
2144;5819482f-60a0-4043-9a42-0a96130b3f76;e6b1b7ee-3782-4abd-b0f7-72fdd79ceb7f;e1646b68-8f10-4b63-87d5-30924341f8ba;Q370;14493;Tiger Scarf sew 
2145;316d0a7b-a021-42a5-ad13-013625a8b8a8;e6b1b7ee-3782-4abd-b0f7-72fdd79ceb7f;e1646b68-8f10-4b63-87d5-30924341f8ba;Q371;14494;Rose Scarf sew 
2146;19840bb2-edee-41e1-a5fb-8296c32147e6;e6b1b7ee-3782-4abd-b0f7-72fdd79ceb7f;e1646b68-8f10-4b63-87d5-30924341f8ba;Q369;14495;Tundra Scarf sew 
2147;f4aeda95-66e4-409e-a6d1-72b408d7d416;a1f8d89e-04ed-42a9-8c51-dc04cbdd0d18;c59807ac-0362-4078-94b0-37ea3df6cdd0;T1461;11931;Clocollage Top modal 
2148;bec57e73-3bee-4f9f-be22-b04fbdc1a3da;988e3625-7d5a-46f9-b93b-f3b15c8d6e61;c59807ac-0362-4078-94b0-37ea3df6cdd0;S1823;12628;Ihasilo Shirt wine 
2149;87acffc5-67d8-42a7-8b62-07ebf00d9886;81ff4456-9c03-441f-9201-9410cae79d85;141f32d6-a5af-49bf-b019-fd28354977f1;J1406;12629;Bypimba Cardigan long 
2150;9cd19df0-3f3f-437e-b84b-626c2e60c09a;67b4106f-ce58-4ea9-8912-9b6e3e32d203;95f835a3-03fe-40f1-a813-4fbfd2842845;C1242;12633;Bsullon Tshirt blendshe 
2151;16a4e2fd-2b08-40c6-b574-2e3265e172d0;67b4106f-ce58-4ea9-8912-9b6e3e32d203;1b93b30c-833f-45a8-ba69-c21d2e7f4824;J1442;12634;Bsulfa Sweater blendshe 
2152;036f0b35-2dbc-497e-ad07-c30e4615153d;67b4106f-ce58-4ea9-8912-9b6e3e32d203;95f835a3-03fe-40f1-a813-4fbfd2842845;C1243;12635;Bsullon Tshirt nice 
2153;f96b7250-4f50-473d-9893-35a01e31f614;c3159d66-c344-4f24-bee1-1d5966e567d6;1b93b30c-833f-45a8-ba69-c21d2e7f4824;J1478;12664;Rufina Sweater stripe 
2154;a2500c57-56c0-4dbe-9bc7-8cbabb6702d5;e6b1b7ee-3782-4abd-b0f7-72fdd79ceb7f;e1646b68-8f10-4b63-87d5-30924341f8ba;Q373;14496;Scossa Scarf sew 
2155;e4d7429d-9e8c-424b-a3a8-50e4b8d2a970;e6b1b7ee-3782-4abd-b0f7-72fdd79ceb7f;e1646b68-8f10-4b63-87d5-30924341f8ba;Q372;14497;Bufalo Scarf sew 
2156;f2bf0e0f-6e0e-42de-8b3b-fc19a2563764;e2ed2d6d-895f-4d78-85f0-60805c02013b;c59807ac-0362-4078-94b0-37ea3df6cdd0;S2598;14498;Patched Shirt spot 
2157;1bd45aff-737f-4387-bd8c-307f97fe667d;60f81be4-bc2d-465c-ad62-52551b7c9ad8;95f835a3-03fe-40f1-a813-4fbfd2842845;C1540;14514;Mademo Tshirt soft 
2158;40b4400b-7e1b-42de-8a4c-b66815bb496b;60f81be4-bc2d-465c-ad62-52551b7c9ad8;39792668-5cfd-42c2-8872-ad776e9bad70;T1815;14517;Glitter Top night 
2159;eba7334f-3d94-4439-9725-99fa49269fcf;d0d22dca-1902-45d3-98f5-4130e62056fa;6598b655-3e19-448c-8b4f-ff6a29447b34;M660;14568;Toxico Jeans emerald 
2160;e40d1d11-e52e-4cb3-9280-22b5fdfd8dd9;d0d22dca-1902-45d3-98f5-4130e62056fa;6598b655-3e19-448c-8b4f-ff6a29447b34;M659;14569;Toxico Jeans jungle 
2161;e9af9370-2424-499e-b394-fa6477896683;9b5272b3-c05f-4237-913b-61dde0fdb8d0;1dc55e58-a5c3-462c-b73d-8dd480de90fc;P1926;16944;Bendi Pant regular 
2162;141ec45e-9981-4a20-8db5-b269af8e568c;60f81be4-bc2d-465c-ad62-52551b7c9ad8;2514d6c8-11e6-4692-87b4-dcc1cd18592c;F1621;17174;Clara Skirt mini 
2163;6a09bcf4-72ae-4dbc-b433-0689c8a0d78a;e6b1b7ee-3782-4abd-b0f7-72fdd79ceb7f;2514d6c8-11e6-4692-87b4-dcc1cd18592c;F733;6509;Miri Skirt central 
2164;17044c72-392e-4403-adae-38926f4e82d5;7d82a2a5-1eee-425d-a914-ace3d7864a26;88ee8b83-a7fe-4c00-8f12-621b209012fd;Y157;11989;Dots Jumpsuit long 
2165;bdcba88c-1159-413c-9ee7-5d1a9d77fc08;988e3625-7d5a-46f9-b93b-f3b15c8d6e61;95f835a3-03fe-40f1-a813-4fbfd2842845;C1248;12581;Ihangela Tshirt yolk 
2166;b3cf0f53-312f-4854-aef2-c7f354354d30;10978e4c-57de-4f45-9b35-f304ca89875e;3087da56-5a27-4e58-aea7-1555c640f232;X116;13513;Crew Sweatshirt star 
2167;f2a5721a-6292-4744-b90e-968bc905297a;1600fb81-6f8b-4fa2-9ae2-a33420125939;ba89fcc3-bb1b-42af-a754-2d9f639e43ab;D2304;14624;Printed Dress cerise 
2168;738f7031-d648-4733-9fba-ded7d75b9843;1600fb81-6f8b-4fa2-9ae2-a33420125939;ba89fcc3-bb1b-42af-a754-2d9f639e43ab;D2306;14626;Goldy Dress cerise 
2169;106719dc-5018-42c4-afa7-42e35e2a0e29;b767f189-d40b-49cc-adf1-fc4ee11438d7;1b93b30c-833f-45a8-ba69-c21d2e7f4824;C1350;14720;Vmbelinda T-shirt oneck 
2170;2466fed5-8cfa-4887-b79f-c4632f039de7;5ac9ffe0-7aa8-4f96-93cf-b2a2401e3d74;39792668-5cfd-42c2-8872-ad776e9bad70;T1813;14880;Mersey Top wdc 
2171;4bf87130-520a-40f4-a5ee-46a16b084346;921d101c-6d05-4d3a-94fa-b50b955f0561;c6b81db8-29ed-43d6-b14d-0fd913d7ce36;K840;12210;Stjordis Jacket striped 
2172;c05aba55-629b-41a0-becd-be0a8e648dd6;b767f189-d40b-49cc-adf1-fc4ee11438d7;1dc55e58-a5c3-462c-b73d-8dd480de90fc;P1753;12375;Vmsevenew Pant noos 
2173;bfe27b4f-28e5-40fa-88e7-5a8e4a1762c8;9b5272b3-c05f-4237-913b-61dde0fdb8d0;ba89fcc3-bb1b-42af-a754-2d9f639e43ab;D2169;16950;Deneen Dress fit 
2174;3927b576-dfda-49f9-966b-3ee29adb49a2;f66308ed-5556-4469-a729-517b619fac5a;39792668-5cfd-42c2-8872-ad776e9bad70;T1531;14207;Saint Top singlet
2175;4a3f464f-80cf-4854-a583-b11ff32fac93;81ff4456-9c03-441f-9201-9410cae79d85;35405a7d-7018-440b-9d16-76206ac3e224;K742;14224;Bybomina Jacket young
2176;48783ded-5c3b-46a4-9355-13634c3b42fe;1600fb81-6f8b-4fa2-9ae2-a33420125939;ba89fcc3-bb1b-42af-a754-2d9f639e43ab;D2234;14227;Annan Dress cerise
2177;6c9e2a95-8f0c-423f-97c5-4b82cc631b6f;e02a9b8d-2a26-46c6-b5c1-0c8b2e4ff4d4;6598b655-3e19-448c-8b4f-ff6a29447b34;P1541;\N;Aida Pant salute 
2178;456974e6-7843-4000-aa17-fa9f7c567dce;2b8a1779-4e37-420c-9439-222f69ab6790;39792668-5cfd-42c2-8872-ad776e9bad70;C2131;14876;Lila Tshirt film 
2179;e8520372-5842-42bc-9cd6-aef46201dd27;f66308ed-5556-4469-a729-517b619fac5a;141f32d6-a5af-49bf-b019-fd28354977f1;J1466;\N;Santo Cardigan tropez
2180;17353284-b6f2-40db-a279-fb33c32bde3c;6ad0756c-5e2a-4caa-8c9a-deaab7cdcf96;ba89fcc3-bb1b-42af-a754-2d9f639e43ab;D2011;12394;Rihanna Dress easy 
2181;a93b0c81-42d2-4d6f-9de3-289a028c92ed;e0c5939f-1f3f-44c9-b786-8154fdaa6cac;95f835a3-03fe-40f1-a813-4fbfd2842845;C1378;12427;Esptrim T-shirt lurex 
2182;c45e4594-0ec9-428c-8491-792f31928c4d;3e0e694f-fb8e-49e3-98dd-b83aac682569;74ba5e25-afd5-490b-a3a8-2175020c4487;A125;13028;Nmgabi Coat noos 
2183;94b876f3-9496-4f84-93c4-8218ccb7794d;b767f189-d40b-49cc-adf1-fc4ee11438d7;c59807ac-0362-4078-94b0-37ea3df6cdd0;S2233;14934;Vmsia Shirt noos 
2184;09435c48-b1a2-4100-b76f-6353dbb820a3;988e3625-7d5a-46f9-b93b-f3b15c8d6e61;95f835a3-03fe-40f1-a813-4fbfd2842845;C1356;12750;Ihsofie T-shirt solid 
2185;45a82b9d-091a-4fd3-ac1b-aaac3a10224b;6a8df4c0-bf3c-4e99-a648-44021ccb15af;c6b81db8-29ed-43d6-b14d-0fd913d7ce36;K1095;14959;Amapola Jacket print 
2186;263c79e6-eecd-4d17-a229-3c5261323107;6a8df4c0-bf3c-4e99-a648-44021ccb15af;c59807ac-0362-4078-94b0-37ea3df6cdd0;S2678;14960;Dots Shirt tie 
2187;1f0f5bc0-6d91-4e97-af87-109a0a4c01af;988e3625-7d5a-46f9-b93b-f3b15c8d6e61;c59807ac-0362-4078-94b0-37ea3df6cdd0;S2280;14963;Ihasilo Shirt placid 
2188;4906e860-aed2-49ae-8d44-b0fb6870f741;37fe10b7-3e0b-4bcb-ab83-759ddc273e23;74ba5e25-afd5-490b-a3a8-2175020c4487;A130;15152;Frhatre Coat outerwear 
2189;c2a55029-48e0-42fd-b75d-7be390d36077;37fe10b7-3e0b-4bcb-ab83-759ddc273e23;1b93b30c-833f-45a8-ba69-c21d2e7f4824;J1804;15153;Franzu Sweater basic 
2190;7e6262d0-72ec-499f-9a74-162e161f2c14;67b4106f-ce58-4ea9-8912-9b6e3e32d203;95f835a3-03fe-40f1-a813-4fbfd2842845;C1255;13492;Bsgoline Tshirt fired 
2191;a9942dcd-e842-4157-91ba-ffe646ba61ee;81ff4456-9c03-441f-9201-9410cae79d85;c59807ac-0362-4078-94b0-37ea3df6cdd0;S1971;13496;Bytudella Shirt v-neck 
2192;cf86c4e6-69ee-408a-a8c5-c2f290f28be7;f55a7823-4b84-4ca2-b24f-4945f2f27ca9;1b93b30c-833f-45a8-ba69-c21d2e7f4824;J1367;13646;Dodo Sweater desires 
2193;f9209b16-1c12-42fe-aa1d-bb13532f6eb2;c3159d66-c344-4f24-bee1-1d5966e567d6;c59807ac-0362-4078-94b0-37ea3df6cdd0;S2445;15706;Eastside Shirt cotton 
2194;63fde063-35fa-46e3-ac2e-6cb97daf2e41;10978e4c-57de-4f45-9b35-f304ca89875e;ba89fcc3-bb1b-42af-a754-2d9f639e43ab;D1833;13520;Gracie Dress dotty 
2195;c5d32af9-855f-43f7-b36d-19f5f1ac6a7f;0d0455ab-1eac-4ad0-bb21-313110b5fb9e;1dc55e58-a5c3-462c-b73d-8dd480de90fc;P2052;14435;Pacifique Pant soft 
2196;a912aa16-5738-4fe8-920d-b5d7878d843f;e02a9b8d-2a26-46c6-b5c1-0c8b2e4ff4d4;c59807ac-0362-4078-94b0-37ea3df6cdd0;S2434;15726;Tadney Shirt mix 
2197;e50a3118-4655-4b6d-810c-cc622af1718b;988e3625-7d5a-46f9-b93b-f3b15c8d6e61;1dc55e58-a5c3-462c-b73d-8dd480de90fc;P1890;15731;Ihastik Pant solid 
2198;b5536596-dbf6-4545-9b42-1b0df35d6fb0;23d58665-8b33-4a8b-b8cf-be1f0b955112;2514d6c8-11e6-4692-87b4-dcc1cd18592c;F1623;17180;Violet Skirt ycoo
2199;af097c42-6031-4582-aacb-6c2dfc4ea905;1600fb81-6f8b-4fa2-9ae2-a33420125939;39792668-5cfd-42c2-8872-ad776e9bad70;T1221;8622;Darlim Top cerise 
2200;60939401-c24f-4ac0-a883-0f8b06c8f347;f55a7823-4b84-4ca2-b24f-4945f2f27ca9;39792668-5cfd-42c2-8872-ad776e9bad70;T895;8737;Vicky Top lencel 
2201;c075e89c-49b2-4c6f-b6fb-b6a3b41d60ab;da790000-672a-45a3-9bf9-4805e90d7f19;1b93b30c-833f-45a8-ba69-c21d2e7f4824;J1365;13535;Rita Sweater star 
2202;ebe44c40-b990-4947-9b55-bb117aa93418;da790000-672a-45a3-9bf9-4805e90d7f19;141f32d6-a5af-49bf-b019-fd28354977f1;J1362;13536;Bobbi Cardigan leo 
2203;dc73f21e-253f-4f5f-a223-e3e003a56698;1600fb81-6f8b-4fa2-9ae2-a33420125939;ba89fcc3-bb1b-42af-a754-2d9f639e43ab;D2670;16955;Jare Dress cerise 
2204;bf76a83d-0acf-4f8c-bd37-3d541237a317;1600fb81-6f8b-4fa2-9ae2-a33420125939;ba89fcc3-bb1b-42af-a754-2d9f639e43ab;D2668;16956;Gema Dress cerise 
2205;dcd15750-1e1d-4e7f-af8f-90a078caaa12;1600fb81-6f8b-4fa2-9ae2-a33420125939;2514d6c8-11e6-4692-87b4-dcc1cd18592c;F1593;16957;Denise Skirt cerise 
2206;6f410ce8-f2c4-47db-85fe-971e1b4cc321;6ad0756c-5e2a-4caa-8c9a-deaab7cdcf96;1dc55e58-a5c3-462c-b73d-8dd480de90fc;P1766;12401;Bella Pant leo 
2207;c62d064c-ccf4-4706-b250-ede33e946f3c;33036f90-cafa-45bc-94f1-4f6defb59223;95f835a3-03fe-40f1-a813-4fbfd2842845;C1219;12457;Heild Tshirt mc 
2208;9d308167-af74-441a-868b-e9117efcbfb9;33036f90-cafa-45bc-94f1-4f6defb59223;2514d6c8-11e6-4692-87b4-dcc1cd18592c;F1066;12459;Tilla Skirt short 
2209;f0537761-83eb-4dc0-b420-2d76578b2d59;b767f189-d40b-49cc-adf1-fc4ee11438d7;6598b655-3e19-448c-8b4f-ff6a29447b34;M381;12460;Vmseven Jeans noos 
2210;b4841e7a-7ad6-4536-9416-0ac4c550ba46;cfca4b92-12a6-411c-a62a-a874d00aa735;c59807ac-0362-4078-94b0-37ea3df6cdd0;S1872;12464;Onlrock Shirt loose 
2211;2664be0c-4317-49b8-9e0e-154da13ae640;ae7e5951-6317-42e5-9d7e-0b7cab5fff0a;1b93b30c-833f-45a8-ba69-c21d2e7f4824;J1886;13581;Aurore Sweater stripes 
2212;36ad9d6c-6f18-43c1-98d5-533452bba40f;056287db-fb8b-44e7-a76a-f356ec59d5f5;95f835a3-03fe-40f1-a813-4fbfd2842845;C1280;13653;Luka Tshirt ls 
2213;a0f2dd4f-6fb8-41b9-9597-96a9a22966d2;e4c97e4e-1141-497f-b38c-3b7c0cae9ec4;1b93b30c-833f-45a8-ba69-c21d2e7f4824;J1570;13655;Pcindia Sweater knit 
2214;0c6d7993-3a97-443d-8d44-b83de96d666d;52117e6f-5cc4-4cc9-89c6-6c86be22376c;1dc55e58-a5c3-462c-b73d-8dd480de90fc;P2003;13940;Triangle Pant olive 
2215;1a46212d-570f-4284-a264-4fc589acc10f;e0c5939f-1f3f-44c9-b786-8154fdaa6cac;1b93b30c-833f-45a8-ba69-c21d2e7f4824;J1711;13942;Cable Sweater casual 
2216;ff76a047-2300-47ca-9b3b-ce2c9de0aadb;17e6c981-001d-41b0-9816-16425ffeef0d;1b93b30c-833f-45a8-ba69-c21d2e7f4824;J1604;14091;Edstructure Sweater ocs 
2217;9dc2d785-5c58-4992-b9a4-47284ec0b44b;6ad0756c-5e2a-4caa-8c9a-deaab7cdcf96;c6b81db8-29ed-43d6-b14d-0fd913d7ce36;K1224;16959;Plain Jacket lindex 
2218;1a1ed883-ec3a-45f5-98c3-139b9d56d7e0;cfca4b92-12a6-411c-a62a-a874d00aa735;35405a7d-7018-440b-9d16-76206ac3e224;K658;12466;Onldemi Parka coat 
2219;a48d9180-e9da-4a30-9f52-dcc5924d4531;33036f90-cafa-45bc-94f1-4f6defb59223;95f835a3-03fe-40f1-a813-4fbfd2842845;C2125;16960;Mia Tshirt soft 
2220;79c51e0c-28ef-4f1e-9257-7285c1ce717b;cfca4b92-12a6-411c-a62a-a874d00aa735;1b93b30c-833f-45a8-ba69-c21d2e7f4824;J1506;\N;Onlvenice Sweater oneck 
2221;d0951bb3-18be-4b17-9a50-289d80d90a6a;3e0e694f-fb8e-49e3-98dd-b83aac682569;1b93b30c-833f-45a8-ba69-c21d2e7f4824;J1592;12479;Nmcash Cardigan v-neck 
2222;30830344-7ecc-4f1e-89c3-7032b4953659;e4c97e4e-1141-497f-b38c-3b7c0cae9ec4;ba89fcc3-bb1b-42af-a754-2d9f639e43ab;D1831;12480;Pchimla Dress midi 
2223;1b9c4e27-33f2-4fb5-ab22-1942e277208f;b767f189-d40b-49cc-adf1-fc4ee11438d7;35405a7d-7018-440b-9d16-76206ac3e224;K645;13663;Vmagnes Parka breeze 
2224;06a8e26d-582c-4cb0-b47a-11954f665840;109eb926-eabe-4933-9172-6ff8a5c95ac7;c59807ac-0362-4078-94b0-37ea3df6cdd0;S2294;14737;Floaty Shirt sati 
2225;ff621f68-9edd-4d9e-adcc-bc1dcffbdb93;9fead4cd-d80d-4488-be05-beddd6b45fb5;6598b655-3e19-448c-8b4f-ff6a29447b34;M656;\N;Kavicky Jeans denim 
2226;49eafc15-0eb2-4d51-b63c-55357df77634;109eb926-eabe-4933-9172-6ff8a5c95ac7;6598b655-3e19-448c-8b4f-ff6a29447b34;M467;13668;Edhr Jeans skinny 
2227;23a9ccd3-9524-4411-a7de-833fd0cf8a4f;cfca4b92-12a6-411c-a62a-a874d00aa735;1b93b30c-833f-45a8-ba69-c21d2e7f4824;J1626;13678;Onlnanna Sweater pattern 
2228;2e7c9226-4f4d-4fdb-a91d-d60e4064bfc9;9b5272b3-c05f-4237-913b-61dde0fdb8d0;88ee8b83-a7fe-4c00-8f12-621b209012fd;Y165;16962;Bendine Jumpsuit giraffe 
2229;5e2656f9-986a-4aeb-bf32-f528008d2347;da790000-672a-45a3-9bf9-4805e90d7f19;1b93b30c-833f-45a8-ba69-c21d2e7f4824;J1364;13534;Rita Sweater retro 
2230;790b1954-1382-4f92-ac2c-1591314db5d1;6ed756bf-7370-46c0-b4df-a53c893b26bb;3087da56-5a27-4e58-aea7-1555c640f232;X115;13540;Agnet Sweatshirt soya 
2231;7967a017-b440-4c0c-b521-a4fb1c299ddc;be0058d8-f6c3-4e8d-8cc2-584c8f983e70;6598b655-3e19-448c-8b4f-ff6a29447b34;M651;14445;Lui Jeans denim 
2232;7d635425-2c92-4885-8053-e26be664d8b4;cfca4b92-12a6-411c-a62a-a874d00aa735;c6b81db8-29ed-43d6-b14d-0fd913d7ce36;K752;14459;Onlellan Jacket winter 
2233;bafe976a-c41a-4bc2-9250-0e43fb01bc3e;cfca4b92-12a6-411c-a62a-a874d00aa735;1b93b30c-833f-45a8-ba69-c21d2e7f4824;J1623;14460;Onlnancy Sweater knit 
2234;d9f37d68-e530-48e4-a6e5-01bd591bb854;ae7e5951-6317-42e5-9d7e-0b7cab5fff0a;c59807ac-0362-4078-94b0-37ea3df6cdd0;S1519;8496;Season Shirt snow 
2235;723e44c9-0137-45cc-a387-37b712eeb783;ae7e5951-6317-42e5-9d7e-0b7cab5fff0a;c59807ac-0362-4078-94b0-37ea3df6cdd0;S1516;8499;Season Shirt marrakech 
2236;5d89b7b0-7dd9-4900-b38f-4e2b0d4c57fc;ae7e5951-6317-42e5-9d7e-0b7cab5fff0a;c59807ac-0362-4078-94b0-37ea3df6cdd0;S2373;13569;Blair Shirt floral 
2237;c43b2a40-868d-4eeb-aeed-2203166809ff;ae7e5951-6317-42e5-9d7e-0b7cab5fff0a;ba89fcc3-bb1b-42af-a754-2d9f639e43ab;D2166;13573;Beatrice Dress print 
2238;da7f6ec7-9a67-45ae-abeb-b7adc72fbce4;ae7e5951-6317-42e5-9d7e-0b7cab5fff0a;1b93b30c-833f-45a8-ba69-c21d2e7f4824;J1883;13577;Agnes Sweater season 
2239;0a00f5c9-aef3-4e0d-afea-8962a2138e3a;ae7e5951-6317-42e5-9d7e-0b7cab5fff0a;141f32d6-a5af-49bf-b019-fd28354977f1;J1884;13578;Alexa Cardigan soft 
2240;f22347a5-8fcf-4ffc-98a7-f81d292ae576;ce8d442c-e662-44f8-a130-2e436f119ede;1dc55e58-a5c3-462c-b73d-8dd480de90fc;P1591;13731;Tino Pant forest 
2241;b01c812f-7598-40e8-9400-c86a894e5549;a2061f67-5f9a-4bdf-928f-d0f65adf0496;6598b655-3e19-448c-8b4f-ff6a29447b34;M619;13847;Hurricane Jeans dark 
2242;c451b3cc-3609-42af-a35b-f2ca1bdbb2e8;dd7382b1-6d80-4e80-b3fe-ab0eb0947c4e;6598b655-3e19-448c-8b4f-ff6a29447b34;M362;13849;Kilky Jeans porter 
2243;e6e25b75-14a2-4252-9075-54c96a0a13da;81ff4456-9c03-441f-9201-9410cae79d85;2514d6c8-11e6-4692-87b4-dcc1cd18592c;F1138;13855;Bykiko Skirt knit 
2244;3e27c6eb-2824-4ae1-ac6a-73f3cb569cd4;d20c36f8-91e8-442f-991b-83d8297ba500;882ecdf8-325d-4826-a066-1b263e438f09;B484;15001;Noelia Bag bestini 
2245;30dfa039-8e84-4524-b5f0-e7ebdc0c947c;d20c36f8-91e8-442f-991b-83d8297ba500;882ecdf8-325d-4826-a066-1b263e438f09;B485;15002;Best Bag whisky
2246;416729cd-0ccd-4ea9-a8e2-c29aa69ff94b;6ed756bf-7370-46c0-b4df-a53c893b26bb;1dc55e58-a5c3-462c-b73d-8dd480de90fc;P1838;15003;Scshadi Pant solid
2247;a124ec5a-ba58-4968-9b03-deaa2a4c377e;6ed756bf-7370-46c0-b4df-a53c893b26bb;3087da56-5a27-4e58-aea7-1555c640f232;X129;15015;Scelna Sweatshirt print 
2248;cdef0671-b665-43ca-8d31-7ca94c1d0699;b767f189-d40b-49cc-adf1-fc4ee11438d7;35405a7d-7018-440b-9d16-76206ac3e224;K885;15710;Vmpernillenew Parka brusch 
2249;19e8164a-21b8-40f3-bcd1-65bb9781c457;c3159d66-c344-4f24-bee1-1d5966e567d6;6598b655-3e19-448c-8b4f-ff6a29447b34;M618;15711;Rebound Jeans skinny 
2250;a310d8bf-528e-4985-ac22-12896505c17c;6a8df4c0-bf3c-4e99-a648-44021ccb15af;1dc55e58-a5c3-462c-b73d-8dd480de90fc;P2251;17192;Charls Pant jcz
2251;00afdb7d-4768-4ba4-b58b-d28e4693e934;6a8df4c0-bf3c-4e99-a648-44021ccb15af;39792668-5cfd-42c2-8872-ad776e9bad70;T2289;17193;Lea Top charlior 
2252;d19758af-46a3-4208-a8c5-5724dfcd5998;cfca4b92-12a6-411c-a62a-a874d00aa735;6598b655-3e19-448c-8b4f-ff6a29447b34;M408;\N;Onlush Jeans coated 
2253;c6b612e7-0a5d-4844-ac5d-fb1ec881f92b;e02a9b8d-2a26-46c6-b5c1-0c8b2e4ff4d4;141f32d6-a5af-49bf-b019-fd28354977f1;J1907;\N;Jone Cardigan soft 
2254;c2ecaa48-0aa3-46ca-ba2d-3658efcf0c06;e4c97e4e-1141-497f-b38c-3b7c0cae9ec4;95f835a3-03fe-40f1-a813-4fbfd2842845;C1073;8884;Pcbilly Tshirt foil 
2255;b03b8b5f-a82a-4829-81ff-a6b5490e7927;2a50cb28-0dfb-4689-8c67-4d5149959a2b;141f32d6-a5af-49bf-b019-fd28354977f1;J1476;14058;Meabh Cardigan numph 
2256;56580128-02c1-41c9-99ab-0a4c2b3bb942;6ad0756c-5e2a-4caa-8c9a-deaab7cdcf96;2514d6c8-11e6-4692-87b4-dcc1cd18592c;F1262;14779;Twiggy Skirt lindex 
2257;3632d6b6-8efe-46b4-b97c-46d4b52bb55b;6ad0756c-5e2a-4caa-8c9a-deaab7cdcf96;1dc55e58-a5c3-462c-b73d-8dd480de90fc;P1956;14782;Lykke Pant sharp 
2258;88da9580-50f2-4e39-b200-d43b32527eeb;1600fb81-6f8b-4fa2-9ae2-a33420125939;c59807ac-0362-4078-94b0-37ea3df6cdd0;S2988;16965;Asiel Shirt cerise 
2259;08a815dc-5358-4d12-897f-5f22e1a44ad3;1600fb81-6f8b-4fa2-9ae2-a33420125939;2514d6c8-11e6-4692-87b4-dcc1cd18592c;F1592;16969;Uda Skirt cerise 
2260;8f6493a1-33fa-4b08-bc12-4900d1113a5b;cfca4b92-12a6-411c-a62a-a874d00aa735;35405a7d-7018-440b-9d16-76206ac3e224;K504;8935;Onlcorinne Parka spring 
2261;f0a45fca-0d04-4270-9585-21b4817b224c;e02a9b8d-2a26-46c6-b5c1-0c8b2e4ff4d4;c59807ac-0362-4078-94b0-37ea3df6cdd0;S1338;8953;Silja Shirt true 
2262;f9ff80a7-9544-440a-a318-68614a1b3965;9ef43878-70f3-43df-959d-49af8b1f580f;9c5a3fee-dad0-444a-acb3-c059e2f3db20;P1493;9057;Mona Pant short 
2263;32586724-6cae-4ced-bb0b-e9f94bd8bd49;9ef43878-70f3-43df-959d-49af8b1f580f;9c5a3fee-dad0-444a-acb3-c059e2f3db20;P1494;9058;Lina Pant short 
2264;fbc6d88d-4772-40fb-91b4-db917383aeda;9ef43878-70f3-43df-959d-49af8b1f580f;1b93b30c-833f-45a8-ba69-c21d2e7f4824;J1289;9059;Huit Sweater majolica 
2265;3f2999a9-42d2-4b11-b7f5-8121bd2f2e8b;9ef43878-70f3-43df-959d-49af8b1f580f;39792668-5cfd-42c2-8872-ad776e9bad70;T1243;9062;Pearl Top niur 
2266;550a3272-fd1a-4372-9efe-5a30cba2eb9e;23ac65d4-bca2-4119-b4fa-821b224b8d49;ba89fcc3-bb1b-42af-a754-2d9f639e43ab;D1485;9399;Paja Dress knee 
2267;77ca3fbc-d74e-4088-bb74-7555c4c077c1;e6b1b7ee-3782-4abd-b0f7-72fdd79ceb7f;882ecdf8-325d-4826-a066-1b263e438f09;B402;9787;Theo Bag sew 
2268;4a724e49-a815-4640-9b42-5d93db9e3161;e6b1b7ee-3782-4abd-b0f7-72fdd79ceb7f;882ecdf8-325d-4826-a066-1b263e438f09;B401;9788;Theone Bag sew 
2269;19b53329-b2ad-482d-87f2-e3e85b861de4;9ef43878-70f3-43df-959d-49af8b1f580f;c59807ac-0362-4078-94b0-37ea3df6cdd0;S2527;14126;Tolkien Shirt miniprint 
2270;b709b60a-6919-43f6-86b0-eb5d5d8a119b;25e70ebf-206f-4be2-a626-9980e36fdda3;95f835a3-03fe-40f1-a813-4fbfd2842845;C2123;14170;Feather Tshirt print 
2271;2a63ccbc-8085-4679-9410-1c660c70e8fc;45ebfaa9-5ebf-4239-8e7f-6fc626344ee3;1b93b30c-833f-45a8-ba69-c21d2e7f4824;J1546;14178;Colvi Sweater vneck 
2272;ea91a462-7639-4e06-be83-61f8872e7e00;3bf63b3d-7c2f-47a4-81bc-6ad2452245d7;ba89fcc3-bb1b-42af-a754-2d9f639e43ab;D1806;14272;Carlaura Dress stripes 
2273;8dfd19b1-d67b-4124-9044-e358ed4bf870;e2b0644a-9365-4b40-a821-2a2266de551d;39792668-5cfd-42c2-8872-ad776e9bad70;T1991;14329;Birds Top closet 
2274;7dbf35ce-93cb-4396-853c-418e8c66f953;23d58665-8b33-4a8b-b8cf-be1f0b955112;c59807ac-0362-4078-94b0-37ea3df6cdd0;S2559;14331;Tiela Shirt ycoo 
2275;882194c9-4f8a-46fa-a3b2-cf561e142862;1600fb81-6f8b-4fa2-9ae2-a33420125939;39792668-5cfd-42c2-8872-ad776e9bad70;T2163;16968;Liam Top cerise 
2276;c6a19268-8828-48ad-9349-f1921f63c835;dc63915f-46ee-478e-a76d-5bdc720521c8;95f835a3-03fe-40f1-a813-4fbfd2842845;C984;9775;Chic Tshirt beach 
2277;5efe4371-343d-4602-b4d5-3adc8998ff64;ff436f5f-57aa-45bb-badc-c4063c6a022f;882ecdf8-325d-4826-a066-1b263e438f09;B405;9779;Tiara Bag cahier 
2278;da8f5ca3-3f85-458f-a54b-27ad07d3b018;ff436f5f-57aa-45bb-badc-c4063c6a022f;882ecdf8-325d-4826-a066-1b263e438f09;B397;9780;Tess Bag cahier 
2279;a18b2972-ea97-4a8c-8f10-18a1bb5f5efc;ff436f5f-57aa-45bb-badc-c4063c6a022f;882ecdf8-325d-4826-a066-1b263e438f09;B395;9781;Talia Bag cahier 
2280;5829b31a-7709-4c97-b562-39dfbc40ffa6;f55a7823-4b84-4ca2-b24f-4945f2f27ca9;c6b81db8-29ed-43d6-b14d-0fd913d7ce36;K902;\N;Tabarak Jacket desires 
2281;280bf501-50ec-4855-8840-b5949923dcf5;ff436f5f-57aa-45bb-badc-c4063c6a022f;882ecdf8-325d-4826-a066-1b263e438f09;B404;9782;Thomas Bag cahier 
2282;881a1c62-f59b-4cdd-a48e-76e871b4d3cd;ff436f5f-57aa-45bb-badc-c4063c6a022f;882ecdf8-325d-4826-a066-1b263e438f09;B394;9783;Syna Bag cahier 
2283;58c76bc5-1082-4665-ba8f-0f3e1aae57af;e6b1b7ee-3782-4abd-b0f7-72fdd79ceb7f;b263ba41-adab-4a83-a3e0-2766522f5aec;Q303;9790;Fina Scarf stampa 
2284;dc5b281c-3379-4953-a6ac-890912c3c2b4;f620512a-1e55-4c69-8208-9c83ed4725a5;141f32d6-a5af-49bf-b019-fd28354977f1;J1578;14357;Tailor Cardigan cosy 
2285;b441556b-8e53-44b0-888d-c75f39e4cb57;b6758f9e-102c-4d39-98b2-b4c5e7a8d6c2;1dc55e58-a5c3-462c-b73d-8dd480de90fc;P2046;14401;Objlisa Pant check 
2286;ba024fbf-60b7-4bd8-a512-f458a39354db;ae7e5951-6317-42e5-9d7e-0b7cab5fff0a;c59807ac-0362-4078-94b0-37ea3df6cdd0;S2577;14409;Miniflowers Shirt season 
2287;a00b1960-9eba-4593-a3cb-cd8727765cba;61c08d2e-6819-4a64-a866-3e377ff68925;1b93b30c-833f-45a8-ba69-c21d2e7f4824;C1457;14967;Vilacal Tshirt lace 
2288;374b5e53-31bd-4752-bf77-ddb9bf6823e1;81ff4456-9c03-441f-9201-9410cae79d85;1b93b30c-833f-45a8-ba69-c21d2e7f4824;J1808;14968;Byralina Sweater pullover 
2289;80029818-7872-41c2-822e-91f4706d7c49;61c08d2e-6819-4a64-a866-3e377ff68925;ba89fcc3-bb1b-42af-a754-2d9f639e43ab;D2046;15044;Viprime Dress noos 
2290;44378fc8-0246-48ff-9c01-5c05c549c65d;b767f189-d40b-49cc-adf1-fc4ee11438d7;35405a7d-7018-440b-9d16-76206ac3e224;K881;15263;Vmabbyfanna Parka bungee
2291;8993897e-12bc-4dde-b7d4-c1348dd2817d;a5cec3c7-e486-4940-bda7-a3fa8ea46f9d;c6b81db8-29ed-43d6-b14d-0fd913d7ce36;K1129;\N;Sina Jacket bomb 
2292;3d463970-6760-4362-95b7-588e84a88da1;2b8a1779-4e37-420c-9439-222f69ab6790;ba89fcc3-bb1b-42af-a754-2d9f639e43ab;D1694;9833;Clio Dress film 
2293;8663feb5-6667-409a-8d56-03e0e02b553a;a1f8d89e-04ed-42a9-8c51-dc04cbdd0d18;39792668-5cfd-42c2-8872-ad776e9bad70;T1145;9861;Closet Top alabama 
2294;75328b05-5785-40f5-9c1d-148b6028a329;a1f8d89e-04ed-42a9-8c51-dc04cbdd0d18;1dc55e58-a5c3-462c-b73d-8dd480de90fc;P1419;9864;Closet Pant oklahoma 
2295;eae7792d-9d2b-4339-b2bc-a652681c1597;a686154a-8570-40ae-b6a2-dc82842a5e32;882ecdf8-325d-4826-a066-1b263e438f09;B387;10000;Saphira Bag bohck 
2296;b5a38e32-a611-404c-8e54-93c2f098f7b6;a686154a-8570-40ae-b6a2-dc82842a5e32;882ecdf8-325d-4826-a066-1b263e438f09;B386;10002;Sandrine Bag bohck 
2297;e87cda70-8abd-479a-beb2-26631fb42b5d;a686154a-8570-40ae-b6a2-dc82842a5e32;882ecdf8-325d-4826-a066-1b263e438f09;B393;10003;Soterios Bag bohck 
2298;fc9f2d84-edb5-41b1-8294-1c00c2dd7a57;a686154a-8570-40ae-b6a2-dc82842a5e32;882ecdf8-325d-4826-a066-1b263e438f09;B391;10004;Sirena Bag bohck 
2299;ba211cdd-61ec-4512-b813-9308b964e5dc;ae7e5951-6317-42e5-9d7e-0b7cab5fff0a;c59807ac-0362-4078-94b0-37ea3df6cdd0;S2581;14412;Doll Shirt season 
2300;a9837823-5c27-47b9-a40c-645be1503983;d0d22dca-1902-45d3-98f5-4130e62056fa;6598b655-3e19-448c-8b4f-ff6a29447b34;M649;14428;Ruin Jeans toxiko 
2301;d733bca2-2991-4689-a176-99f084fccb1e;0d0455ab-1eac-4ad0-bb21-313110b5fb9e;ba89fcc3-bb1b-42af-a754-2d9f639e43ab;D2289;14440;Rio Dress dots 
2302;4a3432a2-1e8f-474c-9bb6-00e7a8d44974;b767f189-d40b-49cc-adf1-fc4ee11438d7;1b93b30c-833f-45a8-ba69-c21d2e7f4824;C2013;15264;Vmsailor Tshirt slate
2303;461712f4-8c80-45f6-8683-85a5f6ba40b8;a1f8d89e-04ed-42a9-8c51-dc04cbdd0d18;882ecdf8-325d-4826-a066-1b263e438f09;B456;15368;Belvoir Bag closet 
2304;b88061cf-bf88-41eb-8b76-9840baa8dc88;a5cec3c7-e486-4940-bda7-a3fa8ea46f9d;c59807ac-0362-4078-94b0-37ea3df6cdd0;T2087;15369;Dotty Top printed 
2305;fe2e7eff-806f-4d01-9154-053098a2eb9c;a5cec3c7-e486-4940-bda7-a3fa8ea46f9d;2514d6c8-11e6-4692-87b4-dcc1cd18592c;F1526;15371;Plain Skirt ella 
2306;5270986e-02db-4dce-8936-44fc505ac2ce;28a2e0d9-50f6-4d0b-97a6-1d59bd2717fa;95f835a3-03fe-40f1-a813-4fbfd2842845;C2180;15374;Vibes Tshirt summ 
2307;0347502f-8715-48dd-955b-b2e0e923750f;e6b1b7ee-3782-4abd-b0f7-72fdd79ceb7f;882ecdf8-325d-4826-a066-1b263e438f09;B399;10008;Thea Bag sew 
2308;8bcda932-aa96-42d0-ba08-5958bef6aec7;2b8a1779-4e37-420c-9439-222f69ab6790;882ecdf8-325d-4826-a066-1b263e438f09;B1417;10010;Film Bag summer 
2309;7278b893-4379-4503-81a6-27a2fbc273e6;91664c1b-3d18-4eab-b3ca-79072c417d45;88ee8b83-a7fe-4c00-8f12-621b209012fd;Y120;10023;Plains Jumpsuit great 
2310;c183e68d-3c39-48ca-870f-7977aaaae8ef;81ff4456-9c03-441f-9201-9410cae79d85;1dc55e58-a5c3-462c-b73d-8dd480de90fc;P12300;10200;Hailey Pant crop 
2311;29a2b94e-21a5-4747-857f-7c4e0898b60d;1600fb81-6f8b-4fa2-9ae2-a33420125939;c59807ac-0362-4078-94b0-37ea3df6cdd0;S1900;10211;Leaf Shirt tree 
2312;091d2f28-d075-48bd-8053-84d226bd3338;154c7f5d-9f6b-4f6b-bace-422d40a9ab7f;2514d6c8-11e6-4692-87b4-dcc1cd18592c;F1441;14443;Coated Skirt lui 
2313;025f5f8b-d69a-47fd-9e3a-1266d82b01ad;e2ed2d6d-895f-4d78-85f0-60805c02013b;3087da56-5a27-4e58-aea7-1555c640f232;T1757;15104;Lovely Top sweat 
2314;41f93293-36f4-47f0-9988-7b0dc2665ada;e4c97e4e-1141-497f-b38c-3b7c0cae9ec4;3087da56-5a27-4e58-aea7-1555c640f232;C1438;15181;Pckodo Tshirt stripes 
2315;3ff93de5-758c-4e4f-9b94-920d79a1a9fc;b6758f9e-102c-4d39-98b2-b4c5e7a8d6c2;141f32d6-a5af-49bf-b019-fd28354977f1;J1752;15184;Objnina Cardigan knit 
2316;2cddb443-feb8-4470-8521-dcd353f90d65;b6758f9e-102c-4d39-98b2-b4c5e7a8d6c2;1b93b30c-833f-45a8-ba69-c21d2e7f4824;J1799;15185;Objmiriam Sweater knit 
2317;e97398e7-4029-447f-859c-76168df76393;b6758f9e-102c-4d39-98b2-b4c5e7a8d6c2;1b93b30c-833f-45a8-ba69-c21d2e7f4824;J1757;15186;Objthess Sweater knit 
2318;06e254f2-9412-4002-b486-e585bf680c7a;23d58665-8b33-4a8b-b8cf-be1f0b955112;c59807ac-0362-4078-94b0-37ea3df6cdd0;S2840;15582;Ycoo Shirt lines 
2319;7fe56e06-a671-46f3-b8a5-f626db6e66b4;80624cdd-099b-4cea-8f4a-2837f3e08587;9c5a3fee-dad0-444a-acb3-c059e2f3db20;P1972;16973;Zeze Short woven 
2320;fe5e6bc1-1fa9-49fb-830a-5b0b683ef817;80624cdd-099b-4cea-8f4a-2837f3e08587;9c5a3fee-dad0-444a-acb3-c059e2f3db20;P1973;16974;Winona Short woven 
2321;4c7c2137-c0a0-4c65-841c-5f7e9b94eb6e;61c08d2e-6819-4a64-a866-3e377ff68925;2514d6c8-11e6-4692-87b4-dcc1cd18592c;F1258;\N;Vicassie Skirt denim 
2322;9ffedfda-7f4a-4273-8819-dce2d291862d;2b8a1779-4e37-420c-9439-222f69ab6790;b263ba41-adab-4a83-a3e0-2766522f5aec;Q319;10513;Kalonice Foulard film 
2323;83bd0e8b-bd7d-48db-8a0d-87d56eb191f6;ff436f5f-57aa-45bb-badc-c4063c6a022f;b263ba41-adab-4a83-a3e0-2766522f5aec;Q304;10520;Cahier Foulard vesta 
2324;ee4e0a3e-6849-4369-bcaf-eab55cb10f55;3e0e694f-fb8e-49e3-98dd-b83aac682569;2514d6c8-11e6-4692-87b4-dcc1cd18592c;F1087;10528;Nmlauren Skirt may 
2325;32c8102e-b88f-4d98-9ef3-6a41e99b5147;17e6c981-001d-41b0-9816-16425ffeef0d;95f835a3-03fe-40f1-a813-4fbfd2842845;C2029;14679;Flow Tshirt contra 
2326;f6e6ea96-b03b-4659-8f27-b166664deb4e;dd17f8ec-1667-4ebc-86cb-b2398a8cbbfa;35405a7d-7018-440b-9d16-76206ac3e224;K491;14682;Golightly Jacket solid 
2327;0daa6cd0-f712-499d-8b50-8cefdb72a273;dd17f8ec-1667-4ebc-86cb-b2398a8cbbfa;35405a7d-7018-440b-9d16-76206ac3e224;K940;14683;Golight Jacket joules 
2328;b0f9722b-27ec-4add-93c6-711abdbe616d;e2ed2d6d-895f-4d78-85f0-60805c02013b;2514d6c8-11e6-4692-87b4-dcc1cd18592c;F1467;14686;Animal Skirt pleat 
2329;768cc4b8-73f7-4447-9213-f5a9706d5127;60f81be4-bc2d-465c-ad62-52551b7c9ad8;c59807ac-0362-4078-94b0-37ea3df6cdd0;S2664;14829;Tie Shirt neck 
2330;a7f83b7e-318e-4f10-aef8-454dc5d70d52;6a8df4c0-bf3c-4e99-a648-44021ccb15af;39792668-5cfd-42c2-8872-ad776e9bad70;T2074;15376;Pola Top garden 
2331;5e8526dc-a6be-423f-8321-cd250d82dc19;6826e5f2-33d9-47eb-aff2-402a3d031e79;95f835a3-03fe-40f1-a813-4fbfd2842845;C2183;15399;LibertÃ© Tshirt colors 
2332;add10157-fd3f-41d2-aff8-ee39af63a243;dfd310cc-8f71-4c13-8292-9f10d0c800c5;1dc55e58-a5c3-462c-b73d-8dd480de90fc;P2075;16514;Freja Pant holly 
2333;40773707-51bc-4544-80e3-f39bccd6255d;61c08d2e-6819-4a64-a866-3e377ff68925;c6b81db8-29ed-43d6-b14d-0fd913d7ce36;K589;10541;Vicelia Jacket blazer 
2334;37c8e697-d99e-4f7d-baf3-8c5230c34ed6;85db1100-3042-4cfb-8108-e3b86d904407;2514d6c8-11e6-4692-87b4-dcc1cd18592c;F926;10564;Para Skirt green 
2335;366d3eef-9767-4d3f-9d2e-383752e0f5bb;81ff4456-9c03-441f-9201-9410cae79d85;95f835a3-03fe-40f1-a813-4fbfd2842845;C1466;\N;Byrexima Tshirt vneck 
2336;1f74e7a0-27c9-4b1c-992e-1009d8d50c10;61c08d2e-6819-4a64-a866-3e377ff68925;9c5a3fee-dad0-444a-acb3-c059e2f3db20;P1220;10577;Viamy Short chino 
2337;0ce13409-dd8c-4070-a9c4-b7a1fd85ccb9;7c447307-e6d3-44e2-8cbc-415c8dd44ef7;c59807ac-0362-4078-94b0-37ea3df6cdd0;S2756;15483;Geom Shirt noogat 
2338;e45e0299-5fe2-44cc-be8e-d7a11684e9ab;3bf63b3d-7c2f-47a4-81bc-6ad2452245d7;39792668-5cfd-42c2-8872-ad776e9bad70;T1591;15491;Carlis Top lace 
2339;fae80d54-51e9-406d-92e9-7191421bf5d3;988e3625-7d5a-46f9-b93b-f3b15c8d6e61;ba89fcc3-bb1b-42af-a754-2d9f639e43ab;D2157;16417;Ihcatarina Dress stripes 
2340;a61ed994-4d8b-4a8f-94f5-f6f9ea41ae5c;80624cdd-099b-4cea-8f4a-2837f3e08587;95f835a3-03fe-40f1-a813-4fbfd2842845;J1995;16978;Wave Sweater  zeze 
2341;04f5202a-91f6-463f-97ce-7952a8b7df9f;3bf63b3d-7c2f-47a4-81bc-6ad2452245d7;88ee8b83-a7fe-4c00-8f12-621b209012fd;Y194;16979;Carsimoni Jumpsuit noir 
2342;e9ee622d-2d17-4bd2-9f0e-baea1f506bd4;c3159d66-c344-4f24-bee1-1d5966e567d6;6598b655-3e19-448c-8b4f-ff6a29447b34;M433;\N;French Jeans denim 
2343;caaa6216-8a6e-4f88-a1b0-8de7263c1575;9884297d-e8e2-4e3c-ba61-03e87d6cbd9f;95f835a3-03fe-40f1-a813-4fbfd2842845;C1483;\N;Leelogo Tshirt basic 
2344;b0d32738-b19c-41a0-83db-0267f72eccb6;61c08d2e-6819-4a64-a866-3e377ff68925;6598b655-3e19-448c-8b4f-ff6a29447b34;M204;10581;Vilukis Jeans snow 
2345;54e96925-0eff-4e71-8010-0f8c20be7512;c3159d66-c344-4f24-bee1-1d5966e567d6;6598b655-3e19-448c-8b4f-ff6a29447b34;M434;10602;French Jeans denim 
2346;6c8bca17-acd1-41fe-a458-01d502b307ff;a686154a-8570-40ae-b6a2-dc82842a5e32;39792668-5cfd-42c2-8872-ad776e9bad70;T2041;14861;Bohck Top bronte 
2347;c57a0ab7-e522-4279-b5e1-598b104f44e8;a686154a-8570-40ae-b6a2-dc82842a5e32;c6b81db8-29ed-43d6-b14d-0fd913d7ce36;J1968;14862;Ottilia Cardigan bohck 
2348;a266298f-e897-4560-b689-0e498da69967;23d58665-8b33-4a8b-b8cf-be1f0b955112;c59807ac-0362-4078-94b0-37ea3df6cdd0;S2673;14947;Flowers Shirt ycoo 
2349;076cf197-a1b3-462e-bada-53bdbd97b8be;1600fb81-6f8b-4fa2-9ae2-a33420125939;c6b81db8-29ed-43d6-b14d-0fd913d7ce36;K1136;15518;Lais Jacket print 
2350;f159557b-d75e-4ebb-b00e-34677fe6e24b;1600fb81-6f8b-4fa2-9ae2-a33420125939;c59807ac-0362-4078-94b0-37ea3df6cdd0;S2685;15521;Gladis Shirt solid 
2351;bb3e1324-2df7-4213-901b-ac68d4261f89;09358432-a44c-4cb4-b8e6-bf51b403bf39;88ee8b83-a7fe-4c00-8f12-621b209012fd;Y199;17203;Heaven Jumpsuit long
2352;b76ae768-5ecb-4d30-a61c-23be9653846a;45702471-835a-4967-a38b-c910df5a5b31;3087da56-5a27-4e58-aea7-1555c640f232;X120;10717;Eton Sweater cherry 
2353;4bf403f9-3002-4471-83db-e41ee495ca92;dd7382b1-6d80-4e80-b3fe-ab0eb0947c4e;6598b655-3e19-448c-8b4f-ff6a29447b34;M179;10719;Alexa Jeans cropped 
2354;fe6f2ef3-ef72-449f-80d2-2065d3a1c0fa;988e3625-7d5a-46f9-b93b-f3b15c8d6e61;c6b81db8-29ed-43d6-b14d-0fd913d7ce36;K629;10724;Ihingrid Jacket blazer 
2355;f088bf43-eab9-4153-8e38-57d8f709cba9;988e3625-7d5a-46f9-b93b-f3b15c8d6e61;b263ba41-adab-4a83-a3e0-2766522f5aec;Q331;10729;Iaruby Scarf ichi 
2356;a09c7d54-90cf-4d54-bec7-5c1219ee6d6d;921d101c-6d05-4d3a-94fa-b50b955f0561;c59807ac-0362-4078-94b0-37ea3df6cdd0;S1745;10988;Striped Shirt collar 
2357;a4e0a8d1-5d73-45cf-9a57-d8ce23af2802;9ef43878-70f3-43df-959d-49af8b1f580f;2514d6c8-11e6-4692-87b4-dcc1cd18592c;F1495;14956;Came Skirt print 
2358;30d403a5-7fbe-4093-bcd9-73cbc3bb7748;9ef43878-70f3-43df-959d-49af8b1f580f;2514d6c8-11e6-4692-87b4-dcc1cd18592c;F1497;14957;Enest Skirt majolica 
2359;9040e985-dedc-4148-b4d9-9dbd781f7f62;e2ed2d6d-895f-4d78-85f0-60805c02013b;39792668-5cfd-42c2-8872-ad776e9bad70;T2053;15107;Violet Top floral 
2360;c01225b2-7c44-491d-a978-fc3e786f656f;921d101c-6d05-4d3a-94fa-b50b955f0561;c59807ac-0362-4078-94b0-37ea3df6cdd0;S2479;15164;Chambray Shirt collar 
2361;75f2faf4-84f2-4048-8d9b-a7dcb879a2ca;6ad0756c-5e2a-4caa-8c9a-deaab7cdcf96;1dc55e58-a5c3-462c-b73d-8dd480de90fc;P1965;15615;Ida Pant cropped 
2362;4364b715-c940-4b5b-861a-c90391517b8b;e0c5939f-1f3f-44c9-b786-8154fdaa6cac;c6b81db8-29ed-43d6-b14d-0fd913d7ce36;K973;15680;Eliza Jacket denim 
2363;40864f74-cbb0-4f9b-ae58-0c19d96b1ad0;b6758f9e-102c-4d39-98b2-b4c5e7a8d6c2;2514d6c8-11e6-4692-87b4-dcc1cd18592c;F1240;15681;Objgracie Skirt twill 
2364;b186805b-6d35-494f-a47b-a0f9dd416f5a;b6758f9e-102c-4d39-98b2-b4c5e7a8d6c2;39792668-5cfd-42c2-8872-ad776e9bad70;C1442;15684;Objzoe Tshirt vneck 
2365;a479a0ce-369e-43c1-a053-2ea94574cf4b;529fd468-16cd-4143-be2a-b8108e26fcef;95f835a3-03fe-40f1-a813-4fbfd2842845;T1650;15167;Laycee Top antra 
2366;efe5062f-4f39-4b10-820a-79937237ce58;b6758f9e-102c-4d39-98b2-b4c5e7a8d6c2;2514d6c8-11e6-4692-87b4-dcc1cd18592c;F1241;15682;Objgracie Skirt denim 
2367;fa879a94-154d-4f19-af91-9ac5c5f60d81;b6758f9e-102c-4d39-98b2-b4c5e7a8d6c2;39792668-5cfd-42c2-8872-ad776e9bad70;T1566;15687;Objeileen Top noos 
2368;86ad4f0f-f742-4073-8fb3-e7239dec6031;cfca4b92-12a6-411c-a62a-a874d00aa735;6598b655-3e19-448c-8b4f-ff6a29447b34;M479;\N;Onlcarmen Jeans noos 
2369;dcedbab1-0eaf-49db-8ce3-195652a05122;f66308ed-5556-4469-a729-517b619fac5a;1b93b30c-833f-45a8-ba69-c21d2e7f4824;J1838;\N;Mila Sweater round 
2370;a2638e63-e0c7-49b4-bc2d-b8bef962b4b2;1ccbcd7a-f998-416d-bb98-5f9d79ee746e;1dc55e58-a5c3-462c-b73d-8dd480de90fc;P82;\N;Tiswa Pant one3 
2371;c625aae7-0412-43e2-b974-13a7560b7343;6a8df4c0-bf3c-4e99-a648-44021ccb15af;1dc55e58-a5c3-462c-b73d-8dd480de90fc;P1736;11032;Charlior Pant stripes 
2372;8765c000-29d3-4113-92ec-911c58160519;9ef43878-70f3-43df-959d-49af8b1f580f;39792668-5cfd-42c2-8872-ad776e9bad70;T1466;11041;Majolica Top sweet 
2373;930cfe0a-3d0f-4bb3-8a39-372b5cab29da;bda0bdf1-d19e-4700-9493-78250dce8a6f;2514d6c8-11e6-4692-87b4-dcc1cd18592c;F1193;11056;Reva Skirt onado 
2374;40705934-fcb4-46e7-bc98-e3ed7d84c7ce;b6758f9e-102c-4d39-98b2-b4c5e7a8d6c2;39792668-5cfd-42c2-8872-ad776e9bad70;T1223;11246;Objellie Top vneck 
2375;1c628278-3734-4f26-8195-8c9b196fd958;6ed756bf-7370-46c0-b4df-a53c893b26bb;95f835a3-03fe-40f1-a813-4fbfd2842845;S1376;11256;Felicity Shirt aot 
2376;96148f33-09c4-42dd-b5da-833972d3b476;61c08d2e-6819-4a64-a866-3e377ff68925;07bee010-39f3-4200-9250-c1524842e6a6;K875;15170;Vimovement Trench noos 
2377;45edbc97-dd2e-46bd-a62e-1c26f52e757c;85e3fe9e-8f5c-4762-9523-467ac908b8c6;95f835a3-03fe-40f1-a813-4fbfd2842845;C1538;15271;Piping Tshirt vneck 
2378;a5391cc0-a013-4be0-a754-ca231276fde3;6a8df4c0-bf3c-4e99-a648-44021ccb15af;1dc55e58-a5c3-462c-b73d-8dd480de90fc;P2144;15346;Indo Pant printed 
2379;145105bb-dfb2-404b-959d-4d50e378896b;6a8df4c0-bf3c-4e99-a648-44021ccb15af;3087da56-5a27-4e58-aea7-1555c640f232;X135;15347;Buttons Sweatshirt colors 
2380;4fe181bb-9907-40ee-929e-77f28ca4575e;6a8df4c0-bf3c-4e99-a648-44021ccb15af;95f835a3-03fe-40f1-a813-4fbfd2842845;T2076;15348;Shine Top jcz 
2381;d3a74604-e31f-4eb6-bbbc-9d936a813bcd;c32c4fd0-dd8d-4ea9-aa02-7e4b26ecb4f8;1dc55e58-a5c3-462c-b73d-8dd480de90fc;P2011;15392;Jaylo Pant heritage 
2382;ee575bad-ff5c-4eb2-84b6-e9c792cf20ba;6ed756bf-7370-46c0-b4df-a53c893b26bb;1dc55e58-a5c3-462c-b73d-8dd480de90fc;P1378;11257;Radia Pant five 
2383;9b452903-fb3d-4be1-a6b2-6d2e302ca955;988e3625-7d5a-46f9-b93b-f3b15c8d6e61;c6b81db8-29ed-43d6-b14d-0fd913d7ce36;K954;15846;Ihastik Jakect denim 
2384;cb377b55-0706-4ea5-800e-b11d6081cf2d;988e3625-7d5a-46f9-b93b-f3b15c8d6e61;c6b81db8-29ed-43d6-b14d-0fd913d7ce36;K957;15847;Ihkate Jacket check 
2385;2dc6438d-c870-408b-93d6-1f8e4475f79d;1600fb81-6f8b-4fa2-9ae2-a33420125939;39792668-5cfd-42c2-8872-ad776e9bad70;T2292;17209;Arianne Top cerise
2386;17e8dcce-0852-4793-b00f-932ec6f32938;e02a9b8d-2a26-46c6-b5c1-0c8b2e4ff4d4;88ee8b83-a7fe-4c00-8f12-621b209012fd;Y183;\N;Fqyr Jumpsuit solid 
2387;1a42709b-e442-4523-af0d-237d04aaacd9;136dab85-c840-420f-bf88-e459483f8796;88ee8b83-a7fe-4c00-8f12-621b209012fd;K1082;15461;Amelot Jacket mila 
2388;b9806f06-fe9d-4316-9486-ac056042dd3c;1600fb81-6f8b-4fa2-9ae2-a33420125939;39792668-5cfd-42c2-8872-ad776e9bad70;T2293;17208;Ariel Top cerise
2389;a25bf4f4-e1b5-4e72-ac32-89af0b4b9b6a;44164896-a98d-48f3-84af-bd84401ef348;6598b655-3e19-448c-8b4f-ff6a29447b34;M509;11513;Lenas Jeans colors 
2390;8d9bab9a-b132-40f4-b930-732e2c51840a;e0c5939f-1f3f-44c9-b786-8154fdaa6cac;39792668-5cfd-42c2-8872-ad776e9bad70;S2418;16991;Kara Shirt casual 
2391;e9795407-e7b5-4a66-972f-8a7afd4052d6;1600fb81-6f8b-4fa2-9ae2-a33420125939;9c5a3fee-dad0-444a-acb3-c059e2f3db20;P2252;17210;Odei Pant short
2392;8df49f91-73fb-4a75-adda-65339e0fe6b6;321f9370-6a4a-4ea4-bd01-e0a2fad07f33;c59807ac-0362-4078-94b0-37ea3df6cdd0;S2115;11726;Luppa Shirt animal 
2393;e6a75ef1-26bc-430f-9bde-a4dbc415e5d8;321f9370-6a4a-4ea4-bd01-e0a2fad07f33;141f32d6-a5af-49bf-b019-fd28354977f1;J1715;11728;Vilna Cardigan wardrobe 
2394;0306c734-daf2-408a-958d-f12024cce49a;a686154a-8570-40ae-b6a2-dc82842a5e32;c59807ac-0362-4078-94b0-37ea3df6cdd0;S2549;15239;Johnson Shirt bohck 
2395;1c90c1d6-7383-4c0b-82f0-fc0b91b3e45e;a686154a-8570-40ae-b6a2-dc82842a5e32;c59807ac-0362-4078-94b0-37ea3df6cdd0;S2550;15246;Martin Shirt bohck
2396;9c6a996f-29ef-42dd-be24-055d9d0300fb;b767f189-d40b-49cc-adf1-fc4ee11438d7;1b93b30c-833f-45a8-ba69-c21d2e7f4824;C2014;15266;Vmdot Tshirt oneck
2397;04d5b652-811d-44ef-b25a-629e69bde8d8;1600fb81-6f8b-4fa2-9ae2-a33420125939;c6b81db8-29ed-43d6-b14d-0fd913d7ce36;K1137;15514;Leire Jacket cerise 
2398;4aa3043e-354c-46db-828b-fdc254eaaf4b;1600fb81-6f8b-4fa2-9ae2-a33420125939;c6b81db8-29ed-43d6-b14d-0fd913d7ce36;K1104;15515;Heather Jacket bomber 
2399;590b83d7-8815-4a39-a6b6-1ce5f83a8278;23d58665-8b33-4a8b-b8cf-be1f0b955112;1b93b30c-833f-45a8-ba69-c21d2e7f4824;J2217;15589;Buttons Sweater peak 
2400;b3d21512-4de0-4f72-93a1-462e754477cf;e0c5939f-1f3f-44c9-b786-8154fdaa6cac;c59807ac-0362-4078-94b0-37ea3df6cdd0;S2600;16992;Bat Shirt cotton 
2401;6b1d0322-ce53-4266-9ec2-fe3a8c2cc22f;a255572f-5a7a-49fc-87de-227acbe413a0;1dc55e58-a5c3-462c-b73d-8dd480de90fc;M788;15592;Fall Jeans toxik 
2402;1d54bd84-5b9d-4614-94eb-9183c4ba231a;e6b1b7ee-3782-4abd-b0f7-72fdd79ceb7f;c6b81db8-29ed-43d6-b14d-0fd913d7ce36;K826;11731;Shara Jacket bomber 
2403;ee7b1ca5-c3c7-4e6c-acfa-7cf8258444ac;e6b1b7ee-3782-4abd-b0f7-72fdd79ceb7f;c59807ac-0362-4078-94b0-37ea3df6cdd0;S2105;11733;Spring Shirt print 
2404;9e19f1ab-de0b-4b5c-932a-813bec02185f;60f81be4-bc2d-465c-ad62-52551b7c9ad8;ba89fcc3-bb1b-42af-a754-2d9f639e43ab;D2084;11780;Short Dress sleeveless 
2405;5cd8c827-d23e-412c-8546-c2c4571a6b36;e0c5939f-1f3f-44c9-b786-8154fdaa6cac;141f32d6-a5af-49bf-b019-fd28354977f1;J1468;11901;Uper Cardigan knit 
2406;3b0df397-10cf-4ab3-82b1-79452bec6fcf;cfca4b92-12a6-411c-a62a-a874d00aa735;35405a7d-7018-440b-9d16-76206ac3e224;K912;15268;Onlnewcornelia Parka spring 
2407;c6d226aa-6cd8-4db3-87a4-ac3e16ad6ca9;cfca4b92-12a6-411c-a62a-a874d00aa735;74ba5e25-afd5-490b-a3a8-2175020c4487;K866;15590;Onldonna Jacket otw 
2408;84ba2b0f-4920-4e51-9276-ec74c2e8092c;1600fb81-6f8b-4fa2-9ae2-a33420125939;ba89fcc3-bb1b-42af-a754-2d9f639e43ab;D2739;17214;Sheila Dress cerise
2409;1fcbea61-3489-400b-b045-4789c81311c9;1600fb81-6f8b-4fa2-9ae2-a33420125939;9c5a3fee-dad0-444a-acb3-c059e2f3db20;P658;\N;Sarah Pant short 
2410;da2ad5be-9e38-4d3b-90ea-95e012b99bfb;cfca4b92-12a6-411c-a62a-a874d00aa735;74ba5e25-afd5-490b-a3a8-2175020c4487;A45;3172;Osophia Coat noma 
2411;aac7cf02-0ab7-4a89-9654-c88bca949b47;e0c5939f-1f3f-44c9-b786-8154fdaa6cac;6598b655-3e19-448c-8b4f-ff6a29447b34;M373;11905;Dena Jeans denim 
2412;52b07dba-7c94-4102-b255-f5b456ced0e8;6ed756bf-7370-46c0-b4df-a53c893b26bb;c6b81db8-29ed-43d6-b14d-0fd913d7ce36;K766;12023;Alberte Jacket soya 
2413;210134e5-a577-478d-8e37-9ca51ed9c449;6ed756bf-7370-46c0-b4df-a53c893b26bb;95f835a3-03fe-40f1-a813-4fbfd2842845;T1330;12024;Ryan Top soya 
2414;285d125c-e2b4-4c36-ad7c-36776833659c;6ed756bf-7370-46c0-b4df-a53c893b26bb;95f835a3-03fe-40f1-a813-4fbfd2842845;S1858;12027;Maric Shirt soya 
2415;da8b4718-d3d3-4482-a02c-4ddc09d24786;e0c5939f-1f3f-44c9-b786-8154fdaa6cac;c59807ac-0362-4078-94b0-37ea3df6cdd0;S3039;16995;Tere Shirt esprit 
2416;37c6e2a7-c5f5-4f0f-a4d8-35d6bb4b06fb;60f81be4-bc2d-465c-ad62-52551b7c9ad8;2514d6c8-11e6-4692-87b4-dcc1cd18592c;F1277;12083;Patch Skirt denim 
2417;8850addf-cc6d-4098-8490-f4856156091b;b767f189-d40b-49cc-adf1-fc4ee11438d7;1b93b30c-833f-45a8-ba69-c21d2e7f4824;C2016;15713;Vmlina Tshirt vneck 
2418;92fc6853-50ab-4bda-ab2e-5a60d1e00a43;b767f189-d40b-49cc-adf1-fc4ee11438d7;1b93b30c-833f-45a8-ba69-c21d2e7f4824;C2017;15714;Vmlina Tshirt vback 
2419;891ee790-ea79-4d07-83ca-ddae94fc4fe4;c3159d66-c344-4f24-bee1-1d5966e567d6;1dc55e58-a5c3-462c-b73d-8dd480de90fc;P1962;15715;Ruth Pant tailored 
2420;087cb5bc-733c-4c94-8a60-1efa412ee8f7;e2b0644a-9365-4b40-a821-2a2266de551d;c6b81db8-29ed-43d6-b14d-0fd913d7ce36;K1031;15884;Tropic Jacket nude 
2421;863db478-f3a4-4586-849f-a4cf5d1de326;61c08d2e-6819-4a64-a866-3e377ff68925;ba89fcc3-bb1b-42af-a754-2d9f639e43ab;D2182;16997;Vijahula Dress belt 
2422;5e19ba29-8888-4e1a-9525-7c2dd349abe8;80624cdd-099b-4cea-8f4a-2837f3e08587;ba89fcc3-bb1b-42af-a754-2d9f639e43ab;S2420;16998;Alejandra Shirt woven 
2423;f36ba3bc-586e-4ff7-8e9c-cef201719a5d;3bf63b3d-7c2f-47a4-81bc-6ad2452245d7;6598b655-3e19-448c-8b4f-ff6a29447b34;M524;\N;Caraugusta Jeans noos 
2424;bfb57d34-32e5-4edb-b4ec-86df09ad9bc2;e02a9b8d-2a26-46c6-b5c1-0c8b2e4ff4d4;ba89fcc3-bb1b-42af-a754-2d9f639e43ab;D1920;12242;Frsiga Dress solid 
2425;ab140009-fef0-4452-af85-fa99e8309925;dd17f8ec-1667-4ebc-86cb-b2398a8cbbfa;95f835a3-03fe-40f1-a813-4fbfd2842845;C2297;16999;Vneck Tshirt stripes 
2426;44b91c0d-be16-4777-9a3a-6249b12b4f00;61c08d2e-6819-4a64-a866-3e377ff68925;c59807ac-0362-4078-94b0-37ea3df6cdd0;S1966;12346;Vipeppa Shirt vil 
2427;f948f346-d488-4b90-8a50-4cd802a02698;61c08d2e-6819-4a64-a866-3e377ff68925;141f32d6-a5af-49bf-b019-fd28354977f1;J1239;12347;Viinfi Cardigan noos 
2428;bc78bf11-85ef-4454-84fe-607950907166;61c08d2e-6819-4a64-a866-3e377ff68925;35405a7d-7018-440b-9d16-76206ac3e224;K668;12348;Vicatja Parka noos 
2429;d145c185-53c9-46c1-a44e-5e61dc88338a;e2ed2d6d-895f-4d78-85f0-60805c02013b;39792668-5cfd-42c2-8872-ad776e9bad70;T1390;12365;Waffle Top satin 
2430;d3005052-1897-4def-8e2c-89ff683a6b22;dd17f8ec-1667-4ebc-86cb-b2398a8cbbfa;35405a7d-7018-440b-9d16-76206ac3e224;K835;12366;Harrotage Jackect joules 
2431;d24d5701-3c1f-4319-90fe-2799119de149;dd17f8ec-1667-4ebc-86cb-b2398a8cbbfa;ba89fcc3-bb1b-42af-a754-2d9f639e43ab;D1988;12560;Allie Dress joules 
2432;26aa0c82-ca89-4aa0-a90d-cf2cac41efc3;e2ed2d6d-895f-4d78-85f0-60805c02013b;1b93b30c-833f-45a8-ba69-c21d2e7f4824;T1984;16194;Brooklyn Top print 
2433;56b06953-0a92-4a14-b56b-f8debca6c4a6;1600fb81-6f8b-4fa2-9ae2-a33420125939;88ee8b83-a7fe-4c00-8f12-621b209012fd;Y200;\N;Carmen Jumpsuit cerise
2434;229e05ed-b5c6-4d28-928c-7b1d463deddb;bda0bdf1-d19e-4700-9493-78250dce8a6f;2514d6c8-11e6-4692-87b4-dcc1cd18592c;F592;8218;Onado Skirt denim 
2435;d224a048-aafd-4be6-9683-761a4d8b2169;bda0bdf1-d19e-4700-9493-78250dce8a6f;2514d6c8-11e6-4692-87b4-dcc1cd18592c;F953;8219;One Skirt denim 
2436;c3ab066d-d51e-457b-90fe-1655f04d6e86;f620512a-1e55-4c69-8208-9c83ed4725a5;35405a7d-7018-440b-9d16-76206ac3e224;K734;12613;Padd Parka tailor 
2437;d65a0704-a005-4d94-a100-0b0f573c9301;76980fb6-ce4f-4e2a-9958-5cf8fc25e639;39792668-5cfd-42c2-8872-ad776e9bad70;T1312;12771;Omayana Top naf 
2438;eb1848ba-aa58-430d-a397-798e60bc7702;e4c97e4e-1141-497f-b38c-3b7c0cae9ec4;9c5a3fee-dad0-444a-acb3-c059e2f3db20;P1931;17001;Pcamice Pant print 
2439;cbe62347-4cb3-4436-8499-15a886315e01;3bf63b3d-7c2f-47a4-81bc-6ad2452245d7;c59807ac-0362-4078-94b0-37ea3df6cdd0;S3041;17003;Carhalla Shirt stripes 
2440;23f5891c-41b0-44d9-942d-ad1a9c760701;3bf63b3d-7c2f-47a4-81bc-6ad2452245d7;ba89fcc3-bb1b-42af-a754-2d9f639e43ab;D2175;17004;Carush Dress knee 
2441;3239b291-e62d-4f31-a2ec-673051686178;057f6f59-1738-4727-b870-476a8ce18bdb;2514d6c8-11e6-4692-87b4-dcc1cd18592c;F1029;9571;Doll Skirt gold 
2442;94939a0a-447b-4eb6-abde-8849dbfcb315;9884297d-e8e2-4e3c-ba61-03e87d6cbd9f;6598b655-3e19-448c-8b4f-ff6a29447b34;M354;\N;Berry Jeans high 
2443;3e4d54c0-ecd9-40df-88a5-a1ff63730b44;e4c97e4e-1141-497f-b38c-3b7c0cae9ec4;c6b81db8-29ed-43d6-b14d-0fd913d7ce36;K592;10384;Pcsada Jacket biker 
2444;efd0aa28-8359-46b8-91ff-9247515adfed;b767f189-d40b-49cc-adf1-fc4ee11438d7;141f32d6-a5af-49bf-b019-fd28354977f1;J1786;15781;Vmeleo Cardigan oversize 
2445;a512302d-01ad-40b6-af41-77da523c339e;e02a9b8d-2a26-46c6-b5c1-0c8b2e4ff4d4;c59807ac-0362-4078-94b0-37ea3df6cdd0;S1584;8954;Sanne Shirt soft 
2446;a4333d7a-46c5-4a18-baba-a96f7ade6a07;9ef43878-70f3-43df-959d-49af8b1f580f;2514d6c8-11e6-4692-87b4-dcc1cd18592c;F1187;11043;Majolica Skirt alabama 
2447;03000c2e-33e4-458a-9de1-deebbeed1de3;60f81be4-bc2d-465c-ad62-52551b7c9ad8;9c5a3fee-dad0-444a-acb3-c059e2f3db20;P1793;11535;Seersucker Short lines 
2448;5d992881-b1ba-4db1-a2a2-ff20e67482e8;bc72be7a-2bd4-44ff-ab0e-e975e4ee9e96;2514d6c8-11e6-4692-87b4-dcc1cd18592c;F1192;11635;Awsix Skirt solid 
2449;9c7547aa-90f5-4cf9-8160-fdcb421e5132;e4c97e4e-1141-497f-b38c-3b7c0cae9ec4;39792668-5cfd-42c2-8872-ad776e9bad70;T1333;12245;Pchulla Top vneck 
2450;e7d090dd-1ce1-4ddf-8890-ddcffe6a5ea8;3e0e694f-fb8e-49e3-98dd-b83aac682569;6598b655-3e19-448c-8b4f-ff6a29447b34;M345;12303;Nmkimmy Jeans coated 
2451;b50124d2-9916-496e-b376-8ef9ff9d5128;da790000-672a-45a3-9bf9-4805e90d7f19;39792668-5cfd-42c2-8872-ad776e9bad70;T1275;12788;Maya Top zebras 
2452;154f17de-3768-4f3f-ad7f-cd705cfc6899;055096da-3cab-492e-8e19-98e6d2656f1d;95f835a3-03fe-40f1-a813-4fbfd2842845;C1399;13551;Romadrid T-shirt stripes 
2453;2668f3c9-4fbb-4fad-a831-b34b9149bc8b;ae7e5951-6317-42e5-9d7e-0b7cab5fff0a;1b93b30c-833f-45a8-ba69-c21d2e7f4824;J1887;13560;Candy Sweater shirt 
2454;b531b55f-6b4a-47eb-9121-f85597ce0e09;ae7e5951-6317-42e5-9d7e-0b7cab5fff0a;1b93b30c-833f-45a8-ba69-c21d2e7f4824;J1889;13562;Charlie Sweater shine 
2455;46afa4cd-63f5-43b4-9fe5-0565ef199b50;ae7e5951-6317-42e5-9d7e-0b7cab5fff0a;c59807ac-0362-4078-94b0-37ea3df6cdd0;S2377;13565;Buffi Shirt dots 
2456;f4b2cc45-1f46-48d7-b095-378eb7f1f111;ae7e5951-6317-42e5-9d7e-0b7cab5fff0a;c59807ac-0362-4078-94b0-37ea3df6cdd0;S2375;13568;Bonnie Shirt marine 
2457;532b7015-36e8-4f24-99f0-c24b26c37aeb;dd17f8ec-1667-4ebc-86cb-b2398a8cbbfa;1b93b30c-833f-45a8-ba69-c21d2e7f4824;J1671;12561;Asha Sweater joules 
2458;f95a249c-cafc-48bf-8b27-891a4c92e389;dd17f8ec-1667-4ebc-86cb-b2398a8cbbfa;ba89fcc3-bb1b-42af-a754-2d9f639e43ab;D1991;12564;Hayden Dress tunic 
2459;eb1c75af-8b14-4302-8107-565a0e85458b;a686154a-8570-40ae-b6a2-dc82842a5e32;882ecdf8-325d-4826-a066-1b263e438f09;B431;13484;Bocaraton Bag cow 
2460;f1be8758-cf7b-4d05-b5c5-7764e6821a61;a686154a-8570-40ae-b6a2-dc82842a5e32;882ecdf8-325d-4826-a066-1b263e438f09;B435;13485;Bocamber Bag cow 
2461;abfcb358-7cc5-4ae8-8070-55d336d01099;67b4106f-ce58-4ea9-8912-9b6e3e32d203;2514d6c8-11e6-4692-87b4-dcc1cd18592c;F1086;13491;Bsekin Skirt nice 
2462;f7db6c7a-36d1-4d07-b485-cca75ad56034;057f6f59-1738-4727-b870-476a8ce18bdb;c59807ac-0362-4078-94b0-37ea3df6cdd0;S2318;13587;Rodano Shirt vneck 
2463;9761e8b2-c55b-4409-adc8-20b253693ef7;21fb8353-69bd-4a47-bd49-57aff36a1366;2514d6c8-11e6-4692-87b4-dcc1cd18592c;F1322;13592;Celal Skirt garance 
2464;c6c2d4e2-d428-4f50-85c4-a624c23cd8c1;1600fb81-6f8b-4fa2-9ae2-a33420125939;39792668-5cfd-42c2-8872-ad776e9bad70;T1970;13876;Maole Top cerise 
2465;39892eb1-3cd9-43c4-a089-a42b7e4f8b0a;1600fb81-6f8b-4fa2-9ae2-a33420125939;c6b81db8-29ed-43d6-b14d-0fd913d7ce36;K989;13881;Onix Jacket cerise 
2466;8613849d-04db-41e9-b72e-8a6ea5979cac;1600fb81-6f8b-4fa2-9ae2-a33420125939;c59807ac-0362-4078-94b0-37ea3df6cdd0;S2462;13882;Basic Shirt colors 
2467;72da0d57-ea25-43c3-b685-6ab657227387;1600fb81-6f8b-4fa2-9ae2-a33420125939;c59807ac-0362-4078-94b0-37ea3df6cdd0;S2461;13884;Garden Shirt cerise 
2468;73fba4f8-dce8-447a-874a-61a35177726a;81ff4456-9c03-441f-9201-9410cae79d85;88ee8b83-a7fe-4c00-8f12-621b209012fd;Y196;17009;Byisole Jumpsuit print 
2469;ba660e96-19bd-4e15-883d-54ed5b6cca54;81ff4456-9c03-441f-9201-9410cae79d85;88ee8b83-a7fe-4c00-8f12-621b209012fd;Y162;17010;Byisole Jumpsuit print 
2470;d819af2b-e38d-48a7-ba75-64434aa8487e;cfca4b92-12a6-411c-a62a-a874d00aa735;74ba5e25-afd5-490b-a3a8-2175020c4487;A135;13898;Onlsedona Coat marie 
2471;60d6c067-9f87-4aba-ad1e-dc6c6f8c9876;b6758f9e-102c-4d39-98b2-b4c5e7a8d6c2;c59807ac-0362-4078-94b0-37ea3df6cdd0;S2201;14046;Objeva Shirt chip 
2472;097c67b6-ea1a-48fc-94c0-5b650aab2329;fcc1f3f0-5b41-4933-8f96-b00d741980f9;6598b655-3e19-448c-8b4f-ff6a29447b34;M637;14048;Destroyed Jeans skinny 
2473;4bbd9695-0db7-444b-ae74-80d15af44451;fcc1f3f0-5b41-4933-8f96-b00d741980f9;6598b655-3e19-448c-8b4f-ff6a29447b34;M636;14049;Skinny Jeans high 
2474;a4f09df7-2708-47f8-8955-e9421934c23d;f620512a-1e55-4c69-8208-9c83ed4725a5;e1646b68-8f10-4b63-87d5-30924341f8ba;Q366;14360;Tailor Scarf cosy 
2475;452899b1-30fd-42b0-85a7-27e1346b8e76;cfca4b92-12a6-411c-a62a-a874d00aa735;35405a7d-7018-440b-9d16-76206ac3e224;K659;14361;Onlalana Parka nomad 
2476;40a733c9-40f8-425a-9da8-a97d8c8bc241;cfca4b92-12a6-411c-a62a-a874d00aa735;1b93b30c-833f-45a8-ba69-c21d2e7f4824;J1511;14362;Onlberil Sweater roll 
2477;219acf08-a65c-44e0-94c6-d2b62a7d5c4d;37fe10b7-3e0b-4bcb-ab83-759ddc273e23;c6b81db8-29ed-43d6-b14d-0fd913d7ce36;K678;14364;Frescube Jacket outerwear 
2478;2a46ee0c-276c-4f83-877b-faf770954200;cfca4b92-12a6-411c-a62a-a874d00aa735;6598b655-3e19-448c-8b4f-ff6a29447b34;M409;14365;Onlcarmen Jeans reg 
2479;6aebc1ed-88e4-4cee-abf6-66ab66aecd64;60f81be4-bc2d-465c-ad62-52551b7c9ad8;1b93b30c-833f-45a8-ba69-c21d2e7f4824;J1979;14369;Cosy Sweater split 
2480;d601ef9e-2c16-4ac6-a0f6-0d95bfa49578;60f81be4-bc2d-465c-ad62-52551b7c9ad8;1b93b30c-833f-45a8-ba69-c21d2e7f4824;J1980;14370;Christmas Sweater ware 
2481;037e7c44-62da-4975-84f8-797836cba58e;81ff4456-9c03-441f-9201-9410cae79d85;ba89fcc3-bb1b-42af-a754-2d9f639e43ab;D2151;17014;Byhalima Dress slip 
2482;d1e0b11a-ffe3-4a90-906b-ec259d0e4cd8;7d82a2a5-1eee-425d-a914-ace3d7864a26;ba89fcc3-bb1b-42af-a754-2d9f639e43ab;D2284;14392;Hoja Dress detail 
2483;a56568d6-1bfc-4006-baba-516d432c5b97;b6758f9e-102c-4d39-98b2-b4c5e7a8d6c2;1b93b30c-833f-45a8-ba69-c21d2e7f4824;J1245;14397;Objaya Sweater knit 
2484;687494f8-af7f-489f-a0ff-ae935a64b83a;b6758f9e-102c-4d39-98b2-b4c5e7a8d6c2;1b93b30c-833f-45a8-ba69-c21d2e7f4824;J1563;14400;Objelianna Sweater carin 
2485;392610f5-a957-4ac7-bc4b-1bd88f2f7869;32f3b931-b9f2-4ffc-aff8-1231abd99738;ba89fcc3-bb1b-42af-a754-2d9f639e43ab;D2297;14561;Doro Dress embroid 
2486;9c703054-1c55-4767-85de-fcad9a640def;d0d22dca-1902-45d3-98f5-4130e62056fa;6598b655-3e19-448c-8b4f-ff6a29447b34;M662;14564;Toxico Jeans nacre 
2487;5467f150-b95d-47f8-b5b1-cae0ca4e92e5;28a2e0d9-50f6-4d0b-97a6-1d59bd2717fa;2514d6c8-11e6-4692-87b4-dcc1cd18592c;F1456;14593;Dame Skirt print 
2488;07addaf5-2fc6-48fe-b336-5dfd46a0472a;d20c36f8-91e8-442f-991b-83d8297ba500;882ecdf8-325d-4826-a066-1b263e438f09;B458;14615;Detail Bag event 
2489;123bc0fa-8e32-458a-a5d2-840fe9b4045b;d20c36f8-91e8-442f-991b-83d8297ba500;882ecdf8-325d-4826-a066-1b263e438f09;B459;14616;Suede Bag detail 
2490;0f741818-4a1b-4929-b461-2a3ff4ec49e2;1600fb81-6f8b-4fa2-9ae2-a33420125939;c59807ac-0362-4078-94b0-37ea3df6cdd0;S2613;14639;Pops Shirt cerise 
2491;5fa50bf1-1cc8-4af9-a12a-6c13c60899f1;e2b0644a-9365-4b40-a821-2a2266de551d;e1646b68-8f10-4b63-87d5-30924341f8ba;Q382;14640;Nudotto Scarf acrylic 
2492;ed969832-3038-49a5-86ba-288439e9a804;a1f8d89e-04ed-42a9-8c51-dc04cbdd0d18;e1646b68-8f10-4b63-87d5-30924341f8ba;Q388;14642;Clochecks Scarf washed 
2493;f73190e8-eef3-471c-90b7-f80c0b6350ca;e2b0644a-9365-4b40-a821-2a2266de551d;e1646b68-8f10-4b63-87d5-30924341f8ba;Q381;14643;Nudiris Scarf acrylic 
2494;3acb6351-4038-4087-9558-1726b31339f1;9ef43878-70f3-43df-959d-49af8b1f580f;c6b81db8-29ed-43d6-b14d-0fd913d7ce36;K1063;14646;Suede Jacket majolica 
2495;3e68c50e-1e10-4a7b-81d1-472809995a82;cfca4b92-12a6-411c-a62a-a874d00aa735;c6b81db8-29ed-43d6-b14d-0fd913d7ce36;K1225;17018;Onlpaloma Jacket canyon 
2496;0235bddf-aec1-4d1d-98b6-302be490e652;b6758f9e-102c-4d39-98b2-b4c5e7a8d6c2;9c5a3fee-dad0-444a-acb3-c059e2f3db20;P1929;17020;Objludmilla Shorts print 
2497;f02d0133-3575-4138-bbc4-07b486248798;988e3625-7d5a-46f9-b93b-f3b15c8d6e61;141f32d6-a5af-49bf-b019-fd28354977f1;J1827;14847;Ihalpa Cardigan aqua 
2498;d4227b80-ed1c-454a-804e-2f0d23ed267c;e6b1b7ee-3782-4abd-b0f7-72fdd79ceb7f;95f835a3-03fe-40f1-a813-4fbfd2842845;T2040;14866;Tie Top sew 
2499;c0a3aedd-2869-4e37-ad7c-bd743a0fe9ee;a686154a-8570-40ae-b6a2-dc82842a5e32;ba89fcc3-bb1b-42af-a754-2d9f639e43ab;D2253;14871;Ottilia Dress bohck 
2500;d255ef1d-3496-4cfc-9d99-39958229de10;e0c5939f-1f3f-44c9-b786-8154fdaa6cac;c59807ac-0362-4078-94b0-37ea3df6cdd0;S2300;14918;Woven Shirt casual 
2501;ca2809e9-d314-433f-ad33-01ad8f24c6ad;3bf63b3d-7c2f-47a4-81bc-6ad2452245d7;c6b81db8-29ed-43d6-b14d-0fd913d7ce36;K859;15108;Carmelanie Jacket leather 
2502;ab9c786f-5758-4782-9e03-4b6b73115d14;b6758f9e-102c-4d39-98b2-b4c5e7a8d6c2;1b93b30c-833f-45a8-ba69-c21d2e7f4824;J1758;15155;Objzonja Sweater knit 
2503;2a9f9e85-98c0-4906-92bc-2030d6b1d0e6;321f9370-6a4a-4ea4-bd01-e0a2fad07f33;c59807ac-0362-4078-94b0-37ea3df6cdd0;S2543;\N;Pool Shirt grette 
2504;75994d52-21ce-4ee9-b56b-c1125ff19c7e;bc72be7a-2bd4-44ff-ab0e-e975e4ee9e96;95f835a3-03fe-40f1-a813-4fbfd2842845;C1435;11937;Amsterdam T-shirt wardrobe 
2505;c7a078b8-04b6-4227-b92f-ad6754e3a039;cfca4b92-12a6-411c-a62a-a874d00aa735;c6b81db8-29ed-43d6-b14d-0fd913d7ce36;K863;14887;Onltaho Jacket ny 
2506;7c0cb32f-0bc9-458a-8f54-216083832d71;cfca4b92-12a6-411c-a62a-a874d00aa735;141f32d6-a5af-49bf-b019-fd28354977f1;J1731;14888;Onlvenice Cardigan knt 
2507;d364d50a-af06-4757-8b1e-ec028efc06e5;109eb926-eabe-4933-9172-6ff8a5c95ac7;95f835a3-03fe-40f1-a813-4fbfd2842845;C2030;14916;Sand Tshirt jsy 
2508;d4e912d1-df55-4dec-9b97-243e1734074b;e0c5939f-1f3f-44c9-b786-8154fdaa6cac;3087da56-5a27-4e58-aea7-1555c640f232;X131;14917;Casual Sweatshirt esprit 
2509;5e817d6b-5799-4526-881e-3db92dd52bfc;cfca4b92-12a6-411c-a62a-a874d00aa735;1b93b30c-833f-45a8-ba69-c21d2e7f4824;J1719;15158;Onlfbryn Sweater knit 
2510;82aab0f9-ece1-46f2-95d6-8d7cfccb4783;61c08d2e-6819-4a64-a866-3e377ff68925;ba89fcc3-bb1b-42af-a754-2d9f639e43ab;D2069;15172;Visuvita Dress dots 
2511;9c798fbf-f950-44a1-878f-2f5500bb75a7;321f9370-6a4a-4ea4-bd01-e0a2fad07f33;95f835a3-03fe-40f1-a813-4fbfd2842845;C1532;15213;Glasgow Tshirt grette 
2512;370559ab-1b48-4c2e-ba77-7b67172f01b3;e6b1b7ee-3782-4abd-b0f7-72fdd79ceb7f;39792668-5cfd-42c2-8872-ad776e9bad70;T1802;15218;Martin Top sew 
2513;2d002af1-4fb6-48c4-8676-0dbd55908298;ff436f5f-57aa-45bb-badc-c4063c6a022f;39792668-5cfd-42c2-8872-ad776e9bad70;T1799;15220;Martin Top cahier 
2514;3fbd87f9-e8a7-4533-bf0b-f35906cc47ee;bcdc75ed-99e1-4efe-9912-2805ca4a0105;c6b81db8-29ed-43d6-b14d-0fd913d7ce36;K433;\N;Laura Jacket paris 
2515;2527777b-e5f2-45db-81cc-174fc2b28791;988e3625-7d5a-46f9-b93b-f3b15c8d6e61;39792668-5cfd-42c2-8872-ad776e9bad70;T1610;15325;Ihafilikke Top print 
2516;08e64afc-5c3a-4def-ac28-ec2f8843e4c1;d16b490f-370e-4eeb-ab4f-31c815f60a69;2514d6c8-11e6-4692-87b4-dcc1cd18592c;F1294;15330;Safari Skirt gj 
2517;97778f6d-06bd-417a-b2d6-736a2cdb860a;44164896-a98d-48f3-84af-bd84401ef348;6598b655-3e19-448c-8b4f-ff6a29447b34;M710;15332;Lity Jeans anna 
2518;3c7de39d-bc9a-4ecf-abfc-042ddf134ed9;6a8df4c0-bf3c-4e99-a648-44021ccb15af;c59807ac-0362-4078-94b0-37ea3df6cdd0;S2739;15342;Plumes Shirt print 
2519;a143e6ed-9edc-4b7d-98eb-65861f096a99;6a8df4c0-bf3c-4e99-a648-44021ccb15af;c59807ac-0362-4078-94b0-37ea3df6cdd0;S2744;15343;Neck Shirt flowers 
2520;2bf00353-8cd1-447b-829b-b61fe8296672;1600fb81-6f8b-4fa2-9ae2-a33420125939;39792668-5cfd-42c2-8872-ad776e9bad70;T1895;15525;Flowers Top cerise 
2521;36869367-3d72-4111-b7aa-7903a4beccab;1600fb81-6f8b-4fa2-9ae2-a33420125939;2514d6c8-11e6-4692-87b4-dcc1cd18592c;F1540;15526;Pale Skirt cerise 
2522;c43772c0-f11b-474e-ab54-5d48ff18e3a3;80624cdd-099b-4cea-8f4a-2837f3e08587;1dc55e58-a5c3-462c-b73d-8dd480de90fc;P2070;17027;Twill Pant shape 
2523;b513b759-7584-4a32-8e7a-258d5b33575b;b6758f9e-102c-4d39-98b2-b4c5e7a8d6c2;c6b81db8-29ed-43d6-b14d-0fd913d7ce36;K879;15689;Objchrissa Jacket twill 
2524;510530e3-0161-4c72-87f1-743b4107e873;988e3625-7d5a-46f9-b93b-f3b15c8d6e61;ba89fcc3-bb1b-42af-a754-2d9f639e43ab;D2154;15690;Ihkate Dress vneck 
2525;6454ce6a-db1a-440c-b330-dc44bc091762;cfca4b92-12a6-411c-a62a-a874d00aa735;95f835a3-03fe-40f1-a813-4fbfd2842845;C2249;17028;Onliva Tshirt vneck 
2526;6b2c74b3-05fe-4a64-b407-bfd9ad4622d3;cfca4b92-12a6-411c-a62a-a874d00aa735;ba89fcc3-bb1b-42af-a754-2d9f639e43ab;D2694;17029;Onlvivian Dress long 
2527;caabb32b-1fd7-466a-87a9-85af3ce89f7a;cfca4b92-12a6-411c-a62a-a874d00aa735;88ee8b83-a7fe-4c00-8f12-621b209012fd;Y172;17031;Onlcanyon Jumpsuit life 
2528;57440a2e-2d1a-4ba6-9522-c2fb47991d0c;cfca4b92-12a6-411c-a62a-a874d00aa735;88ee8b83-a7fe-4c00-8f12-621b209012fd;Y197;17032;Onlcanyon Jumpsuit printed 
2529;7e9e7149-ba93-4f7e-ad67-5108656e080d;b767f189-d40b-49cc-adf1-fc4ee11438d7;2514d6c8-11e6-4692-87b4-dcc1cd18592c;F1255;17035;Vmhenirebecca Skirt ankle 
2530;f46d0819-4b32-4202-87f8-5fb2fce3d15f;b6758f9e-102c-4d39-98b2-b4c5e7a8d6c2;2514d6c8-11e6-4692-87b4-dcc1cd18592c;F1326;17036;Objamira Skirt long 
2531;fda3a0e4-2b8d-4762-9eee-f71350beae7b;81ff4456-9c03-441f-9201-9410cae79d85;c6b81db8-29ed-43d6-b14d-0fd913d7ce36;K391;6946;Acom Jacket port 
2532;4f51b357-92c4-4d2b-9b43-c3cd1ab83a2f;81ff4456-9c03-441f-9201-9410cae79d85;2514d6c8-11e6-4692-87b4-dcc1cd18592c;F700;6949;Rizetta Skirt youth 
2533;f14f7edb-a65c-48fc-ae6d-c33cdd1b07d5;9fead4cd-d80d-4488-be05-beddd6b45fb5;6598b655-3e19-448c-8b4f-ff6a29447b34;M70;\N;Grace Jeans denim 
2534;f8f2a0f9-3a06-47e6-964a-3f338ded080a;1ccbcd7a-f998-416d-bb98-5f9d79ee746e;6598b655-3e19-448c-8b4f-ff6a29447b34;M125;\N;Tula Jeans plus 
2535;37a3cd0a-5a4e-4029-8796-5c68bf1fa665;61c08d2e-6819-4a64-a866-3e377ff68925;88ee8b83-a7fe-4c00-8f12-621b209012fd;Y170;17042;Visafari Playsuit belt 
2536;0826dca6-36cf-4ec3-980a-7c1ac814741b;e4c97e4e-1141-497f-b38c-3b7c0cae9ec4;39792668-5cfd-42c2-8872-ad776e9bad70;T1685;17043;Pcaine Top strap 
2537;b45648d5-4f29-463b-8958-b14e890f9962;cfca4b92-12a6-411c-a62a-a874d00aa735;141f32d6-a5af-49bf-b019-fd28354977f1;J992;7837;Onlhavana Cardigan long 
2538;d61ed1fc-9792-4635-ae0b-7fe7b8d01c5d;b6758f9e-102c-4d39-98b2-b4c5e7a8d6c2;95f835a3-03fe-40f1-a813-4fbfd2842845;T1684;17044;Objalma Top stripes 
2539;0cf77f05-5437-4230-8729-2803cb6a810d;6a8df4c0-bf3c-4e99-a648-44021ccb15af;1dc55e58-a5c3-462c-b73d-8dd480de90fc;P1408;8335;Jeil Pant colours 
2540;92e25150-dde9-4054-ba21-61a34e726352;9ef43878-70f3-43df-959d-49af8b1f580f;c59807ac-0362-4078-94b0-37ea3df6cdd0;S1540;8566;Majo Shirt hippie 
2541;add90bab-30cc-4f85-ad93-d0fa82801995;ce8d442c-e662-44f8-a130-2e436f119ede;1dc55e58-a5c3-462c-b73d-8dd480de90fc;P1979;17046;Poly Pant cherry 
2542;ece9cf7c-46b5-4f91-a38b-f311eb3cbef8;9ef43878-70f3-43df-959d-49af8b1f580f;141f32d6-a5af-49bf-b019-fd28354977f1;J1231;8585;Majo Cardigan breeze 
2543;d91756c4-2690-4036-82f7-bc823adef0ce;9ef43878-70f3-43df-959d-49af8b1f580f;39792668-5cfd-42c2-8872-ad776e9bad70;T2253;17050;Sofia Top night 
2544;a5d4b26e-8aa9-4e41-8c79-9e04761b747e;c373a4f2-a8de-41e8-86a0-04725b575436;141f32d6-a5af-49bf-b019-fd28354977f1;J1142;8791;Minnie Cardigan knit 
2545;665d3eda-072a-4793-89a7-6743eed37458;bc72be7a-2bd4-44ff-ab0e-e975e4ee9e96;95f835a3-03fe-40f1-a813-4fbfd2842845;C1125;8966;Athan Tshirt ward 
2546;b0fa282e-b5f8-4ff3-9641-155248af2b77;9ef43878-70f3-43df-959d-49af8b1f580f;39792668-5cfd-42c2-8872-ad776e9bad70;T2251;17054;Aslhey Top print 
2547;4c4750af-ae97-41ce-aa82-76e746bffd06;974bd864-5f7e-4b18-a28d-03e8f46c8507;2514d6c8-11e6-4692-87b4-dcc1cd18592c;F1028;9323;Icon Skirt flowers 
2548;7cc47752-de4f-4564-9629-f1951d01bc42;23d58665-8b33-4a8b-b8cf-be1f0b955112;141f32d6-a5af-49bf-b019-fd28354977f1;J1297;9324;Ikka Sweater ycoo 
2549;22e2bd2b-4935-45d3-a0da-3689350e65ad;23d58665-8b33-4a8b-b8cf-be1f0b955112;ba89fcc3-bb1b-42af-a754-2d9f639e43ab;D1765;9331;Lunar Dress noir 
2550;5a50d7a6-2752-4bd8-a60c-3da6be48fe7a;23d58665-8b33-4a8b-b8cf-be1f0b955112;c6b81db8-29ed-43d6-b14d-0fd913d7ce36;K710;9334;Anja Jacket suede 
2551;54eb4b5b-7a04-40c8-a4c0-80041209da20;45702471-835a-4967-a38b-c910df5a5b31;39792668-5cfd-42c2-8872-ad776e9bad70;T1258;9350;Cherry Top night 
2552;8ada8f53-2c15-4dd6-8ebf-2e6e63e7683a;23d58665-8b33-4a8b-b8cf-be1f0b955112;1b93b30c-833f-45a8-ba69-c21d2e7f4824;J2440;17059;Rigas Sweater ycoo 
2553;ed213104-2db1-46f0-8c06-516b0e0451d3;23d58665-8b33-4a8b-b8cf-be1f0b955112;ba89fcc3-bb1b-42af-a754-2d9f639e43ab;D2378;17060;Farm Dress ycoo 
2554;769132b5-99d4-4513-aca5-69073fab033f;1600fb81-6f8b-4fa2-9ae2-a33420125939;2514d6c8-11e6-4692-87b4-dcc1cd18592c;F995;8625;Gales Skirt cerise 
2555;b114890d-9a07-4813-8bc9-66fa34d1d323;406ec09b-8c5c-4e3e-8412-f0033e0364d8;2514d6c8-11e6-4692-87b4-dcc1cd18592c;F1036;9627;Kilibbi Skirt dots 
2556;2f23f30a-31ce-4ffd-aa29-1fe80a1dd2d7;1ccbcd7a-f998-416d-bb98-5f9d79ee746e;6598b655-3e19-448c-8b4f-ff6a29447b34;M85;\N;Dou Jeans onesize 
2557;1d9c203d-485e-4bb1-8eac-0922548c8b5b;9fead4cd-d80d-4488-be05-beddd6b45fb5;1b93b30c-833f-45a8-ba69-c21d2e7f4824;J1109;8748;Pellia Sweater knit 
2558;e3591c6a-e404-4a9d-93bd-1edaee354a81;e4c97e4e-1141-497f-b38c-3b7c0cae9ec4;6598b655-3e19-448c-8b4f-ff6a29447b34;M112;8865;Pcshape Jeans noos 
2559;74e7207b-43b2-4fef-ab2b-f10aea1ebf7a;3f30b2f3-4c58-4acc-a69b-d2eee9d57be0;1b93b30c-833f-45a8-ba69-c21d2e7f4824;J1315;9720;Dina Sweater knit 
2560;258074b6-d70f-4a9f-8d33-d52da4b6b805;a1f8d89e-04ed-42a9-8c51-dc04cbdd0d18;39792668-5cfd-42c2-8872-ad776e9bad70;T1149;9857;Closet Top alaska 
2561;99af39f4-54b4-4d01-a7ea-f9aae23b7e2b;921d101c-6d05-4d3a-94fa-b50b955f0561;1dc55e58-a5c3-462c-b73d-8dd480de90fc;M223;9139;Hope Jeans jaquard 
2562;b6d11600-498c-4026-8e53-2dbb08049ee2;921d101c-6d05-4d3a-94fa-b50b955f0561;6598b655-3e19-448c-8b4f-ff6a29447b34;M222;9140;Slimleg Jeans york 
2563;ec71ee71-e2e5-40c1-8266-a326870fb9db;841738cf-3a52-4c8b-b73f-ca544bf46487;ba89fcc3-bb1b-42af-a754-2d9f639e43ab;D1493;9141;Lula Dress molly 
2564;93516d4c-6888-454f-b184-c2c7944d9d2e;841738cf-3a52-4c8b-b73f-ca544bf46487;ba89fcc3-bb1b-42af-a754-2d9f639e43ab;D1491;9142;Lady Dress bracken 
2565;ca1cc34c-722b-4fa2-b421-f0f05e310428;841738cf-3a52-4c8b-b73f-ca544bf46487;39792668-5cfd-42c2-8872-ad776e9bad70;T913;9144;Molly Top ladies 
2566;9920033a-44c2-4429-8770-4e1cb848af17;e02a9b8d-2a26-46c6-b5c1-0c8b2e4ff4d4;ba89fcc3-bb1b-42af-a754-2d9f639e43ab;S1340;9149;Mollo Shirt wave 
2567;20cfa432-d291-49df-a73f-303f7987ceea;921d101c-6d05-4d3a-94fa-b50b955f0561;c6b81db8-29ed-43d6-b14d-0fd913d7ce36;K586;9154;Basic Jacket blazer 
2568;ff2a38e9-1f0c-43f2-aaf3-f0815565d977;dfd310cc-8f71-4c13-8292-9f10d0c800c5;141f32d6-a5af-49bf-b019-fd28354977f1;J1319;10255;Anna Cardigan color 
2569;a099cc11-1a8a-4370-92bf-207d52d53cb4;c373a4f2-a8de-41e8-86a0-04725b575436;1b93b30c-833f-45a8-ba69-c21d2e7f4824;J1144;8792;Tuscany Sweater rayes 
2570;2b29e4e3-f6f8-4c15-b0a8-242fd001a37b;921d101c-6d05-4d3a-94fa-b50b955f0561;2514d6c8-11e6-4692-87b4-dcc1cd18592c;F939;9172;Maja Skirt pencil 
2571;8ea02efd-3f0d-46da-9272-ae4eaa6048f8;c76ff1d5-8d0f-459f-9664-a7e405bdfa38;2514d6c8-11e6-4692-87b4-dcc1cd18592c;F1023;9182;Nice Skirt print 
2572;06b1ab24-43a5-48ba-b4c8-50cdc913fafb;e7d3ebfe-6f9f-4d28-b3b4-96b4875b2af3;b263ba41-adab-4a83-a3e0-2766522f5aec;Q283;9446;Geo Fular top 
2573;ef797409-75c2-4f54-951a-f0af522ac8c3;bda0bdf1-d19e-4700-9493-78250dce8a6f;6598b655-3e19-448c-8b4f-ff6a29447b34;M277;\N;Rebecca Jeans denim 
2574;756c4727-0380-461c-8125-3c0d21c0f49b;23ac65d4-bca2-4119-b4fa-821b224b8d49;6598b655-3e19-448c-8b4f-ff6a29447b34;M218;8235;Jrfashion Jeans noos 
2575;52b39506-f108-42e7-b9cf-f616fb5a0683;cfca4b92-12a6-411c-a62a-a874d00aa735;6598b655-3e19-448c-8b4f-ff6a29447b34;M137;9453;Onlroyal Jeans skinny 
2576;13d8a886-0f1b-483f-8fba-51f26c6a283e;9b5272b3-c05f-4237-913b-61dde0fdb8d0;c59807ac-0362-4078-94b0-37ea3df6cdd0;S1201;9464;Orva Shirt over 
2577;31432c8b-4aee-41fe-ae78-f105d4545295;e6b1b7ee-3782-4abd-b0f7-72fdd79ceb7f;9c5a3fee-dad0-444a-acb3-c059e2f3db20;P1429;9485;Eleni Pant sew 
2578;4aa862b4-0d8f-4c6e-854a-1baf61bc95a2;60f81be4-bc2d-465c-ad62-52551b7c9ad8;3087da56-5a27-4e58-aea7-1555c640f232;X109;9697;Tiger Sweatshirt jacquard 
2579;5e56dc4e-328a-47a7-a2e0-67c46f3af4d4;67b4106f-ce58-4ea9-8912-9b6e3e32d203;2514d6c8-11e6-4692-87b4-dcc1cd18592c;F892;10545;Bsfilo Skirt swan 
2580;de86c366-356c-4d04-a2fd-c0e7244572a0;f55a7823-4b84-4ca2-b24f-4945f2f27ca9;95f835a3-03fe-40f1-a813-4fbfd2842845;C996;10550;Akuline Tshirt white 
2581;cef7a255-bec4-40f2-92f1-d2d6e1e5f0f8;85db1100-3042-4cfb-8108-e3b86d904407;2514d6c8-11e6-4692-87b4-dcc1cd18592c;F924;10552;Bike Skirt red 
2582;21495b1b-63ad-4d31-a9f5-e1123a54806e;85db1100-3042-4cfb-8108-e3b86d904407;ba89fcc3-bb1b-42af-a754-2d9f639e43ab;D1589;10556;Flami Dress light 
2583;81dd1bb1-04db-4ee8-a8e3-c535cb7ca9d0;921d101c-6d05-4d3a-94fa-b50b955f0561;95f835a3-03fe-40f1-a813-4fbfd2842845;S1739;10843;Ramona Shirt neck 
2584;e23b2a23-2bfc-45da-9275-5d864fa975bc;ae7e5951-6317-42e5-9d7e-0b7cab5fff0a;1b93b30c-833f-45a8-ba69-c21d2e7f4824;J1627;10867;Buttons Sweater season 
2585;4b606ad7-3413-4420-bf6c-c3dc3717c7db;9fead4cd-d80d-4488-be05-beddd6b45fb5;ba89fcc3-bb1b-42af-a754-2d9f639e43ab;D1529;10870;Kalucy Dress fit 
2586;01cf7c69-68a2-4aaf-85ef-95f2b3d3c14c;988e3625-7d5a-46f9-b93b-f3b15c8d6e61;6598b655-3e19-448c-8b4f-ff6a29447b34;M186;8476;Izaro Jeans erin 
2587;eecd6306-22b5-435a-b5bf-84772e3659a9;80624cdd-099b-4cea-8f4a-2837f3e08587;1dc55e58-a5c3-462c-b73d-8dd480de90fc;P1261;9744;Dixie Pant jegging 
2588;4c113dd0-50dd-4618-a4a3-dae353db129e;e02a9b8d-2a26-46c6-b5c1-0c8b2e4ff4d4;ba89fcc3-bb1b-42af-a754-2d9f639e43ab;S1339;9751;Mollo Shirt zuzu 
2589;59bc05c5-0fa6-4941-bee4-3cef01bc51dc;3bf63b3d-7c2f-47a4-81bc-6ad2452245d7;1b93b30c-833f-45a8-ba69-c21d2e7f4824;J1165;9931;Carplain Sweater knit 
2590;081ea696-2899-4668-a100-d738ba4f1de7;b6758f9e-102c-4d39-98b2-b4c5e7a8d6c2;9c5a3fee-dad0-444a-acb3-c059e2f3db20;P1237;9971;Cecilie Pant short 
2591;673cbaef-70fb-464e-bafd-041ac190bb87;e2b0644a-9365-4b40-a821-2a2266de551d;b263ba41-adab-4a83-a3e0-2766522f5aec;Q313;9976;Nude Foulard ceres 
2592;85cc270c-31d5-4258-9d52-8406fea16d15;09358432-a44c-4cb4-b8e6-bf51b403bf39;ba89fcc3-bb1b-42af-a754-2d9f639e43ab;D1944;10882;Real Dress hippie 
2593;8c54d242-764e-4efc-a2cc-d8c1d8deb216;09358432-a44c-4cb4-b8e6-bf51b403bf39;95f835a3-03fe-40f1-a813-4fbfd2842845;C1374;10885;Paname T-shirt hippie 
2594;1547e419-34ae-4398-bd0b-5b192975bdfc;09358432-a44c-4cb4-b8e6-bf51b403bf39;95f835a3-03fe-40f1-a813-4fbfd2842845;C1375;10886;New T-shirt york 
2595;6213781f-3266-4ca3-a601-93a04af0bbcf;bda0bdf1-d19e-4700-9493-78250dce8a6f;c6b81db8-29ed-43d6-b14d-0fd913d7ce36;K812;10887;Dark Jacket denim 
2596;514a4385-5dbc-496c-b4c9-0a1e19646097;09358432-a44c-4cb4-b8e6-bf51b403bf39;88ee8b83-a7fe-4c00-8f12-621b209012fd;Y127;10889;Hippie Playsuit nice 
2597;0eff7e61-4ae9-4fc6-9719-fb6908593780;23ac65d4-bca2-4119-b4fa-821b224b8d49;1dc55e58-a5c3-462c-b73d-8dd480de90fc;P1388;10951;Jratalia Pant nw 
2598;609d8e48-a590-41db-92f8-90fae433c211;23ac65d4-bca2-4119-b4fa-821b224b8d49;6598b655-3e19-448c-8b4f-ff6a29447b34;M224;10952;Jrqueen Jeans slim 
2599;f01769f8-4193-4c9f-b28e-09f56d0f0371;109eb926-eabe-4933-9172-6ff8a5c95ac7;ba89fcc3-bb1b-42af-a754-2d9f639e43ab;D1715;10993;Collection Dress woven 
2600;1dd94771-0baa-419e-b93e-63ffd0fee8fb;a1f8d89e-04ed-42a9-8c51-dc04cbdd0d18;882ecdf8-325d-4826-a066-1b263e438f09;B461;16528;York Bag cotton 
2601;308de4d5-e687-48cc-8d32-d22467228d3e;1600fb81-6f8b-4fa2-9ae2-a33420125939;2514d6c8-11e6-4692-87b4-dcc1cd18592c;F1617;17080;Jarei Skirt cerise 
2602;d0f18765-3228-4665-b340-64986083b4c6;60f81be4-bc2d-465c-ad62-52551b7c9ad8;ba89fcc3-bb1b-42af-a754-2d9f639e43ab;D1608;8802;Hous Dress star 
2603;eeaab7bc-caaf-4451-b419-ce36a703d86c;c22a8b00-a91b-4f6f-af11-8553e7c13ea9;2514d6c8-11e6-4692-87b4-dcc1cd18592c;F922;10790;Romi Skirt flower 
2604;65bd792c-2ca6-46f4-8a05-73babcb05445;bda0bdf1-d19e-4700-9493-78250dce8a6f;c6b81db8-29ed-43d6-b14d-0fd913d7ce36;K824;11055;Buttons Jacket onado 
2605;b22d8ffa-b95b-4d9c-9bb5-eedb7e36aa7f;bda0bdf1-d19e-4700-9493-78250dce8a6f;2514d6c8-11e6-4692-87b4-dcc1cd18592c;F1194;11057;Garden Skirt denim 
2606;2639c9f4-7f1e-441f-b13c-1db917431b26;81ff4456-9c03-441f-9201-9410cae79d85;b263ba41-adab-4a83-a3e0-2766522f5aec;Q343;11402;Bawivian Scarf fusion 
2607;99c96bac-4cff-425b-9073-3df94ee1d079;6a8df4c0-bf3c-4e99-a648-44021ccb15af;c6b81db8-29ed-43d6-b14d-0fd913d7ce36;K872;11452;Live Jacket jcz 
2608;425235e4-467c-49dd-99eb-bec1e653435f;6a8df4c0-bf3c-4e99-a648-44021ccb15af;c6b81db8-29ed-43d6-b14d-0fd913d7ce36;K871;11453;Flow Jacket blazer 
2609;b27723d8-9bcf-4075-9f01-9f854a319462;bcdc75ed-99e1-4efe-9912-2805ca4a0105;c6b81db8-29ed-43d6-b14d-0fd913d7ce36;K894;11630;Melta Jacket laura 
2610;79bd904f-6453-4a1d-884c-44b62a9206b8;a686154a-8570-40ae-b6a2-dc82842a5e32;39792668-5cfd-42c2-8872-ad776e9bad70;T1508;11631;Amada Top bohck 
2611;d83ef297-343d-462d-9dd4-2d6b465ed798;e4c97e4e-1141-497f-b38c-3b7c0cae9ec4;882ecdf8-325d-4826-a066-1b263e438f09;B383;10310;Pccadence Bag shopper 
2612;0418339c-f5c4-4334-9efd-320518cde5f1;60f81be4-bc2d-465c-ad62-52551b7c9ad8;6598b655-3e19-448c-8b4f-ff6a29447b34;M421;10313;Power Jeans hold 
2613;d3e2bdf7-3a2e-4771-9059-e8ffde759d4d;56abc972-f6ff-4292-b607-fd54183c1fb4;c59807ac-0362-4078-94b0-37ea3df6cdd0;S1352;11310;Sleeve Shirt stripe 
2614;d0168a4f-4346-4818-a850-b172ad6b4ec4;bda0bdf1-d19e-4700-9493-78250dce8a6f;c6b81db8-29ed-43d6-b14d-0fd913d7ce36;K844;11312;Summa Jacket colors 
2615;f33540e3-6ace-467d-950a-5361607ae840;9fead4cd-d80d-4488-be05-beddd6b45fb5;39792668-5cfd-42c2-8872-ad776e9bad70;S1504;11456;Lacy Shirt round 
2616;daa2b3d6-f347-478a-aa1b-a4e55ea4ea86;61c08d2e-6819-4a64-a866-3e377ff68925;2514d6c8-11e6-4692-87b4-dcc1cd18592c;F1139;11546;Virau Skirt flounce 
2617;a5921ebf-a902-4cab-a8a9-f0d0b90acac5;c4d14ff6-043b-4314-b288-04ad5efcb00b;95f835a3-03fe-40f1-a813-4fbfd2842845;C1225;12147;Lucianna Tshirt air 
2618;cf8a6269-7d6d-4d53-ab63-4be903442c9c;e02a9b8d-2a26-46c6-b5c1-0c8b2e4ff4d4;c59807ac-0362-4078-94b0-37ea3df6cdd0;S1301;12151;Kika Shirt stripe 
2619;4647bb9b-d735-4f89-9ef7-013a80807ed3;a1f8d89e-04ed-42a9-8c51-dc04cbdd0d18;2514d6c8-11e6-4692-87b4-dcc1cd18592c;F1182;12153;Clofirma Skirt modal 
2620;9193094d-79ca-438b-aeb7-450aebd4cc0b;e2b0644a-9365-4b40-a821-2a2266de551d;2514d6c8-11e6-4692-87b4-dcc1cd18592c;F1282;12154;Nudpalm Skirt nude 
2621;705f3991-ceb9-42f7-9fe8-5ceb646bdf59;e2b0644a-9365-4b40-a821-2a2266de551d;c59807ac-0362-4078-94b0-37ea3df6cdd0;S2072;12157;Nudray Shirt modal 
2622;8056454a-d971-4430-b55c-6f59a06bd40e;a1f8d89e-04ed-42a9-8c51-dc04cbdd0d18;ba89fcc3-bb1b-42af-a754-2d9f639e43ab;D1974;12182;Clofirmamen Dress modal 
2623;d7e088f1-2518-4cde-ad07-1ea229e27586;67b4106f-ce58-4ea9-8912-9b6e3e32d203;c59807ac-0362-4078-94b0-37ea3df6cdd0;S1828;13862;Bsgaigo Shirt print 
2624;4c9f44b6-71b0-4243-9fda-6a4fbe7e798a;1600fb81-6f8b-4fa2-9ae2-a33420125939;39792668-5cfd-42c2-8872-ad776e9bad70;T2269;17083;Liren Top cerise 
2625;28cd2ca6-64d7-4675-938b-72430cc9e923;1600fb81-6f8b-4fa2-9ae2-a33420125939;ba89fcc3-bb1b-42af-a754-2d9f639e43ab;D2712;17084;Gold Dress cerise 
2626;e7458cca-0a27-47b3-b89f-8c649f817859;1600fb81-6f8b-4fa2-9ae2-a33420125939;c59807ac-0362-4078-94b0-37ea3df6cdd0;S1600;9209;Dots Short cerise 
2627;7736c670-7a91-4e6d-afbe-1185e7e452ea;055096da-3cab-492e-8e19-98e6d2656f1d;95f835a3-03fe-40f1-a813-4fbfd2842845;T1001;10479;Lino Top tank 
2628;c8d437f6-bd51-42a3-937b-0ab5fd94d3c9;321f9370-6a4a-4ea4-bd01-e0a2fad07f33;39792668-5cfd-42c2-8872-ad776e9bad70;T1488;11581;Lace Top vnek 
2629;74d1da00-e390-4dff-a940-e3d2c86c3ea7;a1f8d89e-04ed-42a9-8c51-dc04cbdd0d18;e1646b68-8f10-4b63-87d5-30924341f8ba;Q385;11583;Cloanimal Scarf boiled 
2630;f85f1da2-ab0c-4496-bc86-fe57f692d5d5;a1f8d89e-04ed-42a9-8c51-dc04cbdd0d18;e1646b68-8f10-4b63-87d5-30924341f8ba;Q384;11584;Clotopos Scarf boiled 
2631;31355e0f-42af-4d37-ab93-334038317f38;60f81be4-bc2d-465c-ad62-52551b7c9ad8;ba89fcc3-bb1b-42af-a754-2d9f639e43ab;D2083;11781;Tie Dress front 
2632;31c37766-bfb5-45d4-a9c3-585c7aaa5c41;61c08d2e-6819-4a64-a866-3e377ff68925;ba89fcc3-bb1b-42af-a754-2d9f639e43ab;D1744;11788;Viclassy Dress noos 
2633;af0d9ed4-0d02-4f4b-8ddb-6489cface0c2;67b4106f-ce58-4ea9-8912-9b6e3e32d203;1b93b30c-833f-45a8-ba69-c21d2e7f4824;J1454;13864;Bsummi Sweater brand 
2634;e413db01-9ad1-4878-acfe-751178e4fd3f;e2ed2d6d-895f-4d78-85f0-60805c02013b;6598b655-3e19-448c-8b4f-ff6a29447b34;M599;13865;Chelsea Jeans oasis 
2635;0572ab4f-483a-4ad1-953f-67332b53a306;67b4106f-ce58-4ea9-8912-9b6e3e32d203;1b93b30c-833f-45a8-ba69-c21d2e7f4824;J1453;13866;Bsgenny Sweater snow 
2636;4cee1ce9-a9c3-40a6-ab6b-fa17e52b8b94;09358432-a44c-4cb4-b8e6-bf51b403bf39;c59807ac-0362-4078-94b0-37ea3df6cdd0;S2518;14073;Moon Shirt hippie 
2637;de3e32f6-6411-4249-a316-5b779d1dff30;09358432-a44c-4cb4-b8e6-bf51b403bf39;c59807ac-0362-4078-94b0-37ea3df6cdd0;S2515;14074;Ikaro Shirt hippie 
2638;ad0b2413-ad3e-4a04-8eda-f601c64afd70;09358432-a44c-4cb4-b8e6-bf51b403bf39;39792668-5cfd-42c2-8872-ad776e9bad70;T1979;14078;Laila Top solid 
2639;97975f24-14f1-489e-b361-4b4939993e24;09358432-a44c-4cb4-b8e6-bf51b403bf39;ba89fcc3-bb1b-42af-a754-2d9f639e43ab;D2246;14082;Andrea Dress hippie 
2640;eae35612-edb1-4ef2-a4cb-a243623c0461;bc72be7a-2bd4-44ff-ab0e-e975e4ee9e96;39792668-5cfd-42c2-8872-ad776e9bad70;T1793;15201;Beckett Top floral 
2641;f580b7a8-b5c9-4f94-ac09-65f8dc7e1c8f;e2ed2d6d-895f-4d78-85f0-60805c02013b;1b93b30c-833f-45a8-ba69-c21d2e7f4824;J2063;15434;Blocked Sweater stripe 
2642;04187d66-66b7-4801-830f-89617ac3c9ad;e2ed2d6d-895f-4d78-85f0-60805c02013b;1b93b30c-833f-45a8-ba69-c21d2e7f4824;T2063;15440;Belle Top bobble 
2643;c8e6aaa9-fa99-4619-b6ac-e5058950ff82;f55a7823-4b84-4ca2-b24f-4945f2f27ca9;95f835a3-03fe-40f1-a813-4fbfd2842845;C1451;15444;Eloha Tshirt desires 
2644;da36fc4e-5ee5-4b93-8682-e58f5f1f2aee;61c08d2e-6819-4a64-a866-3e377ff68925;c59807ac-0362-4078-94b0-37ea3df6cdd0;S1687;9205;Vilucy Shirt phyton 
2645;b01d3806-07c5-40bc-b67d-7ec8629d70b8;b7addd6d-e506-4da6-90e7-0f73bc435d28;6598b655-3e19-448c-8b4f-ff6a29447b34;M183;9206;Uma Jeans skinny 
2646;7f7a5eb1-5b05-400a-b961-ab0746195d65;055096da-3cab-492e-8e19-98e6d2656f1d;95f835a3-03fe-40f1-a813-4fbfd2842845;C1107;10470;Red Tshirt less 
2647;3b6ec0d3-11da-4d9f-a0ef-16c83c5ae968;988e3625-7d5a-46f9-b93b-f3b15c8d6e61;c6b81db8-29ed-43d6-b14d-0fd913d7ce36;K804;10757;Ihkate Jacket andorra 
2648;cb597094-d0db-459d-97fc-c28d5a307b49;988e3625-7d5a-46f9-b93b-f3b15c8d6e61;c6b81db8-29ed-43d6-b14d-0fd913d7ce36;K630;10760;Ihkate Jacket print 
2649;16cbad0e-1ce6-4830-8a2c-895457f41bca;e0c5939f-1f3f-44c9-b786-8154fdaa6cac;c59807ac-0362-4078-94b0-37ea3df6cdd0;S1840;11795;Linen Shirt cotton 
2650;4fc8ca2f-0396-4a3f-a04d-b35f761e3478;056287db-fb8b-44e7-a76a-f356ec59d5f5;95f835a3-03fe-40f1-a813-4fbfd2842845;C1510;15446;Logo T-shirt corn 
2651;54899825-fb1d-4d23-89d2-1f28aa6ff6b6;136dab85-c840-420f-bf88-e459483f8796;95f835a3-03fe-40f1-a813-4fbfd2842845;C2149;15447;Apais Tshirt mila 
2652;b08cfbe1-d9c4-4805-bece-4d30f4a4dfa7;1600fb81-6f8b-4fa2-9ae2-a33420125939;ba89fcc3-bb1b-42af-a754-2d9f639e43ab;D2710;17088;Noir Dress cerise 
2653;ff88167c-71d4-4d37-b843-f5af76f171ab;1600fb81-6f8b-4fa2-9ae2-a33420125939;c59807ac-0362-4078-94b0-37ea3df6cdd0;S3069;17089;Romantic Shirt cerise 
2654;66e12028-6c25-4fac-9ee0-bc4168d9d778;1600fb81-6f8b-4fa2-9ae2-a33420125939;39792668-5cfd-42c2-8872-ad776e9bad70;T2259;17091;Flima Top cerise 
2655;0c19b549-6627-4621-9dfa-dee828142bac;bda0bdf1-d19e-4700-9493-78250dce8a6f;2514d6c8-11e6-4692-87b4-dcc1cd18592c;F1147;\N;Summ Skirt onado 
2656;deb93ca7-9318-47ba-a652-2984164af2e8;cfca4b92-12a6-411c-a62a-a874d00aa735;35405a7d-7018-440b-9d16-76206ac3e224;K468;8518;Onldemi Parka otw 
2657;1efc036f-b436-4195-a4ec-7ac64939fdcd;61c08d2e-6819-4a64-a866-3e377ff68925;95f835a3-03fe-40f1-a813-4fbfd2842845;C1076;9598;Vipinja Tshirt stripe 
2658;cf48b235-0d33-4b0b-ae35-2b5eb13cf418;6ed756bf-7370-46c0-b4df-a53c893b26bb;35405a7d-7018-440b-9d16-76206ac3e224;K529;9656;Bari Parka silver 
2659;fb65a134-33d6-4598-a90c-1f910252ace7;e7d3ebfe-6f9f-4d28-b3b4-96b4875b2af3;b263ba41-adab-4a83-a3e0-2766522f5aec;Q288;9660;Sunflower Scarf chic 
2660;d0ef8f7b-5a9c-406e-8188-169a612da215;cfca4b92-12a6-411c-a62a-a874d00aa735;c6b81db8-29ed-43d6-b14d-0fd913d7ce36;K508;9800;Onlnew Jacket chris 
2661;edc68825-df68-45d4-9ed8-c49d38d7ce5e;7d82a2a5-1eee-425d-a914-ace3d7864a26;ba89fcc3-bb1b-42af-a754-2d9f639e43ab;D1965;11007;Akoz Dress summer 
2662;6d635a2f-7ac5-4bf1-bca1-574e44374f29;7d82a2a5-1eee-425d-a914-ace3d7864a26;88ee8b83-a7fe-4c00-8f12-621b209012fd;Y129;11008;Akoz Jumpsuit summer 
2663;87b44821-d188-4764-bc19-3f47c7ca2923;921d101c-6d05-4d3a-94fa-b50b955f0561;1dc55e58-a5c3-462c-b73d-8dd480de90fc;P1513;11009;Jacky Pant stripe 
2664;b4427ce9-53c5-4c75-8e0b-2c21e155e247;4039739b-8a62-4b30-862c-af65f9a66356;6598b655-3e19-448c-8b4f-ff6a29447b34;M326;12072;Marsat Jeans asphalt 
2665;0228e13e-5fc3-43b7-b211-3b1208117721;cfca4b92-12a6-411c-a62a-a874d00aa735;6598b655-3e19-448c-8b4f-ff6a29447b34;M397;12076;Onlultimate Jeans reg 
2666;d6f66843-846f-4829-b3ef-5d61459b43e2;1600fb81-6f8b-4fa2-9ae2-a33420125939;ba89fcc3-bb1b-42af-a754-2d9f639e43ab;D2711;17094;Bial Dress cerise 
2667;d8157906-d4dd-45ad-9ed5-bd4333b8cace;23d58665-8b33-4a8b-b8cf-be1f0b955112;95f835a3-03fe-40f1-a813-4fbfd2842845;C1287;10105;Ycoo Tshirt light 
2668;fc0e084a-3542-4dca-98f9-f16d175fa091;6ccbab3f-f2e6-4992-9844-ff9446fe1f96;39792668-5cfd-42c2-8872-ad776e9bad70;T1345;10113;Gardener Top lili 
2669;4dabf774-ec49-4043-90dd-b710ce75e31d;cfca4b92-12a6-411c-a62a-a874d00aa735;1dc55e58-a5c3-462c-b73d-8dd480de90fc;P1600;\N;Onlpop Pant easy 
2670;ececf3ae-fba5-4c15-839d-0f2e58f58f40;10978e4c-57de-4f45-9b35-f304ca89875e;39792668-5cfd-42c2-8872-ad776e9bad70;C1314;11189;Cassie Tshirt broderie 
2671;af5e11e6-4b62-4839-9e6d-433b6e015c53;e0c5939f-1f3f-44c9-b786-8154fdaa6cac;88ee8b83-a7fe-4c00-8f12-621b209012fd;Y153;12251;New Jumpsuit long 
2672;84827140-a8bc-4808-9c18-f7eddd6d6b5e;e0c5939f-1f3f-44c9-b786-8154fdaa6cac;c59807ac-0362-4078-94b0-37ea3df6cdd0;S2041;12254;Espmulti Shirt coloured 
2673;5619a539-37d3-4405-bba0-27761dd41ec4;b767f189-d40b-49cc-adf1-fc4ee11438d7;c59807ac-0362-4078-94b0-37ea3df6cdd0;S1844;12300;Vmkaren Shirt lace 
2674;12da0810-efc3-4164-a75b-96a321e7e597;e4c97e4e-1141-497f-b38c-3b7c0cae9ec4;ba89fcc3-bb1b-42af-a754-2d9f639e43ab;D1917;12493;Pcinger Dress aop 
2675;22863d34-ca71-44cd-9675-3c9ccfba58d0;81ff4456-9c03-441f-9201-9410cae79d85;e1646b68-8f10-4b63-87d5-30924341f8ba;Q348;12584;Bawalma Scarf young 
2676;659d8598-6b26-4758-94de-86f6615d51ef;136dab85-c840-420f-bf88-e459483f8796;141f32d6-a5af-49bf-b019-fd28354977f1;K899;12692;Tabitha Jacket grace 
2677;e99751f9-dd17-4f94-8ba8-5b8d327be9bf;136dab85-c840-420f-bf88-e459483f8796;1dc55e58-a5c3-462c-b73d-8dd480de90fc;P1797;12712;Tarama Pant grace 
2678;71ee07b0-d0a2-4c62-a650-fc207abb7146;136dab85-c840-420f-bf88-e459483f8796;1b93b30c-833f-45a8-ba69-c21d2e7f4824;J1780;12718;Tal Sweater grace 
2679;842ce607-f1a4-4f97-bedd-062049b35e20;6ccbab3f-f2e6-4992-9844-ff9446fe1f96;c59807ac-0362-4078-94b0-37ea3df6cdd0;S1887;10114;Geom Shirt shell 
2680;559de25b-6af3-4df2-936a-6faeed9054c7;6ccbab3f-f2e6-4992-9844-ff9446fe1f96;39792668-5cfd-42c2-8872-ad776e9bad70;T1344;10115;Point Top lala 
2681;1c692e97-93bb-4288-950e-56e4f744cfab;dcbc39f3-9aca-4f28-9a5c-2ddd04da77d8;9c5a3fee-dad0-444a-acb3-c059e2f3db20;P1674;10162;Senes Short stripes 
2682;57c410f8-4d8b-4ff5-bed3-50d0ab6f66bc;dcbc39f3-9aca-4f28-9a5c-2ddd04da77d8;c59807ac-0362-4078-94b0-37ea3df6cdd0;T1347;10165;Senes Top summer 
2683;be244f53-5231-401d-b65c-acfe6a660d03;10978e4c-57de-4f45-9b35-f304ca89875e;1b93b30c-833f-45a8-ba69-c21d2e7f4824;J1534;11194;Nadia Sweater neck 
2684;562c7d77-70cf-48d9-86c1-bba657d68439;80624cdd-099b-4cea-8f4a-2837f3e08587;2514d6c8-11e6-4692-87b4-dcc1cd18592c;F930;11195;Super Skirt strech 
2685;26a7d6ab-bd68-49ef-9827-2f08b2edf18d;10978e4c-57de-4f45-9b35-f304ca89875e;88ee8b83-a7fe-4c00-8f12-621b209012fd;M426;11199;Pale Jeans dungaree 
2686;158747b9-2609-4eb7-ae2d-e70110f09fab;136dab85-c840-420f-bf88-e459483f8796;39792668-5cfd-42c2-8872-ad776e9bad70;T1588;12721;Tequila Top grace 
2687;3e5c8f20-108b-4180-a770-a558091a3d78;136dab85-c840-420f-bf88-e459483f8796;39792668-5cfd-42c2-8872-ad776e9bad70;T1583;12722;Tamaris Top grace 
2688;603d5eda-b98a-4d5e-b644-832763256645;e2ed2d6d-895f-4d78-85f0-60805c02013b;141f32d6-a5af-49bf-b019-fd28354977f1;J1872;13303;Zoe Cardigan long 
2689;69c445f7-2089-4166-965d-d0c6b246090d;60f81be4-bc2d-465c-ad62-52551b7c9ad8;95f835a3-03fe-40f1-a813-4fbfd2842845;C1499;13348;Stripe Tshirt warehouse 
2690;fe671806-7ce5-4cc4-a3c3-286a536327b4;a2061f67-5f9a-4bdf-928f-d0f65adf0496;6598b655-3e19-448c-8b4f-ff6a29447b34;M431;13420;Athantic Jeans lexy 
2691;0889f291-a33d-4c22-a124-5881d0ce0a85;9b5272b3-c05f-4237-913b-61dde0fdb8d0;39792668-5cfd-42c2-8872-ad776e9bad70;S1320;10420;Celise Shirt collection 
2692;9283ab79-a1d4-4a72-aaab-26bddc30d8c0;9b5272b3-c05f-4237-913b-61dde0fdb8d0;95f835a3-03fe-40f1-a813-4fbfd2842845;C1089;10422;Philipa T-shirt collection 
2693;0a30721e-1c07-4bc6-a7d2-35cbb8e1fb05;60f81be4-bc2d-465c-ad62-52551b7c9ad8;39792668-5cfd-42c2-8872-ad776e9bad70;T1542;11432;Cold Top shoulder 
2694;c89d56d5-584f-46bf-b80d-b50e805b629d;1600fb81-6f8b-4fa2-9ae2-a33420125939;88ee8b83-a7fe-4c00-8f12-621b209012fd;Y148;11556;Cerise Jumpsuit solid 
2695;7635edd9-42a4-4ace-8b84-83a7ca5968cb;1df1c3ec-204b-404e-bfc0-f1da97b5e9fa;882ecdf8-325d-4826-a066-1b263e438f09;B440;11573;Indie Bag anhka 
2696;da6dafd7-dfec-4fe5-a6ae-5019f0b8c34f;45ebfaa9-5ebf-4239-8e7f-6fc626344ee3;39792668-5cfd-42c2-8872-ad776e9bad70;T1463;13476;Imprime Top camel 
2697;0cb6fead-d343-400c-bf5b-244c3bb1bd92;f66308ed-5556-4469-a729-517b619fac5a;141f32d6-a5af-49bf-b019-fd28354977f1;J1696;13477;Saint Cardigan v-neck 
2698;f86625a5-d306-43cf-9296-ae32ede79af0;cfca4b92-12a6-411c-a62a-a874d00aa735;1b93b30c-833f-45a8-ba69-c21d2e7f4824;J1215;13607;Onltracy Sweater vneck 
2699;af00eead-9c62-422c-87e5-41e574547ff5;cfca4b92-12a6-411c-a62a-a874d00aa735;35405a7d-7018-440b-9d16-76206ac3e224;K660;13608;Onlmay Parka tarmac 
2700;f0ee60b1-10ae-4005-81d6-3151c48c42cb;c373a4f2-a8de-41e8-86a0-04725b575436;39792668-5cfd-42c2-8872-ad776e9bad70;T1746;17108;Alice Top floral 
2701;6d7be870-41c5-44e4-8850-8f8608547b0f;4039739b-8a62-4b30-862c-af65f9a66356;1b93b30c-833f-45a8-ba69-c21d2e7f4824;J1398;11705;Tixter Sweater depths 
2702;252c90ef-6528-442a-b240-46fa336c2c30;2b8a1779-4e37-420c-9439-222f69ab6790;c6b81db8-29ed-43d6-b14d-0fd913d7ce36;K830;11752;Bomber Jacket miniprint 
2703;59c954cc-9aa2-4a6c-a7ee-06c9520785c6;2b8a1779-4e37-420c-9439-222f69ab6790;ba89fcc3-bb1b-42af-a754-2d9f639e43ab;D1986;11753;Callipo Dress animal 
2704;a3431c62-a41f-49d6-9b64-df7770f99678;921d101c-6d05-4d3a-94fa-b50b955f0561;1dc55e58-a5c3-462c-b73d-8dd480de90fc;P1619;13613;York Pant slimfit 
2705;b114b007-5ce8-4770-8ce0-c073ab891855;17e6c981-001d-41b0-9816-16425ffeef0d;1b93b30c-833f-45a8-ba69-c21d2e7f4824;J1713;13617;Raglan Sweater old 
2706;e7951bbf-d3fc-4cad-9bbb-d0b19783837d;e0c5939f-1f3f-44c9-b786-8154fdaa6cac;c6b81db8-29ed-43d6-b14d-0fd913d7ce36;K815;13618;Espblazer Jacket formal 
2707;0ec5d480-fa35-42cc-addc-658b0d1710d1;921d101c-6d05-4d3a-94fa-b50b955f0561;141f32d6-a5af-49bf-b019-fd28354977f1;C2008;13621;Jacy Tshirt one 
2708;bfb107ae-e751-4049-a7aa-6d8d6dcfdc66;ce8d442c-e662-44f8-a130-2e436f119ede;95f835a3-03fe-40f1-a813-4fbfd2842845;C1274;13726;Teca Tshirt raisin 
2709;e06cf207-18e4-4521-87a1-a65ef52ad6b9;ce8d442c-e662-44f8-a130-2e436f119ede;95f835a3-03fe-40f1-a813-4fbfd2842845;C1273;13727;Jenny Tshirt cognac 
2710;e9949412-27a1-477f-a571-09efbac58810;ce8d442c-e662-44f8-a130-2e436f119ede;74ba5e25-afd5-490b-a3a8-2175020c4487;K778;13735;Milda Jacket path 
2711;800983ae-124e-4a5e-a99a-d07bdb82d818;ce8d442c-e662-44f8-a130-2e436f119ede;e1646b68-8f10-4b63-87d5-30924341f8ba;Q395;13737;Conventry Scarf checks 
2712;e00492f2-3eae-48d4-a802-8092c6d0605b;921d101c-6d05-4d3a-94fa-b50b955f0561;1b93b30c-833f-45a8-ba69-c21d2e7f4824;C1470;13738;Ramona T-shirt print 
2713;19c53a3d-d5e0-4df1-9d9f-7eaff7ca5ae8;91664c1b-3d18-4eab-b3ca-79072c417d45;ba89fcc3-bb1b-42af-a754-2d9f639e43ab;D1960;\N;Great Dress dots 
2714;a55872c5-4dd2-48f4-bf80-2ccbf6814a2a;6ed756bf-7370-46c0-b4df-a53c893b26bb;1b93b30c-833f-45a8-ba69-c21d2e7f4824;J1650;\N;Soconessi Sweater acrylic 
2715;83ff0e6b-bc18-476c-8f09-813b51e015b0;cfca4b92-12a6-411c-a62a-a874d00aa735;39792668-5cfd-42c2-8872-ad776e9bad70;T1109;10845;Onldebbie Top vneck 
2716;8013ae84-e85c-4f23-84c0-7e40be2f3c2c;6ad0756c-5e2a-4caa-8c9a-deaab7cdcf96;6598b655-3e19-448c-8b4f-ff6a29447b34;M296;10846;Vera Jeans denim 
2717;511eb853-a649-475b-a54d-16737d622f95;60f81be4-bc2d-465c-ad62-52551b7c9ad8;ba89fcc3-bb1b-42af-a754-2d9f639e43ab;D1956;10956;Ware Dress noa 
2718;b4820339-f293-4f8f-9900-b33ba86e3078;91664c1b-3d18-4eab-b3ca-79072c417d45;1dc55e58-a5c3-462c-b73d-8dd480de90fc;P1729;10959;Great Pant night 
2719;4650f378-ee6a-4db8-84a3-cdac391fb497;91664c1b-3d18-4eab-b3ca-79072c417d45;1dc55e58-a5c3-462c-b73d-8dd480de90fc;P1730;10961;Great Pant summer 
2720;b2b9fd05-d8ee-4e5c-ab3e-4597d12a4510;4039739b-8a62-4b30-862c-af65f9a66356;1b93b30c-833f-45a8-ba69-c21d2e7f4824;J1393;11835;Ghenif Sweater silvian 
2721;0e6d3312-d413-4f91-9653-8b2e3bad88d7;c373a4f2-a8de-41e8-86a0-04725b575436;2514d6c8-11e6-4692-87b4-dcc1cd18592c;F1165;11839;Bsveron Skirt highweist 
2722;95ec4e0c-c477-4009-a3e2-ec334f9ec97b;921d101c-6d05-4d3a-94fa-b50b955f0561;95f835a3-03fe-40f1-a813-4fbfd2842845;C2007;13817;Cupro Tshirt vneck 
2723;594fa5f2-31ce-4d43-8bd8-07328e8db32d;23ac65d4-bca2-4119-b4fa-821b224b8d49;ba89fcc3-bb1b-42af-a754-2d9f639e43ab;D1900;13822;Jrmonica Dress sleeve 
2724;253f18de-0c98-46fe-9add-f45da0104339;23ac65d4-bca2-4119-b4fa-821b224b8d49;6598b655-3e19-448c-8b4f-ff6a29447b34;M227;13827;Jrqueen Jeans arisha 
2725;75abd0b6-b28d-4e8d-83f7-0aa01d777374;3bf63b3d-7c2f-47a4-81bc-6ad2452245d7;6598b655-3e19-448c-8b4f-ff6a29447b34;M322;13833;Carcarma Jeans sk 
2726;0e846047-b5d9-458d-bb7c-6c68fc7fa945;6ed756bf-7370-46c0-b4df-a53c893b26bb;1b93b30c-833f-45a8-ba69-c21d2e7f4824;J1652;13950;Socobliss Sweater visco 
2727;91217fe3-cc0a-49e6-b629-7c8f0aadbfb1;80624cdd-099b-4cea-8f4a-2837f3e08587;95f835a3-03fe-40f1-a813-4fbfd2842845;C1101;11211;Andre Tshirt zeze 
2728;46c91c74-b9ec-45d0-b1d0-4c404f7ea8b5;a1f8d89e-04ed-42a9-8c51-dc04cbdd0d18;c59807ac-0362-4078-94b0-37ea3df6cdd0;S2091;12163;Clocollage Shirt modal 
2729;b5d3b752-7321-4d95-bc38-19af27077619;921d101c-6d05-4d3a-94fa-b50b955f0561;1b93b30c-833f-45a8-ba69-c21d2e7f4824;J1745;14104;Fein Sweater vneck 
2730;7523a50f-d9e1-458a-b1a5-523d0d8f4d10;921d101c-6d05-4d3a-94fa-b50b955f0561;141f32d6-a5af-49bf-b019-fd28354977f1;J1957;14109;Candy Cardigan street 
2731;5579c218-ca0d-4baf-bf50-abfbfdc2f0da;b767f189-d40b-49cc-adf1-fc4ee11438d7;c6b81db8-29ed-43d6-b14d-0fd913d7ce36;K744;14322;Vmvallilea Jacket fur 
2732;e7a981c4-d1d8-4cb0-a343-93ec6e166aac;921d101c-6d05-4d3a-94fa-b50b955f0561;95f835a3-03fe-40f1-a813-4fbfd2842845;S2826;17119;Rhine Shirt wording 
2733;990730f9-29c7-43a9-adbe-3dfab88ee0d8;91930574-de0a-4e8f-a391-2e2c7bf9ed06;c6b81db8-29ed-43d6-b14d-0fd913d7ce36;K847;11361;Giacche Jacket long 
2734;bcb25a5a-8dac-4c25-b7f6-b550e18c47ce;1600fb81-6f8b-4fa2-9ae2-a33420125939;ba89fcc3-bb1b-42af-a754-2d9f639e43ab;D2041;11474;Cerise Dress long 
2735;05fb9f37-0a26-4f67-a686-55198b0bb7ed;dd17f8ec-1667-4ebc-86cb-b2398a8cbbfa;95f835a3-03fe-40f1-a813-4fbfd2842845;C2034;12309;Nessa Tshirt stripes 
2736;092137a5-fad7-4d07-bce3-3f494be6bda2;dd17f8ec-1667-4ebc-86cb-b2398a8cbbfa;c6b81db8-29ed-43d6-b14d-0fd913d7ce36;K834;12311;Mollie Jacket joules 
2737;7acbfb1a-7723-4cb8-a612-62638684796c;dd17f8ec-1667-4ebc-86cb-b2398a8cbbfa;3087da56-5a27-4e58-aea7-1555c640f232;X124;12312;Nadia Sweatshirt joules 
2738;46a1f691-fcf7-4a84-9dcc-0d244aca4e89;f55a7823-4b84-4ca2-b24f-4945f2f27ca9;c59807ac-0362-4078-94b0-37ea3df6cdd0;S1619;12438;Daniela Shirt print 
2739;6236d980-18e5-4a0f-a657-eff4651b29ab;e2ed2d6d-895f-4d78-85f0-60805c02013b;ba89fcc3-bb1b-42af-a754-2d9f639e43ab;D2140;12448;Avery Dress dots 
2740;37759ed4-73c6-426b-a159-6666a4aa0425;25e70ebf-206f-4be2-a626-9980e36fdda3;c59807ac-0362-4078-94b0-37ea3df6cdd0;S2508;14163;Pintuck Shirt dobby 
2741;7d609d15-9948-404d-ba35-272cf8046293;25e70ebf-206f-4be2-a626-9980e36fdda3;ba89fcc3-bb1b-42af-a754-2d9f639e43ab;D2240;14166;Birch Dress pleated 
2742;ae481669-6534-4be1-9a6d-b6cb625dc770;60f81be4-bc2d-465c-ad62-52551b7c9ad8;1b93b30c-833f-45a8-ba69-c21d2e7f4824;J1952;14281;Check Sweater button 
2743;0eb1faac-b94e-4fcb-aa0f-ae843ca923c1;f66308ed-5556-4469-a729-517b619fac5a;141f32d6-a5af-49bf-b019-fd28354977f1;J1698;14308;Saint Cardigan long 
2744;dcf9e39a-db17-4a5b-9df3-9ca67df99fee;cfca4b92-12a6-411c-a62a-a874d00aa735;1b93b30c-833f-45a8-ba69-c21d2e7f4824;J1509;14310;Onlmirna Sweater knit 
2745;2d301190-d042-42c9-a7e8-dc9bde41c177;ae7e5951-6317-42e5-9d7e-0b7cab5fff0a;39792668-5cfd-42c2-8872-ad776e9bad70;T1376;10451;Muse Top season 
2746;268f6e55-b3ff-4bda-a0b8-38fc00ee59b1;6826e5f2-33d9-47eb-aff2-402a3d031e79;88ee8b83-a7fe-4c00-8f12-621b209012fd;Y142;11476;Dala Jumpsuit summ 
2747;1a7f5799-667e-43b3-b50f-f9aeaced739a;bda0bdf1-d19e-4700-9493-78250dce8a6f;c6b81db8-29ed-43d6-b14d-0fd913d7ce36;K1033;\N;Lena Jacket colors 
2748;53623248-0143-40a2-a4ac-6f77298d815c;6826e5f2-33d9-47eb-aff2-402a3d031e79;95f835a3-03fe-40f1-a813-4fbfd2842845;C2011;11478;Shiner Tshirt peak 
2749;6a0231ae-ba60-4758-8c57-0ed81b1a5af8;6826e5f2-33d9-47eb-aff2-402a3d031e79;95f835a3-03fe-40f1-a813-4fbfd2842845;C2010;11479;Pocket Tshirt emijo 
2750;e1dfc168-216c-414c-baf3-62e48a308a44;67b4106f-ce58-4ea9-8912-9b6e3e32d203;1b93b30c-833f-45a8-ba69-c21d2e7f4824;J1443;12637;Bsomahana Sweater autumn 
2751;10cf4658-2d4e-4125-969e-0f80c594ad69;67b4106f-ce58-4ea9-8912-9b6e3e32d203;1b93b30c-833f-45a8-ba69-c21d2e7f4824;J1440;12638;Bsummi Sweater blendshe 
2752;17a2384c-d294-4c3c-b59c-7405cc5ea1ca;61c08d2e-6819-4a64-a866-3e377ff68925;e1646b68-8f10-4b63-87d5-30924341f8ba;Q358;12639;Vicosana Scarf wool 
2753;c7f349bb-18ce-48b9-80ef-9ed3cfba3228;61c08d2e-6819-4a64-a866-3e377ff68925;e1646b68-8f10-4b63-87d5-30924341f8ba;Q357;12644;Vinorth Scarf wool 
2754;e02033c5-6276-4ad1-bfe2-51016da53135;61c08d2e-6819-4a64-a866-3e377ff68925;e1646b68-8f10-4b63-87d5-30924341f8ba;Q356;12645;Viwinter Scarf check 
2755;8d3dc7a2-3e79-48e9-a8b8-e172abd5b6d3;61c08d2e-6819-4a64-a866-3e377ff68925;141f32d6-a5af-49bf-b019-fd28354977f1;J1241;12646;Vigood Cardigan noos 
2756;c7b822ea-576b-4cb4-ae3f-4c58777a705a;ae7e5951-6317-42e5-9d7e-0b7cab5fff0a;1dc55e58-a5c3-462c-b73d-8dd480de90fc;P2045;14419;Marmol Pant season 
2757;02716889-035e-4ff7-87cd-d73729fd4c4b;0d0455ab-1eac-4ad0-bb21-313110b5fb9e;1b93b30c-833f-45a8-ba69-c21d2e7f4824;J1985;14430;Manel Sweater light 
2758;980ad786-6d81-403b-b3b9-9cf5c8461281;cfca4b92-12a6-411c-a62a-a874d00aa735;35405a7d-7018-440b-9d16-76206ac3e224;K750;14464;Onlcana Jacket nylon 
2759;dd71caca-5da1-4d33-a349-73c729ff76a8;cfca4b92-12a6-411c-a62a-a874d00aa735;1dc55e58-a5c3-462c-b73d-8dd480de90fc;M366;14466;Onlevie Jeans legging 
2760;54e52c8e-e015-469c-8081-dac5a59babba;3e0e694f-fb8e-49e3-98dd-b83aac682569;88ee8b83-a7fe-4c00-8f12-621b209012fd;Y125;14473;Nmdollie Jumpsuit sleeve 
2761;bd11dea9-221d-49cf-9b04-0e93e28640ea;e4c97e4e-1141-497f-b38c-3b7c0cae9ec4;1b93b30c-833f-45a8-ba69-c21d2e7f4824;J1573;14475;Pcilina Sweater v-neck 
2762;485485fd-c4f6-4829-b03c-46d713548c1e;e4c97e4e-1141-497f-b38c-3b7c0cae9ec4;1b93b30c-833f-45a8-ba69-c21d2e7f4824;J1569;14477;Pcjimma Sweater neck 
2763;867d6bac-86e7-4a8e-9fae-5f8048cb4d77;2b8a1779-4e37-420c-9439-222f69ab6790;2514d6c8-11e6-4692-87b4-dcc1cd18592c;F1199;11759;Alaia Skirt animal 
2764;19876624-b223-4e38-8fa7-484252e2c5a6;2b8a1779-4e37-420c-9439-222f69ab6790;2514d6c8-11e6-4692-87b4-dcc1cd18592c;F1198;11761;Callipso Skirt film 
2765;b0abff85-eb97-4ee7-83b8-9b6846418d0e;f55a7823-4b84-4ca2-b24f-4945f2f27ca9;2514d6c8-11e6-4692-87b4-dcc1cd18592c;F1070;12671;Diona Skirt midi 
2766;053c3bba-1af1-48d1-b224-d387d0d19985;a1f8d89e-04ed-42a9-8c51-dc04cbdd0d18;882ecdf8-325d-4826-a066-1b263e438f09;B463;15362;Callie Bag closet 
2767;f74dc72d-fdfd-40d7-a968-a06e282ee79a;81ff4456-9c03-441f-9201-9410cae79d85;74ba5e25-afd5-490b-a3a8-2175020c4487;K743;12640;Bycirline Jacket belt 
2768;e062380b-7711-4d6c-b681-ab36f2ddbcaf;f55a7823-4b84-4ca2-b24f-4945f2f27ca9;1b93b30c-833f-45a8-ba69-c21d2e7f4824;J1377;12674;Danine Sweater desires 
2769;144b2d0f-a46a-4845-96bb-aee67d4465a2;91664c1b-3d18-4eab-b3ca-79072c417d45;1b93b30c-833f-45a8-ba69-c21d2e7f4824;J1856;12675;Moder Sweater knit 
2770;c8c99c1f-b242-4fd9-9481-a6ef2be5e6a9;91664c1b-3d18-4eab-b3ca-79072c417d45;88ee8b83-a7fe-4c00-8f12-621b209012fd;Y161;12678;Everyday Jumpsuit luxe 
2771;3f92184d-baca-460f-a8a1-5d11a0f30d91;d16b490f-370e-4eeb-ab4f-31c815f60a69;1b93b30c-833f-45a8-ba69-c21d2e7f4824;J1351;12734;Zane Sweater gj 
2772;2269c883-8356-49a9-ba26-372589b70b28;61c08d2e-6819-4a64-a866-3e377ff68925;c59807ac-0362-4078-94b0-37ea3df6cdd0;T1744;14543;Vimero Top detail 
2773;81229e6a-94ae-42e1-bf76-0c297ebf5545;7c447307-e6d3-44e2-8cbc-415c8dd44ef7;c59807ac-0362-4078-94b0-37ea3df6cdd0;S2603;14544;Gold Shirt noogat 
2774;545a9cb6-1281-4198-8390-8663686c76f4;9ef43878-70f3-43df-959d-49af8b1f580f;9c5a3fee-dad0-444a-acb3-c059e2f3db20;P2077;14654;Jara Pant short 
2775;84180e20-ba56-4fad-9f26-79512f9381eb;9ef43878-70f3-43df-959d-49af8b1f580f;39792668-5cfd-42c2-8872-ad776e9bad70;T1824;14656;Oli Top majolica 
2776;9a822d23-1228-4c21-92aa-d35fea6419dc;9ef43878-70f3-43df-959d-49af8b1f580f;c59807ac-0362-4078-94b0-37ea3df6cdd0;S2640;14657;Luca Shirt majo 
2777;81d18b2d-3272-4a65-aba9-5ab12e20d68e;b767f189-d40b-49cc-adf1-fc4ee11438d7;c59807ac-0362-4078-94b0-37ea3df6cdd0;S2230;14892;Vmluna Shirt color 
2778;ede8dbcc-8147-4d84-9f9d-f2fe3b264ec1;61c08d2e-6819-4a64-a866-3e377ff68925;141f32d6-a5af-49bf-b019-fd28354977f1;J1941;15047;Vifilak Cardigan knit 
2779;ba3d0c27-0e0b-4e7c-9c0a-21c07ea313f2;cfca4b92-12a6-411c-a62a-a874d00aa735;ba89fcc3-bb1b-42af-a754-2d9f639e43ab;D2075;15051;Onltamari Dress stripes 
2780;234bf6b0-6794-4d85-a0ac-21d17258d64a;cfca4b92-12a6-411c-a62a-a874d00aa735;1b93b30c-833f-45a8-ba69-c21d2e7f4824;J1730;15057;Onlaya Sweater noos 
2781;b6e75c9b-aa4f-400b-82a3-3dbd35c3539b;f0013021-4017-40d4-8107-ca1946bd5d0a;ba89fcc3-bb1b-42af-a754-2d9f639e43ab;D2343;15061;Line Dress closet 
2782;5992c0e6-b7ca-4e1a-b540-54407de278ad;a1f8d89e-04ed-42a9-8c51-dc04cbdd0d18;95f835a3-03fe-40f1-a813-4fbfd2842845;C1403;12166;Clojardin T-shirt modal 
2783;3d1a0e05-8ec9-4853-9d88-9fe273125fb2;dd17f8ec-1667-4ebc-86cb-b2398a8cbbfa;35405a7d-7018-440b-9d16-76206ac3e224;K833;12313;Fallow Jacket gilet 
2784;7c8ad19b-a269-4204-b50a-b73bacf13b05;109eb926-eabe-4933-9172-6ff8a5c95ac7;6598b655-3e19-448c-8b4f-ff6a29447b34;M468;13629;Edhre Jeans skinny 
2785;d1173e4a-c42b-4122-8780-19ff3575bd4e;45702471-835a-4967-a38b-c910df5a5b31;ba89fcc3-bb1b-42af-a754-2d9f639e43ab;D2146;13631;Cphelen Dress paris 
2786;741d0c97-e29c-407f-af5f-4749bc9ad927;81ff4456-9c03-441f-9201-9410cae79d85;35405a7d-7018-440b-9d16-76206ac3e224;K740;13706;Byaida Jacket young 
2787;c09c15f9-2c06-4e01-92bd-9a347ef7ac34;81ff4456-9c03-441f-9201-9410cae79d85;ba89fcc3-bb1b-42af-a754-2d9f639e43ab;S1806;13709;Byhisla Shirt tunic 
2788;178db810-51ab-490b-9a47-70283bc7da6a;988e3625-7d5a-46f9-b93b-f3b15c8d6e61;c59807ac-0362-4078-94b0-37ea3df6cdd0;C2019;15124;Ihvera Tshirt amber 
2789;de5704b3-7c7a-4a45-9673-604b6c09fb4c;61c08d2e-6819-4a64-a866-3e377ff68925;1b93b30c-833f-45a8-ba69-c21d2e7f4824;J1748;15139;Virilopen Sweater noos 
2790;85f5f4a4-3559-4e0a-86cd-2cd1400bb9c3;61c08d2e-6819-4a64-a866-3e377ff68925;1dc55e58-a5c3-462c-b73d-8dd480de90fc;P1816;15141;Violina Pant chino 
2791;7db42df8-6cbb-489e-861d-95bfa68d7f84;61c08d2e-6819-4a64-a866-3e377ff68925;ba89fcc3-bb1b-42af-a754-2d9f639e43ab;D2047;15142;Vibista Dress noos 
2792;abf3fe92-f502-4091-96bd-cd5823b24a70;b6758f9e-102c-4d39-98b2-b4c5e7a8d6c2;c59807ac-0362-4078-94b0-37ea3df6cdd0;S2205;15146;Objlanie Shirt denim 
2793;b8616761-dbbf-4fea-9756-149dd3cfe53a;cfca4b92-12a6-411c-a62a-a874d00aa735;1b93b30c-833f-45a8-ba69-c21d2e7f4824;J1800;15275;Onlglamour Sweater knit 
2794;c951c63c-833b-4f8a-87f9-3d74a991977c;da790000-672a-45a3-9bf9-4805e90d7f19;95f835a3-03fe-40f1-a813-4fbfd2842845;C2129;17134;Maggie Tshirt flamingo 
2795;2f2f3e17-a8e7-4b99-ae1e-923ee082abd3;dfd310cc-8f71-4c13-8292-9f10d0c800c5;ba89fcc3-bb1b-42af-a754-2d9f639e43ab;D2012;12404;Essie Dress navy 
2796;48d2ebca-c07f-40be-9571-ff1fba20a541;dfd310cc-8f71-4c13-8292-9f10d0c800c5;1dc55e58-a5c3-462c-b73d-8dd480de90fc;P1820;12407;Polly Pant check 
2797;8b27331e-5e24-47f5-8989-3d5b1859c1ad;6ed756bf-7370-46c0-b4df-a53c893b26bb;c6b81db8-29ed-43d6-b14d-0fd913d7ce36;K816;13961;Socobella Jacket blazer 
2798;18ab2d3b-9826-4baa-807e-710f6cd8cd0c;e2ed2d6d-895f-4d78-85f0-60805c02013b;1b93b30c-833f-45a8-ba69-c21d2e7f4824;J1926;13985;Fransesca Sweater night 
2799;6c5505f0-d8b0-4966-9b39-29a44624e1c6;91664c1b-3d18-4eab-b3ca-79072c417d45;ba89fcc3-bb1b-42af-a754-2d9f639e43ab;D2209;13986;Leonie Dress stripe 
2800;d1618806-33fd-4a10-9792-6be07f6b3976;91664c1b-3d18-4eab-b3ca-79072c417d45;1b93b30c-833f-45a8-ba69-c21d2e7f4824;J1931;13992;Seille Sweater knit 
2801;f33f54c2-ce09-4d20-9ee6-07ecbd7e9bb7;91664c1b-3d18-4eab-b3ca-79072c417d45;ba89fcc3-bb1b-42af-a754-2d9f639e43ab;D2208;13993;Milano Dress solid 
2802;28ed5519-2eb7-4e62-9d44-ea49074c659e;91664c1b-3d18-4eab-b3ca-79072c417d45;1dc55e58-a5c3-462c-b73d-8dd480de90fc;P1964;13995;Belle Pant soft 
2803;6d65c2b2-854c-436f-9a74-52680c24457a;cfca4b92-12a6-411c-a62a-a874d00aa735;1b93b30c-833f-45a8-ba69-c21d2e7f4824;J1734;15276;Onllia Sweater knit 
2804;7d3c7c3c-f578-4df6-83e4-56a9d0e1106d;17e6c981-001d-41b0-9816-16425ffeef0d;c6b81db8-29ed-43d6-b14d-0fd913d7ce36;K961;15277;Odelin Jacket indoor 
2805;aabeb04b-7140-4ab3-a162-255d6714934c;e0c5939f-1f3f-44c9-b786-8154fdaa6cac;6598b655-3e19-448c-8b4f-ff6a29447b34;M606;15280;Elina Jeans sea 
2806;2ee08219-fddb-4bf1-a71d-6f023177aa4c;b767f189-d40b-49cc-adf1-fc4ee11438d7;35405a7d-7018-440b-9d16-76206ac3e224;K884;15283;Vmcloudy Parka cord 
2807;0373bba2-9fd5-4775-a309-ec41bdc8f025;cfca4b92-12a6-411c-a62a-a874d00aa735;6598b655-3e19-448c-8b4f-ff6a29447b34;P1830;15284;Onlmirinda Pant basic 
2808;84a006da-9461-4700-92a8-d15c59a84c35;e6b1b7ee-3782-4abd-b0f7-72fdd79ceb7f;2514d6c8-11e6-4692-87b4-dcc1cd18592c;F1510;15288;Sew Skirt denim 
2809;a09ef182-d5b4-48e7-aa62-57fd36d50a34;cfca4b92-12a6-411c-a62a-a874d00aa735;1b93b30c-833f-45a8-ba69-c21d2e7f4824;J1798;15290;Onlmumbai Sweater knit 
2810;1678405b-fe61-4c53-9d3a-36d91716cee5;1600fb81-6f8b-4fa2-9ae2-a33420125939;c59807ac-0362-4078-94b0-37ea3df6cdd0;S2689;15294;Chrysam Shirt print 
2811;a8a4df65-630e-48ed-9cb0-511a6c552a5e;c3159d66-c344-4f24-bee1-1d5966e567d6;1b93b30c-833f-45a8-ba69-c21d2e7f4824;J1477;14000;River Sweater knit 
2812;c3ea94c5-9c1b-4c81-8919-4e39b2cb934d;6a8df4c0-bf3c-4e99-a648-44021ccb15af;c6b81db8-29ed-43d6-b14d-0fd913d7ce36;K1128;15353;Pencel Jacket jcz 
2813;4bb1c597-f8e2-4a96-8466-8ba9cfa66b47;a686154a-8570-40ae-b6a2-dc82842a5e32;39792668-5cfd-42c2-8872-ad776e9bad70;T1795;15354;Martin Top bohck 
2814;7e3ae6eb-07ee-4970-ad9e-72e326a76899;a1f8d89e-04ed-42a9-8c51-dc04cbdd0d18;882ecdf8-325d-4826-a066-1b263e438f09;B467;15359;Celes Bag closet 
2815;1599de13-159a-4477-8b59-d1c7d819c328;a1f8d89e-04ed-42a9-8c51-dc04cbdd0d18;882ecdf8-325d-4826-a066-1b263e438f09;B464;15360;Candy Bag closet 
2816;85620518-894e-4b41-adab-9f44806aa446;a1f8d89e-04ed-42a9-8c51-dc04cbdd0d18;882ecdf8-325d-4826-a066-1b263e438f09;B465;\N;Cat Bag closet 
2817;cbe194a4-8393-4baa-879e-d3f098fd8121;a1f8d89e-04ed-42a9-8c51-dc04cbdd0d18;882ecdf8-325d-4826-a066-1b263e438f09;B462;15363;Candice Bag closet 
2818;8a0b88b6-0d6d-4413-88cf-a90024bdbcb1;a1f8d89e-04ed-42a9-8c51-dc04cbdd0d18;882ecdf8-325d-4826-a066-1b263e438f09;B453;15365;Lincoln Bag closet 
2819;18a472b6-f3a7-4915-9d54-6a2137b3d818;a255572f-5a7a-49fc-87de-227acbe413a0;6598b655-3e19-448c-8b4f-ff6a29447b34;M786;15594;Side Jeans denim 
2820;0ee5ee01-7957-4e54-9ade-94b17b70ab20;a255572f-5a7a-49fc-87de-227acbe413a0;6598b655-3e19-448c-8b4f-ff6a29447b34;M782;15598;Vall Jeans denim 
2821;dc3c23ee-1ef1-46ef-a40c-2eea8dc2380d;61c08d2e-6819-4a64-a866-3e377ff68925;c59807ac-0362-4078-94b0-37ea3df6cdd0;S2398;15602;Loden Shirt print 
2822;50a165f9-0bfc-49ea-a48b-09ff0e072827;61c08d2e-6819-4a64-a866-3e377ff68925;1dc55e58-a5c3-462c-b73d-8dd480de90fc;P1813;15604;Vibibi Pant rwsl 
2823;88792336-16a5-4fa0-b9d5-0796e1fd5335;b767f189-d40b-49cc-adf1-fc4ee11438d7;c59807ac-0362-4078-94b0-37ea3df6cdd0;S2470;15627;Vmkeepme Shirt soft 
2824;94d6f511-0ad7-47c7-b183-56fd926cd728;3bf63b3d-7c2f-47a4-81bc-6ad2452245d7;c6b81db8-29ed-43d6-b14d-0fd913d7ce36;K963;\N;Carwespa Jacket look 
2825;1ff900b7-a3a8-4ac7-a9a1-302505c28c5b;8d0a58df-f457-4299-a14f-de0fbb974386;ba89fcc3-bb1b-42af-a754-2d9f639e43ab;D1800;13120;Lea Dress studio 
2826;6833431c-16f2-4f30-8af4-a9670a3136bc;ce8d442c-e662-44f8-a130-2e436f119ede;2514d6c8-11e6-4692-87b4-dcc1cd18592c;F1103;13152;Nora Skirt cashmere 
2827;746e4120-e854-4aea-89d5-c64726676d2d;b6758f9e-102c-4d39-98b2-b4c5e7a8d6c2;1b93b30c-833f-45a8-ba69-c21d2e7f4824;J1944;14239;Objdaisy Sweater knit 
2828;afeac446-c5a3-4400-865c-8f5e7befbd92;921d101c-6d05-4d3a-94fa-b50b955f0561;6598b655-3e19-448c-8b4f-ff6a29447b34;M558;14242;Miles Jeans slimfit 
2829;e6464df1-d2e2-4268-9daf-34998e5729e9;921d101c-6d05-4d3a-94fa-b50b955f0561;6598b655-3e19-448c-8b4f-ff6a29447b34;M569;14243;York Jeans denim 
2830;efa8d11a-468d-4ecc-b47e-ed71cf914582;6ad0756c-5e2a-4caa-8c9a-deaab7cdcf96;2514d6c8-11e6-4692-87b4-dcc1cd18592c;F1347;15621;Medea Skirt printed 
2831;4a92614d-06cf-48d9-98e3-fe22e24170e0;3e0e694f-fb8e-49e3-98dd-b83aac682569;88ee8b83-a7fe-4c00-8f12-621b209012fd;Y173;15625;Nmsula Jumpsuit pearl 
2832;100519f6-51be-4b37-ac9b-4ad98102a482;a686154a-8570-40ae-b6a2-dc82842a5e32;141f32d6-a5af-49bf-b019-fd28354977f1;J2240;17142;Nelly Cardigan bohck 
2833;63ed3a3c-f765-46d3-b78c-264ad940cb67;cfca4b92-12a6-411c-a62a-a874d00aa735;6598b655-3e19-448c-8b4f-ff6a29447b34;M905;\N;Onlblush Jeans mid 
2834;d8280699-9881-44f1-b65a-e6bdb831e4bd;b7addd6d-e506-4da6-90e7-0f73bc435d28;1b93b30c-833f-45a8-ba69-c21d2e7f4824;J1434;13195;Objdaisy Sweater patina 
2835;443de4e1-abb2-480a-9747-abd6581ab500;890bd5dd-a9f8-4879-828c-919843a0be89;6598b655-3e19-448c-8b4f-ff6a29447b34;M586;13240;Used Jeans slim 
2836;fddaad2c-684d-4d91-8c3e-01fdd10a0f40;c22a8b00-a91b-4f6f-af11-8553e7c13ea9;95f835a3-03fe-40f1-a813-4fbfd2842845;C1155;13444;Madison T-shirt denim 
2837;f103c9ed-1e9c-4192-aad7-3b41cc734c7f;e2ed2d6d-895f-4d78-85f0-60805c02013b;88ee8b83-a7fe-4c00-8f12-621b209012fd;Y182;14293;Poppy Jumpsuit solid 
2838;035b64da-ee33-44a3-9751-78758faf650e;6ccbab3f-f2e6-4992-9844-ff9446fe1f96;2514d6c8-11e6-4692-87b4-dcc1cd18592c;F1424;14301;Knit Skirt lala 
2839;3508d428-85b4-46c2-97f0-200c0f22eb82;61c08d2e-6819-4a64-a866-3e377ff68925;1b93b30c-833f-45a8-ba69-c21d2e7f4824;J1937;14303;Vibolonia Sweater oneck 
2840;8cd6831d-e90c-45ec-becb-03eb586eae69;bb343cd9-9b67-4952-b521-86feda507e79;c59807ac-0362-4078-94b0-37ea3df6cdd0;S2502;15660;Tullia Shirt ethnic 
2841;1c12ed64-4ec6-490c-a024-c1aedc17076a;e02a9b8d-2a26-46c6-b5c1-0c8b2e4ff4d4;6598b655-3e19-448c-8b4f-ff6a29447b34;M653;16985;Fqadina Jeans straight 
2842;089fc0c1-a9ef-4e74-9628-0f664f325dc8;3bf63b3d-7c2f-47a4-81bc-6ad2452245d7;39792668-5cfd-42c2-8872-ad776e9bad70;T1683;17005;Carush Top denim 
2843;24a0ee9d-3b35-4f23-904f-5c301b52740a;3bf63b3d-7c2f-47a4-81bc-6ad2452245d7;95f835a3-03fe-40f1-a813-4fbfd2842845;C2298;17016;Carmos Tshirt life 
2844;f023ad68-92a3-4393-b47d-d4f570e4b596;80624cdd-099b-4cea-8f4a-2837f3e08587;1dc55e58-a5c3-462c-b73d-8dd480de90fc;P1942;17026;Andrea Pant zeze 
2845;fc838ac2-c03d-4a8c-a042-20ef63f290ee;9ef43878-70f3-43df-959d-49af8b1f580f;39792668-5cfd-42c2-8872-ad776e9bad70;T2248;17047;Rebeca Top summer 
2846;a9d5a343-32d2-46fa-b149-1450cd1bc49b;c373a4f2-a8de-41e8-86a0-04725b575436;2514d6c8-11e6-4692-87b4-dcc1cd18592c;F1163;13803;Bsjasmine Skirt mini 
2847;af2d163c-61a7-443a-b387-a59116df81a9;c22a8b00-a91b-4f6f-af11-8553e7c13ea9;1dc55e58-a5c3-462c-b73d-8dd480de90fc;P1484;13844;Malou Pant pep 
2848;b1e3cffa-fa3c-4412-af7c-7340518a3df4;a2061f67-5f9a-4bdf-928f-d0f65adf0496;6598b655-3e19-448c-8b4f-ff6a29447b34;M620;13845;Leroy Jeans atlantic 
2849;fa7ea706-53a6-4b2f-aaaa-ad2d66f0fb29;e0c5939f-1f3f-44c9-b786-8154fdaa6cac;6598b655-3e19-448c-8b4f-ff6a29447b34;P1769;13909;Slim Pant woven 
2850;a8306588-0318-4e84-a655-dedd5110f8b5;60f81be4-bc2d-465c-ad62-52551b7c9ad8;2514d6c8-11e6-4692-87b4-dcc1cd18592c;F1446;14513;Zebra Skirt sequin 
2851;f8db87b5-bbf7-4397-b731-14b533a3c413;bda0bdf1-d19e-4700-9493-78250dce8a6f;1dc55e58-a5c3-462c-b73d-8dd480de90fc;P2069;14597;Enduit Pant onado 
2852;b961851d-6d70-4a66-9e83-93d89ae94b09;b767f189-d40b-49cc-adf1-fc4ee11438d7;39792668-5cfd-42c2-8872-ad776e9bad70;T1407;14722;Vmsine Top lydia 
2853;78794b7f-1012-4a0c-a510-6ddef5208009;60f81be4-bc2d-465c-ad62-52551b7c9ad8;ba89fcc3-bb1b-42af-a754-2d9f639e43ab;D2321;14740;Spaced Dress petal 
2854;8e537d46-c767-41ce-9faf-6d31cbc3b33b;113d26cd-8cec-476a-9949-2d0488b6fc9c;6598b655-3e19-448c-8b4f-ff6a29447b34;M669;14742;Slim Jeans leg 
2855;279d2c0a-655d-4ea5-b38a-76b2216742eb;921d101c-6d05-4d3a-94fa-b50b955f0561;1dc55e58-a5c3-462c-b73d-8dd480de90fc;P2156;17149;Crissi Pant colour 
2856;d1157c34-f9c8-4caa-b5a2-6c4c3025abd3;dfd310cc-8f71-4c13-8292-9f10d0c800c5;141f32d6-a5af-49bf-b019-fd28354977f1;J1936;13967;Susanne Cardigan gold 
2857;ecae90e5-0e72-4c42-bcd5-9588c053010b;6ad0756c-5e2a-4caa-8c9a-deaab7cdcf96;6598b655-3e19-448c-8b4f-ff6a29447b34;M483;13968;Lilly Jeans denim 
2858;8ce3584a-12c9-4b94-bc8f-551070f835a7;3bf63b3d-7c2f-47a4-81bc-6ad2452245d7;c59807ac-0362-4078-94b0-37ea3df6cdd0;S2447;13969;Caralie Shirt solid 
2859;875acc3e-672b-4723-9644-9f1be609a0df;3bf63b3d-7c2f-47a4-81bc-6ad2452245d7;39792668-5cfd-42c2-8872-ad776e9bad70;T1978;13971;Carluxeve Top snake 
2860;b361192b-63b1-441c-b0cc-a6f617bd81cd;109eb926-eabe-4933-9172-6ff8a5c95ac7;74ba5e25-afd5-490b-a3a8-2175020c4487;A124;13975;Edadala Coat woven 
2861;130084c5-5edd-4c00-be64-4c035f77f94a;b767f189-d40b-49cc-adf1-fc4ee11438d7;1b93b30c-833f-45a8-ba69-c21d2e7f4824;J2000;14745;Vmkizzi Sweater aw 
2862;30c27691-be8f-4745-bc5f-551c6ddd25fd;b767f189-d40b-49cc-adf1-fc4ee11438d7;c6b81db8-29ed-43d6-b14d-0fd913d7ce36;K897;14750;Vmsasigail Jacket blazer 
2863;da6ef4ae-381b-43d7-b329-3a7d7c20bd2a;cfca4b92-12a6-411c-a62a-a874d00aa735;6598b655-3e19-448c-8b4f-ff6a29447b34;M532;14756;Onlida Jeans midwaist 
2864;230c28c5-62b9-4565-98db-734e185c1fe4;2b8a1779-4e37-420c-9439-222f69ab6790;1dc55e58-a5c3-462c-b73d-8dd480de90fc;P2037;14865;Lolla Pant film 
2865;d1d1ec51-2827-40f2-9b0c-03cd9a8df95b;381f7abe-b1e5-4aa9-8464-353c6d53dba6;88ee8b83-a7fe-4c00-8f12-621b209012fd;Y186;14974;Mono Jumpsuit dolls 
2866;799b50c7-2712-47eb-9c87-d1069fe9ac7d;72080cba-8970-4386-9a07-e896ed44d999;c59807ac-0362-4078-94b0-37ea3df6cdd0;S2834;17154;Knot Shirt striped 
2867;2692a283-b8de-46f0-8f53-b4cd5d6ab4a8;72080cba-8970-4386-9a07-e896ed44d999;6598b655-3e19-448c-8b4f-ff6a29447b34;M771;17155;Toronto Jeans denim 
2868;64814e07-58a0-4b97-95f5-d1090b53c580;381f7abe-b1e5-4aa9-8464-353c6d53dba6;ba89fcc3-bb1b-42af-a754-2d9f639e43ab;D2338;14976;Navy Dress bcon 
2869;45a100ff-3418-41ee-9875-017c6b251346;9ef43878-70f3-43df-959d-49af8b1f580f;c59807ac-0362-4078-94b0-37ea3df6cdd0;S2729;15305;Almond Shirt print 
2870;10d9ebea-690b-42ea-9a0e-4978343628a9;e2ed2d6d-895f-4d78-85f0-60805c02013b;ba89fcc3-bb1b-42af-a754-2d9f639e43ab;D2725;17159;Polly Dress print 
2871;a4bec7b3-f848-4592-be63-8250a2b8a6ac;61c08d2e-6819-4a64-a866-3e377ff68925;ba89fcc3-bb1b-42af-a754-2d9f639e43ab;D1901;14510;Vilouiana Dress south 
2872;be47b9ab-6585-47d7-8b59-ce96d860ce21;a5cec3c7-e486-4940-bda7-a3fa8ea46f9d;c6b81db8-29ed-43d6-b14d-0fd913d7ce36;K1054;14582;Emma Jacket bomber 
2873;f8e7a914-62b0-4707-82df-f23592fb0848;10978e4c-57de-4f45-9b35-f304ca89875e;1b93b30c-833f-45a8-ba69-c21d2e7f4824;D2197;15393;Weston Dress soft 
2874;f318ae66-8eb5-4d77-896f-be560b93fed9;1600fb81-6f8b-4fa2-9ae2-a33420125939;ba89fcc3-bb1b-42af-a754-2d9f639e43ab;D2363;15537;Mille Dress printed 
2875;bd6567d1-cee5-4f9e-b469-d30bb2870382;6a8df4c0-bf3c-4e99-a648-44021ccb15af;2514d6c8-11e6-4692-87b4-dcc1cd18592c;F1553;15547;Buttons Skirt midi 
2876;4dc4d82a-4f8a-46ca-b8ac-05342b66c960;e2ed2d6d-895f-4d78-85f0-60805c02013b;2514d6c8-11e6-4692-87b4-dcc1cd18592c;F1622;17164;French Skirt farmhouse 
2877;a336c1be-df19-4bf0-8cb7-1645d20cd770;e7d3ebfe-6f9f-4d28-b3b4-96b4875b2af3;1b93b30c-833f-45a8-ba69-c21d2e7f4824;J1387;14727;Chenilla Sweater clar 
2878;d3d2694e-930e-4b67-9569-a35e77af6c50;23d58665-8b33-4a8b-b8cf-be1f0b955112;88ee8b83-a7fe-4c00-8f12-621b209012fd;Y184;14813;Combi Jumpsuit long 
2879;b836f179-8ebf-43b4-8558-f54f1e51b7a5;e4c97e4e-1141-497f-b38c-3b7c0cae9ec4;6598b655-3e19-448c-8b4f-ff6a29447b34;M496;14815;Pckamelia Jeans noos 
2880;c6e789a7-5b92-40d7-bc41-2ce5cdc47e27;81ff4456-9c03-441f-9201-9410cae79d85;95f835a3-03fe-40f1-a813-4fbfd2842845;C1467;14986;Byrexima Tshirt oneck 
2881;79d714de-fad0-47d0-94b0-a77b54f7b263;52117e6f-5cc4-4cc9-89c6-6c86be22376c;c6b81db8-29ed-43d6-b14d-0fd913d7ce36;K1107;14987;Flux Jacket verte 
2882;756f6fe9-cf40-487f-9cfc-bc8840e80ef2;f620512a-1e55-4c69-8208-9c83ed4725a5;35405a7d-7018-440b-9d16-76206ac3e224;K921;14991;Ultra Parka weight 
2883;2f35a8bf-be1c-4df6-888a-bc5373490b78;81ff4456-9c03-441f-9201-9410cae79d85;1b93b30c-833f-45a8-ba69-c21d2e7f4824;J1807;15554;Bymalto Sweater jumper 
2884;3fc5c734-24b8-4e52-aa8e-61fc7bc544e7;f620512a-1e55-4c69-8208-9c83ed4725a5;1dc55e58-a5c3-462c-b73d-8dd480de90fc;P1843;15635;Chino Pant slim 
2885;21be4fb3-2947-4385-b48c-df4ae09ec53d;b3564635-d061-4d68-b956-9306e2d70794;95f835a3-03fe-40f1-a813-4fbfd2842845;S2429;15637;Sheer Shirt stripe 
2886;c758b3b3-2c75-4f97-9e54-c3324a9c2b78;3bf63b3d-7c2f-47a4-81bc-6ad2452245d7;1dc55e58-a5c3-462c-b73d-8dd480de90fc;P1928;15638;Carbetty Pant wide 
2887;2790a572-c48a-4d12-8c2d-e65d323647f7;3bf63b3d-7c2f-47a4-81bc-6ad2452245d7;1b93b30c-833f-45a8-ba69-c21d2e7f4824;J2208;15639;Carbernie Sweater round 
2888;fdd3bba9-b0d5-49a4-9a55-413233773dbf;b6758f9e-102c-4d39-98b2-b4c5e7a8d6c2;1b93b30c-833f-45a8-ba69-c21d2e7f4824;J2221;15640;Objmarly Sweater solid 
2889;ed9a1e47-ce94-4568-89c5-ae12fa9ddadf;b767f189-d40b-49cc-adf1-fc4ee11438d7;1dc55e58-a5c3-462c-b73d-8dd480de90fc;P1993;15641;Vmiben Pant fluid 
2890;d487cc9a-816e-4013-8e17-2158226d481a;921d101c-6d05-4d3a-94fa-b50b955f0561;c59807ac-0362-4078-94b0-37ea3df6cdd0;S2588;15648;Mix Shirt stripes 
2891;6689246e-828b-4023-b680-1f6e15880d5c;921d101c-6d05-4d3a-94fa-b50b955f0561;c59807ac-0362-4078-94b0-37ea3df6cdd0;S2589;15650;Honey Shirt lined 
2892;ef0cf8e0-0f3c-445d-ba45-618dba0c7d98;60f81be4-bc2d-465c-ad62-52551b7c9ad8;39792668-5cfd-42c2-8872-ad776e9bad70;T2278;17171;Black Top polka 
2893;e9fa578c-f7ce-4726-8ff4-d0652a9063a0;3a47b681-f4c1-4af0-8ad9-a7300ed1a204;1dc55e58-a5c3-462c-b73d-8dd480de90fc;P2053;\N;Ante Pant 
2894;4a334601-7f6e-4a77-aca0-ab22d9623d88;154c7f5d-9f6b-4f6b-bace-422d40a9ab7f;1dc55e58-a5c3-462c-b73d-8dd480de90fc;P2062;14455;Dena Pant jegging 
2895;3edbd22d-5e55-4b92-89f8-6120caa4d1d4;e4c97e4e-1141-497f-b38c-3b7c0cae9ec4;e1646b68-8f10-4b63-87d5-30924341f8ba;Q367;14457;Pcjenna Scarf long 
2896;28f4d409-a955-47ad-bf7d-d28e20c82c3f;44164896-a98d-48f3-84af-bd84401ef348;6598b655-3e19-448c-8b4f-ff6a29447b34;M711;15336;Lolus Jeans miss 
2897;32621434-cddd-4699-a44f-c8b882052ff1;44164896-a98d-48f3-84af-bd84401ef348;6598b655-3e19-448c-8b4f-ff6a29447b34;M712;15337;Calie Jeans anna 
2898;2f801b39-f99d-47f4-abd5-8e6bdb409d02;23d58665-8b33-4a8b-b8cf-be1f0b955112;39792668-5cfd-42c2-8872-ad776e9bad70;T1917;15574;Ties Top ycoo 
2899;07d89748-dce3-47c0-a247-8a981e52f7cd;23d58665-8b33-4a8b-b8cf-be1f0b955112;c6b81db8-29ed-43d6-b14d-0fd913d7ce36;K1155;15575;Ante Jacket ycoo 
2900;4de7108a-68fa-44e2-9551-db440d6bb14a;23d58665-8b33-4a8b-b8cf-be1f0b955112;2514d6c8-11e6-4692-87b4-dcc1cd18592c;F1548;15576;Ante Skirt buttons 
2901;260edf08-e8fe-4f35-b78a-efe2f470f68a;dfd310cc-8f71-4c13-8292-9f10d0c800c5;1dc55e58-a5c3-462c-b73d-8dd480de90fc;P2074;15617;Iris Pant holly 
2902;b62ec061-9f5f-4733-abd9-dbb96c818b5b;e4c97e4e-1141-497f-b38c-3b7c0cae9ec4;ba89fcc3-bb1b-42af-a754-2d9f639e43ab;D2026;15824;Pckamala Dress noos 
2903;ca31dbf4-ed34-419f-a750-0e2a7f335185;60f81be4-bc2d-465c-ad62-52551b7c9ad8;88ee8b83-a7fe-4c00-8f12-621b209012fd;Y198;17175;Confetti Jumpsuit dark 
2904;189276bd-07fb-48ff-b20d-c3b0ba835981;60f81be4-bc2d-465c-ad62-52551b7c9ad8;ba89fcc3-bb1b-42af-a754-2d9f639e43ab;D2727;17176;Stripe Dress jersey 
2905;dc74bff5-2a72-41bc-b75d-9459666842ff;60f81be4-bc2d-465c-ad62-52551b7c9ad8;ba89fcc3-bb1b-42af-a754-2d9f639e43ab;D2719;17177;Riviera Dress floral 
2906;a539743f-558e-446e-8647-4f0c8a93c7ba;890bd5dd-a9f8-4879-828c-919843a0be89;6598b655-3e19-448c-8b4f-ff6a29447b34;M624;\N;Veleta Jeans slim 
2907;cb534e10-2459-4296-a208-cb898ca85cac;6ed756bf-7370-46c0-b4df-a53c893b26bb;1dc55e58-a5c3-462c-b73d-8dd480de90fc;P1839;15004;Sclilly Pant solid 
2908;77dcf5b1-64e5-4abe-84a8-176746511962;6ed756bf-7370-46c0-b4df-a53c893b26bb;1dc55e58-a5c3-462c-b73d-8dd480de90fc;P1842;15005;Scelin Pant print 
2909;45a87ca6-9e49-41e5-b8f4-a17c4c939a69;6ed756bf-7370-46c0-b4df-a53c893b26bb;2514d6c8-11e6-4692-87b4-dcc1cd18592c;F1266;15006;Scella Skirt chiffon 
2910;b1317790-423e-4ba6-9a74-e487afedc20b;6ed756bf-7370-46c0-b4df-a53c893b26bb;1dc55e58-a5c3-462c-b73d-8dd480de90fc;P1840;15008;Sclilly Pant zipper 
2911;1bdde652-2c0b-4f30-b704-293e4a14f6aa;80624cdd-099b-4cea-8f4a-2837f3e08587;ba89fcc3-bb1b-42af-a754-2d9f639e43ab;D2136;15494;Tunic Dress three 
2912;ae099794-ebcb-4f7f-af83-d43c61cc6c48;890bd5dd-a9f8-4879-828c-919843a0be89;6598b655-3e19-448c-8b4f-ff6a29447b34;M621;15866;Teide Jeans skinny 
2913;ff030ee7-4d78-42de-8593-56a3c8cbe80f;bda0bdf1-d19e-4700-9493-78250dce8a6f;1dc55e58-a5c3-462c-b73d-8dd480de90fc;M910;17187;Luxe Jeans onado 
2914;c277d548-e301-43c6-961c-ef2f02eb4109;6a8df4c0-bf3c-4e99-a648-44021ccb15af;9c5a3fee-dad0-444a-acb3-c059e2f3db20;P2250;17195;Roui Short jcz 
2915;56f2c7b0-e19e-426d-8af2-1107b0483e56;2b8a1779-4e37-420c-9439-222f69ab6790;2514d6c8-11e6-4692-87b4-dcc1cd18592c;F1437;15227;Lalo Skirt film 
2916;0ded42bc-23e6-40ef-b893-eb482cbd1dd4;2b8a1779-4e37-420c-9439-222f69ab6790;ba89fcc3-bb1b-42af-a754-2d9f639e43ab;D2281;15230;Lolla Dress film 
2917;7616e4aa-1514-41a7-b403-bb6269b1de50;2b8a1779-4e37-420c-9439-222f69ab6790;c6b81db8-29ed-43d6-b14d-0fd913d7ce36;K1043;15234;Lola Jacket film 
2918;c6ddcb19-a2e7-4285-a19b-cd381964174d;2b8a1779-4e37-420c-9439-222f69ab6790;c6b81db8-29ed-43d6-b14d-0fd913d7ce36;K1045;15236;Lallo Jacket film 
2919;6d474696-1918-482d-8875-a9b7054d1d5c;60f81be4-bc2d-465c-ad62-52551b7c9ad8;1b93b30c-833f-45a8-ba69-c21d2e7f4824;J1842;15497;Daisy Sweater embro 
2920;f0c05a5a-f180-440a-9a85-a87675cc539c;60f81be4-bc2d-465c-ad62-52551b7c9ad8;39792668-5cfd-42c2-8872-ad776e9bad70;T2092;15501;Ruched Top sleeve 
2921;7087397b-cdd3-4d87-a306-58af51f18fab;61c08d2e-6819-4a64-a866-3e377ff68925;1b93b30c-833f-45a8-ba69-c21d2e7f4824;J1791;15502;Viblendy Sweater knit 
2922;61836ba7-f5ba-4bde-9d04-89afcf3c6f23;61c08d2e-6819-4a64-a866-3e377ff68925;141f32d6-a5af-49bf-b019-fd28354977f1;J1789;15505;Visunset Cardigan stripes 
2923;4ce81093-6c27-457c-89ae-eb0c52ccdcd6;60f81be4-bc2d-465c-ad62-52551b7c9ad8;2514d6c8-11e6-4692-87b4-dcc1cd18592c;F1504;15745;Random Skirt midi 
2924;75a1c388-70c6-47e9-8488-e9473c157091;9b5272b3-c05f-4237-913b-61dde0fdb8d0;c59807ac-0362-4078-94b0-37ea3df6cdd0;S2326;15747;Adette Shirt broadway 
2925;8dd4cfa9-64d4-4e79-bb72-89297f52e11d;988e3625-7d5a-46f9-b93b-f3b15c8d6e61;c6b81db8-29ed-43d6-b14d-0fd913d7ce36;K1173;15848;Kate Jacket spring 
2926;67c9717a-0006-4b48-9399-abae5a5bc0b9;988e3625-7d5a-46f9-b93b-f3b15c8d6e61;1dc55e58-a5c3-462c-b73d-8dd480de90fc;P1897;15852;Ihcerise Pant solid 
2927;c70a703e-dc16-4ac4-8c14-fbba5660bcb1;921f8c67-2a93-4329-9247-c4153183b04b;1dc55e58-a5c3-462c-b73d-8dd480de90fc;P2199;15856;Gumm Pant place 
2928;9f3acaac-17b3-43a4-ae09-1677293d8ace;f620512a-1e55-4c69-8208-9c83ed4725a5;c59807ac-0362-4078-94b0-37ea3df6cdd0;S2385;15630;Kentucky Shirt melange 
2929;50701dda-a3f4-4b59-8698-da3757382574;1600fb81-6f8b-4fa2-9ae2-a33420125939;39792668-5cfd-42c2-8872-ad776e9bad70;T2299;17217;Lines Top cerise 
2930;22efc184-5ecb-401d-8dea-9569ceae492d;1600fb81-6f8b-4fa2-9ae2-a33420125939;9c5a3fee-dad0-444a-acb3-c059e2f3db20;P2253;17225;Jara Short pant 
2931;98c51c8b-c467-4025-9517-806334bc8680;60f81be4-bc2d-465c-ad62-52551b7c9ad8;6598b655-3e19-448c-8b4f-ff6a29447b34;M300;\N;Sculp Jeans skinny 
