product_feature_value_id,feature_value_id
c41300d4-f09d-4cbe-8f9f-76f33759b97a,c0616b1c-7741-4f55-9da3-7b115b34481c
3cdc627e-7276-4ea9-8a6f-d1a73d1a45b1,c0616b1c-7741-4f55-9da3-7b115b34481c
1e7250b0-c7a5-4778-baa9-4000b1d753d5,1f33d527-6045-4358-afd9-602ae8644b43
15f5cef4-33fb-4953-9b5d-a61db476a2f2,52d84173-882a-48bc-98c2-da35a45c13c1
9bc7cbba-fc03-474c-9321-a6dd9efbd55d,33f12961-e353-4d14-a7bc-4f20ffad7f00
666d411b-55c2-4570-9339-a592ee0f933d,dca26f5a-6485-43d1-9b87-82b066477f04
f6983719-a905-4a4a-bc0a-fa5303e7bf95,8d82500d-abce-4859-889f-991e369704e8
b800e5bd-f46c-477e-a38e-ceea838fd931,f4053f71-94b5-40b2-92bd-fb588127fe38
b800e5bd-f46c-477e-a38e-ceea838fd931,6e7ec579-d5fc-41c8-82f1-649532a23cb4
53cc80c5-2c65-4d06-ab7b-28c1037308f6,3b16b9a9-28b5-4421-a419-f2c0a580a622
daa1cbb2-444d-48eb-b1b1-48c443da5a97,07ca7e6e-9e19-4657-8a03-f8c68d078a6e
9b08c3da-430a-4241-ae17-f3327577e1cf,6ca59447-c208-40e3-ab57-7edb01549cbf
a3781e08-6e48-4307-bcfa-3e97249fc866,9e87af73-6ec7-473e-86b9-93fc8311efba
a3781e08-6e48-4307-bcfa-3e97249fc866,a558c676-742a-40c3-ab74-60a0f34d0c43
b1119b35-3708-4c91-8fef-217c548d159e,992ae373-a9bc-4ae6-9d74-7082cf0a4c12
b1119b35-3708-4c91-8fef-217c548d159e,9f6d5b2b-ac1c-4cc3-a7d1-7cedf98b7563
9171407e-a594-45c8-9d24-7adbf1cde392,07ca7e6e-9e19-4657-8a03-f8c68d078a6e
cbe5d866-fd59-470e-959c-3dc7f6c753bc,6ca59447-c208-40e3-ab57-7edb01549cbf
d902f298-0354-4371-95b0-ffa0c475c1eb,992ae373-a9bc-4ae6-9d74-7082cf0a4c12
d902f298-0354-4371-95b0-ffa0c475c1eb,ae92de86-1329-4de8-bbcc-f478e9f8628b
c0dcc339-d338-48de-b22e-4453792166cf,386c578b-2a53-4c3a-b910-a980fb1773c0
58ce767e-a2ac-4313-af4e-93b9318cbf00,72f27659-ea6c-40a3-9f2d-dfe7d82c853b
58ce767e-a2ac-4313-af4e-93b9318cbf00,0a2353ed-3482-4163-9ca4-46e6cf6ab717
7b362c54-ec84-4908-9f6a-493028ea45e0,f413d6b6-6542-41fc-940c-6177cf5606aa
a4403988-c42c-4eba-a945-a543c1e11ff7,6ca59447-c208-40e3-ab57-7edb01549cbf
c2b791f4-e9c1-4a2e-84dd-234f124c8c29,eddb9f19-4025-4f9a-8d44-a9bf94cb562e
c2b791f4-e9c1-4a2e-84dd-234f124c8c29,ae92de86-1329-4de8-bbcc-f478e9f8628b
c2b791f4-e9c1-4a2e-84dd-234f124c8c29,6ff9e82a-0eff-4a28-b5c4-68f943508bf2
12dfe744-cbce-4f35-ad61-23666f61923c,b213ee87-7a56-4876-ab1a-677ef56efede
924b101e-161b-4191-b639-09341474b2a2,8e47f6b9-4a44-4ce0-98bf-f3e7356fa1d2
1748fbd8-b1e8-41f4-b8fd-b90881d3a2e2,b4f75e2e-aded-4dd2-8b9c-740be0e9164d
45213f21-99f2-4f20-a00d-e6831748bb95,fc1941db-1098-4bd5-a9c7-d9fe8b94172d
409fa20c-f360-49e6-b1f6-e4496a40c16f,3d947f3c-fa03-4667-b09a-25a8f2db2adb
8ea1fbe1-bb2b-4626-a58c-f7273ce2ee73,6359b0bf-3af6-44e9-bf13-71c9fe0ead77
111e92ba-f92a-4eca-8fbd-d45d738ccdf8,1f33d527-6045-4358-afd9-602ae8644b43
111e92ba-f92a-4eca-8fbd-d45d738ccdf8,992ae373-a9bc-4ae6-9d74-7082cf0a4c12
a58cde3e-5225-43bc-bdd3-7ebbf9116e53,992ae373-a9bc-4ae6-9d74-7082cf0a4c12
a58cde3e-5225-43bc-bdd3-7ebbf9116e53,6ff9e82a-0eff-4a28-b5c4-68f943508bf2
76b4d827-5a34-4da7-a1f5-92191431cffe,6ca59447-c208-40e3-ab57-7edb01549cbf
73c7eb0c-4c58-454c-9017-ec7c5a45d3b6,6ca59447-c208-40e3-ab57-7edb01549cbf
d2c485e2-362a-4096-9b0a-127a508cd022,992ae373-a9bc-4ae6-9d74-7082cf0a4c12
d2c485e2-362a-4096-9b0a-127a508cd022,ae92de86-1329-4de8-bbcc-f478e9f8628b
eb4e0627-fe90-4d26-a597-c533c2520a19,0d262eed-551e-45d0-983c-bca05eabe980
daa85b38-32c3-45cd-bd17-0f8745d412b7,33f12961-e353-4d14-a7bc-4f20ffad7f00
66d12164-70bc-4915-a98f-17b82247d4c6,3b16b9a9-28b5-4421-a419-f2c0a580a622
eac2b378-6e8b-419c-9cd6-a10304f4e8e3,1f33d527-6045-4358-afd9-602ae8644b43
f7a2283d-4549-4f22-98e9-9670416bcdb6,c7e9d8ec-9ba5-4048-82e7-c3d2ff02eb9b
b4e02421-071a-4b7f-a84d-84bec0e928dc,38fb6d40-46f1-4b8f-8b19-6769e6e92687
d285f507-36c1-49ac-971c-49dbc6bb5dcc,41d62f31-a92e-4ff2-9981-41f3cf46ebeb
d285f507-36c1-49ac-971c-49dbc6bb5dcc,d89699f6-85db-4def-8de6-14cb07eb2c43
d285f507-36c1-49ac-971c-49dbc6bb5dcc,9e0438e5-793f-4371-97f4-f9db8f2c3bbc
2bc95498-b9a3-4875-9b9d-a21fddb99e1a,3b16b9a9-28b5-4421-a419-f2c0a580a622
049a569d-1a7b-4799-befc-a011e1460885,28408059-9560-428c-be43-378a604ac3e8
77042190-96d2-47d8-ab24-3572d49085be,20bc1485-d0c4-4b2b-b0b4-c282c203431a
38f708a2-b2b9-4c77-a399-6da5b83473a9,6ff9e82a-0eff-4a28-b5c4-68f943508bf2
38f708a2-b2b9-4c77-a399-6da5b83473a9,eddb9f19-4025-4f9a-8d44-a9bf94cb562e
3d926ba0-b2da-4db6-ad4a-27f72f94f0cf,8e47f6b9-4a44-4ce0-98bf-f3e7356fa1d2
d6c4ce10-7fd7-4f80-982d-2349f3dcb850,992ae373-a9bc-4ae6-9d74-7082cf0a4c12
d6c4ce10-7fd7-4f80-982d-2349f3dcb850,6ff9e82a-0eff-4a28-b5c4-68f943508bf2
d6c4ce10-7fd7-4f80-982d-2349f3dcb850,1f33d527-6045-4358-afd9-602ae8644b43
e542728d-a3a4-405d-bb6d-b14fc6aa2b37,35501750-04e3-48bd-bfe4-3aa7d22e3baa
62fe3c01-f3b1-4c79-b945-c24f9627cc97,abc6c08b-0d8b-4b68-9a5e-18e8122308ca
22daf674-d03e-4666-a574-2a75a8b98029,1f33d527-6045-4358-afd9-602ae8644b43
22daf674-d03e-4666-a574-2a75a8b98029,992ae373-a9bc-4ae6-9d74-7082cf0a4c12
22daf674-d03e-4666-a574-2a75a8b98029,6ff9e82a-0eff-4a28-b5c4-68f943508bf2
03838d07-cbce-4ec2-beab-9d886c4b89bc,6ca59447-c208-40e3-ab57-7edb01549cbf
7aad76e6-6b31-4794-81af-eed1d29976c8,992ae373-a9bc-4ae6-9d74-7082cf0a4c12
54e0bce8-d49f-4949-b2d9-bde1845d1c06,6ca59447-c208-40e3-ab57-7edb01549cbf
8c9d6d66-f89b-4027-9183-6576ddc95ac0,6ff9e82a-0eff-4a28-b5c4-68f943508bf2
8c9d6d66-f89b-4027-9183-6576ddc95ac0,eddb9f19-4025-4f9a-8d44-a9bf94cb562e
44c124eb-59c2-43e1-b864-d6bf5822ad0b,6ca59447-c208-40e3-ab57-7edb01549cbf
beca580b-2499-4618-97c1-99b4c97e68f8,992ae373-a9bc-4ae6-9d74-7082cf0a4c12
beca580b-2499-4618-97c1-99b4c97e68f8,eddb9f19-4025-4f9a-8d44-a9bf94cb562e
beca580b-2499-4618-97c1-99b4c97e68f8,72f27659-ea6c-40a3-9f2d-dfe7d82c853b
996d62cf-d379-4089-9c69-8eaacaf002f5,5fc091c1-fa87-45b5-878f-8deb38c39f5e
3e97f606-275b-407b-aae6-44a9123347f8,1f33d527-6045-4358-afd9-602ae8644b43
3e97f606-275b-407b-aae6-44a9123347f8,992ae373-a9bc-4ae6-9d74-7082cf0a4c12
3e97f606-275b-407b-aae6-44a9123347f8,ae92de86-1329-4de8-bbcc-f478e9f8628b
85ec3944-6758-4051-8287-2191ca29b3da,cde9a632-6add-43ce-8de9-84ce69637125
bf9c664b-330d-4f22-82cb-ba8a577dd75b,6ca59447-c208-40e3-ab57-7edb01549cbf
2e0cf363-7149-4b42-984d-55c97f16f2ca,6ff9e82a-0eff-4a28-b5c4-68f943508bf2
2e0cf363-7149-4b42-984d-55c97f16f2ca,ae92de86-1329-4de8-bbcc-f478e9f8628b
0c83074d-7c1c-4e2c-a3d3-dc66781448c5,6ca59447-c208-40e3-ab57-7edb01549cbf
b1dccafd-aad1-446a-8ae5-964f9297e76f,992ae373-a9bc-4ae6-9d74-7082cf0a4c12
03e6a5e1-954c-49e7-8cfe-66492cd98882,28408059-9560-428c-be43-378a604ac3e8
3b2929af-e28a-4472-af40-912e3ee84cbe,3b16b9a9-28b5-4421-a419-f2c0a580a622
b916eb1d-23b5-4707-ac0f-72f975d2d071,5fc091c1-fa87-45b5-878f-8deb38c39f5e
eef8f32b-7835-4b9f-bfde-35c3e19db968,bff58644-e49e-473a-982c-92154bff459a
38fc271d-e660-4b45-9e4f-c97a4a0bbd80,6ca59447-c208-40e3-ab57-7edb01549cbf
afaa5845-c925-4090-84c3-a7d8036a11cf,d8552976-9336-4818-a952-a6ada26a3006
afaa5845-c925-4090-84c3-a7d8036a11cf,05155868-5a51-4328-bec7-587f5f081148
70ed500d-cae3-4bc3-8544-85784713d2eb,c0616b1c-7741-4f55-9da3-7b115b34481c
9bd36144-09de-4e6e-b787-30c857be0b19,02257903-92fa-4ef4-8ba7-12758b989472
910c8311-ce03-4459-a0f5-292992a83077,02257903-92fa-4ef4-8ba7-12758b989472
de059e0a-1f62-4d84-99d5-fe521d9cdaa5,6ca59447-c208-40e3-ab57-7edb01549cbf
0ef01db7-68bb-46bc-8d5b-582241bed22e,992ae373-a9bc-4ae6-9d74-7082cf0a4c12
0ef01db7-68bb-46bc-8d5b-582241bed22e,6ff9e82a-0eff-4a28-b5c4-68f943508bf2
0ef01db7-68bb-46bc-8d5b-582241bed22e,41d62f31-a92e-4ff2-9981-41f3cf46ebeb
5bb31a00-a1ca-4ce3-8877-5c7d6738ffc2,cde9a632-6add-43ce-8de9-84ce69637125
6776fe1b-69f3-4ab1-94ae-0b6c9aa43ad3,5fc091c1-fa87-45b5-878f-8deb38c39f5e
9dfabf8a-adc7-4b2d-bbb8-1bacc119e3b8,ae92de86-1329-4de8-bbcc-f478e9f8628b
a915fde9-ad9d-465a-84b4-97140ab6a023,6ca59447-c208-40e3-ab57-7edb01549cbf
ba9f17df-85d8-44a8-89dd-9052e64b0249,992ae373-a9bc-4ae6-9d74-7082cf0a4c12
ba9f17df-85d8-44a8-89dd-9052e64b0249,ae92de86-1329-4de8-bbcc-f478e9f8628b
ba9f17df-85d8-44a8-89dd-9052e64b0249,6ff9e82a-0eff-4a28-b5c4-68f943508bf2
ba9f17df-85d8-44a8-89dd-9052e64b0249,fc1941db-1098-4bd5-a9c7-d9fe8b94172d
fcab95ee-dd26-429e-8b2e-f209c30164e2,f5ae86d6-7b29-42fb-b3b0-3b474b2978f5
0534be99-fc28-4771-a3a1-e45eba963488,6ca59447-c208-40e3-ab57-7edb01549cbf
c1bd108e-5272-4b43-b835-4c840bd17593,1fa3719f-7f49-43d3-9416-c38e10968ac8
c1bd108e-5272-4b43-b835-4c840bd17593,41d62f31-a92e-4ff2-9981-41f3cf46ebeb
e18f432a-a7da-40bf-ae09-1001a5a333b1,6ca59447-c208-40e3-ab57-7edb01549cbf
34282283-e6a3-4f3c-b501-dc058ef9cada,b47cb9fd-b9c9-4d77-916d-93ed0c1a1879
34282283-e6a3-4f3c-b501-dc058ef9cada,ae92de86-1329-4de8-bbcc-f478e9f8628b
e66927aa-dadc-46d2-b810-6c51d2806a0f,6ca59447-c208-40e3-ab57-7edb01549cbf
1cd9c323-d43c-475e-8b05-fb883b6f1a00,992ae373-a9bc-4ae6-9d74-7082cf0a4c12
1cd9c323-d43c-475e-8b05-fb883b6f1a00,6ff9e82a-0eff-4a28-b5c4-68f943508bf2
1cd9c323-d43c-475e-8b05-fb883b6f1a00,69b294ca-7d15-4303-9762-216ec08f824e
52de1cd2-a1b6-42d2-b829-0bf53d918a5d,6ca59447-c208-40e3-ab57-7edb01549cbf
3ab56e47-10fb-4e45-bf59-1eb9f9d25eac,fc1941db-1098-4bd5-a9c7-d9fe8b94172d
3ab56e47-10fb-4e45-bf59-1eb9f9d25eac,d8552976-9336-4818-a952-a6ada26a3006
3ab56e47-10fb-4e45-bf59-1eb9f9d25eac,0a2353ed-3482-4163-9ca4-46e6cf6ab717
a819ca9a-1b94-48fc-8109-eb174af2a3a8,af68b454-0781-4ba1-a037-4444038ef730
7ec69461-fe85-4309-bd72-62f8e86a636a,d89699f6-85db-4def-8de6-14cb07eb2c43
7ec69461-fe85-4309-bd72-62f8e86a636a,6e7ec579-d5fc-41c8-82f1-649532a23cb4
b55b15d4-494b-46b8-8bd7-1429176a3d68,3b16b9a9-28b5-4421-a419-f2c0a580a622
5a1eaa8c-600f-42ec-96b2-4f1d13eafeae,89816960-209a-4338-98c2-15cd395dd76b
6ea5337f-f575-42e2-8d03-664b183f80c5,28408059-9560-428c-be43-378a604ac3e8
bdd9d942-68f6-4071-82e4-dbd50db60a34,41d62f31-a92e-4ff2-9981-41f3cf46ebeb
5057fc84-a55a-4761-a091-22b03cd495af,8d82500d-abce-4859-889f-991e369704e8
8e7d154c-b288-4eab-8e54-13a49d263829,6ca59447-c208-40e3-ab57-7edb01549cbf
99454e59-a77c-4a88-9201-9ad5de81d9aa,d8552976-9336-4818-a952-a6ada26a3006
99454e59-a77c-4a88-9201-9ad5de81d9aa,05155868-5a51-4328-bec7-587f5f081148
d520b814-9892-45c1-8493-14f7e35a59e2,f77c85d9-e35a-426d-a5eb-256816aafe9f
5e4783d5-534e-4bf3-9568-0026b98c7a3c,b1938d90-e95c-4a12-87a3-4e4e3b8b4658
6661aca4-cffa-48dd-a643-913a75045c98,02257903-92fa-4ef4-8ba7-12758b989472
dbdb98d2-1e91-4e16-bfeb-793af8c0c937,1f33d527-6045-4358-afd9-602ae8644b43
dbdb98d2-1e91-4e16-bfeb-793af8c0c937,eddb9f19-4025-4f9a-8d44-a9bf94cb562e
4f9fea2c-451d-4395-8404-ea44b3fb9f22,6ca59447-c208-40e3-ab57-7edb01549cbf
9745400a-990f-492f-89f8-4d4980eeb996,992ae373-a9bc-4ae6-9d74-7082cf0a4c12
9745400a-990f-492f-89f8-4d4980eeb996,6ff9e82a-0eff-4a28-b5c4-68f943508bf2
9745400a-990f-492f-89f8-4d4980eeb996,9f6d5b2b-ac1c-4cc3-a7d1-7cedf98b7563
4e0fff6f-5cf2-445a-9881-d1416ea7b229,52d84173-882a-48bc-98c2-da35a45c13c1
501b200b-9bfe-4a9a-9ac9-309939e2dc6b,02257903-92fa-4ef4-8ba7-12758b989472
177a6993-a851-471e-882f-594f15d9e3cc,992ae373-a9bc-4ae6-9d74-7082cf0a4c12
177a6993-a851-471e-882f-594f15d9e3cc,eddb9f19-4025-4f9a-8d44-a9bf94cb562e
177a6993-a851-471e-882f-594f15d9e3cc,5115a7f4-c481-4f49-bf54-506badb69a95
177a6993-a851-471e-882f-594f15d9e3cc,1fa3719f-7f49-43d3-9416-c38e10968ac8
177a6993-a851-471e-882f-594f15d9e3cc,1f33d527-6045-4358-afd9-602ae8644b43
a616c694-5f00-44ba-9aa3-433eaa34f932,d4dbb265-4812-4b6c-a0fd-bab873e1106b
7088ea1e-56e8-41f3-bab1-2ca1a92b0154,207fe291-5f03-43cd-b528-0e897e3a3159
e1761dbe-82ec-42e2-bafe-d49bfccefc31,8d82500d-abce-4859-889f-991e369704e8
87ac62ca-570c-4635-adee-d142b75e9d0a,1f33d527-6045-4358-afd9-602ae8644b43
fb3fcd0a-6ba9-438a-ba1c-b29a52aaec79,6ca59447-c208-40e3-ab57-7edb01549cbf
218c5cb6-c086-475e-b84d-4a1304289163,ae92de86-1329-4de8-bbcc-f478e9f8628b
218c5cb6-c086-475e-b84d-4a1304289163,992ae373-a9bc-4ae6-9d74-7082cf0a4c12
218c5cb6-c086-475e-b84d-4a1304289163,6ff9e82a-0eff-4a28-b5c4-68f943508bf2
218c5cb6-c086-475e-b84d-4a1304289163,eddb9f19-4025-4f9a-8d44-a9bf94cb562e
be474d1c-bf62-427a-8da3-e0a5518342de,6ca59447-c208-40e3-ab57-7edb01549cbf
17d8b3e2-15f4-4411-b038-ebd8403da9fe,992ae373-a9bc-4ae6-9d74-7082cf0a4c12
17d8b3e2-15f4-4411-b038-ebd8403da9fe,6ff9e82a-0eff-4a28-b5c4-68f943508bf2
02799932-182f-435b-8467-6df7fd5bf88b,6ca59447-c208-40e3-ab57-7edb01549cbf
618301de-b753-4b22-bdd0-5306c0ba2a4d,992ae373-a9bc-4ae6-9d74-7082cf0a4c12
618301de-b753-4b22-bdd0-5306c0ba2a4d,eddb9f19-4025-4f9a-8d44-a9bf94cb562e
618301de-b753-4b22-bdd0-5306c0ba2a4d,72f27659-ea6c-40a3-9f2d-dfe7d82c853b
e048f8c5-d1ca-433d-ae14-d821abb23b8f,6ca59447-c208-40e3-ab57-7edb01549cbf
e00870e3-7bf9-44b9-b56e-e47a663e8ac4,6ff9e82a-0eff-4a28-b5c4-68f943508bf2
e00870e3-7bf9-44b9-b56e-e47a663e8ac4,992ae373-a9bc-4ae6-9d74-7082cf0a4c12
8dcfe904-d824-4554-896a-d66110e242a1,6ca59447-c208-40e3-ab57-7edb01549cbf
96e163ec-ea2b-498b-8d16-50bb94db3dac,992ae373-a9bc-4ae6-9d74-7082cf0a4c12
96e163ec-ea2b-498b-8d16-50bb94db3dac,f137d46d-5bac-404d-bfc9-d9fb8fc8a734
087b169a-3b17-411f-b7e0-2aa8f24effaf,0d262eed-551e-45d0-983c-bca05eabe980
6684fe33-bca1-4152-85e7-b52d537ab02d,21d8739d-25f6-48b7-a909-14d59848db24
717f4a29-5455-42d0-bd14-4bfa22701ea9,6bdd587c-344f-4fb7-b1c6-d48b8b15a2d1
edfbebf6-503c-43d0-a6fa-c8e072185eaf,1f33d527-6045-4358-afd9-602ae8644b43
edfbebf6-503c-43d0-a6fa-c8e072185eaf,d89699f6-85db-4def-8de6-14cb07eb2c43
edfbebf6-503c-43d0-a6fa-c8e072185eaf,c9f904db-1282-4b70-a753-596160a1136a
dcea16fd-aff4-494f-8194-2b1a9b4b51cd,2de89f91-6ef4-43e4-873b-ccf2b1bbfb52
dcea16fd-aff4-494f-8194-2b1a9b4b51cd,1fa3719f-7f49-43d3-9416-c38e10968ac8
dcea16fd-aff4-494f-8194-2b1a9b4b51cd,d89699f6-85db-4def-8de6-14cb07eb2c43
b8cc9d15-19a4-4158-b2dc-612cf555b17e,6ca59447-c208-40e3-ab57-7edb01549cbf
29cb6bdb-1c7c-4b77-a2a8-90f4c0bd9bc6,992ae373-a9bc-4ae6-9d74-7082cf0a4c12
29cb6bdb-1c7c-4b77-a2a8-90f4c0bd9bc6,ae92de86-1329-4de8-bbcc-f478e9f8628b
5bfb00fb-d18a-49ce-bf24-568654b04cd4,2407e3fc-726a-44f3-8344-0d8da811e1b8
43b0ea36-daf7-4ebf-9184-d57b80541cd8,e5c050af-918f-4377-8516-d61383dd7eeb
5463e6bb-1269-46d6-99a6-0968a060e652,3bf75b18-e479-43ff-b40e-b33f5996a5c4
68472b87-8a7e-463e-881c-d906cd2fb84f,3b16b9a9-28b5-4421-a419-f2c0a580a622
0b8a5a47-60a2-4f3c-9f26-d470530ea32a,05189b57-cd02-4472-9e21-bd3b54ab5dd6
64051aa5-3ebd-4cee-915f-0dc53a1613ee,b41e3b3e-d27b-4705-b8c7-592b89508e12
c9d2f0ba-be39-4e8d-afcb-d75db6234b2f,6e7ec579-d5fc-41c8-82f1-649532a23cb4
c9d2f0ba-be39-4e8d-afcb-d75db6234b2f,9e87af73-6ec7-473e-86b9-93fc8311efba
b5a836b0-3635-41df-b440-02b7c1fc4b2a,ac2f7cb8-fe85-4eec-9dbd-11aab73b200d
6cfbf40b-6b04-492c-9315-960dbbfec80f,40193610-2542-4d28-a63f-078467cb7f0a
c000f1fe-0cb3-4370-b6ad-c98b15e7d600,992ae373-a9bc-4ae6-9d74-7082cf0a4c12
c000f1fe-0cb3-4370-b6ad-c98b15e7d600,eddb9f19-4025-4f9a-8d44-a9bf94cb562e
c000f1fe-0cb3-4370-b6ad-c98b15e7d600,1f33d527-6045-4358-afd9-602ae8644b43
6f9af591-965a-4c33-85d8-1726d36b4de5,c28dbac1-24bb-4e49-8ccc-6360d439be7d
b005b72c-3376-47fa-9019-4fbe4af299e0,1fad2edd-83ee-4028-b2a6-4664d26552cd
45c9de69-fb90-4de6-9176-29c3c1353d9d,992ae373-a9bc-4ae6-9d74-7082cf0a4c12
45c9de69-fb90-4de6-9176-29c3c1353d9d,fc1941db-1098-4bd5-a9c7-d9fe8b94172d
70e1db11-f669-417e-829f-4f38cb217007,d89699f6-85db-4def-8de6-14cb07eb2c43
70e1db11-f669-417e-829f-4f38cb217007,6e7ec579-d5fc-41c8-82f1-649532a23cb4
8b531447-e784-49b3-a4bc-23f055b2c125,03361f27-53e9-4b05-8323-5824a02f071a
f43fa527-2951-496b-aaf9-ef8e00e72d37,d89699f6-85db-4def-8de6-14cb07eb2c43
f43fa527-2951-496b-aaf9-ef8e00e72d37,1f33d527-6045-4358-afd9-602ae8644b43
feadd7ae-1518-42e5-8457-05ae942d40bc,3b16b9a9-28b5-4421-a419-f2c0a580a622
1b187837-3258-428b-8f5a-074afb21871c,2baf988b-c09f-420d-b2f1-07c3f3cb565b
36c05086-7d0b-4f21-8bce-776422a6592f,20bc1485-d0c4-4b2b-b0b4-c282c203431a
392dd3e7-1b0b-4364-a4eb-beffaadbe7e3,69b294ca-7d15-4303-9762-216ec08f824e
0882f692-c969-4ad9-87d7-1de2f77206b7,6ca59447-c208-40e3-ab57-7edb01549cbf
7694c197-2e7f-497a-8a68-52a52cd55c9f,992ae373-a9bc-4ae6-9d74-7082cf0a4c12
7694c197-2e7f-497a-8a68-52a52cd55c9f,fc1941db-1098-4bd5-a9c7-d9fe8b94172d
7694c197-2e7f-497a-8a68-52a52cd55c9f,9f6d5b2b-ac1c-4cc3-a7d1-7cedf98b7563
64a2b81c-87d8-4750-9eee-ad6218be5001,6ca59447-c208-40e3-ab57-7edb01549cbf
23e5b7f6-a059-4916-a6cb-5ea50fb86c80,992ae373-a9bc-4ae6-9d74-7082cf0a4c12
23e5b7f6-a059-4916-a6cb-5ea50fb86c80,6ff9e82a-0eff-4a28-b5c4-68f943508bf2
d8ca3ef9-b8fb-41f3-b4c7-33dd34c8055f,6ca59447-c208-40e3-ab57-7edb01549cbf
db16cfcc-0194-405b-850a-d0a3da163333,992ae373-a9bc-4ae6-9d74-7082cf0a4c12
db16cfcc-0194-405b-850a-d0a3da163333,ae92de86-1329-4de8-bbcc-f478e9f8628b
5ddaf977-f81c-405b-ba13-59e1b21deb3c,89816960-209a-4338-98c2-15cd395dd76b
3e33cbc2-3a76-4121-ab67-2c45aec89144,46d4a1d1-c057-49ba-a879-db85b0cda4b9
8b97bab8-dfdd-4ba9-acec-1401b9fe815b,3b16b9a9-28b5-4421-a419-f2c0a580a622
f685c601-2aee-4b99-8ade-db0368e585b9,1f33d527-6045-4358-afd9-602ae8644b43
7b55309d-4325-4a09-84ce-0996ccef9b6d,3b16b9a9-28b5-4421-a419-f2c0a580a622
c265c533-b066-426d-affb-ceefab201e4c,6ca59447-c208-40e3-ab57-7edb01549cbf
3dac36bc-3343-4964-8d2a-3d94627a60a1,6ff9e82a-0eff-4a28-b5c4-68f943508bf2
3dac36bc-3343-4964-8d2a-3d94627a60a1,eddb9f19-4025-4f9a-8d44-a9bf94cb562e
87e31457-ed11-4382-933b-9524d02255fc,c0616b1c-7741-4f55-9da3-7b115b34481c
ea4f40ef-a8b2-4848-a678-8383158341ad,992ae373-a9bc-4ae6-9d74-7082cf0a4c12
ea4f40ef-a8b2-4848-a678-8383158341ad,6ff9e82a-0eff-4a28-b5c4-68f943508bf2
210b401d-2fc6-448d-8b33-94745490cc58,c0616b1c-7741-4f55-9da3-7b115b34481c
daae74a5-8a9b-42e3-9594-91d50c62cd77,52796119-3d9a-42c7-bbf9-82061c9bb95d
b562513e-09ed-4639-a6d3-160062ecb873,0d89cd97-9e1b-4cb3-89fc-6773540db9e8
36a2a42c-6250-4296-baff-2a9bce649fea,5fc091c1-fa87-45b5-878f-8deb38c39f5e
f2bccc54-6e02-439e-9764-e302a6bff72f,1f33d527-6045-4358-afd9-602ae8644b43
744819f6-c0b9-407d-b889-531570726730,6ca59447-c208-40e3-ab57-7edb01549cbf
60e3fa21-663c-4b5f-afdc-ad3de853ec68,f137d46d-5bac-404d-bfc9-d9fb8fc8a734
cca8c692-15fe-48c4-8f2c-b743166df97b,6ca59447-c208-40e3-ab57-7edb01549cbf
a2c22bbf-5203-47c6-8491-99dfa9c5ef0f,41d62f31-a92e-4ff2-9981-41f3cf46ebeb
a2c22bbf-5203-47c6-8491-99dfa9c5ef0f,1fa3719f-7f49-43d3-9416-c38e10968ac8
a2c22bbf-5203-47c6-8491-99dfa9c5ef0f,a02e22cb-d235-4e41-99c0-73d63c06157e
d1e9f535-3186-48a7-b473-f4c6009e3d02,6ca59447-c208-40e3-ab57-7edb01549cbf
5d670202-8d46-49c2-b45f-d36465ca7ca1,1f33d527-6045-4358-afd9-602ae8644b43
1d756c1d-aaaf-4513-b0fa-5db3e339ecbf,0d89cd97-9e1b-4cb3-89fc-6773540db9e8
dc3def53-7b7b-484d-a215-552494a4ece9,386c578b-2a53-4c3a-b910-a980fb1773c0
70c79f7b-81d8-4e82-8583-bf7c70ff34b2,a02e22cb-d235-4e41-99c0-73d63c06157e
70c79f7b-81d8-4e82-8583-bf7c70ff34b2,eddb9f19-4025-4f9a-8d44-a9bf94cb562e
70c79f7b-81d8-4e82-8583-bf7c70ff34b2,1f33d527-6045-4358-afd9-602ae8644b43
d03b45fb-db20-4b9c-86b1-fa6f285bdee1,92a75c62-556e-4861-bd75-a29497ddf8cb
f282bd79-34df-44b1-88c4-137d9453b41c,50d749ed-12a3-48bb-88a9-ac8403bdc400
be7527a1-250b-45a5-8a6b-6dc6efbb40a0,9e87af73-6ec7-473e-86b9-93fc8311efba
4d7cca85-7b01-4716-b0ab-0377a78eef50,ca64a6a5-167f-4dc6-a828-596ec7fb7bcf
717740d5-684e-40c7-bb4a-dcc5b07b21a2,6ca59447-c208-40e3-ab57-7edb01549cbf
26afddc0-39c3-4ba9-a057-7dc89359119d,f4053f71-94b5-40b2-92bd-fb588127fe38
ba2d95c0-6e89-4a73-9c6e-e532346973e5,2baf988b-c09f-420d-b2f1-07c3f3cb565b
79327945-1eaa-4e1d-af1b-08e0a0786923,20bc1485-d0c4-4b2b-b0b4-c282c203431a
943a5df4-0cc0-4702-9e1d-8568b7b1d769,1fa3719f-7f49-43d3-9416-c38e10968ac8
943a5df4-0cc0-4702-9e1d-8568b7b1d769,41d62f31-a92e-4ff2-9981-41f3cf46ebeb
67e55e6b-91f5-41af-a2da-a08a82587040,6ca59447-c208-40e3-ab57-7edb01549cbf
fba08297-2142-4481-b9b4-64d1b1cd0315,992ae373-a9bc-4ae6-9d74-7082cf0a4c12
fba08297-2142-4481-b9b4-64d1b1cd0315,ae92de86-1329-4de8-bbcc-f478e9f8628b
507b7858-98fa-474c-a1ec-65d05f2d8797,6ca59447-c208-40e3-ab57-7edb01549cbf
3eeb69be-2341-4a84-91c1-5fc9852cd9da,1f33d527-6045-4358-afd9-602ae8644b43
3eeb69be-2341-4a84-91c1-5fc9852cd9da,992ae373-a9bc-4ae6-9d74-7082cf0a4c12
88a9bb83-0e7c-4a36-9399-e60b6c6cf45a,af68b454-0781-4ba1-a037-4444038ef730
cd9f07fb-2028-42e9-b3ee-4fa466829bb6,3b16b9a9-28b5-4421-a419-f2c0a580a622
d2ef35a8-61c1-45e2-9dde-6267e2df033d,9e87af73-6ec7-473e-86b9-93fc8311efba
d2ef35a8-61c1-45e2-9dde-6267e2df033d,4c9945e5-4487-40d3-ac4d-0f39caa452c4
d2ef35a8-61c1-45e2-9dde-6267e2df033d,d89699f6-85db-4def-8de6-14cb07eb2c43
9cc01c6f-9b5e-42a4-b2f2-2ff8566e9a2f,6ca59447-c208-40e3-ab57-7edb01549cbf
40982da5-93fc-4eb7-8847-d3b4ad4c4363,992ae373-a9bc-4ae6-9d74-7082cf0a4c12
391b0f12-4b56-4bc9-8a45-5c9c8c9fb9f5,6ca59447-c208-40e3-ab57-7edb01549cbf
35b8a27b-5476-4f28-8546-1912e880319c,4c9945e5-4487-40d3-ac4d-0f39caa452c4
35b8a27b-5476-4f28-8546-1912e880319c,992ae373-a9bc-4ae6-9d74-7082cf0a4c12
b23a2338-6bce-4ac0-8978-c98c281a8d6c,6ca59447-c208-40e3-ab57-7edb01549cbf
5df3105b-b7bb-4d9d-ab36-6db2c44461ff,992ae373-a9bc-4ae6-9d74-7082cf0a4c12
cecea6c3-0003-48e9-80e2-0602eb4cfccb,6ca59447-c208-40e3-ab57-7edb01549cbf
5e6635d6-5341-4fab-a448-2a41db2be636,fc1941db-1098-4bd5-a9c7-d9fe8b94172d
5e6635d6-5341-4fab-a448-2a41db2be636,d8552976-9336-4818-a952-a6ada26a3006
5e6635d6-5341-4fab-a448-2a41db2be636,8ccdb142-81ed-489d-94a0-4041bd04a46e
3a772f09-b16c-4e03-acef-e23a0f3a7189,0956065f-f830-46ce-8db3-7c82b0df46c0
b0bfbb00-5370-4d08-b8c9-67db6d8d1153,6359b0bf-3af6-44e9-bf13-71c9fe0ead77
00b4a87c-3bd2-4d66-9de9-3b06675b51f1,d89699f6-85db-4def-8de6-14cb07eb2c43
00b4a87c-3bd2-4d66-9de9-3b06675b51f1,3bf75b18-e479-43ff-b40e-b33f5996a5c4
00b4a87c-3bd2-4d66-9de9-3b06675b51f1,41d62f31-a92e-4ff2-9981-41f3cf46ebeb
d58fa88e-8627-4d52-85e1-a4ba88cb2bec,6bdd587c-344f-4fb7-b1c6-d48b8b15a2d1
feb4a8ea-c6b6-4893-9c5a-687e4e598be9,6bdd587c-344f-4fb7-b1c6-d48b8b15a2d1
20757a04-e565-40fa-a17f-d97d5ebcaada,6ca59447-c208-40e3-ab57-7edb01549cbf
df6c9d3d-cf8f-4a74-8865-596568e05908,992ae373-a9bc-4ae6-9d74-7082cf0a4c12
df6c9d3d-cf8f-4a74-8865-596568e05908,fc1941db-1098-4bd5-a9c7-d9fe8b94172d
df6c9d3d-cf8f-4a74-8865-596568e05908,d8552976-9336-4818-a952-a6ada26a3006
0fda53c7-5566-472e-b6a0-e92e34785d18,6ca59447-c208-40e3-ab57-7edb01549cbf
dbaf9adf-2d61-46c1-8882-73d1ce61ef87,992ae373-a9bc-4ae6-9d74-7082cf0a4c12
dbaf9adf-2d61-46c1-8882-73d1ce61ef87,eddb9f19-4025-4f9a-8d44-a9bf94cb562e
dbaf9adf-2d61-46c1-8882-73d1ce61ef87,72f27659-ea6c-40a3-9f2d-dfe7d82c853b
434a5b20-c0f0-4d4f-8cb8-56bfe894529c,6ca59447-c208-40e3-ab57-7edb01549cbf
f5b2f32d-6dad-45b6-b284-f6156c0ae015,992ae373-a9bc-4ae6-9d74-7082cf0a4c12
f5b2f32d-6dad-45b6-b284-f6156c0ae015,6ff9e82a-0eff-4a28-b5c4-68f943508bf2
a1e04944-956d-4d6a-a0a0-3c236b731a56,6ca59447-c208-40e3-ab57-7edb01549cbf
da759f2f-8d0b-4a23-8b0e-9944f4c5afa6,992ae373-a9bc-4ae6-9d74-7082cf0a4c12
da759f2f-8d0b-4a23-8b0e-9944f4c5afa6,6ff9e82a-0eff-4a28-b5c4-68f943508bf2
c706cd95-f950-4e7f-af14-56f1b2c6639b,6ca59447-c208-40e3-ab57-7edb01549cbf
2dd15e6a-eedd-4fa2-ae70-40f85fc45754,eddb9f19-4025-4f9a-8d44-a9bf94cb562e
2dd15e6a-eedd-4fa2-ae70-40f85fc45754,ae92de86-1329-4de8-bbcc-f478e9f8628b
2dd15e6a-eedd-4fa2-ae70-40f85fc45754,72f27659-ea6c-40a3-9f2d-dfe7d82c853b
6fbf51a5-1649-43de-ade3-f14f14b6e843,ac2f7cb8-fe85-4eec-9dbd-11aab73b200d
875d0b8c-3897-48ff-b55f-4a63e56d43cf,40193610-2542-4d28-a63f-078467cb7f0a
6d0abb54-6e77-422d-8167-73a0337254eb,9d902a90-2e2d-4921-9d40-b5c18c6fe7ec
3f203402-db20-4ae5-af17-e704dbec420a,cde9a632-6add-43ce-8de9-84ce69637125
69b52b3b-a10a-46c6-a1e4-e38da950e11f,386c578b-2a53-4c3a-b910-a980fb1773c0
92dbc333-b368-4ab0-a65a-91957681b0c1,f4053f71-94b5-40b2-92bd-fb588127fe38
92dbc333-b368-4ab0-a65a-91957681b0c1,1f33d527-6045-4358-afd9-602ae8644b43
221c4968-90a8-4227-9332-8cc3eaa8734a,3b16b9a9-28b5-4421-a419-f2c0a580a622
218badac-8b38-4993-a4bf-f4e8ba4a9368,af68b454-0781-4ba1-a037-4444038ef730
321429aa-6199-4269-a10a-bb2881a04864,1f33d527-6045-4358-afd9-602ae8644b43
07ee8207-5106-4724-9f6f-2bd4cf62fb90,3b16b9a9-28b5-4421-a419-f2c0a580a622
d114485d-d340-4ad9-ad7e-9819e4f23452,ae92de86-1329-4de8-bbcc-f478e9f8628b
d114485d-d340-4ad9-ad7e-9819e4f23452,992ae373-a9bc-4ae6-9d74-7082cf0a4c12
e5a9e459-55d4-4e14-9c17-400eb1e1bd9a,6ca59447-c208-40e3-ab57-7edb01549cbf
d06681c0-4c02-46db-b8da-4c7edda0dc16,50d749ed-12a3-48bb-88a9-ac8403bdc400
cbe650de-e8fb-4516-bd9a-56a26cf096ec,1f33d527-6045-4358-afd9-602ae8644b43
cbe650de-e8fb-4516-bd9a-56a26cf096ec,992ae373-a9bc-4ae6-9d74-7082cf0a4c12
cbe650de-e8fb-4516-bd9a-56a26cf096ec,9d902a90-2e2d-4921-9d40-b5c18c6fe7ec
e89584f9-9a01-48c8-b152-6ea2a4155f85,ca64a6a5-167f-4dc6-a828-596ec7fb7bcf
158f98d8-8071-40bf-8b93-5d92b0e5e232,6ca59447-c208-40e3-ab57-7edb01549cbf
a6d85888-c3e2-40b7-97af-ca9def772934,6e7ec579-d5fc-41c8-82f1-649532a23cb4
a6d85888-c3e2-40b7-97af-ca9def772934,9e87af73-6ec7-473e-86b9-93fc8311efba
301b28c9-5d66-4a08-ae80-24afb7d577b4,5fc091c1-fa87-45b5-878f-8deb38c39f5e
b6f253a1-ace1-4109-9aee-35e9aaecb703,1f33d527-6045-4358-afd9-602ae8644b43
b6f253a1-ace1-4109-9aee-35e9aaecb703,9d902a90-2e2d-4921-9d40-b5c18c6fe7ec
af4a43b9-beaf-41cc-ad08-429c7711669b,cde9a632-6add-43ce-8de9-84ce69637125
ccb57b5b-2038-4525-96a0-7ab195b7e920,6ca59447-c208-40e3-ab57-7edb01549cbf
5c124ee6-28f2-4cec-80ca-e612928c89f6,d89699f6-85db-4def-8de6-14cb07eb2c43
5c124ee6-28f2-4cec-80ca-e612928c89f6,a935ba3a-86b5-400c-8948-e6375e9fc3fe
7b2debaf-2bc5-4fb9-8a81-007d02f9fc4f,cc81e6bc-9247-4f0e-9eb4-ca3900ac7217
84c23f63-8faa-426c-802e-b78a8e1df720,20bc1485-d0c4-4b2b-b0b4-c282c203431a
9520afb5-ed8a-43f9-973b-347c7459aa71,eddb9f19-4025-4f9a-8d44-a9bf94cb562e
48dd9644-03dc-49bd-8ba2-3e7e04874c40,b5489408-529d-4ff3-bc71-57bc4e093158
070bd3a5-478c-474e-bb92-d13566ddfa19,6ca59447-c208-40e3-ab57-7edb01549cbf
8aa16f43-1dc5-4874-96a8-224280661f78,992ae373-a9bc-4ae6-9d74-7082cf0a4c12
f2a2ef22-80ea-4533-8762-19f8b5cad86c,3d947f3c-fa03-4667-b09a-25a8f2db2adb
41bbddeb-5af0-48aa-a72b-37685fc09f1d,6359b0bf-3af6-44e9-bf13-71c9fe0ead77
90a5d29a-f72b-4b4b-baf6-cde86a447b5c,9e87af73-6ec7-473e-86b9-93fc8311efba
90a5d29a-f72b-4b4b-baf6-cde86a447b5c,a558c676-742a-40c3-ab74-60a0f34d0c43
ebfb9a8e-8eb2-4c61-83d1-0393c3b78055,6ca59447-c208-40e3-ab57-7edb01549cbf
4412948a-f09b-49b4-be13-49dd2276fc5a,eddb9f19-4025-4f9a-8d44-a9bf94cb562e
4412948a-f09b-49b4-be13-49dd2276fc5a,ae92de86-1329-4de8-bbcc-f478e9f8628b
4412948a-f09b-49b4-be13-49dd2276fc5a,6ff9e82a-0eff-4a28-b5c4-68f943508bf2
d59b874b-7ee9-4301-8b5e-abc2e17248a7,6ca59447-c208-40e3-ab57-7edb01549cbf
1fef0f08-640a-4176-90dc-d794dbc8f2de,d8552976-9336-4818-a952-a6ada26a3006
2bfcd519-148d-45d3-bda2-49b67dc044ad,6ca59447-c208-40e3-ab57-7edb01549cbf
69e4ca98-790c-4b18-b2de-d8de38520f1f,992ae373-a9bc-4ae6-9d74-7082cf0a4c12
69e4ca98-790c-4b18-b2de-d8de38520f1f,6ff9e82a-0eff-4a28-b5c4-68f943508bf2
760a8a9c-25b1-4220-83a7-e64ae06a27ca,bff58644-e49e-473a-982c-92154bff459a
55bf6739-8a21-44c1-aa15-e881a0a60b11,1e196050-b600-4580-be68-9b797e9f4849
c6aa2ce1-2f9b-4bcc-b1d5-1c4394a7e842,3b16b9a9-28b5-4421-a419-f2c0a580a622
040a8b6e-5c99-48d4-a4ae-095482c0cec2,eddb9f19-4025-4f9a-8d44-a9bf94cb562e
040a8b6e-5c99-48d4-a4ae-095482c0cec2,d89699f6-85db-4def-8de6-14cb07eb2c43
ffded909-e0bd-47a3-b863-8bd431d2b86a,6ca59447-c208-40e3-ab57-7edb01549cbf
d9a8dace-f38e-483f-a7c3-0565bae516fe,fe8e1adf-281b-493b-a6ec-1b86629a19d7
fe7b1332-77c2-41c2-9b93-0cb00b419c07,6ca59447-c208-40e3-ab57-7edb01549cbf
730a8f47-62b7-4d71-923a-99e40113c6ce,3ede1470-2ccd-442a-9411-0f2f431639e4
730a8f47-62b7-4d71-923a-99e40113c6ce,d89699f6-85db-4def-8de6-14cb07eb2c43
730a8f47-62b7-4d71-923a-99e40113c6ce,72f27659-ea6c-40a3-9f2d-dfe7d82c853b
8f7c2963-09eb-4aff-9fb9-85b74bbda0bb,af68b454-0781-4ba1-a037-4444038ef730
74c5c073-77a3-45da-92d3-a7bd395b8ccd,f4053f71-94b5-40b2-92bd-fb588127fe38
74c5c073-77a3-45da-92d3-a7bd395b8ccd,41d62f31-a92e-4ff2-9981-41f3cf46ebeb
cbedec23-3b15-47ed-acf8-130a0a82ca8a,3b16b9a9-28b5-4421-a419-f2c0a580a622
dba9f3a9-f17a-4948-b045-83cdb9cfc29c,6ca59447-c208-40e3-ab57-7edb01549cbf
37efa76d-d31b-4eec-b6b3-0c18195a1349,ae92de86-1329-4de8-bbcc-f478e9f8628b
37efa76d-d31b-4eec-b6b3-0c18195a1349,6ff9e82a-0eff-4a28-b5c4-68f943508bf2
37efa76d-d31b-4eec-b6b3-0c18195a1349,992ae373-a9bc-4ae6-9d74-7082cf0a4c12
2c6dcfd2-04ca-4d27-a18f-75626205b113,6ca59447-c208-40e3-ab57-7edb01549cbf
512d41a7-7832-49b1-9cb5-056d5e83b093,eddb9f19-4025-4f9a-8d44-a9bf94cb562e
512d41a7-7832-49b1-9cb5-056d5e83b093,992ae373-a9bc-4ae6-9d74-7082cf0a4c12
512d41a7-7832-49b1-9cb5-056d5e83b093,1f33d527-6045-4358-afd9-602ae8644b43
c8bf4d5f-96bd-4e41-8d9d-67bb9516d24d,f413d6b6-6542-41fc-940c-6177cf5606aa
b3434825-7d1d-4638-ad79-a26949bc9ba9,386c578b-2a53-4c3a-b910-a980fb1773c0
9459a999-ee56-4719-bc1c-c696d69b7abf,d89699f6-85db-4def-8de6-14cb07eb2c43
9459a999-ee56-4719-bc1c-c696d69b7abf,1f33d527-6045-4358-afd9-602ae8644b43
2a036393-35b5-4931-8fe6-f80c8a0154cc,ca64a6a5-167f-4dc6-a828-596ec7fb7bcf
39c85e7d-54c8-4b94-8374-a8e4670599c6,50d749ed-12a3-48bb-88a9-ac8403bdc400
26a45ed4-e1db-41a2-b273-4a8b94037f2b,992ae373-a9bc-4ae6-9d74-7082cf0a4c12
26a45ed4-e1db-41a2-b273-4a8b94037f2b,6ff9e82a-0eff-4a28-b5c4-68f943508bf2
9791112e-ddbb-4ae6-b4fb-a4d13748611e,6ca59447-c208-40e3-ab57-7edb01549cbf
aea5db3a-70fc-4749-9000-e700e9433f48,992ae373-a9bc-4ae6-9d74-7082cf0a4c12
aea5db3a-70fc-4749-9000-e700e9433f48,6ff9e82a-0eff-4a28-b5c4-68f943508bf2
a372924a-548a-41e0-8a6c-43351f29accd,ca64a6a5-167f-4dc6-a828-596ec7fb7bcf
252954b6-41db-4e0b-9676-9d6054dcdec3,0d89cd97-9e1b-4cb3-89fc-6773540db9e8
08da4c58-524d-4cdf-b7b6-404335f0bbaf,6bdd587c-344f-4fb7-b1c6-d48b8b15a2d1
e6796225-2a90-4be9-afe8-0678776775de,d89699f6-85db-4def-8de6-14cb07eb2c43
7b83756f-60b6-4477-88e5-66b46765c65e,cde9a632-6add-43ce-8de9-84ce69637125
713e5629-032d-410a-b4a1-f3d256ead506,6e7ec579-d5fc-41c8-82f1-649532a23cb4
439ec17b-d460-429d-aa7c-0b35f4eadeeb,5fc091c1-fa87-45b5-878f-8deb38c39f5e
b0ed287d-bb1e-4181-b363-db2bd99b248a,6ca59447-c208-40e3-ab57-7edb01549cbf
9876399d-d848-4945-bffd-438790087dc6,f137d46d-5bac-404d-bfc9-d9fb8fc8a734
9876399d-d848-4945-bffd-438790087dc6,72f27659-ea6c-40a3-9f2d-dfe7d82c853b
9876399d-d848-4945-bffd-438790087dc6,992ae373-a9bc-4ae6-9d74-7082cf0a4c12
da79a48e-022f-4226-a535-385f64586612,c0616b1c-7741-4f55-9da3-7b115b34481c
a81a9712-c4e4-4dfe-aebb-5bfee439cf85,c0616b1c-7741-4f55-9da3-7b115b34481c
f64488b0-93a9-4688-9745-66dd05e7aa69,d8552976-9336-4818-a952-a6ada26a3006
f64488b0-93a9-4688-9745-66dd05e7aa69,fc1941db-1098-4bd5-a9c7-d9fe8b94172d
876361f6-3f14-4536-bd1e-064b4911ce14,992ae373-a9bc-4ae6-9d74-7082cf0a4c12
66a6d2c5-c586-47bf-a1f5-59ef375b842d,28408059-9560-428c-be43-378a604ac3e8
5edc5430-ba73-4e81-b041-ac078fbad8d3,3b16b9a9-28b5-4421-a419-f2c0a580a622
bbf7172c-5a51-4db6-b04f-6bf8b84619d3,6b0712f7-178e-473d-8bc6-3ca8e50b9053
10a3cbe1-b860-4959-baba-c498e59b1c1b,643d43fe-baa8-4b50-937f-1afb03bd76e9
7395237f-aafb-4032-a418-eda834cc3388,f77c85d9-e35a-426d-a5eb-256816aafe9f
ab10b1de-bd39-4f1a-9cf2-a3e265d0e3ec,6ca59447-c208-40e3-ab57-7edb01549cbf
f6e2da8b-cf19-4007-8617-5314c44ae310,eddb9f19-4025-4f9a-8d44-a9bf94cb562e
f6e2da8b-cf19-4007-8617-5314c44ae310,a558c676-742a-40c3-ab74-60a0f34d0c43
8a90aeee-0850-4096-8548-0d65e77ff6aa,6ca59447-c208-40e3-ab57-7edb01549cbf
ddcbaa45-5568-4b62-baaa-9453cf3a4a84,d8552976-9336-4818-a952-a6ada26a3006
ddcbaa45-5568-4b62-baaa-9453cf3a4a84,fc1941db-1098-4bd5-a9c7-d9fe8b94172d
2c6f1453-969f-40f8-a238-9df9a15092c5,3d947f3c-fa03-4667-b09a-25a8f2db2adb
2af20db8-6f44-48b8-9593-b617ff1c15a0,6359b0bf-3af6-44e9-bf13-71c9fe0ead77
64e64a15-5ab0-405d-b87f-67d575d4afdf,eddb9f19-4025-4f9a-8d44-a9bf94cb562e
81f161fe-fd91-46e7-8566-08f3e5b3caf2,0d262eed-551e-45d0-983c-bca05eabe980
a3e51071-1394-4f59-87cb-f2cb4db77d52,21d8739d-25f6-48b7-a909-14d59848db24
c4dfc610-7aae-4ac8-b216-cd65851505d6,6bdd587c-344f-4fb7-b1c6-d48b8b15a2d1
affd2114-ad51-4ace-af80-9ad63dd8ebbf,1f33d527-6045-4358-afd9-602ae8644b43
affd2114-ad51-4ace-af80-9ad63dd8ebbf,d89699f6-85db-4def-8de6-14cb07eb2c43
f7e91f42-f750-4311-8996-04ed746b0e31,6ca59447-c208-40e3-ab57-7edb01549cbf
7367e323-0fd4-4362-b6f1-18cfde1138e6,9d902a90-2e2d-4921-9d40-b5c18c6fe7ec
6c959f95-5b01-4e29-b679-bb273b7157df,6ca59447-c208-40e3-ab57-7edb01549cbf
660aedc0-cf49-43c1-b9f1-22e8f2588c36,6ff9e82a-0eff-4a28-b5c4-68f943508bf2
660aedc0-cf49-43c1-b9f1-22e8f2588c36,3ede1470-2ccd-442a-9411-0f2f431639e4
5ffa0e9b-afe2-419c-be2a-c9ea2fd49bbd,6ca59447-c208-40e3-ab57-7edb01549cbf
b2219c6e-9739-48c0-b522-49e2a503610b,eddb9f19-4025-4f9a-8d44-a9bf94cb562e
b2219c6e-9739-48c0-b522-49e2a503610b,992ae373-a9bc-4ae6-9d74-7082cf0a4c12
b2219c6e-9739-48c0-b522-49e2a503610b,1f33d527-6045-4358-afd9-602ae8644b43
829dc108-169f-4061-bfa9-99538abf08bc,6ca59447-c208-40e3-ab57-7edb01549cbf
99e4eb60-47ca-4f92-9714-a2673d2210d8,992ae373-a9bc-4ae6-9d74-7082cf0a4c12
99e4eb60-47ca-4f92-9714-a2673d2210d8,6ff9e82a-0eff-4a28-b5c4-68f943508bf2
99e4eb60-47ca-4f92-9714-a2673d2210d8,ae92de86-1329-4de8-bbcc-f478e9f8628b
99e4eb60-47ca-4f92-9714-a2673d2210d8,eddb9f19-4025-4f9a-8d44-a9bf94cb562e
f58bc55b-8740-43fb-a40e-62d5cab19c38,6ca59447-c208-40e3-ab57-7edb01549cbf
92990ae3-4df7-4df4-bdf9-1b374bcf532f,992ae373-a9bc-4ae6-9d74-7082cf0a4c12
92990ae3-4df7-4df4-bdf9-1b374bcf532f,254b263b-b58f-4212-b381-33c85da3e4c9
681384ee-b634-4420-b5f7-31b4935ec127,6ca59447-c208-40e3-ab57-7edb01549cbf
9f56d52b-361d-4625-ba76-07068a9f39ab,abc6c08b-0d8b-4b68-9a5e-18e8122308ca
feb2378a-3746-4182-abde-6c798b34d0d9,636ec317-4c7e-4140-949e-b81cdece4be4
e4a55a50-ab76-4f87-b181-380df37b322a,3b16b9a9-28b5-4421-a419-f2c0a580a622
d9219be1-ec85-44ee-9b87-3e5e96909684,1f33d527-6045-4358-afd9-602ae8644b43
d9219be1-ec85-44ee-9b87-3e5e96909684,f4053f71-94b5-40b2-92bd-fb588127fe38
0033ff77-9090-49b1-98f5-08aa3bda4411,c7e9d8ec-9ba5-4048-82e7-c3d2ff02eb9b
0cbd5ee1-0ba8-4105-9242-8e688f8cfe9e,6ca59447-c208-40e3-ab57-7edb01549cbf
0c0920bc-49f8-4ac1-a9bc-e699dc954969,0a2353ed-3482-4163-9ca4-46e6cf6ab717
6096553a-b891-4883-8d91-9f47ed0ad87f,6ca59447-c208-40e3-ab57-7edb01549cbf
1a8f5ae2-9dda-4869-a22b-ceb73ee5d5d6,9d902a90-2e2d-4921-9d40-b5c18c6fe7ec
d4f0e659-267b-45c3-b54a-a20c6e7bad9d,992ae373-a9bc-4ae6-9d74-7082cf0a4c12
d4f0e659-267b-45c3-b54a-a20c6e7bad9d,72f27659-ea6c-40a3-9f2d-dfe7d82c853b
8617a8fb-ab7c-4d8b-a7bf-7c168afce0c2,6ca59447-c208-40e3-ab57-7edb01549cbf
12c808de-4de5-4410-be32-c20a93b5969f,992ae373-a9bc-4ae6-9d74-7082cf0a4c12
6f983fa2-e9ac-4d0f-bfc2-3f8487f047fc,6ca59447-c208-40e3-ab57-7edb01549cbf
ac0438f3-bc42-4f7c-b393-78c36f0de9cd,992ae373-a9bc-4ae6-9d74-7082cf0a4c12
ba9d057a-a834-432a-8e33-553a13d2441b,c0cdd49a-91fd-4557-95e5-236e2a601286
628f2f78-48e2-4f78-b276-f861e69315f1,6bdd587c-344f-4fb7-b1c6-d48b8b15a2d1
9a16922f-0112-4403-a663-cb433349d97c,1f33d527-6045-4358-afd9-602ae8644b43
9a16922f-0112-4403-a663-cb433349d97c,c9f904db-1282-4b70-a753-596160a1136a
da7b8aae-d207-4a06-81a2-710ab0766ccf,1f33d527-6045-4358-afd9-602ae8644b43
da7b8aae-d207-4a06-81a2-710ab0766ccf,94d3c2e4-6c9d-45de-9663-14be2dcabf8d
607df8c7-dac3-4932-af10-f057e7e81d64,cde9a632-6add-43ce-8de9-84ce69637125
a86ddac2-d13b-4a20-8c77-5a791e8dd74c,5fc091c1-fa87-45b5-878f-8deb38c39f5e
6e31a6a3-c0f3-4a23-a60d-1d1a247cc6a2,1f33d527-6045-4358-afd9-602ae8644b43
6e31a6a3-c0f3-4a23-a60d-1d1a247cc6a2,d89699f6-85db-4def-8de6-14cb07eb2c43
a3f9e26f-974d-4ed8-93c1-8467cd5c8def,6ca59447-c208-40e3-ab57-7edb01549cbf
22fe7ffe-eb4e-4a80-ac01-e702068c3c81,992ae373-a9bc-4ae6-9d74-7082cf0a4c12
22fe7ffe-eb4e-4a80-ac01-e702068c3c81,fc1941db-1098-4bd5-a9c7-d9fe8b94172d
22fe7ffe-eb4e-4a80-ac01-e702068c3c81,ae92de86-1329-4de8-bbcc-f478e9f8628b
22fe7ffe-eb4e-4a80-ac01-e702068c3c81,6ff9e82a-0eff-4a28-b5c4-68f943508bf2
2632c340-b205-4e5f-99f5-65cf845f5993,c0cdd49a-91fd-4557-95e5-236e2a601286
ddc7d6f4-c032-4a5a-9899-118e2d28da4e,6bdd587c-344f-4fb7-b1c6-d48b8b15a2d1
6957cc2c-7057-4b5e-96a5-3d7f5b5a1520,992ae373-a9bc-4ae6-9d74-7082cf0a4c12
6957cc2c-7057-4b5e-96a5-3d7f5b5a1520,eddb9f19-4025-4f9a-8d44-a9bf94cb562e
6957cc2c-7057-4b5e-96a5-3d7f5b5a1520,1f33d527-6045-4358-afd9-602ae8644b43
29b96e6c-0523-4b95-ada1-48470fee8430,cde9a632-6add-43ce-8de9-84ce69637125
e9849ca5-622e-4776-bdfc-5420af80ebd3,5fc091c1-fa87-45b5-878f-8deb38c39f5e
379602fd-b01c-4cee-86a0-f194ed35cfbf,992ae373-a9bc-4ae6-9d74-7082cf0a4c12
379602fd-b01c-4cee-86a0-f194ed35cfbf,eddb9f19-4025-4f9a-8d44-a9bf94cb562e
379602fd-b01c-4cee-86a0-f194ed35cfbf,6ff9e82a-0eff-4a28-b5c4-68f943508bf2
c7a5feb2-9ebc-467b-8c24-e117e02c1128,ff41c6fa-d1d3-461e-bc14-61438d2fe7d4
35d1bc3e-4432-4964-89c7-30ecbf2c72b2,1f33d527-6045-4358-afd9-602ae8644b43
143fabbd-fe18-40de-885d-2fa1fb47cf0e,fe5f9116-b18a-42bb-bead-1f0a20aae294
7f470756-94ac-4365-9480-331d36dbf738,6ca59447-c208-40e3-ab57-7edb01549cbf
16de18a8-1ed5-431e-a222-88dfa92a89c9,ae92de86-1329-4de8-bbcc-f478e9f8628b
5ccfaa78-f808-4f4f-a045-6453b050489d,6ca59447-c208-40e3-ab57-7edb01549cbf
8c8889d7-ddfb-4ee1-a58b-47fad295351e,f137d46d-5bac-404d-bfc9-d9fb8fc8a734
8c8889d7-ddfb-4ee1-a58b-47fad295351e,992ae373-a9bc-4ae6-9d74-7082cf0a4c12
8c8889d7-ddfb-4ee1-a58b-47fad295351e,72f27659-ea6c-40a3-9f2d-dfe7d82c853b
7baa6def-aea8-4b5d-8153-40859a9160d0,bff58644-e49e-473a-982c-92154bff459a
590a033d-877b-40ed-a7c3-1ba238d6088b,e8a36e12-37a4-483d-be2e-2abcbbbbc70c
fbce36cf-aea7-43b8-8d06-d970d4b7768b,992ae373-a9bc-4ae6-9d74-7082cf0a4c12
fbce36cf-aea7-43b8-8d06-d970d4b7768b,41d62f31-a92e-4ff2-9981-41f3cf46ebeb
21fe3198-6b1e-4bf0-85cf-abd3e10e8ea1,8d82500d-abce-4859-889f-991e369704e8
e73cd39c-d98d-43e4-90d2-f8bd5ee68662,7a8e0e9d-28f2-40d7-8696-9db0a75a628d
645481c6-8afb-41fb-b489-362b75426dbb,6bdd587c-344f-4fb7-b1c6-d48b8b15a2d1
5656a2c4-9030-41fa-8840-10c19fa1c3b1,6e7ec579-d5fc-41c8-82f1-649532a23cb4
241015d5-f8c4-4997-b880-065807d5e663,d4dbb265-4812-4b6c-a0fd-bab873e1106b
8b20cd3d-0b44-4654-bcc6-94965489644a,6ca59447-c208-40e3-ab57-7edb01549cbf
5e7a9fea-0779-4b6a-955f-c1be62225c25,992ae373-a9bc-4ae6-9d74-7082cf0a4c12
5e7a9fea-0779-4b6a-955f-c1be62225c25,1f33d527-6045-4358-afd9-602ae8644b43
5e7a9fea-0779-4b6a-955f-c1be62225c25,9d902a90-2e2d-4921-9d40-b5c18c6fe7ec
947603ce-de5b-4fd9-9e94-9b393a4f19de,ac2f7cb8-fe85-4eec-9dbd-11aab73b200d
bbde8787-b14d-4e7e-879e-23dfedbefb52,40193610-2542-4d28-a63f-078467cb7f0a
a790d410-ce36-4921-9682-83584d0bf842,992ae373-a9bc-4ae6-9d74-7082cf0a4c12
a790d410-ce36-4921-9682-83584d0bf842,fc1941db-1098-4bd5-a9c7-d9fe8b94172d
a790d410-ce36-4921-9682-83584d0bf842,f137d46d-5bac-404d-bfc9-d9fb8fc8a734
5acd3b7d-ab22-42fb-948c-ff10ea1aac42,2a5e73d9-7acc-4ad2-8d42-61fdcc1b5c4d
c3677f49-94ff-4983-adf9-48c01e7aaf47,f137d46d-5bac-404d-bfc9-d9fb8fc8a734
c3677f49-94ff-4983-adf9-48c01e7aaf47,992ae373-a9bc-4ae6-9d74-7082cf0a4c12
14e23f56-c659-4a75-93c6-1d289cd59757,8e47f6b9-4a44-4ce0-98bf-f3e7356fa1d2
c37232b9-6ae1-4e6c-9b40-ecbf70066d5c,46d4a1d1-c057-49ba-a879-db85b0cda4b9
ef9c030c-2243-4dce-b423-f9ad1ade109a,8e47f6b9-4a44-4ce0-98bf-f3e7356fa1d2
c4e98d8a-4945-463b-a2e7-b93d4057ea8d,d1c30f65-d081-40cd-91e8-193b4c51182a
88593e17-e567-4f12-9aea-f82190f0acea,41d62f31-a92e-4ff2-9981-41f3cf46ebeb
c2e3ed6b-6610-455a-a989-f8b3d9bff0b2,5fc091c1-fa87-45b5-878f-8deb38c39f5e
8e6312cf-ee42-4e6a-bb04-3a61408b065f,ca64a6a5-167f-4dc6-a828-596ec7fb7bcf
16ba502e-9f7d-4dbe-90d0-bb4ed11306ec,02257903-92fa-4ef4-8ba7-12758b989472
e8886652-1cc3-4147-9680-94447c2e49cd,5fc091c1-fa87-45b5-878f-8deb38c39f5e
87d3d885-d4c8-4e89-aa38-f4bf5eb34f02,992ae373-a9bc-4ae6-9d74-7082cf0a4c12
87d3d885-d4c8-4e89-aa38-f4bf5eb34f02,6e7ec579-d5fc-41c8-82f1-649532a23cb4
87d3d885-d4c8-4e89-aa38-f4bf5eb34f02,0a2353ed-3482-4163-9ca4-46e6cf6ab717
244b8df5-b1d1-4277-8290-d0caff60fdb9,52796119-3d9a-42c7-bbf9-82061c9bb95d
5d247acd-5e82-49ab-a934-eef9daaa0778,46d4a1d1-c057-49ba-a879-db85b0cda4b9
4651e454-f897-4132-8f1c-9e999739ae3f,1f33d527-6045-4358-afd9-602ae8644b43
4651e454-f897-4132-8f1c-9e999739ae3f,f4053f71-94b5-40b2-92bd-fb588127fe38
4651e454-f897-4132-8f1c-9e999739ae3f,992ae373-a9bc-4ae6-9d74-7082cf0a4c12
708048c2-0efc-4569-a35a-54fba60313ab,3b16b9a9-28b5-4421-a419-f2c0a580a622
08c09240-8258-4c2e-922f-dacbe115f526,f413d6b6-6542-41fc-940c-6177cf5606aa
efb39ece-44a0-48d7-aa6e-84649537a404,386c578b-2a53-4c3a-b910-a980fb1773c0
92b4c5ac-2bfb-4d49-b7c9-f00bae99d27a,3ede1470-2ccd-442a-9411-0f2f431639e4
92b4c5ac-2bfb-4d49-b7c9-f00bae99d27a,ae92de86-1329-4de8-bbcc-f478e9f8628b
92b4c5ac-2bfb-4d49-b7c9-f00bae99d27a,72f27659-ea6c-40a3-9f2d-dfe7d82c853b
1a0524e5-51b9-4e02-819d-47d8843f4394,6ca59447-c208-40e3-ab57-7edb01549cbf
a6c1df0b-3c19-4569-a5a9-3ab2a7848d84,992ae373-a9bc-4ae6-9d74-7082cf0a4c12
1e3b2307-c5ab-41f9-9dd0-2f8e9aac819e,8e47f6b9-4a44-4ce0-98bf-f3e7356fa1d2
6d685dc9-2e0d-437f-b3fa-1ccf3b7d1f81,50d749ed-12a3-48bb-88a9-ac8403bdc400
5df00a1a-c29c-4674-87c3-99c48de01f5f,636ec317-4c7e-4140-949e-b81cdece4be4
d9e5b0e5-c150-4b61-80b2-6aef1c389bec,992ae373-a9bc-4ae6-9d74-7082cf0a4c12
d9e5b0e5-c150-4b61-80b2-6aef1c389bec,eddb9f19-4025-4f9a-8d44-a9bf94cb562e
d9e5b0e5-c150-4b61-80b2-6aef1c389bec,1f33d527-6045-4358-afd9-602ae8644b43
2fb963d3-41c5-4967-b0c6-06d3ccdaad29,c0e1ac3f-43d4-49ec-a5c7-e4b40b200a57
69b6ce11-c7db-499b-b781-ffe31ecd0e68,fdcf52f4-837d-4eb2-8b19-a40395d6034f
b233084b-e4eb-420c-98f3-fd1e967c0e01,a02e22cb-d235-4e41-99c0-73d63c06157e
6ba2f2e8-7314-4414-9d3a-640003c1b231,48b92705-c8ea-4e8e-9bc2-439bf30ce746
0e216031-3d21-485c-90bd-89e2ea8dae4c,aa5350c6-5532-4604-b95c-938b8f7cb95c
041a65ce-19b2-44ed-9da6-1d5dd0c7cf92,386c578b-2a53-4c3a-b910-a980fb1773c0
2e7365d9-27a6-460d-9ebd-0da45137b30e,9e87af73-6ec7-473e-86b9-93fc8311efba
2e7365d9-27a6-460d-9ebd-0da45137b30e,d89699f6-85db-4def-8de6-14cb07eb2c43
2e7365d9-27a6-460d-9ebd-0da45137b30e,0a2353ed-3482-4163-9ca4-46e6cf6ab717
3451706a-ca79-4491-80b6-3b8271b28a95,0ee9f564-1d84-4c16-8227-802613b88a09
27933f0f-7a66-4076-a8f2-ecc98649aecc,38fb6d40-46f1-4b8f-8b19-6769e6e92687
66ce3ade-6402-4ac3-b642-d0ba360bd8b5,6bdd587c-344f-4fb7-b1c6-d48b8b15a2d1
8e5ce273-5ccf-434f-9bd8-c56814899adf,d89699f6-85db-4def-8de6-14cb07eb2c43
8e5ce273-5ccf-434f-9bd8-c56814899adf,6e7ec579-d5fc-41c8-82f1-649532a23cb4
f7a8bf2c-5be4-4177-87ba-6c6e53ad9224,c0616b1c-7741-4f55-9da3-7b115b34481c
d5c417bb-febb-4085-8f6c-b8bed7c7eb7e,6ff9e82a-0eff-4a28-b5c4-68f943508bf2
42aa1275-2c38-40c1-8829-0ef2153d57c6,c0616b1c-7741-4f55-9da3-7b115b34481c
81742b3d-6af7-4c0f-95e7-d4fb87f9378a,6ca59447-c208-40e3-ab57-7edb01549cbf
b4828b9e-8774-455d-8813-afd9efa21b27,992ae373-a9bc-4ae6-9d74-7082cf0a4c12
b4828b9e-8774-455d-8813-afd9efa21b27,72f27659-ea6c-40a3-9f2d-dfe7d82c853b
b4828b9e-8774-455d-8813-afd9efa21b27,eddb9f19-4025-4f9a-8d44-a9bf94cb562e
d6f5f836-b80b-496b-8fa1-cf02d9e4a64d,20bc1485-d0c4-4b2b-b0b4-c282c203431a
a7f772f8-e507-42b1-8cc3-07478695f5e1,eddb9f19-4025-4f9a-8d44-a9bf94cb562e
0e6b9bf7-0652-4dfe-a2c8-fa6431b279b5,6bdd587c-344f-4fb7-b1c6-d48b8b15a2d1
a3046339-4be0-42bf-b767-b49c240f915c,e8a36e12-37a4-483d-be2e-2abcbbbbc70c
76c3bd53-bd78-457b-ad78-bf642c6a4d14,c0616b1c-7741-4f55-9da3-7b115b34481c
335266f8-3535-4910-bb27-950cd48a4794,af68b454-0781-4ba1-a037-4444038ef730
51a56f31-cc0f-425c-b520-504e9c247fb3,3b16b9a9-28b5-4421-a419-f2c0a580a622
522d3193-128a-431a-a5c7-f9940c5c949f,41d62f31-a92e-4ff2-9981-41f3cf46ebeb
7e5deb6d-e6e2-4add-9845-52920141467e,c7e9d8ec-9ba5-4048-82e7-c3d2ff02eb9b
e7aaab2c-5b9a-42bf-880d-4f9a2abf6aea,d1c30f65-d081-40cd-91e8-193b4c51182a
5ac3bcbe-2d82-4ed0-a175-db916bff8ce3,992ae373-a9bc-4ae6-9d74-7082cf0a4c12
7a58b5f1-2ffa-4774-9ad3-086d283afadb,6ca59447-c208-40e3-ab57-7edb01549cbf
3ffdf426-3f74-4cae-93f2-c265d2bcb93d,992ae373-a9bc-4ae6-9d74-7082cf0a4c12
3ffdf426-3f74-4cae-93f2-c265d2bcb93d,6ff9e82a-0eff-4a28-b5c4-68f943508bf2
3ffdf426-3f74-4cae-93f2-c265d2bcb93d,eddb9f19-4025-4f9a-8d44-a9bf94cb562e
8aa913ec-0a7f-41d4-9c9b-c15ce709059e,f413d6b6-6542-41fc-940c-6177cf5606aa
60047eb8-2ffc-42e1-90c7-606f13c37b78,6e7ec579-d5fc-41c8-82f1-649532a23cb4
60047eb8-2ffc-42e1-90c7-606f13c37b78,eddb9f19-4025-4f9a-8d44-a9bf94cb562e
f6e69266-f70e-4207-9d41-4536939925f5,386c578b-2a53-4c3a-b910-a980fb1773c0
291a3e78-eb30-46ba-a6db-6f4d63c21be4,50d749ed-12a3-48bb-88a9-ac8403bdc400
3e129d84-642b-4f61-9762-ab2a1d4fdf4a,5fc091c1-fa87-45b5-878f-8deb38c39f5e
95a75322-4ec7-4bac-94f7-755ba056e683,1f33d527-6045-4358-afd9-602ae8644b43
95a75322-4ec7-4bac-94f7-755ba056e683,0a2353ed-3482-4163-9ca4-46e6cf6ab717
1d9031cd-0bcf-4e74-84b0-91df2275208b,c7e9d8ec-9ba5-4048-82e7-c3d2ff02eb9b
0f06e9a3-58c1-46c6-bdef-8655ca4a455d,6ca59447-c208-40e3-ab57-7edb01549cbf
479f1391-1297-4317-8315-a552be8b9e15,6ff9e82a-0eff-4a28-b5c4-68f943508bf2
479f1391-1297-4317-8315-a552be8b9e15,eddb9f19-4025-4f9a-8d44-a9bf94cb562e
e2fee155-583a-4c89-83ac-65e026b97171,6ca59447-c208-40e3-ab57-7edb01549cbf
bddcdb46-154a-4942-9f0c-ceb170aa662b,992ae373-a9bc-4ae6-9d74-7082cf0a4c12
bddcdb46-154a-4942-9f0c-ceb170aa662b,fc1941db-1098-4bd5-a9c7-d9fe8b94172d
bddcdb46-154a-4942-9f0c-ceb170aa662b,eddb9f19-4025-4f9a-8d44-a9bf94cb562e
2855c343-3f06-4ce7-bc42-245b4b648267,6ca59447-c208-40e3-ab57-7edb01549cbf
0d84324c-c6d0-4f82-b22c-99b8cf377b61,d89699f6-85db-4def-8de6-14cb07eb2c43
0d84324c-c6d0-4f82-b22c-99b8cf377b61,c4cb37e8-fe1c-4d2b-b0b5-f04a69925d8f
f8d6e00c-b005-409a-becc-2d2416f48fe6,6ca59447-c208-40e3-ab57-7edb01549cbf
49ccb29e-425c-435a-9e78-bdb55b4382f0,992ae373-a9bc-4ae6-9d74-7082cf0a4c12
49ccb29e-425c-435a-9e78-bdb55b4382f0,eddb9f19-4025-4f9a-8d44-a9bf94cb562e
49ccb29e-425c-435a-9e78-bdb55b4382f0,ae92de86-1329-4de8-bbcc-f478e9f8628b
49ccb29e-425c-435a-9e78-bdb55b4382f0,6ff9e82a-0eff-4a28-b5c4-68f943508bf2
991c1f1c-0c6c-471e-ab64-4d34ebb9445a,6ca59447-c208-40e3-ab57-7edb01549cbf
8e987404-783c-43ce-b060-55ebe763c3df,992ae373-a9bc-4ae6-9d74-7082cf0a4c12
d5ee7cef-2906-4870-982d-5a56efe556ad,f77c85d9-e35a-426d-a5eb-256816aafe9f
709d61da-7cc9-4351-b556-a05548f787c0,f77c85d9-e35a-426d-a5eb-256816aafe9f
d7b8d4da-2c56-4137-a56e-9db757c12dc9,6bdd587c-344f-4fb7-b1c6-d48b8b15a2d1
fdf57608-80e7-4631-b807-5c2fd7f3a302,1f33d527-6045-4358-afd9-602ae8644b43
fdf57608-80e7-4631-b807-5c2fd7f3a302,ae92de86-1329-4de8-bbcc-f478e9f8628b
c9cc6954-0517-427c-a127-a66ee40b193b,f413d6b6-6542-41fc-940c-6177cf5606aa
6b3220f5-407c-4b0c-9489-247461fef50c,992ae373-a9bc-4ae6-9d74-7082cf0a4c12
99618d6f-5849-4713-bb0a-befebaa96e07,386c578b-2a53-4c3a-b910-a980fb1773c0
b3eff9ed-e520-4815-a820-75f68a44b354,cde9a632-6add-43ce-8de9-84ce69637125
8b21f26e-e5af-4599-9bc9-cb6468d6f1d0,5fc091c1-fa87-45b5-878f-8deb38c39f5e
2fc16f89-fbb0-4be8-9c55-daf1ad33d9a2,41d62f31-a92e-4ff2-9981-41f3cf46ebeb
2fc16f89-fbb0-4be8-9c55-daf1ad33d9a2,5115a7f4-c481-4f49-bf54-506badb69a95
27160c20-047a-4b41-8011-a97017a23152,6ca59447-c208-40e3-ab57-7edb01549cbf
50a2f086-25c1-4979-87e5-c9a880429d86,4c9945e5-4487-40d3-ac4d-0f39caa452c4
50a2f086-25c1-4979-87e5-c9a880429d86,6ff9e82a-0eff-4a28-b5c4-68f943508bf2
8319b446-fc03-47f0-b01f-cf5fd8456cce,6ca59447-c208-40e3-ab57-7edb01549cbf
1b02a0a5-38be-462c-a22e-23e68afe0b45,992ae373-a9bc-4ae6-9d74-7082cf0a4c12
1b02a0a5-38be-462c-a22e-23e68afe0b45,eddb9f19-4025-4f9a-8d44-a9bf94cb562e
1b02a0a5-38be-462c-a22e-23e68afe0b45,ae92de86-1329-4de8-bbcc-f478e9f8628b
ad78ff63-657c-42be-a0c8-59056061ee86,6ca59447-c208-40e3-ab57-7edb01549cbf
5eb7d3b9-739a-4684-a61b-c988a07ac67f,d89699f6-85db-4def-8de6-14cb07eb2c43
71356907-eef2-4dcb-be77-0d994883b0db,6ca59447-c208-40e3-ab57-7edb01549cbf
69a4a760-3ade-4d4d-9486-9a6e49d58e9e,992ae373-a9bc-4ae6-9d74-7082cf0a4c12
69a4a760-3ade-4d4d-9486-9a6e49d58e9e,72f27659-ea6c-40a3-9f2d-dfe7d82c853b
69a4a760-3ade-4d4d-9486-9a6e49d58e9e,f137d46d-5bac-404d-bfc9-d9fb8fc8a734
bef6355e-8e28-4134-bdd4-44d7dfa01bc8,6ca59447-c208-40e3-ab57-7edb01549cbf
3298b91f-4a6d-4b49-a70c-99c2b5c1d46e,992ae373-a9bc-4ae6-9d74-7082cf0a4c12
3298b91f-4a6d-4b49-a70c-99c2b5c1d46e,6ff9e82a-0eff-4a28-b5c4-68f943508bf2
3298b91f-4a6d-4b49-a70c-99c2b5c1d46e,fc1941db-1098-4bd5-a9c7-d9fe8b94172d
b8056836-2e0f-4018-8de1-3587bb709e08,0ee9f564-1d84-4c16-8227-802613b88a09
ca90e529-a905-4021-89a1-9a133d1bc2c1,1e196050-b600-4580-be68-9b797e9f4849
8c2e0fc3-c2b2-4620-989e-c259a0d20a33,fe8e1adf-281b-493b-a6ec-1b86629a19d7
8c2e0fc3-c2b2-4620-989e-c259a0d20a33,9e87af73-6ec7-473e-86b9-93fc8311efba
8a324ac0-a03e-4ff9-9065-83010e7aee58,6ca59447-c208-40e3-ab57-7edb01549cbf
1d6754e6-0002-42bc-add3-9ca237ca77e6,9e87af73-6ec7-473e-86b9-93fc8311efba
1d6754e6-0002-42bc-add3-9ca237ca77e6,ae92de86-1329-4de8-bbcc-f478e9f8628b
ffcb1a01-305d-42cb-8526-f87153a571b7,52d84173-882a-48bc-98c2-da35a45c13c1
41ab81ce-5524-4724-90fa-9b39ef7bd658,02257903-92fa-4ef4-8ba7-12758b989472
9af1938f-3896-4898-b473-e987e44f36db,a935ba3a-86b5-400c-8948-e6375e9fc3fe
9af1938f-3896-4898-b473-e987e44f36db,992ae373-a9bc-4ae6-9d74-7082cf0a4c12
9af1938f-3896-4898-b473-e987e44f36db,eddb9f19-4025-4f9a-8d44-a9bf94cb562e
679e499e-bf96-4897-8748-32a2fec3cd16,52796119-3d9a-42c7-bbf9-82061c9bb95d
965ec8f5-761d-441b-9ca3-9406be354ef7,7a8e0e9d-28f2-40d7-8696-9db0a75a628d
fc1b36fa-4fdc-422c-bda5-1cbaf797e9ef,f4053f71-94b5-40b2-92bd-fb588127fe38
fc1b36fa-4fdc-422c-bda5-1cbaf797e9ef,41d62f31-a92e-4ff2-9981-41f3cf46ebeb
fc1b36fa-4fdc-422c-bda5-1cbaf797e9ef,992ae373-a9bc-4ae6-9d74-7082cf0a4c12
b1176e00-7653-4820-9380-e57646684a2f,386c578b-2a53-4c3a-b910-a980fb1773c0
cca431a2-414e-4fe3-aa3d-8a6f8acfae93,4519ffb7-82ab-4f7a-b4b6-5fab503a5663
cbdd5210-c291-4443-9eae-0b476860af2b,6ca59447-c208-40e3-ab57-7edb01549cbf
4882ce5f-459b-4aec-8c07-e4cbbc5f5090,992ae373-a9bc-4ae6-9d74-7082cf0a4c12
4882ce5f-459b-4aec-8c07-e4cbbc5f5090,6ff9e82a-0eff-4a28-b5c4-68f943508bf2
8f6b8320-ed06-4742-bcaf-04c1315cbfcf,6ca59447-c208-40e3-ab57-7edb01549cbf
4d7ebeae-873f-4f83-b44b-e3af2ffeb831,992ae373-a9bc-4ae6-9d74-7082cf0a4c12
4d7ebeae-873f-4f83-b44b-e3af2ffeb831,fc1941db-1098-4bd5-a9c7-d9fe8b94172d
4d7ebeae-873f-4f83-b44b-e3af2ffeb831,b47cb9fd-b9c9-4d77-916d-93ed0c1a1879
5f6d906f-64ea-4c25-be33-5224b605b96f,c0616b1c-7741-4f55-9da3-7b115b34481c
1dc63c79-d8cf-4ecd-9412-683dc5cc24d5,9e87af73-6ec7-473e-86b9-93fc8311efba
1dc63c79-d8cf-4ecd-9412-683dc5cc24d5,eddb9f19-4025-4f9a-8d44-a9bf94cb562e
bb1730aa-1eed-49bf-93b6-3576e4b9a9ef,c0616b1c-7741-4f55-9da3-7b115b34481c
600b91e9-62fa-4c3c-b117-d3ea758d3ad6,c1615e31-4a06-4e33-8d90-0d9273fbce91
6b2f732f-1fbc-4e63-a9f3-f88d4bafe020,1f33d527-6045-4358-afd9-602ae8644b43
e1389fab-3c57-439a-bc26-c33c42acb3a1,8d82500d-abce-4859-889f-991e369704e8
d8426201-c033-488b-acab-97a59a95bf66,6ca59447-c208-40e3-ab57-7edb01549cbf
8c355681-edb4-4b11-bbc3-4a11b5d315a0,992ae373-a9bc-4ae6-9d74-7082cf0a4c12
8c355681-edb4-4b11-bbc3-4a11b5d315a0,6ff9e82a-0eff-4a28-b5c4-68f943508bf2
8c355681-edb4-4b11-bbc3-4a11b5d315a0,9d902a90-2e2d-4921-9d40-b5c18c6fe7ec
a0a564e8-8de3-464d-ac19-75b99b65f804,6ca59447-c208-40e3-ab57-7edb01549cbf
7d87852c-3f1b-4091-a2e2-688f282c2744,fc1941db-1098-4bd5-a9c7-d9fe8b94172d
7d87852c-3f1b-4091-a2e2-688f282c2744,d8552976-9336-4818-a952-a6ada26a3006
7d87852c-3f1b-4091-a2e2-688f282c2744,4c9945e5-4487-40d3-ac4d-0f39caa452c4
aaf2862f-f588-4971-a4d8-8016ee907da4,52d84173-882a-48bc-98c2-da35a45c13c1
cea7353f-aa57-48c2-aee8-a5b910ed18a8,9e87af73-6ec7-473e-86b9-93fc8311efba
cea7353f-aa57-48c2-aee8-a5b910ed18a8,41d62f31-a92e-4ff2-9981-41f3cf46ebeb
cea7353f-aa57-48c2-aee8-a5b910ed18a8,05155868-5a51-4328-bec7-587f5f081148
89ee80eb-94f8-4ea2-bfb9-26f632965e52,abc6c08b-0d8b-4b68-9a5e-18e8122308ca
9a60978f-990d-450f-908c-0d9004e9ff7c,3b16b9a9-28b5-4421-a419-f2c0a580a622
9de38728-b1ed-4d47-abb1-ea42c5484c9f,6ca59447-c208-40e3-ab57-7edb01549cbf
7fd1006e-0ac9-4130-b37c-472245267d14,eddb9f19-4025-4f9a-8d44-a9bf94cb562e
7fd1006e-0ac9-4130-b37c-472245267d14,992ae373-a9bc-4ae6-9d74-7082cf0a4c12
7fd1006e-0ac9-4130-b37c-472245267d14,ae92de86-1329-4de8-bbcc-f478e9f8628b
36559917-92f0-4e48-8e89-e34527f835f4,0ee9f564-1d84-4c16-8227-802613b88a09
383706a0-49a7-474d-829d-1b225e5a848b,28408059-9560-428c-be43-378a604ac3e8
5a40396e-bece-4f4f-81e9-af67e53bd917,1f33d527-6045-4358-afd9-602ae8644b43
bd844b34-20dd-4fe5-b6b4-a910396ae659,5fc091c1-fa87-45b5-878f-8deb38c39f5e
84ad4bb8-73ec-43e3-8641-f37f50ed347c,ec2041c0-abc0-43e0-b203-b9c87571eacb
4ad8ca64-f5dd-4242-a428-89fae75ab305,a0ec4670-47c0-48d5-a9a0-c2012e886b58
72263f1b-8f97-4acf-9bda-20eee7b5739b,6bdd587c-344f-4fb7-b1c6-d48b8b15a2d1
73ebad50-ddcc-4be2-a8a6-8b706e9d95aa,41d62f31-a92e-4ff2-9981-41f3cf46ebeb
73ebad50-ddcc-4be2-a8a6-8b706e9d95aa,992ae373-a9bc-4ae6-9d74-7082cf0a4c12
2625092e-2995-4b2e-807e-714f711d47a9,6ca59447-c208-40e3-ab57-7edb01549cbf
9a27db9b-cbdb-48a6-a787-994e01d87e57,992ae373-a9bc-4ae6-9d74-7082cf0a4c12
d03f1a55-5671-40ec-b5d3-e5068e58f5da,3d947f3c-fa03-4667-b09a-25a8f2db2adb
890ca5be-ddaa-4023-83a4-3762bb5cb41c,6359b0bf-3af6-44e9-bf13-71c9fe0ead77
430092a3-d952-4c2d-947c-db09d52054b0,f137d46d-5bac-404d-bfc9-d9fb8fc8a734
430092a3-d952-4c2d-947c-db09d52054b0,0663a94d-7fc1-4427-9cdd-86e299c0fe86
5eb7d3b9-739a-4684-a61b-c988a07ac67f,6e7ec579-d5fc-41c8-82f1-649532a23cb4
226e3530-9ee6-4206-b6b6-d07d129ed1dd,c7e9d8ec-9ba5-4048-82e7-c3d2ff02eb9b
fa8bb610-6cd9-4526-b401-4292fba68761,d1c30f65-d081-40cd-91e8-193b4c51182a
33e9f9e4-050c-4633-98cf-c64932f1c53e,1f33d527-6045-4358-afd9-602ae8644b43
33e9f9e4-050c-4633-98cf-c64932f1c53e,0a2353ed-3482-4163-9ca4-46e6cf6ab717
581127e6-47c2-43dd-a97e-b9ec61087c87,b4f75e2e-aded-4dd2-8b9c-740be0e9164d
00a05e37-0584-49e5-af7e-e40a8b0574e3,fc1941db-1098-4bd5-a9c7-d9fe8b94172d
ee390421-4c79-451c-b46f-b6bb7a2a7eb1,8e47f6b9-4a44-4ce0-98bf-f3e7356fa1d2
d955c850-825c-4688-96d1-fb32783af562,5fc091c1-fa87-45b5-878f-8deb38c39f5e
931c4084-bcb0-40cc-9f56-fa0157dda159,41d62f31-a92e-4ff2-9981-41f3cf46ebeb
931c4084-bcb0-40cc-9f56-fa0157dda159,6ff9e82a-0eff-4a28-b5c4-68f943508bf2
3d06f16d-5542-42f4-8c80-d5a91c0a2c4c,cde9a632-6add-43ce-8de9-84ce69637125
4d288b5e-2b0c-4a5b-947a-eb7addf88c7b,6bdd587c-344f-4fb7-b1c6-d48b8b15a2d1
ef9f80cc-754e-489c-aec9-b5939f25cf7a,1f33d527-6045-4358-afd9-602ae8644b43
bba16eab-badd-4ce4-86de-c1294d6ac4ed,0d262eed-551e-45d0-983c-bca05eabe980
99ed129f-3b9a-4470-a858-2d245921561c,21d8739d-25f6-48b7-a909-14d59848db24
cd472850-a778-445e-8be0-68af706ceb1e,6ca59447-c208-40e3-ab57-7edb01549cbf
bca8f5cd-b1fa-4694-a644-604abbc6e4e3,992ae373-a9bc-4ae6-9d74-7082cf0a4c12
bca8f5cd-b1fa-4694-a644-604abbc6e4e3,eddb9f19-4025-4f9a-8d44-a9bf94cb562e
bca8f5cd-b1fa-4694-a644-604abbc6e4e3,72f27659-ea6c-40a3-9f2d-dfe7d82c853b
c4df367b-d524-4dd8-ab97-69dc7bcbd270,6ca59447-c208-40e3-ab57-7edb01549cbf
ac21d838-e050-4202-b311-96b080a0f85e,992ae373-a9bc-4ae6-9d74-7082cf0a4c12
c03ab0a6-634e-4122-8968-555efa0e6071,6ca59447-c208-40e3-ab57-7edb01549cbf
e9a00372-d7d3-4c5b-a5e5-63a35a7488df,ae92de86-1329-4de8-bbcc-f478e9f8628b
e9a00372-d7d3-4c5b-a5e5-63a35a7488df,d8552976-9336-4818-a952-a6ada26a3006
a8353935-ad7a-4737-9b97-5ce8118bbfdf,92a75c62-556e-4861-bd75-a29497ddf8cb
c61843dc-bb78-4610-acb4-2775c30dea75,b1938d90-e95c-4a12-87a3-4e4e3b8b4658
af0e974b-4267-470c-8901-c8650e74b599,992ae373-a9bc-4ae6-9d74-7082cf0a4c12
af0e974b-4267-470c-8901-c8650e74b599,1f33d527-6045-4358-afd9-602ae8644b43
2635760e-837a-4217-a29f-01e16caf1b74,3b16b9a9-28b5-4421-a419-f2c0a580a622
f8354112-a83f-4527-a01a-7f643f64773e,2baf988b-c09f-420d-b2f1-07c3f3cb565b
2efd0139-61e2-4d0b-9e60-b5296a20cb8c,dca26f5a-6485-43d1-9b87-82b066477f04
cb9cd2f0-ce66-47c4-90d7-17a1fd62772c,1f33d527-6045-4358-afd9-602ae8644b43
cb9cd2f0-ce66-47c4-90d7-17a1fd62772c,9e87af73-6ec7-473e-86b9-93fc8311efba
29ef8cea-50f0-464f-a883-2da1f057d67a,3b16b9a9-28b5-4421-a419-f2c0a580a622
b8622a06-a104-4414-944f-2e5f03bc3f6b,6ca59447-c208-40e3-ab57-7edb01549cbf
7b0bc54d-76e7-4b49-a73e-2aad41dee972,d89699f6-85db-4def-8de6-14cb07eb2c43
7b0bc54d-76e7-4b49-a73e-2aad41dee972,c4cb37e8-fe1c-4d2b-b0b5-f04a69925d8f
1a01529b-3654-46e4-838f-535289da7239,cde9a632-6add-43ce-8de9-84ce69637125
801c84a2-2830-4ab3-9241-358cb612c42a,5fc091c1-fa87-45b5-878f-8deb38c39f5e
e8d24ae5-bb69-4574-b1ba-f71007724cef,992ae373-a9bc-4ae6-9d74-7082cf0a4c12
e8d24ae5-bb69-4574-b1ba-f71007724cef,1f33d527-6045-4358-afd9-602ae8644b43
72199698-f39b-4f49-9401-b1dc7a4c48c5,6ca59447-c208-40e3-ab57-7edb01549cbf
5975586b-f2ee-4c62-b15b-f6bd1f8d1729,94d3c2e4-6c9d-45de-9663-14be2dcabf8d
e833644c-d4f3-4348-bb9c-49eee9465400,992ae373-a9bc-4ae6-9d74-7082cf0a4c12
e833644c-d4f3-4348-bb9c-49eee9465400,6ff9e82a-0eff-4a28-b5c4-68f943508bf2
9213e525-a1ec-4e81-ab9f-e8bc10c45ccb,636ec317-4c7e-4140-949e-b81cdece4be4
53c67b77-954b-4223-8479-be41e799624c,3b16b9a9-28b5-4421-a419-f2c0a580a622
244192fa-fd04-49ac-a789-d3be8489c20e,1f33d527-6045-4358-afd9-602ae8644b43
39f90868-1b21-4da5-b824-2f2517613d1a,d4dbb265-4812-4b6c-a0fd-bab873e1106b
b38e1e4e-f011-4e61-9d80-6830ce71c8a3,6359b0bf-3af6-44e9-bf13-71c9fe0ead77
5bf52fc8-db14-4a1d-8696-2f120473ec80,3d947f3c-fa03-4667-b09a-25a8f2db2adb
e9e239e6-9751-49a2-b891-0b4a943712e1,6359b0bf-3af6-44e9-bf13-71c9fe0ead77
0de7b572-20b0-4820-b08c-b682eb7309c9,992ae373-a9bc-4ae6-9d74-7082cf0a4c12
0de7b572-20b0-4820-b08c-b682eb7309c9,eddb9f19-4025-4f9a-8d44-a9bf94cb562e
0de7b572-20b0-4820-b08c-b682eb7309c9,1f33d527-6045-4358-afd9-602ae8644b43
6d5d1afa-f5e8-433b-94d2-accf07cc24c2,f413d6b6-6542-41fc-940c-6177cf5606aa
50a20c6e-95ff-411e-9494-b4c662078e46,386c578b-2a53-4c3a-b910-a980fb1773c0
d599cbe1-99df-4fe4-abf9-17ddb4c556b3,9d902a90-2e2d-4921-9d40-b5c18c6fe7ec
d599cbe1-99df-4fe4-abf9-17ddb4c556b3,992ae373-a9bc-4ae6-9d74-7082cf0a4c12
cfca770d-ee72-478b-af65-6d5d776ecb9f,1f33d527-6045-4358-afd9-602ae8644b43
aa6eb1c2-1ddb-42df-89e2-d7c0611e317e,6ca59447-c208-40e3-ab57-7edb01549cbf
d8180210-6ce3-4bb5-a9ea-ff48d0215dcb,d89699f6-85db-4def-8de6-14cb07eb2c43
17f5b391-e0fa-4891-b7b9-d7611ab317e0,33f12961-e353-4d14-a7bc-4f20ffad7f00
0e2c2df5-cf0f-4494-a2bb-c1231e7725b9,3b16b9a9-28b5-4421-a419-f2c0a580a622
1f3e8da9-934a-4318-bf63-0810e754afe4,d89699f6-85db-4def-8de6-14cb07eb2c43
1f3e8da9-934a-4318-bf63-0810e754afe4,3ede1470-2ccd-442a-9411-0f2f431639e4
28cec470-bdea-4684-9e7b-c331e324cf46,0d262eed-551e-45d0-983c-bca05eabe980
a853dc35-4bf3-4444-9d21-34a275ed53a0,c28dbac1-24bb-4e49-8ccc-6360d439be7d
e479cc5a-fd60-445c-a112-d1d74c02b43e,1fad2edd-83ee-4028-b2a6-4664d26552cd
6bdc5a2d-32e9-4e6b-b70f-c1aab593c019,1f33d527-6045-4358-afd9-602ae8644b43
6bdc5a2d-32e9-4e6b-b70f-c1aab593c019,eddb9f19-4025-4f9a-8d44-a9bf94cb562e
4ec9b766-125f-4116-a62f-12723ff02abc,35501750-04e3-48bd-bfe4-3aa7d22e3baa
dd6ced40-6355-4462-9f6e-60b27aefec99,6359b0bf-3af6-44e9-bf13-71c9fe0ead77
64e2f349-1e32-478f-853d-c72711d3b14f,41d62f31-a92e-4ff2-9981-41f3cf46ebeb
98939f9a-c0a8-4eb2-b4c8-1f92e02127bc,386c578b-2a53-4c3a-b910-a980fb1773c0
4e34d2bd-6ae2-4391-aa6e-d51e6fb2cea2,943fa8e9-69df-4f6e-8e47-3a81150d8b3d
0102d88e-6fe7-4d08-bf3f-355545f58fb8,6bdd587c-344f-4fb7-b1c6-d48b8b15a2d1
1ec4b9f2-c1d3-4667-bf67-5a79be0372ad,41d62f31-a92e-4ff2-9981-41f3cf46ebeb
1ec4b9f2-c1d3-4667-bf67-5a79be0372ad,eddb9f19-4025-4f9a-8d44-a9bf94cb562e
1ec4b9f2-c1d3-4667-bf67-5a79be0372ad,f4053f71-94b5-40b2-92bd-fb588127fe38
85201cd7-4609-4d25-ac41-5e0c85613194,3b16b9a9-28b5-4421-a419-f2c0a580a622
83287975-9a79-410d-8e57-c1632eeb1070,52d84173-882a-48bc-98c2-da35a45c13c1
b86361ae-885d-4be9-8d52-a2e850e12969,21d8739d-25f6-48b7-a909-14d59848db24
918c6b90-86e3-41a3-b575-def43b1646af,386c578b-2a53-4c3a-b910-a980fb1773c0
1bc98f9c-3c51-4f6a-8a60-6c94a5cfe91c,992ae373-a9bc-4ae6-9d74-7082cf0a4c12
1bc98f9c-3c51-4f6a-8a60-6c94a5cfe91c,0a2353ed-3482-4163-9ca4-46e6cf6ab717
82f8eb9f-7ae7-4aae-a4ed-d1dba929dd0f,c1615e31-4a06-4e33-8d90-0d9273fbce91
9accb427-dac7-4ccb-b999-6e973d1309fa,6e7ec579-d5fc-41c8-82f1-649532a23cb4
9accb427-dac7-4ccb-b999-6e973d1309fa,f4053f71-94b5-40b2-92bd-fb588127fe38
aad257ae-6a01-421b-b958-4485417450bc,8d82500d-abce-4859-889f-991e369704e8
403b24dd-9074-4526-b3c8-b4e842518f09,6ca59447-c208-40e3-ab57-7edb01549cbf
8d273803-9f64-49b6-9a59-a87234464c74,6ff9e82a-0eff-4a28-b5c4-68f943508bf2
f6ba050a-ab63-4fce-a799-93f9a5cdb4dd,9d902a90-2e2d-4921-9d40-b5c18c6fe7ec
ff3d82d8-a948-4b30-b323-54336bc432aa,1f33d527-6045-4358-afd9-602ae8644b43
c65bf0cd-fa93-4d16-995c-01fbd1686af4,eddb9f19-4025-4f9a-8d44-a9bf94cb562e
3a5e3aef-caf5-4624-9160-4d677e51769f,6ca59447-c208-40e3-ab57-7edb01549cbf
90fe64f2-ae40-4cd5-a1ce-b4bd5a5c47c5,d1c30f65-d081-40cd-91e8-193b4c51182a
b0b3e1bf-4910-4d5d-8e67-0b287068ae5d,d1c30f65-d081-40cd-91e8-193b4c51182a
99fd89a8-8e38-4edd-9fea-4cd921b14ae4,6bdd587c-344f-4fb7-b1c6-d48b8b15a2d1
d8f1b939-e11e-491e-a0a8-f3d3305b1adf,eddb9f19-4025-4f9a-8d44-a9bf94cb562e
d8f1b939-e11e-491e-a0a8-f3d3305b1adf,992ae373-a9bc-4ae6-9d74-7082cf0a4c12
3331a6c9-97e9-4c5b-ac28-977d1bd13440,386c578b-2a53-4c3a-b910-a980fb1773c0
28aca7d4-c9bd-48e3-bbd2-14ae8407fba8,636ec317-4c7e-4140-949e-b81cdece4be4
a10cdd7c-214a-4efb-a306-c1c5d24033e8,ed75086e-ad87-42df-b512-6dba1ac50161
13fdfae8-5af5-429c-afe7-220b0e19f43b,081dce13-ebde-49f5-95d1-a2de759b8a41
34e885a9-d926-4faa-9dca-4341baa7ad7f,ed75086e-ad87-42df-b512-6dba1ac50161
b4b92e59-5e17-4084-a25a-901b8f8b251b,eddb9f19-4025-4f9a-8d44-a9bf94cb562e
b4b92e59-5e17-4084-a25a-901b8f8b251b,9e87af73-6ec7-473e-86b9-93fc8311efba
b4b92e59-5e17-4084-a25a-901b8f8b251b,c1b2a3c9-ac3a-4dee-9cb6-1cb1c80d0b9b
7a76c81b-9e5d-4a33-a9d7-1eac9bea310b,6ca59447-c208-40e3-ab57-7edb01549cbf
ce60fb38-3b92-4f36-a906-15e703b8e292,992ae373-a9bc-4ae6-9d74-7082cf0a4c12
ce60fb38-3b92-4f36-a906-15e703b8e292,6ff9e82a-0eff-4a28-b5c4-68f943508bf2
9d4c34d0-ab5e-4f8f-b22a-7e4d3c843b23,6ca59447-c208-40e3-ab57-7edb01549cbf
7d00c53e-4a9e-4271-99d2-6f0c0eaf3700,992ae373-a9bc-4ae6-9d74-7082cf0a4c12
7d00c53e-4a9e-4271-99d2-6f0c0eaf3700,69b294ca-7d15-4303-9762-216ec08f824e
7d00c53e-4a9e-4271-99d2-6f0c0eaf3700,6ff9e82a-0eff-4a28-b5c4-68f943508bf2
471b092a-dabe-4b89-b2c5-d5c08b3c073a,ca64a6a5-167f-4dc6-a828-596ec7fb7bcf
c2fb4dd5-5af8-440f-be9c-32d730356180,50d749ed-12a3-48bb-88a9-ac8403bdc400
7e7e7dc0-5eb5-4d83-8476-7120de3f3502,992ae373-a9bc-4ae6-9d74-7082cf0a4c12
7e7e7dc0-5eb5-4d83-8476-7120de3f3502,1f33d527-6045-4358-afd9-602ae8644b43
7e7e7dc0-5eb5-4d83-8476-7120de3f3502,0a2353ed-3482-4163-9ca4-46e6cf6ab717
7e7e7dc0-5eb5-4d83-8476-7120de3f3502,1fa3719f-7f49-43d3-9416-c38e10968ac8
ab1b169b-7c00-4bfa-9565-f5b54d770c3e,02257903-92fa-4ef4-8ba7-12758b989472
480d2c73-c647-4aa1-ab92-4dfd3b0c76d7,5fc091c1-fa87-45b5-878f-8deb38c39f5e
140491b7-53c2-44ee-b199-c601067a91ba,d89699f6-85db-4def-8de6-14cb07eb2c43
ab83b1da-77cd-47b7-aa91-5e6037b0d872,ca64a6a5-167f-4dc6-a828-596ec7fb7bcf
c201c157-15eb-4a34-98c2-05f2fdee1f86,6ca59447-c208-40e3-ab57-7edb01549cbf
ff49d2a1-0014-43f2-851f-ee2dd03e1eff,992ae373-a9bc-4ae6-9d74-7082cf0a4c12
ff49d2a1-0014-43f2-851f-ee2dd03e1eff,ae92de86-1329-4de8-bbcc-f478e9f8628b
fd3b5e4d-4bb7-4e72-ba82-406ee4f494c6,fe5f9116-b18a-42bb-bead-1f0a20aae294
b0aaa991-ced3-4e7b-b02f-abbc787c15de,ff41c6fa-d1d3-461e-bc14-61438d2fe7d4
5f77a864-4ba4-4409-b1ae-be346592ea43,4c9945e5-4487-40d3-ac4d-0f39caa452c4
5f77a864-4ba4-4409-b1ae-be346592ea43,992ae373-a9bc-4ae6-9d74-7082cf0a4c12
191c420e-e02b-419d-a212-d71d610d559b,af68b454-0781-4ba1-a037-4444038ef730
2aaa5210-d682-411f-b5f8-8e3e640d91d5,1f33d527-6045-4358-afd9-602ae8644b43
53f455dc-6f49-44ba-b546-2e7c421f24a4,3b16b9a9-28b5-4421-a419-f2c0a580a622
f809bef6-5cef-4a73-8a96-65d33e1e8716,6359b0bf-3af6-44e9-bf13-71c9fe0ead77
71ba9cf9-5904-40e9-ac26-ad9a914cffda,992ae373-a9bc-4ae6-9d74-7082cf0a4c12
71ba9cf9-5904-40e9-ac26-ad9a914cffda,1f33d527-6045-4358-afd9-602ae8644b43
2eabcaa6-16d6-44ad-b5c9-052eda8b92a3,3d947f3c-fa03-4667-b09a-25a8f2db2adb
9cc85e6b-afeb-45d7-9778-c33ac40edb33,3d947f3c-fa03-4667-b09a-25a8f2db2adb
9ddd841a-7c1c-4907-a2a7-5197e29114d8,6359b0bf-3af6-44e9-bf13-71c9fe0ead77
2605a85e-db8f-4604-b6eb-0e3494975c9a,1f33d527-6045-4358-afd9-602ae8644b43
2605a85e-db8f-4604-b6eb-0e3494975c9a,992ae373-a9bc-4ae6-9d74-7082cf0a4c12
4867a74b-952f-4a9d-9210-3695d7d93703,6ca59447-c208-40e3-ab57-7edb01549cbf
151903d0-14c2-4fa4-b62a-5fec39981e41,992ae373-a9bc-4ae6-9d74-7082cf0a4c12
151903d0-14c2-4fa4-b62a-5fec39981e41,ae92de86-1329-4de8-bbcc-f478e9f8628b
151903d0-14c2-4fa4-b62a-5fec39981e41,eddb9f19-4025-4f9a-8d44-a9bf94cb562e
151903d0-14c2-4fa4-b62a-5fec39981e41,72f27659-ea6c-40a3-9f2d-dfe7d82c853b
65dd3f8f-08b0-43b5-8a5a-8b0744176ce9,6ca59447-c208-40e3-ab57-7edb01549cbf
6295dec3-ca75-4b49-8cd2-3c1185721cfd,992ae373-a9bc-4ae6-9d74-7082cf0a4c12
6295dec3-ca75-4b49-8cd2-3c1185721cfd,fc1941db-1098-4bd5-a9c7-d9fe8b94172d
a92c4e6b-a8bf-4975-ab56-eb480494fcc3,6ca59447-c208-40e3-ab57-7edb01549cbf
a559c809-869e-4d16-bc3f-958cd73bc090,9f6d5b2b-ac1c-4cc3-a7d1-7cedf98b7563
63967302-b462-4d71-b58e-70162c340122,6ca59447-c208-40e3-ab57-7edb01549cbf
9bfa3040-882b-4032-91fe-ef791413e86a,d89699f6-85db-4def-8de6-14cb07eb2c43
9bfa3040-882b-4032-91fe-ef791413e86a,571bec87-75f4-4fbd-bda4-05d7e7c4546b
f795918b-9d45-4b8b-89c1-4a00ec7c614e,6ca59447-c208-40e3-ab57-7edb01549cbf
b71a0840-d33c-4dce-aab4-f43d575d0dfb,992ae373-a9bc-4ae6-9d74-7082cf0a4c12
aeaf481a-5ea5-4684-8b11-04ade95866db,6ca59447-c208-40e3-ab57-7edb01549cbf
8487cb18-fdd1-4654-b89b-587a1c96666a,d8552976-9336-4818-a952-a6ada26a3006
8487cb18-fdd1-4654-b89b-587a1c96666a,9f6d5b2b-ac1c-4cc3-a7d1-7cedf98b7563
e4e7a47e-7f24-49f5-bb0a-fe134a38cad0,ac2f7cb8-fe85-4eec-9dbd-11aab73b200d
57da18ea-3888-4942-a884-084cec97af80,40193610-2542-4d28-a63f-078467cb7f0a
93447af4-ff25-4c9f-981f-ac6ad5de1c3a,992ae373-a9bc-4ae6-9d74-7082cf0a4c12
93447af4-ff25-4c9f-981f-ac6ad5de1c3a,ae92de86-1329-4de8-bbcc-f478e9f8628b
8904a65d-75fe-46eb-8075-f9168e24569d,6ca59447-c208-40e3-ab57-7edb01549cbf
1f153d24-d40c-416e-a653-f4771a61368a,992ae373-a9bc-4ae6-9d74-7082cf0a4c12
db37c55c-5d71-4563-8d43-204e8515e8a6,50d749ed-12a3-48bb-88a9-ac8403bdc400
b27e04b6-b6e3-447b-958e-ef92763d7a91,02257903-92fa-4ef4-8ba7-12758b989472
2ef36bdf-99f2-4260-88f1-f41a2218d67b,02257903-92fa-4ef4-8ba7-12758b989472
bb5cece9-468c-4579-9e5e-f28e080d1e36,6359b0bf-3af6-44e9-bf13-71c9fe0ead77
8721835f-874e-462d-bfb9-fee5553b6893,a558c676-742a-40c3-ab74-60a0f34d0c43
cbd3e9e9-9d7e-4de3-aa38-c2c9a86e9242,6ca59447-c208-40e3-ab57-7edb01549cbf
679b8187-96fc-4361-889f-f8dfb5dcf57f,992ae373-a9bc-4ae6-9d74-7082cf0a4c12
679b8187-96fc-4361-889f-f8dfb5dcf57f,eddb9f19-4025-4f9a-8d44-a9bf94cb562e
679b8187-96fc-4361-889f-f8dfb5dcf57f,ae92de86-1329-4de8-bbcc-f478e9f8628b
8d08e16c-475a-4fcb-9d2d-ee237df6e274,6ca59447-c208-40e3-ab57-7edb01549cbf
98483017-7963-4cfd-9999-f653d9cc8ead,fe8e1adf-281b-493b-a6ec-1b86629a19d7
227a29af-0cc4-4f20-9869-9694e8a00608,cde9a632-6add-43ce-8de9-84ce69637125
b2276b9b-d5c5-47c6-b88a-0fa26d31122a,5fc091c1-fa87-45b5-878f-8deb38c39f5e
92f7502d-5fca-4908-9b9d-5f7c63f6e299,6ff9e82a-0eff-4a28-b5c4-68f943508bf2
92f7502d-5fca-4908-9b9d-5f7c63f6e299,1f33d527-6045-4358-afd9-602ae8644b43
92f7502d-5fca-4908-9b9d-5f7c63f6e299,992ae373-a9bc-4ae6-9d74-7082cf0a4c12
d6845648-00a9-4336-be89-b8a2f2bf848d,c0616b1c-7741-4f55-9da3-7b115b34481c
9625ff1e-373f-44d8-aacf-c556f193880b,40193610-2542-4d28-a63f-078467cb7f0a
97c2a788-e105-4b02-b361-0cebcecd5033,d89699f6-85db-4def-8de6-14cb07eb2c43
97c2a788-e105-4b02-b361-0cebcecd5033,3ede1470-2ccd-442a-9411-0f2f431639e4
97c2a788-e105-4b02-b361-0cebcecd5033,9e87af73-6ec7-473e-86b9-93fc8311efba
97c2a788-e105-4b02-b361-0cebcecd5033,6e7ec579-d5fc-41c8-82f1-649532a23cb4
8c7f565a-e82e-4c20-a28f-b935405601ea,5fc091c1-fa87-45b5-878f-8deb38c39f5e
4ef39d86-ba2f-4c84-9e31-8d52b0a71a8b,f413d6b6-6542-41fc-940c-6177cf5606aa
20b50040-0641-4b04-abfa-265f0bd92a27,386c578b-2a53-4c3a-b910-a980fb1773c0
01490c6c-24e7-4be5-ae5c-ff96e8cf16ac,c9f904db-1282-4b70-a753-596160a1136a
b8e182ba-e5a6-4217-affc-b193a374bc7e,992ae373-a9bc-4ae6-9d74-7082cf0a4c12
a774a621-fe64-4991-b5f2-c00f4b28cc15,3d947f3c-fa03-4667-b09a-25a8f2db2adb
811f4ecf-c0cb-41d8-89f0-0e5c3b98d10f,6359b0bf-3af6-44e9-bf13-71c9fe0ead77
03bbd717-d4ef-4668-98ff-3009dc1395c6,c9f904db-1282-4b70-a753-596160a1136a
b953662c-28ad-4a47-83e3-a3ce347daf20,c0616b1c-7741-4f55-9da3-7b115b34481c
40ba4b32-4342-45b2-a049-fbb5135702ec,b1938d90-e95c-4a12-87a3-4e4e3b8b4658
c0e129e2-1067-47c5-89c1-6463d01cc099,abc6c08b-0d8b-4b68-9a5e-18e8122308ca
5ebd0841-4400-43a9-a818-5934a9ca54cc,992ae373-a9bc-4ae6-9d74-7082cf0a4c12
5ebd0841-4400-43a9-a818-5934a9ca54cc,eddb9f19-4025-4f9a-8d44-a9bf94cb562e
5ebd0841-4400-43a9-a818-5934a9ca54cc,1f33d527-6045-4358-afd9-602ae8644b43
339578f6-c367-444e-acb1-6eee81a52419,6ca59447-c208-40e3-ab57-7edb01549cbf
82cd2078-f0f1-4b77-9a8b-8926451daf23,992ae373-a9bc-4ae6-9d74-7082cf0a4c12
82cd2078-f0f1-4b77-9a8b-8926451daf23,6ff9e82a-0eff-4a28-b5c4-68f943508bf2
af738439-9e49-4f81-99dd-4b3cdee3c79b,2baf988b-c09f-420d-b2f1-07c3f3cb565b
d2b35ada-6f15-4a91-8f2d-555244edd1ce,dca26f5a-6485-43d1-9b87-82b066477f04
e917de5b-b624-4bb7-9c85-0e9b11cea0c5,1f33d527-6045-4358-afd9-602ae8644b43
e917de5b-b624-4bb7-9c85-0e9b11cea0c5,f4053f71-94b5-40b2-92bd-fb588127fe38
86815269-08e4-49c3-9fdd-eb66177b78e5,3b16b9a9-28b5-4421-a419-f2c0a580a622
18d5f942-dfa5-4a08-833f-45a628c07aa1,6ca59447-c208-40e3-ab57-7edb01549cbf
5d3329e5-af58-4968-b063-f6d7a535efe9,6ff9e82a-0eff-4a28-b5c4-68f943508bf2
5d3329e5-af58-4968-b063-f6d7a535efe9,d89699f6-85db-4def-8de6-14cb07eb2c43
5d3329e5-af58-4968-b063-f6d7a535efe9,c4cb37e8-fe1c-4d2b-b0b5-f04a69925d8f
39cb0fed-833a-4318-8ab6-c23eee5d2b33,992ae373-a9bc-4ae6-9d74-7082cf0a4c12
39cb0fed-833a-4318-8ab6-c23eee5d2b33,6ff9e82a-0eff-4a28-b5c4-68f943508bf2
7477f826-1072-4d86-af90-905764c748c6,6ca59447-c208-40e3-ab57-7edb01549cbf
4847fb10-7104-4964-b071-5c209ad6aa2f,992ae373-a9bc-4ae6-9d74-7082cf0a4c12
4847fb10-7104-4964-b071-5c209ad6aa2f,9f6d5b2b-ac1c-4cc3-a7d1-7cedf98b7563
6ae97f5a-f0af-45f0-bd38-1d61cd56a321,6ca59447-c208-40e3-ab57-7edb01549cbf
84ace313-4b3a-44c0-b405-93da1d00ea4e,6ca59447-c208-40e3-ab57-7edb01549cbf
74bc2e0d-4e18-4064-8a65-71aad7b350c6,4c9945e5-4487-40d3-ac4d-0f39caa452c4
74bc2e0d-4e18-4064-8a65-71aad7b350c6,6ff9e82a-0eff-4a28-b5c4-68f943508bf2
e82cd90b-9291-4dae-adbc-c1924518bfc7,6ca59447-c208-40e3-ab57-7edb01549cbf
e075d3d6-647d-47a3-8d23-ddb2465e7b92,72f27659-ea6c-40a3-9f2d-dfe7d82c853b
e075d3d6-647d-47a3-8d23-ddb2465e7b92,6ff9e82a-0eff-4a28-b5c4-68f943508bf2
e075d3d6-647d-47a3-8d23-ddb2465e7b92,4c9945e5-4487-40d3-ac4d-0f39caa452c4
017980a8-c501-44ac-b865-e39394b74541,aa5350c6-5532-4604-b95c-938b8f7cb95c
53e2d2c4-9ccc-4afa-9985-c6b219bea375,dca26f5a-6485-43d1-9b87-82b066477f04
0948b122-5575-4530-bc7f-7468c62fb195,1f33d527-6045-4358-afd9-602ae8644b43
0948b122-5575-4530-bc7f-7468c62fb195,1fa3719f-7f49-43d3-9416-c38e10968ac8
cc060a61-e146-4391-9c9e-04911a7a2ee0,ec2041c0-abc0-43e0-b203-b9c87571eacb
ca4fb433-eabd-475a-a1fc-60e1d0659e88,6ca59447-c208-40e3-ab57-7edb01549cbf
9b84f703-ad38-435e-8b0a-af5a451c6c34,992ae373-a9bc-4ae6-9d74-7082cf0a4c12
9b84f703-ad38-435e-8b0a-af5a451c6c34,254b263b-b58f-4212-b381-33c85da3e4c9
9b84f703-ad38-435e-8b0a-af5a451c6c34,fc1941db-1098-4bd5-a9c7-d9fe8b94172d
05809287-e523-44e2-a77d-ec0c9461257b,c0616b1c-7741-4f55-9da3-7b115b34481c
ffd2d255-3be9-4517-bf9a-6246ec8672ee,c0616b1c-7741-4f55-9da3-7b115b34481c
8a638097-ddfd-4328-94a1-58515af1c8af,d8552976-9336-4818-a952-a6ada26a3006
b49d4504-e8a2-449d-afa5-8c5f4a2231b4,12e1702a-7623-4b11-a224-44601b67328c
4ec94daa-a033-4f12-8151-e1376a9686ba,38fb6d40-46f1-4b8f-8b19-6769e6e92687
7a1d27b0-808e-4c64-bd42-cb846e207260,386c578b-2a53-4c3a-b910-a980fb1773c0
2ed55335-bdfc-47cc-8a21-1e2053f45fc9,41d62f31-a92e-4ff2-9981-41f3cf46ebeb
2ed55335-bdfc-47cc-8a21-1e2053f45fc9,efde0ce9-21df-44b4-ba54-c6d738ec2e64
2ed55335-bdfc-47cc-8a21-1e2053f45fc9,992ae373-a9bc-4ae6-9d74-7082cf0a4c12
cb27ab90-c871-4e28-9f20-89dee7c04a48,52d84173-882a-48bc-98c2-da35a45c13c1
6d68b96b-3a0f-4eb4-a244-27d93c00f676,02257903-92fa-4ef4-8ba7-12758b989472
c1ba6350-e9b8-421f-9859-71238fd8e79c,992ae373-a9bc-4ae6-9d74-7082cf0a4c12
c1ba6350-e9b8-421f-9859-71238fd8e79c,1f33d527-6045-4358-afd9-602ae8644b43
a96e79eb-7b1a-4936-9f12-7e1cdb57c6ca,50d749ed-12a3-48bb-88a9-ac8403bdc400
56905c31-e1a3-4686-a5a4-d4039da49b18,aa8d2b6b-4734-4e80-ab73-a7a88a06f54f
56905c31-e1a3-4686-a5a4-d4039da49b18,eddb9f19-4025-4f9a-8d44-a9bf94cb562e
39c4df48-5085-405d-8aab-531c7984d23f,ca64a6a5-167f-4dc6-a828-596ec7fb7bcf
4c4b80d2-679f-4c12-9116-d544ae2f3fb7,6359b0bf-3af6-44e9-bf13-71c9fe0ead77
86625d38-62f3-469a-ace8-0bd2623cba55,b41e3b3e-d27b-4705-b8c7-592b89508e12
2cd3b153-457b-4a26-b05e-dae22e654705,1f33d527-6045-4358-afd9-602ae8644b43
2cd3b153-457b-4a26-b05e-dae22e654705,992ae373-a9bc-4ae6-9d74-7082cf0a4c12
33acea1a-0faf-4b71-bd8d-e30f71153339,643d43fe-baa8-4b50-937f-1afb03bd76e9
b547b908-9525-45c6-8dd8-f43f6d1c5e46,9297f5e2-06f8-43dc-9765-87beb4350755
763b699f-c6e4-4e4b-8b55-1e3d4dc98fd0,38fb6d40-46f1-4b8f-8b19-6769e6e92687
b0d20ca2-25e2-4a09-93c5-38a23f374dfd,20bc1485-d0c4-4b2b-b0b4-c282c203431a
befd6160-fe11-497d-bdd8-2dffa350ace4,1f33d527-6045-4358-afd9-602ae8644b43
befd6160-fe11-497d-bdd8-2dffa350ace4,1fa3719f-7f49-43d3-9416-c38e10968ac8
c8293e6d-6603-4e10-8ce1-f36fcd273cd1,2407e3fc-726a-44f3-8344-0d8da811e1b8
de6db325-0b2e-4964-88ae-9c5f42dcc63c,6ca59447-c208-40e3-ab57-7edb01549cbf
43687d81-7788-4184-bdab-a17380692bff,1f33d527-6045-4358-afd9-602ae8644b43
43687d81-7788-4184-bdab-a17380692bff,a558c676-742a-40c3-ab74-60a0f34d0c43
807400ff-c16d-4078-a51f-22b2e5ffbe77,6ca59447-c208-40e3-ab57-7edb01549cbf
64318ffc-c360-489c-8028-42faf1595756,992ae373-a9bc-4ae6-9d74-7082cf0a4c12
64318ffc-c360-489c-8028-42faf1595756,6ff9e82a-0eff-4a28-b5c4-68f943508bf2
b5a774f9-49c0-44f7-af23-1b091210fcd8,86ee7af8-32b3-4dea-ad35-ddeae2af469c
7fe978ef-0536-4e97-8e26-86a37ab80c87,aa5350c6-5532-4604-b95c-938b8f7cb95c
6f3da393-33e2-483c-8be0-3259b588560d,9e87af73-6ec7-473e-86b9-93fc8311efba
e6788318-9572-4c7c-b68c-386f89a5b38c,6ca59447-c208-40e3-ab57-7edb01549cbf
1a26f119-773a-48cc-9070-ebaeef0588e9,eddb9f19-4025-4f9a-8d44-a9bf94cb562e
33bed953-8adb-4983-863d-114be9615b72,f413d6b6-6542-41fc-940c-6177cf5606aa
6a112e4b-1d97-4b53-93fe-12c508680d5e,386c578b-2a53-4c3a-b910-a980fb1773c0
1831e0be-96fa-4c65-a1b4-adcae1f15527,4c9945e5-4487-40d3-ac4d-0f39caa452c4
1831e0be-96fa-4c65-a1b4-adcae1f15527,992ae373-a9bc-4ae6-9d74-7082cf0a4c12
4827a62d-8328-444c-9e6e-7111cf540b14,52d84173-882a-48bc-98c2-da35a45c13c1
62de2201-54a8-4fb5-8d50-ce0324813403,02257903-92fa-4ef4-8ba7-12758b989472
3fcf6d9a-79a3-4857-9b6a-b1145b5e8f7f,992ae373-a9bc-4ae6-9d74-7082cf0a4c12
3fcf6d9a-79a3-4857-9b6a-b1145b5e8f7f,eddb9f19-4025-4f9a-8d44-a9bf94cb562e
b4aa3fac-37aa-48e5-a88c-3e1ffacb0bb4,6ca59447-c208-40e3-ab57-7edb01549cbf
99c8cf55-5693-4a86-ab5d-a7364fe1ea27,b47cb9fd-b9c9-4d77-916d-93ed0c1a1879
99c8cf55-5693-4a86-ab5d-a7364fe1ea27,fc1941db-1098-4bd5-a9c7-d9fe8b94172d
6f708ee7-8fc3-464f-a94c-8cf0d0ca413b,6ca59447-c208-40e3-ab57-7edb01549cbf
06dc431f-d598-4124-be7a-300523aef424,4c9945e5-4487-40d3-ac4d-0f39caa452c4
06dc431f-d598-4124-be7a-300523aef424,6e7ec579-d5fc-41c8-82f1-649532a23cb4
06dc431f-d598-4124-be7a-300523aef424,6ff9e82a-0eff-4a28-b5c4-68f943508bf2
ad93adcf-a0d6-4011-8aad-3403cd5744c5,72f27659-ea6c-40a3-9f2d-dfe7d82c853b
ad93adcf-a0d6-4011-8aad-3403cd5744c5,992ae373-a9bc-4ae6-9d74-7082cf0a4c12
ad93adcf-a0d6-4011-8aad-3403cd5744c5,f137d46d-5bac-404d-bfc9-d9fb8fc8a734
d4a7b0a2-d7e5-4b51-a6d6-91a45f03dc13,6ca59447-c208-40e3-ab57-7edb01549cbf
566f5c3d-43c3-4db2-8049-35c7093b87c5,e1f048ba-5b3e-4c91-9caf-28dca91525cf
7c4a2826-4c29-456d-aa22-b4b2b28cd511,9d902a90-2e2d-4921-9d40-b5c18c6fe7ec
7c4a2826-4c29-456d-aa22-b4b2b28cd511,6e7ec579-d5fc-41c8-82f1-649532a23cb4
7c4a2826-4c29-456d-aa22-b4b2b28cd511,c4cb37e8-fe1c-4d2b-b0b5-f04a69925d8f
ad6c35a1-fa9f-441f-86f9-faf58b2affcf,636ec317-4c7e-4140-949e-b81cdece4be4
66d6c6a4-1611-42ca-84a7-a10d3df6e1a2,48b92705-c8ea-4e8e-9bc2-439bf30ce746
3c64e697-f5b9-41f6-8ce0-f67d58bad59b,cc81e6bc-9247-4f0e-9eb4-ca3900ac7217
37cc002f-5c63-491b-ada0-d3d5ea593a8e,992ae373-a9bc-4ae6-9d74-7082cf0a4c12
37cc002f-5c63-491b-ada0-d3d5ea593a8e,eddb9f19-4025-4f9a-8d44-a9bf94cb562e
37cc002f-5c63-491b-ada0-d3d5ea593a8e,41d62f31-a92e-4ff2-9981-41f3cf46ebeb
c21dba19-63d1-4e78-b667-848fd18b7a16,2baf988b-c09f-420d-b2f1-07c3f3cb565b
9798b4de-fe3c-4730-8afa-d7837eb8fd03,dca26f5a-6485-43d1-9b87-82b066477f04
4233529c-9550-4a1b-b9f8-ff33e354da70,3b16b9a9-28b5-4421-a419-f2c0a580a622
c58756f3-5dbd-40ff-94e4-eebaf0a63b66,f4053f71-94b5-40b2-92bd-fb588127fe38
c58756f3-5dbd-40ff-94e4-eebaf0a63b66,1f33d527-6045-4358-afd9-602ae8644b43
c58756f3-5dbd-40ff-94e4-eebaf0a63b66,992ae373-a9bc-4ae6-9d74-7082cf0a4c12
de0a02a6-0d03-4cab-964f-6d18d4cc3452,bff58644-e49e-473a-982c-92154bff459a
0dbe4f34-c9d1-4cf7-a0ec-c4d41f752be3,e8a36e12-37a4-483d-be2e-2abcbbbbc70c
a757ecf4-f2f2-4911-9ffb-a64e22ec491e,41d62f31-a92e-4ff2-9981-41f3cf46ebeb
cfb827b2-1f58-406d-9b8f-9c26cbc313ca,8d82500d-abce-4859-889f-991e369704e8
4510501c-c1e2-4214-949f-2e69d7ab7fc4,6ca59447-c208-40e3-ab57-7edb01549cbf
8fb6e7ef-e8b7-4259-8934-a3a947d62116,992ae373-a9bc-4ae6-9d74-7082cf0a4c12
a6427b1c-c2ed-47ab-a9ae-0eec548803d6,ca64a6a5-167f-4dc6-a828-596ec7fb7bcf
9ec7dd9a-f7fd-4367-b1f0-18a71933562e,992ae373-a9bc-4ae6-9d74-7082cf0a4c12
9ec7dd9a-f7fd-4367-b1f0-18a71933562e,eddb9f19-4025-4f9a-8d44-a9bf94cb562e
9ec7dd9a-f7fd-4367-b1f0-18a71933562e,1f33d527-6045-4358-afd9-602ae8644b43
a1addaf3-8740-4f0e-81b1-e2bc0145e3ee,50d749ed-12a3-48bb-88a9-ac8403bdc400
94444359-cdbf-47d8-9565-f04b6c35e26c,af68b454-0781-4ba1-a037-4444038ef730
23590eb8-c30c-4496-83a1-8d541f0cc602,0a2353ed-3482-4163-9ca4-46e6cf6ab717
644dd863-29ca-4148-a0dd-0030703ecf0b,3b16b9a9-28b5-4421-a419-f2c0a580a622
0ebdfd28-0a91-4bf1-80fd-9ecbb5cccf0a,7a8e0e9d-28f2-40d7-8696-9db0a75a628d
2d76252c-9a12-44d1-b408-14c8b7538d83,ed75086e-ad87-42df-b512-6dba1ac50161
38084a85-4872-4da5-b977-809045ac81eb,1f33d527-6045-4358-afd9-602ae8644b43
38084a85-4872-4da5-b977-809045ac81eb,402d7328-f91d-488a-ad1c-53ecfd349095
1ca74f44-84fd-448c-86cd-6fa0a2f7af40,2407e3fc-726a-44f3-8344-0d8da811e1b8
e93c111a-9918-4b82-a72f-936e7bcdf34c,992ae373-a9bc-4ae6-9d74-7082cf0a4c12
e93c111a-9918-4b82-a72f-936e7bcdf34c,ae92de86-1329-4de8-bbcc-f478e9f8628b
ef258ae5-d795-4fc3-993d-229b5ac47d04,6ca59447-c208-40e3-ab57-7edb01549cbf
34440587-bd05-45b6-ba44-eeb67512d427,6ca59447-c208-40e3-ab57-7edb01549cbf
2c0db85c-0905-453a-a069-bacf380a6cb2,eddb9f19-4025-4f9a-8d44-a9bf94cb562e
31664a34-e28f-4a8a-9ff8-8e9d32c41080,6ca59447-c208-40e3-ab57-7edb01549cbf
a39b6c05-59fb-42d3-b580-4cdbc62ed987,fe8e1adf-281b-493b-a6ec-1b86629a19d7
544e7240-10ea-4495-83a7-fefec779665a,f5ae86d6-7b29-42fb-b3b0-3b474b2978f5
91a394f7-0341-4507-9836-c17f1c5f9fbf,28408059-9560-428c-be43-378a604ac3e8
3d43aaa7-540e-4361-8cbd-8db1a4827590,6bdd587c-344f-4fb7-b1c6-d48b8b15a2d1
4b1d4ecf-74db-493c-a22d-ec0a15bff28f,1f33d527-6045-4358-afd9-602ae8644b43
4b1d4ecf-74db-493c-a22d-ec0a15bff28f,f4053f71-94b5-40b2-92bd-fb588127fe38
faf4a954-5649-49dc-97a7-7729121d3703,3b16b9a9-28b5-4421-a419-f2c0a580a622
926bed94-2785-4cba-a9eb-7cbd6b2cfb89,6ca59447-c208-40e3-ab57-7edb01549cbf
18f5f267-8b15-414b-8043-ca3d78d90eb3,992ae373-a9bc-4ae6-9d74-7082cf0a4c12
18f5f267-8b15-414b-8043-ca3d78d90eb3,ae92de86-1329-4de8-bbcc-f478e9f8628b
f1c592d4-d945-4619-8b67-473422634965,6ca59447-c208-40e3-ab57-7edb01549cbf
7b6397a3-19e9-4ed6-bffc-b47a47df60bc,5115a7f4-c481-4f49-bf54-506badb69a95
7b6397a3-19e9-4ed6-bffc-b47a47df60bc,0663a94d-7fc1-4427-9cdd-86e299c0fe86
0497005e-b22b-4f09-b57e-61682d24b846,6ca59447-c208-40e3-ab57-7edb01549cbf
e01de828-07ba-4140-b928-800ba6b3df2f,992ae373-a9bc-4ae6-9d74-7082cf0a4c12
e01de828-07ba-4140-b928-800ba6b3df2f,1f33d527-6045-4358-afd9-602ae8644b43
e01de828-07ba-4140-b928-800ba6b3df2f,8ccdb142-81ed-489d-94a0-4041bd04a46e
c40566ea-07e4-4fc5-b8a5-4c02ce27b1f8,fe5f9116-b18a-42bb-bead-1f0a20aae294
f14964d6-1059-476a-8928-0e0692ba6feb,ed75086e-ad87-42df-b512-6dba1ac50161
2df23321-4a13-4167-b954-b0f1a11e99d8,8d82500d-abce-4859-889f-991e369704e8
04d4ce80-b6b1-4e64-8882-214963db7a56,1f33d527-6045-4358-afd9-602ae8644b43
77fae862-975c-44d0-b830-f785f03e52fa,50d749ed-12a3-48bb-88a9-ac8403bdc400
d338e23a-a63f-4ba7-a327-799424f4b4cc,f137d46d-5bac-404d-bfc9-d9fb8fc8a734
d338e23a-a63f-4ba7-a327-799424f4b4cc,0663a94d-7fc1-4427-9cdd-86e299c0fe86
2aa0f1e1-bf94-4d26-85a3-0c3d59af4e9d,ca64a6a5-167f-4dc6-a828-596ec7fb7bcf
5dd73cbd-9d35-4a76-b7c0-a4ceb3dff6e8,6ca59447-c208-40e3-ab57-7edb01549cbf
b18dd4f2-09d3-4599-84f3-4b551bf34c9c,ae92de86-1329-4de8-bbcc-f478e9f8628b
b18dd4f2-09d3-4599-84f3-4b551bf34c9c,992ae373-a9bc-4ae6-9d74-7082cf0a4c12
20e85913-44c8-43b2-b0f8-256835a9d4c5,10ff94b7-bad0-4bf5-a0cd-921c05b38863
26dbb5de-63f3-44c7-8e12-cc7d2a76fc77,8d82500d-abce-4859-889f-991e369704e8
de04102a-e658-480e-bed5-7b3ecdd73f08,992ae373-a9bc-4ae6-9d74-7082cf0a4c12
de04102a-e658-480e-bed5-7b3ecdd73f08,6ff9e82a-0eff-4a28-b5c4-68f943508bf2
048f01cf-33ec-4a0e-adc1-2a5241d3459e,ac2f7cb8-fe85-4eec-9dbd-11aab73b200d
fcbad0d6-7aab-4f32-9ef9-054fdd8dd97b,992ae373-a9bc-4ae6-9d74-7082cf0a4c12
fcbad0d6-7aab-4f32-9ef9-054fdd8dd97b,1f33d527-6045-4358-afd9-602ae8644b43
8f1a781e-241f-4ee5-a68f-872719512248,6ca59447-c208-40e3-ab57-7edb01549cbf
3d58c55a-8f71-4e73-91ac-42383ff6235a,992ae373-a9bc-4ae6-9d74-7082cf0a4c12
3d58c55a-8f71-4e73-91ac-42383ff6235a,eddb9f19-4025-4f9a-8d44-a9bf94cb562e
3d58c55a-8f71-4e73-91ac-42383ff6235a,72f27659-ea6c-40a3-9f2d-dfe7d82c853b
d4782afc-0b44-41eb-a734-f936ff5a1ec5,6ca59447-c208-40e3-ab57-7edb01549cbf
11a10739-73ba-4ad7-89be-2c0ed53da22c,992ae373-a9bc-4ae6-9d74-7082cf0a4c12
11a10739-73ba-4ad7-89be-2c0ed53da22c,6ff9e82a-0eff-4a28-b5c4-68f943508bf2
5d5fa9f9-b2d5-4ac0-b45a-1bea38b745fc,6ca59447-c208-40e3-ab57-7edb01549cbf
a67b2bc0-1295-484d-ab43-6f91ac30fbaa,6ff9e82a-0eff-4a28-b5c4-68f943508bf2
78f7bd88-a4ad-40e1-bbe6-3f4f844f3e2f,6ca59447-c208-40e3-ab57-7edb01549cbf
3cb7d55a-4b25-4354-9361-cf4b520ae80f,992ae373-a9bc-4ae6-9d74-7082cf0a4c12
559d08aa-cdfb-4341-8cec-5ba06ce04f31,6ca59447-c208-40e3-ab57-7edb01549cbf
c7e53704-e266-47a7-915f-a932a3321a89,992ae373-a9bc-4ae6-9d74-7082cf0a4c12
c7e53704-e266-47a7-915f-a932a3321a89,6ff9e82a-0eff-4a28-b5c4-68f943508bf2
a088dc96-1b38-42cf-80de-8bf34fe71d16,ca64a6a5-167f-4dc6-a828-596ec7fb7bcf
1dfc4c0b-4e0e-41b7-b33a-f7e5212b3a90,50d749ed-12a3-48bb-88a9-ac8403bdc400
c616dd5c-4ef0-41b2-bda8-4089a4d918d6,992ae373-a9bc-4ae6-9d74-7082cf0a4c12
c616dd5c-4ef0-41b2-bda8-4089a4d918d6,6ff9e82a-0eff-4a28-b5c4-68f943508bf2
c616dd5c-4ef0-41b2-bda8-4089a4d918d6,eddb9f19-4025-4f9a-8d44-a9bf94cb562e
4473ec13-f376-4118-a486-71bb63073d5a,6ca59447-c208-40e3-ab57-7edb01549cbf
76f69f13-caf9-44d7-bfe1-281b03f575f1,6ca59447-c208-40e3-ab57-7edb01549cbf
e2f8cb1f-0706-449e-aaeb-9cc498add784,d89699f6-85db-4def-8de6-14cb07eb2c43
18975fb4-61cc-4e24-818d-4886dc6e7b88,ca64a6a5-167f-4dc6-a828-596ec7fb7bcf
917972f6-a14e-4f63-9aac-d12e4d1a82fe,b1938d90-e95c-4a12-87a3-4e4e3b8b4658
5b57a5f1-58eb-44e9-b8ea-49e30deb65ea,3b16b9a9-28b5-4421-a419-f2c0a580a622
52daea3e-d649-4410-a05e-0b3c109317c3,8d82500d-abce-4859-889f-991e369704e8
d2992175-8ca9-4fc5-a347-25b4f30a5085,f4053f71-94b5-40b2-92bd-fb588127fe38
d2992175-8ca9-4fc5-a347-25b4f30a5085,41d62f31-a92e-4ff2-9981-41f3cf46ebeb
2553d643-ae70-427c-a5bc-e6bb7cabe58d,3d947f3c-fa03-4667-b09a-25a8f2db2adb
1b33c523-3a0a-4c11-b6fc-f01a977fa81f,6359b0bf-3af6-44e9-bf13-71c9fe0ead77
b2a0649b-78a7-4e4d-a645-8e95881fdda9,eddb9f19-4025-4f9a-8d44-a9bf94cb562e
b2a0649b-78a7-4e4d-a645-8e95881fdda9,992ae373-a9bc-4ae6-9d74-7082cf0a4c12
b2a0649b-78a7-4e4d-a645-8e95881fdda9,1f33d527-6045-4358-afd9-602ae8644b43
53710be7-bf62-46e4-a6d8-c2c54c106f10,86ee7af8-32b3-4dea-ad35-ddeae2af469c
25f05a42-d82e-4957-9835-089f3735b063,1fad2edd-83ee-4028-b2a6-4664d26552cd
44729d58-bfbf-482c-bc1d-5b3e42e54f67,6bdd587c-344f-4fb7-b1c6-d48b8b15a2d1
11e232e0-7661-427e-9411-10041f9640dd,992ae373-a9bc-4ae6-9d74-7082cf0a4c12
11e232e0-7661-427e-9411-10041f9640dd,1f33d527-6045-4358-afd9-602ae8644b43
e65ccac0-af42-4b9c-aa41-17b7aefeab5d,6ca59447-c208-40e3-ab57-7edb01549cbf
f3f01a72-1fc9-47d1-9490-480ece255507,992ae373-a9bc-4ae6-9d74-7082cf0a4c12
61adbae6-fcae-47ab-8613-083668140263,c0616b1c-7741-4f55-9da3-7b115b34481c
0abf2d9b-98cb-43b5-9562-41e84f540399,1f33d527-6045-4358-afd9-602ae8644b43
0abf2d9b-98cb-43b5-9562-41e84f540399,9d902a90-2e2d-4921-9d40-b5c18c6fe7ec
4bfa9f74-571a-4fa6-9bc5-8a54a5f4d9cd,c0616b1c-7741-4f55-9da3-7b115b34481c
4e778961-7efa-427e-a810-7b91b1145b6c,992ae373-a9bc-4ae6-9d74-7082cf0a4c12
4e778961-7efa-427e-a810-7b91b1145b6c,ae92de86-1329-4de8-bbcc-f478e9f8628b
14d5d52f-2ebd-4c17-8520-1151fd13e553,6ca59447-c208-40e3-ab57-7edb01549cbf
a06114f0-97b0-4dc2-9b39-6cfad7323d51,05189b57-cd02-4472-9e21-bd3b54ab5dd6
62cd20db-600a-4a2b-b68a-69353b7b7f8d,1f33d527-6045-4358-afd9-602ae8644b43
62cd20db-600a-4a2b-b68a-69353b7b7f8d,f4053f71-94b5-40b2-92bd-fb588127fe38
0fb65277-67af-4e91-88cc-2429b44707ad,b41e3b3e-d27b-4705-b8c7-592b89508e12
3dab9bf7-5710-40ab-b5ab-72dd021f9158,6ca59447-c208-40e3-ab57-7edb01549cbf
a1c6485d-2af2-4aac-865f-e61bbe2a94f0,eddb9f19-4025-4f9a-8d44-a9bf94cb562e
7a421713-0eec-46b6-8c49-87f114c38872,6ca59447-c208-40e3-ab57-7edb01549cbf
f3734e8b-3069-4c70-81cd-651e8490cea0,ae92de86-1329-4de8-bbcc-f478e9f8628b
f3734e8b-3069-4c70-81cd-651e8490cea0,992ae373-a9bc-4ae6-9d74-7082cf0a4c12
78d025e2-0124-4766-840c-0965d9126b85,6ca59447-c208-40e3-ab57-7edb01549cbf
f04b74d9-e361-40e4-b045-a461d8c5fe43,992ae373-a9bc-4ae6-9d74-7082cf0a4c12
f04b74d9-e361-40e4-b045-a461d8c5fe43,eddb9f19-4025-4f9a-8d44-a9bf94cb562e
f04b74d9-e361-40e4-b045-a461d8c5fe43,9d902a90-2e2d-4921-9d40-b5c18c6fe7ec
b45a20e6-d5e3-47d1-8c72-52ce070af5e6,6ca59447-c208-40e3-ab57-7edb01549cbf
b5293802-46ee-4d82-823e-8fa0fd9d1198,ae92de86-1329-4de8-bbcc-f478e9f8628b
b5293802-46ee-4d82-823e-8fa0fd9d1198,6ff9e82a-0eff-4a28-b5c4-68f943508bf2
137e4007-371d-4326-b411-fa89a6cadfb0,2baf988b-c09f-420d-b2f1-07c3f3cb565b
5c5a509a-27a6-49ae-abcf-0c73db16ae56,dca26f5a-6485-43d1-9b87-82b066477f04
9a936269-4fbb-4ef5-8ebf-7ad197f2a30a,d89699f6-85db-4def-8de6-14cb07eb2c43
9a936269-4fbb-4ef5-8ebf-7ad197f2a30a,1f33d527-6045-4358-afd9-602ae8644b43
9a936269-4fbb-4ef5-8ebf-7ad197f2a30a,f4053f71-94b5-40b2-92bd-fb588127fe38
693b54fa-fc44-4a65-b879-afdd70b398d9,3b16b9a9-28b5-4421-a419-f2c0a580a622
43164828-4f29-4a2d-8e8c-ac7d8dd4b279,86ee7af8-32b3-4dea-ad35-ddeae2af469c
43528bd1-0e4a-4811-8294-3fed89757e84,aa5350c6-5532-4604-b95c-938b8f7cb95c
753de070-2942-4bc4-974e-432a1a280755,992ae373-a9bc-4ae6-9d74-7082cf0a4c12
753de070-2942-4bc4-974e-432a1a280755,ae92de86-1329-4de8-bbcc-f478e9f8628b
753de070-2942-4bc4-974e-432a1a280755,b47cb9fd-b9c9-4d77-916d-93ed0c1a1879
753de070-2942-4bc4-974e-432a1a280755,72f27659-ea6c-40a3-9f2d-dfe7d82c853b
753de070-2942-4bc4-974e-432a1a280755,eddb9f19-4025-4f9a-8d44-a9bf94cb562e
9c1dc8bd-88ad-41fa-b2b1-a007e14a72a4,3d947f3c-fa03-4667-b09a-25a8f2db2adb
03a188d3-f40c-4b40-83d1-4465537fd1bc,6359b0bf-3af6-44e9-bf13-71c9fe0ead77
9968e136-5c7b-4022-847f-5533c101d2e6,992ae373-a9bc-4ae6-9d74-7082cf0a4c12
9968e136-5c7b-4022-847f-5533c101d2e6,1f33d527-6045-4358-afd9-602ae8644b43
9968e136-5c7b-4022-847f-5533c101d2e6,8ccdb142-81ed-489d-94a0-4041bd04a46e
5121338d-7629-47a9-9c59-adf7421e3f23,6ca59447-c208-40e3-ab57-7edb01549cbf
9ce19df6-bd16-4f6d-8c17-b75c4799a0e9,992ae373-a9bc-4ae6-9d74-7082cf0a4c12
9ce19df6-bd16-4f6d-8c17-b75c4799a0e9,f137d46d-5bac-404d-bfc9-d9fb8fc8a734
9ce19df6-bd16-4f6d-8c17-b75c4799a0e9,421187bb-ba8c-445a-a03c-e17ed8a34c0f
9ce19df6-bd16-4f6d-8c17-b75c4799a0e9,eddb9f19-4025-4f9a-8d44-a9bf94cb562e
23c71de6-7154-49e0-b0ad-c6a7cc60cf0c,6ca59447-c208-40e3-ab57-7edb01549cbf
c0c3eac7-c72a-44bb-a343-c8d968739b35,eddb9f19-4025-4f9a-8d44-a9bf94cb562e
c0c3eac7-c72a-44bb-a343-c8d968739b35,992ae373-a9bc-4ae6-9d74-7082cf0a4c12
c0c3eac7-c72a-44bb-a343-c8d968739b35,ae92de86-1329-4de8-bbcc-f478e9f8628b
0664d853-8b84-44db-9b83-7a2764bb6297,6ca59447-c208-40e3-ab57-7edb01549cbf
ef6df023-a45d-414f-b946-2fae3ab13b8d,992ae373-a9bc-4ae6-9d74-7082cf0a4c12
ef6df023-a45d-414f-b946-2fae3ab13b8d,ae92de86-1329-4de8-bbcc-f478e9f8628b
ef6df023-a45d-414f-b946-2fae3ab13b8d,9f6d5b2b-ac1c-4cc3-a7d1-7cedf98b7563
f7942fc0-add5-4803-9cf5-640f09721700,6ca59447-c208-40e3-ab57-7edb01549cbf
3576acd6-d199-4eb3-b967-68c65fe73595,a935ba3a-86b5-400c-8948-e6375e9fc3fe
3576acd6-d199-4eb3-b967-68c65fe73595,6ff9e82a-0eff-4a28-b5c4-68f943508bf2
3576acd6-d199-4eb3-b967-68c65fe73595,d89699f6-85db-4def-8de6-14cb07eb2c43
78b19fe6-1626-4f82-9974-450431ee3f1c,2baf988b-c09f-420d-b2f1-07c3f3cb565b
3cd4f16e-d02b-4fa0-99ba-344f56caf7a5,dca26f5a-6485-43d1-9b87-82b066477f04
1f454414-f490-464e-8950-1b63420610e7,f4053f71-94b5-40b2-92bd-fb588127fe38
1f454414-f490-464e-8950-1b63420610e7,1f33d527-6045-4358-afd9-602ae8644b43
7e8e4b73-eb8e-4374-92c4-d4e6b2f1e86a,3b16b9a9-28b5-4421-a419-f2c0a580a622
bd7debf8-226d-4fbd-8fc1-db67e8618023,6ca59447-c208-40e3-ab57-7edb01549cbf
0facde8a-bab2-4107-a65d-0231acc66c14,992ae373-a9bc-4ae6-9d74-7082cf0a4c12
0facde8a-bab2-4107-a65d-0231acc66c14,efde0ce9-21df-44b4-ba54-c6d738ec2e64
0105cf79-07b9-4c53-b35c-017bfde3ee02,0ee9f564-1d84-4c16-8227-802613b88a09
457f2341-1ed7-490a-a456-98ea2b95b675,abc6c08b-0d8b-4b68-9a5e-18e8122308ca
dd2e60b8-3aa5-4de7-a7d4-a4d142b179c7,1fad2edd-83ee-4028-b2a6-4664d26552cd
09e08e21-a98d-40e8-bd89-d18507fe57fe,1f33d527-6045-4358-afd9-602ae8644b43
26aa41b2-3a5d-44bd-88f8-5bbf9d8b0902,3b16b9a9-28b5-4421-a419-f2c0a580a622
f8e23610-0064-4598-a016-2556fe8f6bbb,c7e9d8ec-9ba5-4048-82e7-c3d2ff02eb9b
50a92d98-b2b5-427a-abc1-a714f4899baa,5fc091c1-fa87-45b5-878f-8deb38c39f5e
06b780b9-a298-4641-a765-24d775fc1b23,50d749ed-12a3-48bb-88a9-ac8403bdc400
11816976-bd40-4303-9838-fa1489f99c8f,0a2353ed-3482-4163-9ca4-46e6cf6ab717
eb4bc854-8cad-425b-abfa-c0b0983ff550,b4f75e2e-aded-4dd2-8b9c-740be0e9164d
f5e89afd-45a4-4d04-83ba-61bdf0d3cfbf,ff41c6fa-d1d3-461e-bc14-61438d2fe7d4
60d277ac-31c8-421a-9c78-b06d8545133d,6bdd587c-344f-4fb7-b1c6-d48b8b15a2d1
2899f883-e094-4bd5-b7ec-8112c88e51a8,1f33d527-6045-4358-afd9-602ae8644b43
2899f883-e094-4bd5-b7ec-8112c88e51a8,421187bb-ba8c-445a-a03c-e17ed8a34c0f
ecaf8372-d4f0-4fbf-af0e-f227b59b1bc0,2cac3d2f-fb6d-4fee-a989-09105ff99178
3a2fc099-98ac-49b3-bd2b-7f4dac44839f,ac2f7cb8-fe85-4eec-9dbd-11aab73b200d
7d9758fe-de59-4c5b-918a-636b7dbe131a,40193610-2542-4d28-a63f-078467cb7f0a
e50ffe56-4a8f-467e-8ff2-47a0d236a526,d89699f6-85db-4def-8de6-14cb07eb2c43
e50ffe56-4a8f-467e-8ff2-47a0d236a526,6ff9e82a-0eff-4a28-b5c4-68f943508bf2
3191a7db-121b-4a78-abd0-ea49a91084a0,8e47f6b9-4a44-4ce0-98bf-f3e7356fa1d2
ee6454b8-e425-4b60-8348-3ebbb585583d,b4f75e2e-aded-4dd2-8b9c-740be0e9164d
f2b9b1d2-c820-4ee9-9d66-ea0316e4a7de,992ae373-a9bc-4ae6-9d74-7082cf0a4c12
f2b9b1d2-c820-4ee9-9d66-ea0316e4a7de,6ff9e82a-0eff-4a28-b5c4-68f943508bf2
59e654c3-c9d9-4f6e-a8cb-64bbaf2ded54,6ca59447-c208-40e3-ab57-7edb01549cbf
ef8c3f09-b1ac-4cc2-9708-40df45dea7d3,992ae373-a9bc-4ae6-9d74-7082cf0a4c12
ef8c3f09-b1ac-4cc2-9708-40df45dea7d3,9f6d5b2b-ac1c-4cc3-a7d1-7cedf98b7563
ef8c3f09-b1ac-4cc2-9708-40df45dea7d3,6ff9e82a-0eff-4a28-b5c4-68f943508bf2
d83b9939-43e2-486b-81ae-86076c71d492,94d3c2e4-6c9d-45de-9663-14be2dcabf8d
d83b9939-43e2-486b-81ae-86076c71d492,992ae373-a9bc-4ae6-9d74-7082cf0a4c12
9b20f8a0-8c79-4332-80fb-5bda42630540,12e1702a-7623-4b11-a224-44601b67328c
db195460-cec9-465b-98fc-d4b89ed9deed,28408059-9560-428c-be43-378a604ac3e8
c16e48ef-3858-4016-b852-c0ba5d87ffe0,992ae373-a9bc-4ae6-9d74-7082cf0a4c12
82a8e1a1-98b3-4b55-8e47-3c2b8a2f98e6,6bdd587c-344f-4fb7-b1c6-d48b8b15a2d1
871dc127-1219-4dc4-a190-5a18c62f79c5,0d89cd97-9e1b-4cb3-89fc-6773540db9e8
6cff7471-b55b-41cd-af6c-ef5998eb00c2,21d8739d-25f6-48b7-a909-14d59848db24
b92dced4-4748-48e8-b7c3-8cfeb76faf5d,386c578b-2a53-4c3a-b910-a980fb1773c0
3cc96921-c988-4df7-950c-82feebeacb4a,1f33d527-6045-4358-afd9-602ae8644b43
2f6f1cc4-8681-4561-82b1-d898a1c20705,bd521a9e-13b6-4c06-bac1-bc263ff9a172
4c988f14-237b-4e9f-955f-90c17665c461,ca64a6a5-167f-4dc6-a828-596ec7fb7bcf
3b4459e1-ce8d-470b-9c12-3bfc700d4638,50d749ed-12a3-48bb-88a9-ac8403bdc400
2f0a772f-2fd3-435c-8196-ac00be4480f7,1f33d527-6045-4358-afd9-602ae8644b43
2f0a772f-2fd3-435c-8196-ac00be4480f7,d89699f6-85db-4def-8de6-14cb07eb2c43
2f0a772f-2fd3-435c-8196-ac00be4480f7,9d902a90-2e2d-4921-9d40-b5c18c6fe7ec
aea5cdb7-7728-4f6d-8002-9243b36c71c4,1bcd244a-c2a5-4a4e-8572-b7459305a8b1
7265116d-ed24-4606-b460-505f841b594b,d89699f6-85db-4def-8de6-14cb07eb2c43
7265116d-ed24-4606-b460-505f841b594b,6e7ec579-d5fc-41c8-82f1-649532a23cb4
7265116d-ed24-4606-b460-505f841b594b,8ccdb142-81ed-489d-94a0-4041bd04a46e
786b9766-51b6-4f09-a49c-e77c7bbb71cd,6b0712f7-178e-473d-8bc6-3ca8e50b9053
a84d5134-41dd-4f83-b065-6afa40e5fc4d,1bcd244a-c2a5-4a4e-8572-b7459305a8b1
7364ac72-2eac-4535-918a-53ec82558f44,af68b454-0781-4ba1-a037-4444038ef730
cd1635aa-b419-44bd-9f12-9027b4a9b048,3b16b9a9-28b5-4421-a419-f2c0a580a622
421f2d65-2aa7-404b-b3ce-b744cd3a16e5,6e7ec579-d5fc-41c8-82f1-649532a23cb4
1d0f9836-8a0c-4388-bf30-50a9e7e43b8c,207fe291-5f03-43cd-b528-0e897e3a3159
b2c9f663-6ada-466d-8c57-5901ad310000,dca26f5a-6485-43d1-9b87-82b066477f04
f3969490-f6f5-435d-9d26-c71188fb4f67,1f33d527-6045-4358-afd9-602ae8644b43
f3969490-f6f5-435d-9d26-c71188fb4f67,eddb9f19-4025-4f9a-8d44-a9bf94cb562e
7b388b81-ece7-458c-8349-6c081fc0b257,0ee9f564-1d84-4c16-8227-802613b88a09
b743169a-f3f4-426d-ba7a-90c529ea9af4,6ca59447-c208-40e3-ab57-7edb01549cbf
fea9c742-eedb-4049-9e10-48d7cca112b0,6ca59447-c208-40e3-ab57-7edb01549cbf
f8a828c0-f96c-4817-84f7-0743ebb5222a,992ae373-a9bc-4ae6-9d74-7082cf0a4c12
f8a828c0-f96c-4817-84f7-0743ebb5222a,6ff9e82a-0eff-4a28-b5c4-68f943508bf2
8997ea76-b15b-40ae-92a6-a5351c6121d0,3d947f3c-fa03-4667-b09a-25a8f2db2adb
5123ceb5-d503-42d3-976b-b34dba690319,6359b0bf-3af6-44e9-bf13-71c9fe0ead77
003e866e-d1e9-4d41-9e02-4547889b069f,1fa3719f-7f49-43d3-9416-c38e10968ac8
003e866e-d1e9-4d41-9e02-4547889b069f,eddb9f19-4025-4f9a-8d44-a9bf94cb562e
cb2cf671-a8b9-4587-a04d-6fc31d219b0d,0956065f-f830-46ce-8db3-7c82b0df46c0
15ad773b-7349-4fdc-91a5-012a38fa2703,33f12961-e353-4d14-a7bc-4f20ffad7f00
85b3b062-edb2-4abd-99e7-8b1a7d336d74,72f27659-ea6c-40a3-9f2d-dfe7d82c853b
85b3b062-edb2-4abd-99e7-8b1a7d336d74,41d62f31-a92e-4ff2-9981-41f3cf46ebeb
bd980bc6-d0eb-4e4d-a4bc-0ef5f2817d0e,6bdd587c-344f-4fb7-b1c6-d48b8b15a2d1
0bbc77ff-e2ef-42e2-b936-6d5e56c0a522,6ca59447-c208-40e3-ab57-7edb01549cbf
45e9879c-21cd-4615-a7c8-3d2e9f2b8aff,6ca59447-c208-40e3-ab57-7edb01549cbf
e1d318a7-901d-48bd-a124-c53f56a86578,992ae373-a9bc-4ae6-9d74-7082cf0a4c12
e1d318a7-901d-48bd-a124-c53f56a86578,6ff9e82a-0eff-4a28-b5c4-68f943508bf2
c1e445a9-3a2b-4055-b658-a922d3b59a1b,6ca59447-c208-40e3-ab57-7edb01549cbf
780f8c50-9529-4541-9d66-d8cccdb944f2,992ae373-a9bc-4ae6-9d74-7082cf0a4c12
780f8c50-9529-4541-9d66-d8cccdb944f2,ae92de86-1329-4de8-bbcc-f478e9f8628b
12c3694d-d8c8-4d64-b130-504b84dff9a6,7a8e0e9d-28f2-40d7-8696-9db0a75a628d
f8d88e6b-90f0-4306-9a85-17672464c008,ff41c6fa-d1d3-461e-bc14-61438d2fe7d4
5e0d32fd-82a3-422a-86f7-435a981b3db6,3b16b9a9-28b5-4421-a419-f2c0a580a622
a0341ae7-f708-462f-a98b-83ecd582d898,1f33d527-6045-4358-afd9-602ae8644b43
ec3dff6a-0f38-4cd6-81a8-393b2aefb973,ac2f7cb8-fe85-4eec-9dbd-11aab73b200d
d6ddf901-55a9-4927-a059-19dbc62619ab,992ae373-a9bc-4ae6-9d74-7082cf0a4c12
d6ddf901-55a9-4927-a059-19dbc62619ab,6ff9e82a-0eff-4a28-b5c4-68f943508bf2
9d5740c0-461a-44dd-a2ea-df30a6a3488f,6ca59447-c208-40e3-ab57-7edb01549cbf
d2e55b45-4d32-44a4-a46b-cf93112d3402,d8552976-9336-4818-a952-a6ada26a3006
4eb63112-5c7f-4b0b-b4c9-f21a47c39149,6ca59447-c208-40e3-ab57-7edb01549cbf
b87795c3-ae2e-4092-b1c4-048843492b75,6ca59447-c208-40e3-ab57-7edb01549cbf
d1786f80-4379-4634-bf03-36e11dfa0ad9,d89699f6-85db-4def-8de6-14cb07eb2c43
88b3fa5a-1d76-430e-9d27-d7d6acda9e7e,dca26f5a-6485-43d1-9b87-82b066477f04
6273accb-5591-4d90-a5b2-ba03abb277ad,8d82500d-abce-4859-889f-991e369704e8
92b57f08-7b69-42f2-a5d5-ab42a859fd22,6ff9e82a-0eff-4a28-b5c4-68f943508bf2
2c774dce-9c4f-4011-b093-4a84d4a314bb,f5ae86d6-7b29-42fb-b3b0-3b474b2978f5
140c3948-1f54-48bc-b039-24e38870017f,207fe291-5f03-43cd-b528-0e897e3a3159
0184fbb4-b84c-463e-b203-0c6e40df9db0,6ca59447-c208-40e3-ab57-7edb01549cbf
2cfbc3dc-2b8d-462a-8356-801cb12373ee,992ae373-a9bc-4ae6-9d74-7082cf0a4c12
2cfbc3dc-2b8d-462a-8356-801cb12373ee,6ff9e82a-0eff-4a28-b5c4-68f943508bf2
60cc150d-7b92-47db-993d-54289b28cd66,5fc091c1-fa87-45b5-878f-8deb38c39f5e
9e016d20-1b24-4429-8813-f7b8184d5e23,992ae373-a9bc-4ae6-9d74-7082cf0a4c12
9e016d20-1b24-4429-8813-f7b8184d5e23,1f33d527-6045-4358-afd9-602ae8644b43
9e016d20-1b24-4429-8813-f7b8184d5e23,eddb9f19-4025-4f9a-8d44-a9bf94cb562e
b037a417-eec8-45c4-972a-b2c92f6e56be,fc1941db-1098-4bd5-a9c7-d9fe8b94172d
93ce7ca7-6141-4b0f-8eff-be18234e472c,cde9a632-6add-43ce-8de9-84ce69637125
1d76a82f-73c9-4035-bb1f-f5f60d0c5132,20bc1485-d0c4-4b2b-b0b4-c282c203431a
a0684aac-186c-4b93-97ad-e3ad234bdd03,69b294ca-7d15-4303-9762-216ec08f824e
1bbda735-5427-4af7-8aec-9386f277b299,2baf988b-c09f-420d-b2f1-07c3f3cb565b
7e01fb2c-6fa4-4ae0-8baf-cc2d9f0e254d,6ca59447-c208-40e3-ab57-7edb01549cbf
22fa3c70-6ba7-43de-bb99-960786eb5e88,d8552976-9336-4818-a952-a6ada26a3006
22fa3c70-6ba7-43de-bb99-960786eb5e88,05155868-5a51-4328-bec7-587f5f081148
9881258d-a37d-4125-9a02-e250c7e1dd54,6ca59447-c208-40e3-ab57-7edb01549cbf
95e6b24c-0c22-4202-9168-4a11411d4004,d8552976-9336-4818-a952-a6ada26a3006
c8a3f8f8-e4f2-469a-a587-fdfd06295749,3bf75b18-e479-43ff-b40e-b33f5996a5c4
c8a3f8f8-e4f2-469a-a587-fdfd06295749,6e7ec579-d5fc-41c8-82f1-649532a23cb4
0327fa19-6651-4886-bb70-d3441d127d18,6ca59447-c208-40e3-ab57-7edb01549cbf
48aa2ed3-535e-4068-9d6b-e207b6f85452,af68b454-0781-4ba1-a037-4444038ef730
b280bba4-ff7c-4494-a24d-f19441a2ed4d,3b16b9a9-28b5-4421-a419-f2c0a580a622
6b5bc6f7-82a3-4261-a9a4-f922d2801378,1f33d527-6045-4358-afd9-602ae8644b43
6b5bc6f7-82a3-4261-a9a4-f922d2801378,f4053f71-94b5-40b2-92bd-fb588127fe38
06ade3ea-9dc1-45a1-bd48-9c6d8d187a4c,f5ae86d6-7b29-42fb-b3b0-3b474b2978f5
fcf7f594-3ccf-42cf-a395-a2a0e37093a5,e8a36e12-37a4-483d-be2e-2abcbbbbc70c
f3a16371-c633-411e-89aa-d6ffd05ba8f6,eddb9f19-4025-4f9a-8d44-a9bf94cb562e
f3a16371-c633-411e-89aa-d6ffd05ba8f6,992ae373-a9bc-4ae6-9d74-7082cf0a4c12
f3a16371-c633-411e-89aa-d6ffd05ba8f6,ae92de86-1329-4de8-bbcc-f478e9f8628b
f3a16371-c633-411e-89aa-d6ffd05ba8f6,aa8d2b6b-4734-4e80-ab73-a7a88a06f54f
6c4ec4bc-4de6-4607-8ce9-71c8057a86f2,c7e9d8ec-9ba5-4048-82e7-c3d2ff02eb9b
81eb9a36-cca6-4c46-847d-6f92163bbaad,d1c30f65-d081-40cd-91e8-193b4c51182a
c3b63e69-aa18-4127-981d-7c3c5052d60b,992ae373-a9bc-4ae6-9d74-7082cf0a4c12
02ae7f34-5376-4401-bb32-d765a976bd27,c0616b1c-7741-4f55-9da3-7b115b34481c
a8386912-1fd6-4b33-8132-7df1cb885134,c0616b1c-7741-4f55-9da3-7b115b34481c
d7fcd1ab-6671-4d15-8710-5346bf003f17,992ae373-a9bc-4ae6-9d74-7082cf0a4c12
d7fcd1ab-6671-4d15-8710-5346bf003f17,eddb9f19-4025-4f9a-8d44-a9bf94cb562e
eb75ca6c-db83-4b4a-ae20-cda1472344fe,6ca59447-c208-40e3-ab57-7edb01549cbf
c6668121-7e0e-4427-8e58-bc5fc6865176,992ae373-a9bc-4ae6-9d74-7082cf0a4c12
c6668121-7e0e-4427-8e58-bc5fc6865176,ae92de86-1329-4de8-bbcc-f478e9f8628b
c6668121-7e0e-4427-8e58-bc5fc6865176,6ff9e82a-0eff-4a28-b5c4-68f943508bf2
3af18bbe-fb04-4b4b-ae85-c3b40401263f,6ca59447-c208-40e3-ab57-7edb01549cbf
3b867687-eaf8-433a-afa9-9a724e7d11c4,992ae373-a9bc-4ae6-9d74-7082cf0a4c12
3b867687-eaf8-433a-afa9-9a724e7d11c4,ae92de86-1329-4de8-bbcc-f478e9f8628b
3b867687-eaf8-433a-afa9-9a724e7d11c4,9f6d5b2b-ac1c-4cc3-a7d1-7cedf98b7563
3b867687-eaf8-433a-afa9-9a724e7d11c4,6ff9e82a-0eff-4a28-b5c4-68f943508bf2
c662b24f-726d-4388-901e-85ca21b5b8de,6ff9e82a-0eff-4a28-b5c4-68f943508bf2
c662b24f-726d-4388-901e-85ca21b5b8de,eddb9f19-4025-4f9a-8d44-a9bf94cb562e
c662b24f-726d-4388-901e-85ca21b5b8de,fc1941db-1098-4bd5-a9c7-d9fe8b94172d
29a3fe3a-bf1c-4248-be09-dbfdeda78877,6ca59447-c208-40e3-ab57-7edb01549cbf
835cf3a8-733a-4053-af49-cddfbe3c8be6,9d902a90-2e2d-4921-9d40-b5c18c6fe7ec
835cf3a8-733a-4053-af49-cddfbe3c8be6,efde0ce9-21df-44b4-ba54-c6d738ec2e64
835cf3a8-733a-4053-af49-cddfbe3c8be6,ae92de86-1329-4de8-bbcc-f478e9f8628b
835cf3a8-733a-4053-af49-cddfbe3c8be6,6ff9e82a-0eff-4a28-b5c4-68f943508bf2
80c48328-dc5d-4d7a-8e4b-2f580913243e,992ae373-a9bc-4ae6-9d74-7082cf0a4c12
80c48328-dc5d-4d7a-8e4b-2f580913243e,eddb9f19-4025-4f9a-8d44-a9bf94cb562e
80c48328-dc5d-4d7a-8e4b-2f580913243e,1f33d527-6045-4358-afd9-602ae8644b43
bd726d72-afd5-43cc-981f-f21eb6a96a13,52d84173-882a-48bc-98c2-da35a45c13c1
b968d40e-a348-466e-9a98-6445fc26a54f,02257903-92fa-4ef4-8ba7-12758b989472
80d14928-708c-4cbd-b8cc-a9a3a398dd74,1f33d527-6045-4358-afd9-602ae8644b43
80d14928-708c-4cbd-b8cc-a9a3a398dd74,eddb9f19-4025-4f9a-8d44-a9bf94cb562e
2c4fed9f-6ae6-4bee-a49b-fee20b1fe422,52d84173-882a-48bc-98c2-da35a45c13c1
19c12044-b394-41d4-b52c-6710fa9e9216,abc6c08b-0d8b-4b68-9a5e-18e8122308ca
3cc4df55-fa39-4e9f-bce6-72a941241dae,1f33d527-6045-4358-afd9-602ae8644b43
3cc4df55-fa39-4e9f-bce6-72a941241dae,f4053f71-94b5-40b2-92bd-fb588127fe38
7b3b9267-6803-4cb6-8fba-0dbfaa146011,3b16b9a9-28b5-4421-a419-f2c0a580a622
e21bf4d0-08da-4ea7-87a1-d815200a6cb4,6ca59447-c208-40e3-ab57-7edb01549cbf
ac6a4b47-fa44-4a30-8c07-0795c8db8f92,992ae373-a9bc-4ae6-9d74-7082cf0a4c12
790213cc-c008-45be-8155-6c8bf366e952,c7e9d8ec-9ba5-4048-82e7-c3d2ff02eb9b
6a753439-c783-4844-9230-5351216c15e5,d1c30f65-d081-40cd-91e8-193b4c51182a
d22bcb75-8995-484b-9470-525e26fd1031,992ae373-a9bc-4ae6-9d74-7082cf0a4c12
d22bcb75-8995-484b-9470-525e26fd1031,6ff9e82a-0eff-4a28-b5c4-68f943508bf2
15808039-c860-43a7-9b35-15468a85bd09,ff41c6fa-d1d3-461e-bc14-61438d2fe7d4
f29667bf-34c2-4114-9ee9-77dc2b35e865,20bc1485-d0c4-4b2b-b0b4-c282c203431a
de74185d-49d8-458f-81fb-e3137c8ec11d,3b16b9a9-28b5-4421-a419-f2c0a580a622
710bb93e-2ded-486c-9be4-607d86d0a396,52d84173-882a-48bc-98c2-da35a45c13c1
1ff67ee5-f86d-4e65-b5b2-72b58f316141,4519ffb7-82ab-4f7a-b4b6-5fab503a5663
8d19ce0c-84bc-42ba-870a-f1aa7960dc87,6ca59447-c208-40e3-ab57-7edb01549cbf
5a62960f-d471-4bea-917c-1d462fbf2a2c,992ae373-a9bc-4ae6-9d74-7082cf0a4c12
5a62960f-d471-4bea-917c-1d462fbf2a2c,6ff9e82a-0eff-4a28-b5c4-68f943508bf2
361453b5-05d3-403a-ac7c-ed8a5b9a5986,2baf988b-c09f-420d-b2f1-07c3f3cb565b
a1a416e0-8515-42b8-ab77-b4b1c171a105,dca26f5a-6485-43d1-9b87-82b066477f04
7992f501-cd67-49da-8d48-52d4acd4bfbe,d89699f6-85db-4def-8de6-14cb07eb2c43
7992f501-cd67-49da-8d48-52d4acd4bfbe,9e87af73-6ec7-473e-86b9-93fc8311efba
7992f501-cd67-49da-8d48-52d4acd4bfbe,1f33d527-6045-4358-afd9-602ae8644b43
7992f501-cd67-49da-8d48-52d4acd4bfbe,f4053f71-94b5-40b2-92bd-fb588127fe38
6ba1d122-7e15-4440-b590-dab01c1a0c0a,3b16b9a9-28b5-4421-a419-f2c0a580a622
aa58db61-9833-4296-92e1-a0d927d3f8a3,6ca59447-c208-40e3-ab57-7edb01549cbf
b2b9c6cf-e983-4d21-bf96-e7ebd1074b13,992ae373-a9bc-4ae6-9d74-7082cf0a4c12
027d8cb3-5c75-4bc3-ab8a-798941b37663,6ca59447-c208-40e3-ab57-7edb01549cbf
0f331a18-1641-4ea9-b022-bca3e1041cc6,992ae373-a9bc-4ae6-9d74-7082cf0a4c12
0f331a18-1641-4ea9-b022-bca3e1041cc6,eddb9f19-4025-4f9a-8d44-a9bf94cb562e
f98807f6-5712-462e-8390-07d032693d65,ca64a6a5-167f-4dc6-a828-596ec7fb7bcf
1aabf3fe-08ee-4467-bb47-f747f64c0d4c,50d749ed-12a3-48bb-88a9-ac8403bdc400
1f211938-0811-46c6-aa22-3b5e1951b59a,f137d46d-5bac-404d-bfc9-d9fb8fc8a734
1f211938-0811-46c6-aa22-3b5e1951b59a,72f27659-ea6c-40a3-9f2d-dfe7d82c853b
1f211938-0811-46c6-aa22-3b5e1951b59a,d89699f6-85db-4def-8de6-14cb07eb2c43
07c8a08f-ebb3-41c1-ac85-06c1bd9a7d7c,6ca59447-c208-40e3-ab57-7edb01549cbf
0ec9fa9d-b6cf-4a03-911e-27db1cb88e8f,1fa3719f-7f49-43d3-9416-c38e10968ac8
7133f676-cea4-4262-81d1-b009e2023464,6ca59447-c208-40e3-ab57-7edb01549cbf
7f3e9c6f-abd0-4845-903b-df27f6617d51,992ae373-a9bc-4ae6-9d74-7082cf0a4c12
7f3e9c6f-abd0-4845-903b-df27f6617d51,eddb9f19-4025-4f9a-8d44-a9bf94cb562e
7f3e9c6f-abd0-4845-903b-df27f6617d51,72f27659-ea6c-40a3-9f2d-dfe7d82c853b
0c57050c-a335-46ea-8bb2-d52511f6d488,ca64a6a5-167f-4dc6-a828-596ec7fb7bcf
8ea93315-1dd5-4a24-81a9-8ddcedadf14b,50d749ed-12a3-48bb-88a9-ac8403bdc400
9d22f233-3f55-44b1-9945-954c60ae7af1,d89699f6-85db-4def-8de6-14cb07eb2c43
9d22f233-3f55-44b1-9945-954c60ae7af1,72f27659-ea6c-40a3-9f2d-dfe7d82c853b
54930a05-30e5-4e65-98c6-44233859637a,6ca59447-c208-40e3-ab57-7edb01549cbf
a0cdd685-6ef1-4905-ab52-ec15d8feb113,992ae373-a9bc-4ae6-9d74-7082cf0a4c12
a0cdd685-6ef1-4905-ab52-ec15d8feb113,eddb9f19-4025-4f9a-8d44-a9bf94cb562e
a0cdd685-6ef1-4905-ab52-ec15d8feb113,72f27659-ea6c-40a3-9f2d-dfe7d82c853b
1269aad2-26c4-4b1b-9693-6515b7fbaa15,6ca59447-c208-40e3-ab57-7edb01549cbf
fe8375f0-6e9b-4d7d-afea-db5e9f7f09a1,9e87af73-6ec7-473e-86b9-93fc8311efba
fe8375f0-6e9b-4d7d-afea-db5e9f7f09a1,0a2353ed-3482-4163-9ca4-46e6cf6ab717
fe8375f0-6e9b-4d7d-afea-db5e9f7f09a1,c1b2a3c9-ac3a-4dee-9cb6-1cb1c80d0b9b
fe8375f0-6e9b-4d7d-afea-db5e9f7f09a1,eddb9f19-4025-4f9a-8d44-a9bf94cb562e
03e1b352-e61a-47d7-8366-cd606321ea94,c0616b1c-7741-4f55-9da3-7b115b34481c
2b5b40e0-2d1a-4df9-bbd5-e7e3c3123ec9,b1938d90-e95c-4a12-87a3-4e4e3b8b4658
0f633c60-b81b-4121-a834-58a8c2c25ff6,abc6c08b-0d8b-4b68-9a5e-18e8122308ca
b24fbb4b-2b42-487c-b3c2-293abe26c4e0,a02e22cb-d235-4e41-99c0-73d63c06157e
b24fbb4b-2b42-487c-b3c2-293abe26c4e0,eddb9f19-4025-4f9a-8d44-a9bf94cb562e
b24fbb4b-2b42-487c-b3c2-293abe26c4e0,1f33d527-6045-4358-afd9-602ae8644b43
321f4a6f-1c9c-42ca-91a5-bb6956162b17,8e47f6b9-4a44-4ce0-98bf-f3e7356fa1d2
592917f6-de1a-4e0a-aec9-b77bc67dc6cd,b4f75e2e-aded-4dd2-8b9c-740be0e9164d
15a43844-3ebd-481a-a3b3-08036a158993,9e87af73-6ec7-473e-86b9-93fc8311efba
15a43844-3ebd-481a-a3b3-08036a158993,1f33d527-6045-4358-afd9-602ae8644b43
5645fe2e-58af-4a6e-958c-e9f0ed01c13d,6bdd587c-344f-4fb7-b1c6-d48b8b15a2d1
c5121f43-efa1-49ad-911f-4ee9d89177ec,eddb9f19-4025-4f9a-8d44-a9bf94cb562e
c5121f43-efa1-49ad-911f-4ee9d89177ec,6ff9e82a-0eff-4a28-b5c4-68f943508bf2
6f33909d-9b70-4346-838b-40f8bdf6e07a,f77c85d9-e35a-426d-a5eb-256816aafe9f
21989a9d-fe18-4801-8fb0-88dbe1fcbeaa,f77c85d9-e35a-426d-a5eb-256816aafe9f
35d623ce-afea-4770-b788-9435ca96cf87,ac2f7cb8-fe85-4eec-9dbd-11aab73b200d
b85eecd4-ab66-4a03-9890-e6ea7a435e0c,40193610-2542-4d28-a63f-078467cb7f0a
6dc43bd3-b1e6-4e4b-8022-e024ca958899,f137d46d-5bac-404d-bfc9-d9fb8fc8a734
6dc43bd3-b1e6-4e4b-8022-e024ca958899,d89699f6-85db-4def-8de6-14cb07eb2c43
34cff89f-8340-4739-9c48-8171c92f849d,6ca59447-c208-40e3-ab57-7edb01549cbf
7e7534b5-0162-4559-b9d4-996623986c8b,992ae373-a9bc-4ae6-9d74-7082cf0a4c12
7e7534b5-0162-4559-b9d4-996623986c8b,ae92de86-1329-4de8-bbcc-f478e9f8628b
2b079224-18dd-4163-ba08-c53dc9bc69a2,6ca59447-c208-40e3-ab57-7edb01549cbf
0e3d5e04-546e-4361-b5e1-5caf65796d18,992ae373-a9bc-4ae6-9d74-7082cf0a4c12
0e3d5e04-546e-4361-b5e1-5caf65796d18,9f6d5b2b-ac1c-4cc3-a7d1-7cedf98b7563
3e879334-ac02-49ee-9381-666c4cc0e2a1,6ca59447-c208-40e3-ab57-7edb01549cbf
f005096f-eba7-4944-856e-f5df58877670,9e87af73-6ec7-473e-86b9-93fc8311efba
f005096f-eba7-4944-856e-f5df58877670,0663a94d-7fc1-4427-9cdd-86e299c0fe86
f005096f-eba7-4944-856e-f5df58877670,6e7ec579-d5fc-41c8-82f1-649532a23cb4
f005096f-eba7-4944-856e-f5df58877670,9d902a90-2e2d-4921-9d40-b5c18c6fe7ec
7538a9e5-984d-437c-8088-f3950d6e8db4,5fc091c1-fa87-45b5-878f-8deb38c39f5e
4ab5afbf-f562-4f7d-81c2-aebd687b9395,efde0ce9-21df-44b4-ba54-c6d738ec2e64
4ab5afbf-f562-4f7d-81c2-aebd687b9395,992ae373-a9bc-4ae6-9d74-7082cf0a4c12
4ab5afbf-f562-4f7d-81c2-aebd687b9395,6ff9e82a-0eff-4a28-b5c4-68f943508bf2
b00cbf44-419b-4d0d-9de1-d97f3e6cc938,cde9a632-6add-43ce-8de9-84ce69637125
59a0d050-14b7-4a31-837f-c99e76106aab,05189b57-cd02-4472-9e21-bd3b54ab5dd6
f2a57ed2-450a-46ff-8fb1-100f7e101cb3,dca26f5a-6485-43d1-9b87-82b066477f04
17e3e7e1-5300-4924-91c3-29f25f5ab290,8d82500d-abce-4859-889f-991e369704e8
60df5e6a-b337-445d-bccd-94a91ccc2cff,d89699f6-85db-4def-8de6-14cb07eb2c43
60df5e6a-b337-445d-bccd-94a91ccc2cff,1f33d527-6045-4358-afd9-602ae8644b43
c1b31ca0-a852-42ac-98ba-883bd97738e2,af68b454-0781-4ba1-a037-4444038ef730
749cd5e5-3779-464f-8b6e-cbb72d3d7626,6e7ec579-d5fc-41c8-82f1-649532a23cb4
749cd5e5-3779-464f-8b6e-cbb72d3d7626,f4053f71-94b5-40b2-92bd-fb588127fe38
f870f947-43e0-40a6-8cdf-a69e3cd76a7c,3b16b9a9-28b5-4421-a419-f2c0a580a622
8d86a97d-319c-4cc9-bf6b-f285c809c955,c0616b1c-7741-4f55-9da3-7b115b34481c
c4077cc8-2780-4db0-831e-ef420520d0e2,b1938d90-e95c-4a12-87a3-4e4e3b8b4658
098fe8df-5eff-41fc-a1d6-f046bbfde68e,abc6c08b-0d8b-4b68-9a5e-18e8122308ca
bad97344-228f-458a-971e-2829762b048a,eddb9f19-4025-4f9a-8d44-a9bf94cb562e
bad97344-228f-458a-971e-2829762b048a,1f33d527-6045-4358-afd9-602ae8644b43
c7632a86-f7d6-46c3-aa6a-0d571411ae0a,c1615e31-4a06-4e33-8d90-0d9273fbce91
b055e0d9-21d3-4779-93b6-f13407ada67a,1f33d527-6045-4358-afd9-602ae8644b43
b055e0d9-21d3-4779-93b6-f13407ada67a,f4053f71-94b5-40b2-92bd-fb588127fe38
efb465fa-7cfd-4f58-8a02-82bdfbaabc07,8d82500d-abce-4859-889f-991e369704e8
0f331a18-1641-4ea9-b022-bca3e1041cc6,6ff9e82a-0eff-4a28-b5c4-68f943508bf2
3db97ce0-a70a-4544-89df-7c982a611833,6ca59447-c208-40e3-ab57-7edb01549cbf
1a988d03-bc83-4140-97e6-84f8b11aae8a,1f33d527-6045-4358-afd9-602ae8644b43
1a988d03-bc83-4140-97e6-84f8b11aae8a,fc1941db-1098-4bd5-a9c7-d9fe8b94172d
54431bea-199f-4a5a-b3fd-76e7c058b191,fc1941db-1098-4bd5-a9c7-d9fe8b94172d
cf9d9ddb-b689-4dee-818a-982346a58b47,aef4dfc9-2813-4a22-a2e2-92b10b9e7d01
c37743cc-a34e-4625-8bff-a433443d2e7d,eddb9f19-4025-4f9a-8d44-a9bf94cb562e
be96bfee-29bd-41ac-8b0d-805041220b37,6fe661aa-ffec-44c5-8de9-c80eef106e6b
620e0fc7-4e80-43ac-b991-7fea07e8ddb7,d1c30f65-d081-40cd-91e8-193b4c51182a
12d4c000-97d9-49b1-8a14-432449303e4c,50d749ed-12a3-48bb-88a9-ac8403bdc400
04291ad5-0e78-4343-9ab3-9098603b28fd,992ae373-a9bc-4ae6-9d74-7082cf0a4c12
7d9d6e70-3ea6-4778-ab00-e3870f6bc2a4,d1c30f65-d081-40cd-91e8-193b4c51182a
ed2d6dea-1af4-4643-8ea9-5540f321e6ec,b4f75e2e-aded-4dd2-8b9c-740be0e9164d
1d4fd467-c720-4e2f-9641-c4e1c505a8f4,f137d46d-5bac-404d-bfc9-d9fb8fc8a734
1d4fd467-c720-4e2f-9641-c4e1c505a8f4,0663a94d-7fc1-4427-9cdd-86e299c0fe86
c171ddc7-9546-4cd3-9fe2-e43f88e04e2e,8e47f6b9-4a44-4ce0-98bf-f3e7356fa1d2
ba78305d-786f-478e-960a-bcea8f5bf22f,2baf988b-c09f-420d-b2f1-07c3f3cb565b
5b9ecfb4-a06c-4aa2-98b7-1c0f4f359428,20bc1485-d0c4-4b2b-b0b4-c282c203431a
da6392b0-8c4f-4fd5-95a3-d5926442b30e,992ae373-a9bc-4ae6-9d74-7082cf0a4c12
da6392b0-8c4f-4fd5-95a3-d5926442b30e,eddb9f19-4025-4f9a-8d44-a9bf94cb562e
fb5cb9b0-b92a-47b0-8b02-f28aee288445,992ae373-a9bc-4ae6-9d74-7082cf0a4c12
03eab703-f16e-48eb-b989-562abbc0930a,0d262eed-551e-45d0-983c-bca05eabe980
d885b8fe-00e4-4c96-ac84-6353cc1b4cf0,33f12961-e353-4d14-a7bc-4f20ffad7f00
c60682f5-e6cf-43f4-82b1-c9c1b7aba57b,eddb9f19-4025-4f9a-8d44-a9bf94cb562e
c60682f5-e6cf-43f4-82b1-c9c1b7aba57b,1f33d527-6045-4358-afd9-602ae8644b43
616e80e3-c2e4-42a0-aef4-22599f177f8c,3b16b9a9-28b5-4421-a419-f2c0a580a622
600c6fae-7d32-494f-8f5b-641924d1fb37,c7e9d8ec-9ba5-4048-82e7-c3d2ff02eb9b
15663bb9-5441-4590-9f84-0e8cbb14552d,d1c30f65-d081-40cd-91e8-193b4c51182a
0bfe0c03-f7e7-46a2-8d0b-df15214bd2a0,9f6d5b2b-ac1c-4cc3-a7d1-7cedf98b7563
0bfe0c03-f7e7-46a2-8d0b-df15214bd2a0,ae92de86-1329-4de8-bbcc-f478e9f8628b
0bfe0c03-f7e7-46a2-8d0b-df15214bd2a0,d8552976-9336-4818-a952-a6ada26a3006
d71331a1-69e1-4f61-9612-06a4d4d80740,c7e9d8ec-9ba5-4048-82e7-c3d2ff02eb9b
fc75e0af-8264-43ec-8f62-010477e81858,d1c30f65-d081-40cd-91e8-193b4c51182a
b6a568b1-bf16-4855-9075-3e26174ac912,d8552976-9336-4818-a952-a6ada26a3006
b6a568b1-bf16-4855-9075-3e26174ac912,94d3c2e4-6c9d-45de-9663-14be2dcabf8d
1bad1ae6-65dc-4651-8cee-6574a8292f08,1f33d527-6045-4358-afd9-602ae8644b43
acc6ce18-ec7d-4497-a0cc-ae8c9179d74d,6ca59447-c208-40e3-ab57-7edb01549cbf
75cda17b-649e-4207-91e5-2d080b79c1cf,a02e22cb-d235-4e41-99c0-73d63c06157e
75cda17b-649e-4207-91e5-2d080b79c1cf,a558c676-742a-40c3-ab74-60a0f34d0c43
75cda17b-649e-4207-91e5-2d080b79c1cf,1f33d527-6045-4358-afd9-602ae8644b43
c8216791-7a8a-4897-857b-330576f86011,0956065f-f830-46ce-8db3-7c82b0df46c0
a64a3140-ea21-4b84-be19-707533f4c4ee,1bcd244a-c2a5-4a4e-8572-b7459305a8b1
9f42e86b-3188-4c46-8c84-bd27f4cb2554,636ec317-4c7e-4140-949e-b81cdece4be4
d4f573e8-a3a0-4588-b9f4-7f68c2705934,6e7ec579-d5fc-41c8-82f1-649532a23cb4
d4f573e8-a3a0-4588-b9f4-7f68c2705934,f4053f71-94b5-40b2-92bd-fb588127fe38
51c92848-50d7-47dd-8502-66cb27f2470c,8d82500d-abce-4859-889f-991e369704e8
3a388a24-821a-4682-bc76-3c5c8cb5f9c9,c0616b1c-7741-4f55-9da3-7b115b34481c
3b3ef4f3-fa5e-4303-8ca2-29b9558d65b3,c0616b1c-7741-4f55-9da3-7b115b34481c
a4e74da5-4d87-43ea-8cbf-bceefdb790ae,0a2353ed-3482-4163-9ca4-46e6cf6ab717
bcb5255c-7d79-4acd-a1fc-1c65de2eab01,cde9a632-6add-43ce-8de9-84ce69637125
caf4ce99-ff3b-4569-8407-2a56127bc322,5fc091c1-fa87-45b5-878f-8deb38c39f5e
8e738ecb-0635-4e82-b14e-4666c20caf55,d89699f6-85db-4def-8de6-14cb07eb2c43
8e738ecb-0635-4e82-b14e-4666c20caf55,1f33d527-6045-4358-afd9-602ae8644b43
8e738ecb-0635-4e82-b14e-4666c20caf55,eddb9f19-4025-4f9a-8d44-a9bf94cb562e
8168f796-b55e-4518-b083-79171db14c58,ff41c6fa-d1d3-461e-bc14-61438d2fe7d4
239bb00d-83eb-4c2b-9ca2-b1e2bf4882e2,3b16b9a9-28b5-4421-a419-f2c0a580a622
383b9775-a173-436e-9c96-a56c7ce2b421,6e7ec579-d5fc-41c8-82f1-649532a23cb4
383b9775-a173-436e-9c96-a56c7ce2b421,a558c676-742a-40c3-ab74-60a0f34d0c43
e81e075e-e1ae-4453-b4c0-3515dc2a8d42,c0e1ac3f-43d4-49ec-a5c7-e4b40b200a57
7e9870b9-4e97-40c5-9d67-1fbc20aa6f4d,0d89cd97-9e1b-4cb3-89fc-6773540db9e8
4a828581-8972-46db-ba21-208fddd43c04,c0616b1c-7741-4f55-9da3-7b115b34481c
53a1e25e-35f2-4cb0-a52b-599783de9591,c0616b1c-7741-4f55-9da3-7b115b34481c
e46caf3c-9664-467d-bb81-4329c313cbea,992ae373-a9bc-4ae6-9d74-7082cf0a4c12
c21aa834-564c-4c66-a999-528082b42671,6ca59447-c208-40e3-ab57-7edb01549cbf
5ae753d7-335c-4b6f-ad16-fea2f4c3e697,b47cb9fd-b9c9-4d77-916d-93ed0c1a1879
5ae753d7-335c-4b6f-ad16-fea2f4c3e697,ae92de86-1329-4de8-bbcc-f478e9f8628b
5ae753d7-335c-4b6f-ad16-fea2f4c3e697,992ae373-a9bc-4ae6-9d74-7082cf0a4c12
6d2c03e2-bde2-46d5-814c-5e167bef1bd7,6ca59447-c208-40e3-ab57-7edb01549cbf
63fe3b13-764f-4d26-80b7-26c79759d5a5,fc1941db-1098-4bd5-a9c7-d9fe8b94172d
63fe3b13-764f-4d26-80b7-26c79759d5a5,f137d46d-5bac-404d-bfc9-d9fb8fc8a734
a85b39d8-fa50-45cd-b781-7b881a6acf00,35501750-04e3-48bd-bfe4-3aa7d22e3baa
2d353e74-b87e-4d35-8e4c-0e3a017483bc,6359b0bf-3af6-44e9-bf13-71c9fe0ead77
8141aab6-8573-4ceb-aedb-865ea3316409,3bf75b18-e479-43ff-b40e-b33f5996a5c4
8141aab6-8573-4ceb-aedb-865ea3316409,6e7ec579-d5fc-41c8-82f1-649532a23cb4
62e9ef4d-d514-4d8f-a724-88cf93e5aaa2,386c578b-2a53-4c3a-b910-a980fb1773c0
24636669-4527-4ce8-8fcf-8e8b9e9cdc2c,992ae373-a9bc-4ae6-9d74-7082cf0a4c12
24636669-4527-4ce8-8fcf-8e8b9e9cdc2c,0a2353ed-3482-4163-9ca4-46e6cf6ab717
61d42dd6-fa8e-44c5-978d-0ec2c83435a8,6ca59447-c208-40e3-ab57-7edb01549cbf
2bd8c9a6-2e90-4fd9-a0e7-363354893de2,992ae373-a9bc-4ae6-9d74-7082cf0a4c12
2bd8c9a6-2e90-4fd9-a0e7-363354893de2,ae92de86-1329-4de8-bbcc-f478e9f8628b
d3030705-1afb-42cb-bb83-cd36d542a2e8,6ca59447-c208-40e3-ab57-7edb01549cbf
f8f7afb4-a651-4d42-bd0f-6c49dcd276fe,6ca59447-c208-40e3-ab57-7edb01549cbf
943d6f1d-4b6e-4e88-8546-abdb869dac90,eddb9f19-4025-4f9a-8d44-a9bf94cb562e
fb5cb9b0-b92a-47b0-8b02-f28aee288445,eddb9f19-4025-4f9a-8d44-a9bf94cb562e
fb5cb9b0-b92a-47b0-8b02-f28aee288445,1f33d527-6045-4358-afd9-602ae8644b43
b61f866f-9427-4dfa-b822-998a4fb9ce59,6ca59447-c208-40e3-ab57-7edb01549cbf
5cc6711c-67e8-4e91-850e-0a391aeea109,992ae373-a9bc-4ae6-9d74-7082cf0a4c12
5cc6711c-67e8-4e91-850e-0a391aeea109,ae92de86-1329-4de8-bbcc-f478e9f8628b
1cc26b52-9b87-434b-a330-3ea2c7cfb99d,f77c85d9-e35a-426d-a5eb-256816aafe9f
b9fef1c1-9457-4765-96e4-b3e0b4341409,f77c85d9-e35a-426d-a5eb-256816aafe9f
25f05617-a8de-42ce-8094-f8d80c62218c,6bdd587c-344f-4fb7-b1c6-d48b8b15a2d1
54bdbe1d-a795-4ea8-aa26-f357c372b1ec,992ae373-a9bc-4ae6-9d74-7082cf0a4c12
54bdbe1d-a795-4ea8-aa26-f357c372b1ec,eddb9f19-4025-4f9a-8d44-a9bf94cb562e
54bdbe1d-a795-4ea8-aa26-f357c372b1ec,1f33d527-6045-4358-afd9-602ae8644b43
ad732f71-5e4e-4d93-97a9-e89662f76665,e1f048ba-5b3e-4c91-9caf-28dca91525cf
dc8ac60b-d8bc-4d63-bb92-87f106732734,636ec317-4c7e-4140-949e-b81cdece4be4
ba13a38b-cc57-4577-b65b-b306e291ece1,d89699f6-85db-4def-8de6-14cb07eb2c43
ba13a38b-cc57-4577-b65b-b306e291ece1,ae92de86-1329-4de8-bbcc-f478e9f8628b
e836b04d-4e32-48c8-a208-495eb4dd5be9,d89699f6-85db-4def-8de6-14cb07eb2c43
888032b8-5973-4895-ad86-bc5e7d131d40,6ca59447-c208-40e3-ab57-7edb01549cbf
29f8cec1-4445-4f50-bdd2-5f78470481ac,21d8739d-25f6-48b7-a909-14d59848db24
604f6fa0-3f09-4959-b934-e13f0e34dd0c,992ae373-a9bc-4ae6-9d74-7082cf0a4c12
788dca10-4fe6-477b-9d05-027fe66af7fa,ec2041c0-abc0-43e0-b203-b9c87571eacb
1862ac3b-7d05-4f79-b7eb-8dfbd46e2597,6ca59447-c208-40e3-ab57-7edb01549cbf
84c4832a-606c-4753-a2fb-f910a1f31253,992ae373-a9bc-4ae6-9d74-7082cf0a4c12
84c4832a-606c-4753-a2fb-f910a1f31253,1f33d527-6045-4358-afd9-602ae8644b43
89a5c13f-543f-4f6c-a7ff-0dd098926608,cde9a632-6add-43ce-8de9-84ce69637125
dcda47e7-1394-4e81-b451-067f946d6d0c,5fc091c1-fa87-45b5-878f-8deb38c39f5e
b8ff7260-0fbc-4983-828f-d82a8532a6b1,eddb9f19-4025-4f9a-8d44-a9bf94cb562e
b8ff7260-0fbc-4983-828f-d82a8532a6b1,1f33d527-6045-4358-afd9-602ae8644b43
b8ff7260-0fbc-4983-828f-d82a8532a6b1,ae92de86-1329-4de8-bbcc-f478e9f8628b
92556784-42a7-42ab-8358-8a43c336a5ec,6ca59447-c208-40e3-ab57-7edb01549cbf
1b359406-9476-4e45-ba65-c42eb175b796,992ae373-a9bc-4ae6-9d74-7082cf0a4c12
1b359406-9476-4e45-ba65-c42eb175b796,ae92de86-1329-4de8-bbcc-f478e9f8628b
1b359406-9476-4e45-ba65-c42eb175b796,9f6d5b2b-ac1c-4cc3-a7d1-7cedf98b7563
cb58fe0b-bf86-4aed-9d34-6057118dea44,6ca59447-c208-40e3-ab57-7edb01549cbf
4e66c351-2eff-4f3a-994c-919fb086d18c,992ae373-a9bc-4ae6-9d74-7082cf0a4c12
4e66c351-2eff-4f3a-994c-919fb086d18c,1f33d527-6045-4358-afd9-602ae8644b43
7363d196-ab4c-4679-8433-e57d2bbb8bb4,20bc1485-d0c4-4b2b-b0b4-c282c203431a
248d906d-19ab-4660-9501-a4f8aa43306c,eddb9f19-4025-4f9a-8d44-a9bf94cb562e
4a9b1877-b1d9-41de-8ac7-3cb9da8026de,6bdd587c-344f-4fb7-b1c6-d48b8b15a2d1
41da7642-4288-45f4-ba14-54ce68447823,e8a36e12-37a4-483d-be2e-2abcbbbbc70c
ff19cb0c-bf84-4c10-8ac8-1b9141330396,c0616b1c-7741-4f55-9da3-7b115b34481c
fcb775ec-34f1-41b5-8fa6-33b184565d5b,af68b454-0781-4ba1-a037-4444038ef730
d9740bcd-bd1f-41bd-8122-c343afe8aa9a,3b16b9a9-28b5-4421-a419-f2c0a580a622
3b348947-8bd6-4757-91ee-89d5f3d9abb7,9d902a90-2e2d-4921-9d40-b5c18c6fe7ec
3b348947-8bd6-4757-91ee-89d5f3d9abb7,a02e22cb-d235-4e41-99c0-73d63c06157e
3b348947-8bd6-4757-91ee-89d5f3d9abb7,6e7ec579-d5fc-41c8-82f1-649532a23cb4
0e431602-a8aa-4c16-96f3-88196c3faff9,6ca59447-c208-40e3-ab57-7edb01549cbf
e289faed-cfb4-4c96-9715-04a5b249100f,992ae373-a9bc-4ae6-9d74-7082cf0a4c12
e289faed-cfb4-4c96-9715-04a5b249100f,6ff9e82a-0eff-4a28-b5c4-68f943508bf2
ebee3167-c524-409d-ac61-db90d2a6669e,6ca59447-c208-40e3-ab57-7edb01549cbf
7486b7ce-abc8-4607-b3fe-37cbf5e9dea2,992ae373-a9bc-4ae6-9d74-7082cf0a4c12
7486b7ce-abc8-4607-b3fe-37cbf5e9dea2,ae92de86-1329-4de8-bbcc-f478e9f8628b
7486b7ce-abc8-4607-b3fe-37cbf5e9dea2,6e7ec579-d5fc-41c8-82f1-649532a23cb4
932a0453-82cc-4159-a4f5-297ca206eecb,6ca59447-c208-40e3-ab57-7edb01549cbf
62d598d1-b3c2-4a29-a06e-cdf67b891df5,6ca59447-c208-40e3-ab57-7edb01549cbf
f816981e-b5a2-4d6c-80c5-61fd6ff7fca5,992ae373-a9bc-4ae6-9d74-7082cf0a4c12
f816981e-b5a2-4d6c-80c5-61fd6ff7fca5,fc1941db-1098-4bd5-a9c7-d9fe8b94172d
9576b5da-c330-4a03-bb53-e6f497589889,6ca59447-c208-40e3-ab57-7edb01549cbf
5cc05e49-4a01-4f4c-aa42-0b2f8613edf1,1f33d527-6045-4358-afd9-602ae8644b43
5cc05e49-4a01-4f4c-aa42-0b2f8613edf1,d89699f6-85db-4def-8de6-14cb07eb2c43
077ad196-0e3a-4acf-9232-c49d01dfe27e,6ca59447-c208-40e3-ab57-7edb01549cbf
01dcc127-378b-4a13-99e1-969318fd9706,992ae373-a9bc-4ae6-9d74-7082cf0a4c12
a7031d30-67d3-47d9-9fcf-92f5d921cc04,6ca59447-c208-40e3-ab57-7edb01549cbf
c00d1849-7ccf-4ed2-b72d-fefef4de2e3d,b1a2ab58-be0b-4572-9d93-c3e651bb5a97
c00d1849-7ccf-4ed2-b72d-fefef4de2e3d,1f33d527-6045-4358-afd9-602ae8644b43
78ef2c46-c927-4d99-9e3a-1f202f25357a,652457ae-aab8-457a-b1a8-66deb031d7a7
030b8c10-1f43-4d5f-a354-2da5dd22e89c,9297f5e2-06f8-43dc-9765-87beb4350755
89792f0b-460d-4fed-ade4-3243e62509f7,1f33d527-6045-4358-afd9-602ae8644b43
89792f0b-460d-4fed-ade4-3243e62509f7,3bf75b18-e479-43ff-b40e-b33f5996a5c4
d1106145-8a0b-4cee-9ce9-2e0728a17e47,386c578b-2a53-4c3a-b910-a980fb1773c0
87f87279-ab96-4790-af7f-d19877d353cc,3d947f3c-fa03-4667-b09a-25a8f2db2adb
b9057c52-036f-42a6-a56c-7f3385a87665,6359b0bf-3af6-44e9-bf13-71c9fe0ead77
893092b3-0637-4ecb-a616-69e33f752a4d,992ae373-a9bc-4ae6-9d74-7082cf0a4c12
893092b3-0637-4ecb-a616-69e33f752a4d,eddb9f19-4025-4f9a-8d44-a9bf94cb562e
93552ea8-f957-41b4-aa00-aeb3ad5dd7dd,0ee9f564-1d84-4c16-8227-802613b88a09
f682b574-7fc4-428c-8838-fab86e7a2100,38fb6d40-46f1-4b8f-8b19-6769e6e92687
f993516c-32b1-4c86-93a3-55f42b70d2fe,3b16b9a9-28b5-4421-a419-f2c0a580a622
e72a30ac-1b31-4b45-acb9-2c473063895d,992ae373-a9bc-4ae6-9d74-7082cf0a4c12
e72a30ac-1b31-4b45-acb9-2c473063895d,6e7ec579-d5fc-41c8-82f1-649532a23cb4
a76d03ed-9a02-43b7-b628-681f1f8231ae,3b16b9a9-28b5-4421-a419-f2c0a580a622
83942558-4a3d-4b5d-b9c2-c1c8dcf25d78,6ca59447-c208-40e3-ab57-7edb01549cbf
c9158f66-e2e8-444a-8841-cac94a498b23,1f33d527-6045-4358-afd9-602ae8644b43
c9158f66-e2e8-444a-8841-cac94a498b23,992ae373-a9bc-4ae6-9d74-7082cf0a4c12
b99ecd9f-9f6b-4561-9985-b8faead9c6c4,ff41c6fa-d1d3-461e-bc14-61438d2fe7d4
19754dbc-ce38-48a8-ba3b-baa5031e08a9,386c578b-2a53-4c3a-b910-a980fb1773c0
e9b0f3ae-b5e3-4ee7-9249-bca84a6a9181,2a5e73d9-7acc-4ad2-8d42-61fdcc1b5c4d
f7ec915f-1aea-444d-83eb-0445cee1da85,eddb9f19-4025-4f9a-8d44-a9bf94cb562e
f7ec915f-1aea-444d-83eb-0445cee1da85,1f33d527-6045-4358-afd9-602ae8644b43
ed7b06a2-5692-4839-adef-104b0a66acbd,40193610-2542-4d28-a63f-078467cb7f0a
51b93850-f781-428f-954e-ce557d7cba0d,0d89cd97-9e1b-4cb3-89fc-6773540db9e8
015fc11b-a580-474d-b737-dfa24ab22342,6ca59447-c208-40e3-ab57-7edb01549cbf
5ca921c6-538e-4130-8514-f26de5559493,d89699f6-85db-4def-8de6-14cb07eb2c43
258e5a8a-092f-40ba-8331-8d997cf5ae30,ac2f7cb8-fe85-4eec-9dbd-11aab73b200d
2702e66c-1a28-437e-8650-2c6f17e1d3c1,50d749ed-12a3-48bb-88a9-ac8403bdc400
44a9cb52-d054-45bf-bdcf-d5467e33ba1f,ff41c6fa-d1d3-461e-bc14-61438d2fe7d4
302d0e66-cb56-4fa7-95b2-6a33c72569ec,1f33d527-6045-4358-afd9-602ae8644b43
302d0e66-cb56-4fa7-95b2-6a33c72569ec,8ccdb142-81ed-489d-94a0-4041bd04a46e
2ae31dc4-a23d-4194-9f50-0b6c26c3964e,992ae373-a9bc-4ae6-9d74-7082cf0a4c12
2ae31dc4-a23d-4194-9f50-0b6c26c3964e,6ff9e82a-0eff-4a28-b5c4-68f943508bf2
168a6f55-d85f-456e-8005-11bd1a8f0a78,6ca59447-c208-40e3-ab57-7edb01549cbf
016046d7-6b29-4621-bcb8-20503ef03110,386c578b-2a53-4c3a-b910-a980fb1773c0
66152496-fb35-4a56-ae7d-484d18e3c257,f413d6b6-6542-41fc-940c-6177cf5606aa
f986b0a3-4ee5-45c5-b553-813776fe1f1e,992ae373-a9bc-4ae6-9d74-7082cf0a4c12
f986b0a3-4ee5-45c5-b553-813776fe1f1e,1f33d527-6045-4358-afd9-602ae8644b43
c09053c9-a385-4644-a142-eabd424a315f,c7e9d8ec-9ba5-4048-82e7-c3d2ff02eb9b
38061bc2-0842-4fc7-ab18-6056394f7c95,d1c30f65-d081-40cd-91e8-193b4c51182a
9080ec58-bfb7-48ca-b3d9-ae9caa26297a,992ae373-a9bc-4ae6-9d74-7082cf0a4c12
9080ec58-bfb7-48ca-b3d9-ae9caa26297a,fc1941db-1098-4bd5-a9c7-d9fe8b94172d
9080ec58-bfb7-48ca-b3d9-ae9caa26297a,0a2353ed-3482-4163-9ca4-46e6cf6ab717
8f1670bb-3a87-412a-9fff-eb826d55bde3,992ae373-a9bc-4ae6-9d74-7082cf0a4c12
8f1670bb-3a87-412a-9fff-eb826d55bde3,ae92de86-1329-4de8-bbcc-f478e9f8628b
8f1670bb-3a87-412a-9fff-eb826d55bde3,9f6d5b2b-ac1c-4cc3-a7d1-7cedf98b7563
5626f3b0-8195-40e5-877b-3381e5dedc8c,fc1941db-1098-4bd5-a9c7-d9fe8b94172d
57b71277-6520-4744-b4a9-831205cc67cd,6ca59447-c208-40e3-ab57-7edb01549cbf
ffbadbba-cc14-4378-aef0-477a1050cd1d,0a2353ed-3482-4163-9ca4-46e6cf6ab717
f6f5afc3-3c21-42c6-9151-76912adc78cd,6359b0bf-3af6-44e9-bf13-71c9fe0ead77
a3ca3f15-c3d6-4689-ae27-6f040f9061d0,fc1941db-1098-4bd5-a9c7-d9fe8b94172d
a3ca3f15-c3d6-4689-ae27-6f040f9061d0,d8552976-9336-4818-a952-a6ada26a3006
9a5d52e9-810c-41db-a49a-dd81ef8785e3,3d947f3c-fa03-4667-b09a-25a8f2db2adb
df90810f-1467-4d5c-ab04-cc94ef8d6cdb,6ca59447-c208-40e3-ab57-7edb01549cbf
473c9be8-b41b-420a-8785-e32efe469109,6ff9e82a-0eff-4a28-b5c4-68f943508bf2
7f1cf62c-8d30-41bb-bc34-fd7c25f27c09,6ff9e82a-0eff-4a28-b5c4-68f943508bf2
a9832843-a797-410e-b9ba-069e59b72564,6ca59447-c208-40e3-ab57-7edb01549cbf
1ed5adf1-68ce-4f83-a96d-b6dc09de492d,4c9945e5-4487-40d3-ac4d-0f39caa452c4
1ed5adf1-68ce-4f83-a96d-b6dc09de492d,0663a94d-7fc1-4427-9cdd-86e299c0fe86
a4c36087-a8b2-44a5-84d7-10304a0e7ba4,6ca59447-c208-40e3-ab57-7edb01549cbf
6ee09e8e-38f2-4863-a071-bdb97ce2f8e7,ae92de86-1329-4de8-bbcc-f478e9f8628b
6ee09e8e-38f2-4863-a071-bdb97ce2f8e7,6ff9e82a-0eff-4a28-b5c4-68f943508bf2
385c5cdb-eac8-4eec-8545-6255cc6eff1f,c0616b1c-7741-4f55-9da3-7b115b34481c
35098a22-c087-4fe9-a76f-94a58e999d1b,c0616b1c-7741-4f55-9da3-7b115b34481c
c2950d66-5aa3-47da-aa4e-6e593a1bbae1,992ae373-a9bc-4ae6-9d74-7082cf0a4c12
c2950d66-5aa3-47da-aa4e-6e593a1bbae1,6e7ec579-d5fc-41c8-82f1-649532a23cb4
c2950d66-5aa3-47da-aa4e-6e593a1bbae1,6ff9e82a-0eff-4a28-b5c4-68f943508bf2
d4f9c6b5-a637-4981-aedb-de97dd8e28cd,6ca59447-c208-40e3-ab57-7edb01549cbf
51c074fb-b372-4aa1-8bf0-ea2dbb0d3406,eddb9f19-4025-4f9a-8d44-a9bf94cb562e
51c074fb-b372-4aa1-8bf0-ea2dbb0d3406,992ae373-a9bc-4ae6-9d74-7082cf0a4c12
51c074fb-b372-4aa1-8bf0-ea2dbb0d3406,ae92de86-1329-4de8-bbcc-f478e9f8628b
fdc1cbbc-67c8-4909-b80a-c271dcae8c09,6ca59447-c208-40e3-ab57-7edb01549cbf
fb8f0f84-4d76-454e-beee-ad92dc875641,992ae373-a9bc-4ae6-9d74-7082cf0a4c12
3c7779c5-8b6c-42df-abf8-3e542a30e6f2,c0cdd49a-91fd-4557-95e5-236e2a601286
cdec062d-bba5-45da-a17f-700793f2be1f,1f33d527-6045-4358-afd9-602ae8644b43
56a79bc0-1126-4e33-b4a4-0ae76e8be959,6bdd587c-344f-4fb7-b1c6-d48b8b15a2d1
5947e17a-759c-4844-8d99-5c418738e587,7a8e0e9d-28f2-40d7-8696-9db0a75a628d
a22ac10e-ecd5-4c0f-adc0-dbcbe68c6a0b,abc6c08b-0d8b-4b68-9a5e-18e8122308ca
dff5a7a0-8c6d-4db3-9eb0-4c081ce97122,1f33d527-6045-4358-afd9-602ae8644b43
dff5a7a0-8c6d-4db3-9eb0-4c081ce97122,eddb9f19-4025-4f9a-8d44-a9bf94cb562e
475d3742-0173-4a76-8373-24f852b49742,bd521a9e-13b6-4c06-bac1-bc263ff9a172
f9796d34-e867-4580-b5df-a41ce2cfa410,af68b454-0781-4ba1-a037-4444038ef730
736296e6-f2b7-46ec-b875-7e829cff239f,1f33d527-6045-4358-afd9-602ae8644b43
1b3e50f2-be9e-438c-a6a5-8d9b032b2d24,3b16b9a9-28b5-4421-a419-f2c0a580a622
d5bd18ef-9025-428f-8b4f-70e12bc8c354,ca64a6a5-167f-4dc6-a828-596ec7fb7bcf
65122d67-1337-4e22-9c18-951c6123dfd6,d8552976-9336-4818-a952-a6ada26a3006
65122d67-1337-4e22-9c18-951c6123dfd6,ae92de86-1329-4de8-bbcc-f478e9f8628b
65122d67-1337-4e22-9c18-951c6123dfd6,f137d46d-5bac-404d-bfc9-d9fb8fc8a734
548e5102-a89f-4682-8827-634b75e1b7ec,50d749ed-12a3-48bb-88a9-ac8403bdc400
9b0884bc-3947-492a-b8bc-ffb59702f254,d4dbb265-4812-4b6c-a0fd-bab873e1106b
e8a66b3b-7233-4185-9909-1fcf40761759,50d749ed-12a3-48bb-88a9-ac8403bdc400
91450a6e-1d49-4d22-9ec4-833b300247ad,3bf75b18-e479-43ff-b40e-b33f5996a5c4
bed7e602-986c-42c4-8b1c-aabc7018253a,3b16b9a9-28b5-4421-a419-f2c0a580a622
f1438446-4410-411d-87ea-6253ab57ba87,0956065f-f830-46ce-8db3-7c82b0df46c0
ff2f6f27-ef92-4a1b-9845-a6e4089162bd,6359b0bf-3af6-44e9-bf13-71c9fe0ead77
b42cb695-6639-45be-b1f7-d556340a752b,20bc1485-d0c4-4b2b-b0b4-c282c203431a
c5d5460e-75a2-48a1-978d-cdf661c4356d,992ae373-a9bc-4ae6-9d74-7082cf0a4c12
c5d5460e-75a2-48a1-978d-cdf661c4356d,6ff9e82a-0eff-4a28-b5c4-68f943508bf2
c5d5460e-75a2-48a1-978d-cdf661c4356d,1f33d527-6045-4358-afd9-602ae8644b43
0ed4ed08-482b-4927-b582-1604380ee8c3,6ca59447-c208-40e3-ab57-7edb01549cbf
68d4b3ff-f4e6-4e27-924b-4cfd7a11ff2c,992ae373-a9bc-4ae6-9d74-7082cf0a4c12
5d248b30-c19b-4650-9602-805693c3412d,af68b454-0781-4ba1-a037-4444038ef730
97a4d8ae-4d67-4fef-bf2b-8bc83afed4ab,3b16b9a9-28b5-4421-a419-f2c0a580a622
c9defc15-b9c7-48fb-aa1d-df6f4183ab63,992ae373-a9bc-4ae6-9d74-7082cf0a4c12
c9defc15-b9c7-48fb-aa1d-df6f4183ab63,eddb9f19-4025-4f9a-8d44-a9bf94cb562e
c9defc15-b9c7-48fb-aa1d-df6f4183ab63,1f33d527-6045-4358-afd9-602ae8644b43
29329dc1-d694-402c-8214-848377173312,6ca59447-c208-40e3-ab57-7edb01549cbf
a0202602-bdd0-443a-9e1c-3315fff87703,992ae373-a9bc-4ae6-9d74-7082cf0a4c12
a0202602-bdd0-443a-9e1c-3315fff87703,ae92de86-1329-4de8-bbcc-f478e9f8628b
a0202602-bdd0-443a-9e1c-3315fff87703,9d902a90-2e2d-4921-9d40-b5c18c6fe7ec
39b93775-76d0-4700-a151-c26664423aaf,09469f3b-ef30-4f6b-9f7a-40f44037e953
fec2f7a2-0004-4c2d-9cc5-3e287e0c949f,40193610-2542-4d28-a63f-078467cb7f0a
bee626af-796c-4943-b660-d51c9f991116,6ca59447-c208-40e3-ab57-7edb01549cbf
b612d6dd-42a9-4514-bc41-edb4169ccec8,c12e9df5-302b-490d-8ee4-c29cb2b55541
b612d6dd-42a9-4514-bc41-edb4169ccec8,fe8e1adf-281b-493b-a6ec-1b86629a19d7
b612d6dd-42a9-4514-bc41-edb4169ccec8,9e87af73-6ec7-473e-86b9-93fc8311efba
090e6c3d-06a8-4488-b03c-d33aeae67cb3,50d749ed-12a3-48bb-88a9-ac8403bdc400
6d2de121-96ad-4b77-a1fc-d56c13515273,02257903-92fa-4ef4-8ba7-12758b989472
928eb014-019a-4182-a8eb-1f6a566cef2b,1f33d527-6045-4358-afd9-602ae8644b43
928eb014-019a-4182-a8eb-1f6a566cef2b,0a2353ed-3482-4163-9ca4-46e6cf6ab717
f2b71919-247e-40f9-a887-3b75172f5de7,40193610-2542-4d28-a63f-078467cb7f0a
ac445ec4-c26a-413c-a31f-5a6d158a6bc2,40193610-2542-4d28-a63f-078467cb7f0a
eb108bfc-8768-44de-b30d-cf3734313f9d,40193610-2542-4d28-a63f-078467cb7f0a
b6a413cc-a04d-4c1a-8ca3-310ab9704110,20bc1485-d0c4-4b2b-b0b4-c282c203431a
75161661-5d5c-42ea-9a59-e2977aacfbdc,3b16b9a9-28b5-4421-a419-f2c0a580a622
a7eabca5-ed9c-45a2-898b-25a8215e6626,eddb9f19-4025-4f9a-8d44-a9bf94cb562e
a7eabca5-ed9c-45a2-898b-25a8215e6626,402d7328-f91d-488a-ad1c-53ecfd349095
7d4a238d-f189-466f-b569-42720e00a217,ca64a6a5-167f-4dc6-a828-596ec7fb7bcf
45bd8f27-29ad-4e8d-8e19-43616cf58de6,02257903-92fa-4ef4-8ba7-12758b989472
436fc39f-a548-49c8-9ac9-b8baec0865e7,5fc091c1-fa87-45b5-878f-8deb38c39f5e
f03a9e35-0224-4ef7-8304-9bfead148d40,6ff9e82a-0eff-4a28-b5c4-68f943508bf2
750ecd51-d13f-4f23-a602-b8429ab2c8de,0d89cd97-9e1b-4cb3-89fc-6773540db9e8
a110b05a-79c9-48ea-9f8b-44706ffccf8b,6bdd587c-344f-4fb7-b1c6-d48b8b15a2d1
a88bddc5-9240-42a4-91fe-f04fab19e3a2,1f33d527-6045-4358-afd9-602ae8644b43
925b417b-f3ba-44e1-a046-75525b744c70,3bf75b18-e479-43ff-b40e-b33f5996a5c4
beac8041-87bd-4ac0-ad9e-4e175f6d1ec1,ca64a6a5-167f-4dc6-a828-596ec7fb7bcf
41a3196a-1a24-452c-b8ce-b208ea9b9e99,2baf988b-c09f-420d-b2f1-07c3f3cb565b
1e62b7b8-260f-42c7-b82e-23f4f1b45f99,cde9a632-6add-43ce-8de9-84ce69637125
e50acf09-2393-4ea6-8a17-5bd9556ecf5e,5fc091c1-fa87-45b5-878f-8deb38c39f5e
1f5e3a37-fa06-4e14-8fc3-7125cfdb3c54,9d902a90-2e2d-4921-9d40-b5c18c6fe7ec
1f5e3a37-fa06-4e14-8fc3-7125cfdb3c54,6ff9e82a-0eff-4a28-b5c4-68f943508bf2
42daed40-6d72-4525-bd2d-c93d099ef6d9,eddb9f19-4025-4f9a-8d44-a9bf94cb562e
42daed40-6d72-4525-bd2d-c93d099ef6d9,992ae373-a9bc-4ae6-9d74-7082cf0a4c12
42daed40-6d72-4525-bd2d-c93d099ef6d9,1f33d527-6045-4358-afd9-602ae8644b43
64d107d7-7f5f-4651-87d0-fa3b459e0c59,3d947f3c-fa03-4667-b09a-25a8f2db2adb
8ab13b07-cead-4767-8bab-4531f4c094e4,6359b0bf-3af6-44e9-bf13-71c9fe0ead77
54f63cd5-a5cb-46de-9810-ce2ad75fd7ba,992ae373-a9bc-4ae6-9d74-7082cf0a4c12
54f63cd5-a5cb-46de-9810-ce2ad75fd7ba,eddb9f19-4025-4f9a-8d44-a9bf94cb562e
ef75504c-8fd7-48be-b55b-92ec84c0cf66,aa5350c6-5532-4604-b95c-938b8f7cb95c
dcca191f-b195-44bc-b878-8497fa145ed4,20bc1485-d0c4-4b2b-b0b4-c282c203431a
790bd9b2-1bc9-4873-8876-104e95af1478,1f33d527-6045-4358-afd9-602ae8644b43
790bd9b2-1bc9-4873-8876-104e95af1478,eddb9f19-4025-4f9a-8d44-a9bf94cb562e
9828c74c-a8c7-47e2-9684-3af386fefc2b,ac2f7cb8-fe85-4eec-9dbd-11aab73b200d
7b77ea64-5855-4d4c-9a65-e925307a38b8,9297f5e2-06f8-43dc-9765-87beb4350755
215fcd65-0a85-42e5-a010-f933c81e66c9,abc6c08b-0d8b-4b68-9a5e-18e8122308ca
522ff337-fddb-4c6f-816f-240d78b3293d,41d62f31-a92e-4ff2-9981-41f3cf46ebeb
522ff337-fddb-4c6f-816f-240d78b3293d,eddb9f19-4025-4f9a-8d44-a9bf94cb562e
522ff337-fddb-4c6f-816f-240d78b3293d,992ae373-a9bc-4ae6-9d74-7082cf0a4c12
301254b5-dc7e-4eb7-ad55-e0c8b6f2de4f,c0616b1c-7741-4f55-9da3-7b115b34481c
c01b4611-6882-42ec-a02f-2458b5cf5e3c,b1938d90-e95c-4a12-87a3-4e4e3b8b4658
c7c52d66-8bea-4a3c-9154-935e1a217ae1,ac2f7cb8-fe85-4eec-9dbd-11aab73b200d
27898e87-8e49-4ef3-bbc1-76c1f80a1e51,40193610-2542-4d28-a63f-078467cb7f0a
3285dcfb-a824-476c-a36d-70d796391d48,992ae373-a9bc-4ae6-9d74-7082cf0a4c12
3285dcfb-a824-476c-a36d-70d796391d48,6ff9e82a-0eff-4a28-b5c4-68f943508bf2
89e86a21-cae1-4b92-b482-009370177df5,52796119-3d9a-42c7-bbf9-82061c9bb95d
113d48f0-cd06-4c54-8bee-3e06614078eb,abc6c08b-0d8b-4b68-9a5e-18e8122308ca
062d259b-1ede-4de5-ad57-a1b6e5e6393c,d89699f6-85db-4def-8de6-14cb07eb2c43
062d259b-1ede-4de5-ad57-a1b6e5e6393c,6ff9e82a-0eff-4a28-b5c4-68f943508bf2
062d259b-1ede-4de5-ad57-a1b6e5e6393c,c9f904db-1282-4b70-a753-596160a1136a
ba8c9bee-324d-4693-97fc-a6cb11ab3716,20bc1485-d0c4-4b2b-b0b4-c282c203431a
8fd85da8-bcc8-4727-82df-741d508935a3,9d902a90-2e2d-4921-9d40-b5c18c6fe7ec
bb054592-fc97-4166-aa0e-0ce686b78659,8e47f6b9-4a44-4ce0-98bf-f3e7356fa1d2
380a01bd-d3f0-488e-8727-4c7d5fdd4497,b4f75e2e-aded-4dd2-8b9c-740be0e9164d
b9fc0969-1dac-4846-909c-447aab2bfd8b,7a8e0e9d-28f2-40d7-8696-9db0a75a628d
691122f1-74d6-4184-ab97-31efb54f9e1d,02257903-92fa-4ef4-8ba7-12758b989472
06028dd1-9904-44bd-af89-76d946864654,386c578b-2a53-4c3a-b910-a980fb1773c0
6b902aa4-c891-44da-a0c2-0d352a85c9f3,eddb9f19-4025-4f9a-8d44-a9bf94cb562e
6b902aa4-c891-44da-a0c2-0d352a85c9f3,1f33d527-6045-4358-afd9-602ae8644b43
1b8c3d5c-ca0e-47cf-8f86-ee36be673c19,10ff94b7-bad0-4bf5-a0cd-921c05b38863
e7efa237-993a-4ef6-b394-092362e3bea3,bd521a9e-13b6-4c06-bac1-bc263ff9a172
9384abe3-fd23-4bb3-83b0-e846d6b64a78,0d89cd97-9e1b-4cb3-89fc-6773540db9e8
0499477b-443c-4012-97fe-5bbdb93ad114,6ccd09a6-df0b-427f-a639-7f3b30134426
8dba2d04-1150-4123-9ae5-99f7cd0c4b7e,b41e3b3e-d27b-4705-b8c7-592b89508e12
a98afbe7-b8ef-4026-9dc6-6d01eb2eceb5,6bdd587c-344f-4fb7-b1c6-d48b8b15a2d1
19807e51-d572-4811-a51a-789178ad8df0,d89699f6-85db-4def-8de6-14cb07eb2c43
19807e51-d572-4811-a51a-789178ad8df0,9e87af73-6ec7-473e-86b9-93fc8311efba
19807e51-d572-4811-a51a-789178ad8df0,1f33d527-6045-4358-afd9-602ae8644b43
351c5aac-408b-4ef0-9a64-8e1328242c06,8e47f6b9-4a44-4ce0-98bf-f3e7356fa1d2
8ceb4c07-e3ac-463c-955b-2e64e4bd2cc1,b4f75e2e-aded-4dd2-8b9c-740be0e9164d
09b08a32-fe6e-4cbf-a03c-c248c09c350d,992ae373-a9bc-4ae6-9d74-7082cf0a4c12
09b08a32-fe6e-4cbf-a03c-c248c09c350d,f137d46d-5bac-404d-bfc9-d9fb8fc8a734
6651080b-d352-47bc-92e4-7d5381c66c81,3b16b9a9-28b5-4421-a419-f2c0a580a622
713a90be-af90-425b-8216-2412ca773bc5,3b16b9a9-28b5-4421-a419-f2c0a580a622
4c789ad5-bc77-4651-aff1-13cdbdd1fbd4,992ae373-a9bc-4ae6-9d74-7082cf0a4c12
7bc6b7ce-c17d-4299-b98f-34b4b9ca7430,6ca59447-c208-40e3-ab57-7edb01549cbf
69275e24-7719-492b-8222-92180db36729,9e87af73-6ec7-473e-86b9-93fc8311efba
69275e24-7719-492b-8222-92180db36729,fc1941db-1098-4bd5-a9c7-d9fe8b94172d
43e3ea2c-83be-47ea-b119-30c992894327,6ca59447-c208-40e3-ab57-7edb01549cbf
67272ed7-9326-4835-b784-6f17d3e4afd0,9e87af73-6ec7-473e-86b9-93fc8311efba
67272ed7-9326-4835-b784-6f17d3e4afd0,0a2353ed-3482-4163-9ca4-46e6cf6ab717
67272ed7-9326-4835-b784-6f17d3e4afd0,c1b2a3c9-ac3a-4dee-9cb6-1cb1c80d0b9b
67272ed7-9326-4835-b784-6f17d3e4afd0,eddb9f19-4025-4f9a-8d44-a9bf94cb562e
d4485577-e877-489c-a802-e7a8fe09330b,ac2f7cb8-fe85-4eec-9dbd-11aab73b200d
d09da801-e129-4008-ada0-6588ecf70998,40193610-2542-4d28-a63f-078467cb7f0a
a6eb61d2-bc6b-43dd-9906-27cebf69dab1,9e87af73-6ec7-473e-86b9-93fc8311efba
a6eb61d2-bc6b-43dd-9906-27cebf69dab1,0a2353ed-3482-4163-9ca4-46e6cf6ab717
8157e92f-a6ee-44e9-80aa-306076475deb,6ca59447-c208-40e3-ab57-7edb01549cbf
a2824d58-5ee5-40e0-8ea7-9e8fc3d9feb2,992ae373-a9bc-4ae6-9d74-7082cf0a4c12
a2824d58-5ee5-40e0-8ea7-9e8fc3d9feb2,6ff9e82a-0eff-4a28-b5c4-68f943508bf2
c763f9ad-10c9-4b00-ba51-381baec2a078,3d947f3c-fa03-4667-b09a-25a8f2db2adb
3ae27ff6-d919-4128-ba75-5faaca257e9b,6359b0bf-3af6-44e9-bf13-71c9fe0ead77
429d5f6c-79fc-4f11-b30d-e5542b92b418,6ff9e82a-0eff-4a28-b5c4-68f943508bf2
ad311821-f05c-4381-9313-6281ab286e57,dca26f5a-6485-43d1-9b87-82b066477f04
92b9bcc6-06f9-4da4-aabc-20e7b858e1e2,41d62f31-a92e-4ff2-9981-41f3cf46ebeb
081a74b8-2376-4b5e-9d65-fe2136731187,3b16b9a9-28b5-4421-a419-f2c0a580a622
521f77e9-5d5b-478d-8a43-215ff2667fbe,50d749ed-12a3-48bb-88a9-ac8403bdc400
f36ad355-5a97-40a5-a35b-dd677183e018,50d749ed-12a3-48bb-88a9-ac8403bdc400
218dbda9-ede5-4561-b0fc-99ac7dc6e701,5fc091c1-fa87-45b5-878f-8deb38c39f5e
94061ed4-ed39-48f1-a516-5ce58d91ac23,1f33d527-6045-4358-afd9-602ae8644b43
94061ed4-ed39-48f1-a516-5ce58d91ac23,1fa3719f-7f49-43d3-9416-c38e10968ac8
51bb07f9-1c52-4582-80ee-029d903d7db2,d1c30f65-d081-40cd-91e8-193b4c51182a
d15add11-91e1-4c97-b684-df90866c460e,3d947f3c-fa03-4667-b09a-25a8f2db2adb
304d4b07-724f-4388-a470-0939904e6464,6359b0bf-3af6-44e9-bf13-71c9fe0ead77
58db017b-94b3-42e5-9525-bab4ef8c1cac,992ae373-a9bc-4ae6-9d74-7082cf0a4c12
58db017b-94b3-42e5-9525-bab4ef8c1cac,1f33d527-6045-4358-afd9-602ae8644b43
58db017b-94b3-42e5-9525-bab4ef8c1cac,9d902a90-2e2d-4921-9d40-b5c18c6fe7ec
c2d7e2ea-528d-4f80-9b69-fc66032ae920,1f33d527-6045-4358-afd9-602ae8644b43
c2d7e2ea-528d-4f80-9b69-fc66032ae920,6ff9e82a-0eff-4a28-b5c4-68f943508bf2
51b27690-bdbe-44d3-a142-f5c40296e09a,992ae373-a9bc-4ae6-9d74-7082cf0a4c12
5d6ad36b-faab-4109-a50c-2a3f4094753b,6ca59447-c208-40e3-ab57-7edb01549cbf
47105e24-813e-4e80-820e-6258d153a7be,05189b57-cd02-4472-9e21-bd3b54ab5dd6
a8376f5c-004b-4b86-886f-f55a7ea21264,5fc091c1-fa87-45b5-878f-8deb38c39f5e
06d75c4e-c590-4995-86b4-6956f1d85162,1f33d527-6045-4358-afd9-602ae8644b43
7c396649-2892-4d9d-8ea5-aa6005630fe6,3b16b9a9-28b5-4421-a419-f2c0a580a622
dc4f63af-d4ca-4fb7-8127-718267b96ecb,05189b57-cd02-4472-9e21-bd3b54ab5dd6
83d54558-cda8-44b5-9aca-0642b0f39250,5fc091c1-fa87-45b5-878f-8deb38c39f5e
6ff088cb-27dd-4c5c-b529-97c8c24fdc18,1f33d527-6045-4358-afd9-602ae8644b43
99eafa68-7a65-4e54-ab81-ffdccbff449b,3b16b9a9-28b5-4421-a419-f2c0a580a622
572fa931-eac6-4c61-9085-b52402c8be4f,9e87af73-6ec7-473e-86b9-93fc8311efba
e474a2bb-f7f4-4b50-a380-c66225f1240c,6ca59447-c208-40e3-ab57-7edb01549cbf
111eaf0b-c8d7-470e-83dc-c0c96386397b,f413d6b6-6542-41fc-940c-6177cf5606aa
e942d2af-8082-47c8-bf55-ec6d6b02c495,386c578b-2a53-4c3a-b910-a980fb1773c0
036eca2a-0aca-46ac-a972-ff0623635f1b,ae92de86-1329-4de8-bbcc-f478e9f8628b
57d6a332-a664-48e5-bcd6-c65242865fbb,aa5350c6-5532-4604-b95c-938b8f7cb95c
0039caff-5627-47b7-907e-5b9a040f4eb2,20bc1485-d0c4-4b2b-b0b4-c282c203431a
8a7f111e-67a7-48a9-b96e-08d3e08e144d,1f33d527-6045-4358-afd9-602ae8644b43
ba4ff781-fed9-4438-a089-a29d9d00443f,ac2f7cb8-fe85-4eec-9dbd-11aab73b200d
460fbaee-278d-426d-bf9b-1756c504594d,9297f5e2-06f8-43dc-9765-87beb4350755
e06f406d-0a5c-4cf3-8942-5e308b07981e,6ca59447-c208-40e3-ab57-7edb01549cbf
4b5900a7-374d-41a8-acc5-6cbe2e9bbc7f,992ae373-a9bc-4ae6-9d74-7082cf0a4c12
4b5900a7-374d-41a8-acc5-6cbe2e9bbc7f,72f27659-ea6c-40a3-9f2d-dfe7d82c853b
4b5900a7-374d-41a8-acc5-6cbe2e9bbc7f,ae92de86-1329-4de8-bbcc-f478e9f8628b
9e7af6f2-adff-4fe5-928b-b0c5b95aee0b,2baf988b-c09f-420d-b2f1-07c3f3cb565b
32e992a7-f583-4db8-9724-0004541e97b0,dca26f5a-6485-43d1-9b87-82b066477f04
6c6a6a90-bc47-4aa1-98af-dac451de469d,1f33d527-6045-4358-afd9-602ae8644b43
efb1480d-82fd-4dea-96b5-739d4945c364,3b16b9a9-28b5-4421-a419-f2c0a580a622
3b964ad7-a463-49bd-87fe-a566819ba4fb,6ca59447-c208-40e3-ab57-7edb01549cbf
4f6d8be3-2638-4ee1-9fba-3c709619d230,992ae373-a9bc-4ae6-9d74-7082cf0a4c12
4f6d8be3-2638-4ee1-9fba-3c709619d230,6ff9e82a-0eff-4a28-b5c4-68f943508bf2
3eb1b264-aa39-45b0-8ed0-0ab74042973a,af68b454-0781-4ba1-a037-4444038ef730
a169018e-1c36-4922-acb4-009042bac9fd,1f33d527-6045-4358-afd9-602ae8644b43
a169018e-1c36-4922-acb4-009042bac9fd,9d902a90-2e2d-4921-9d40-b5c18c6fe7ec
a07573a3-03e3-416a-bb54-18830ea7a10c,3b16b9a9-28b5-4421-a419-f2c0a580a622
adcd15c1-a8bd-4a5d-a181-0730150d8ed7,6ca59447-c208-40e3-ab57-7edb01549cbf
240029c7-b82b-4c08-a6b8-ea0d3610bfbd,992ae373-a9bc-4ae6-9d74-7082cf0a4c12
240029c7-b82b-4c08-a6b8-ea0d3610bfbd,ae92de86-1329-4de8-bbcc-f478e9f8628b
4e14196d-77eb-4d2d-98eb-e52cb3692280,6ca59447-c208-40e3-ab57-7edb01549cbf
8e3dffef-5b62-4823-80f3-aaf757073bfa,992ae373-a9bc-4ae6-9d74-7082cf0a4c12
812b8a7e-b5fb-4021-815d-b952a9e3d999,6ca59447-c208-40e3-ab57-7edb01549cbf
4b55ea58-167b-4165-98e3-b3c465d8e370,992ae373-a9bc-4ae6-9d74-7082cf0a4c12
4b55ea58-167b-4165-98e3-b3c465d8e370,0f795c5c-53c8-4974-a826-e83132dd5671
4b55ea58-167b-4165-98e3-b3c465d8e370,c4cb37e8-fe1c-4d2b-b0b5-f04a69925d8f
783b6f21-e707-44cd-af12-204f885fe9a0,6ca59447-c208-40e3-ab57-7edb01549cbf
679205ef-0b81-477d-89c3-80a186a7423d,ae92de86-1329-4de8-bbcc-f478e9f8628b
679205ef-0b81-477d-89c3-80a186a7423d,6ff9e82a-0eff-4a28-b5c4-68f943508bf2
679205ef-0b81-477d-89c3-80a186a7423d,eddb9f19-4025-4f9a-8d44-a9bf94cb562e
e4f045df-b96f-4a73-bdf1-1a9dd455e6e2,6b0712f7-178e-473d-8bc6-3ca8e50b9053
c54de4e2-1193-4716-92ed-659026f91ea6,91f5ef84-d09b-4a54-a729-b6abe973e128
b0887e9e-be30-4909-b72e-7669ebe5b5a2,992ae373-a9bc-4ae6-9d74-7082cf0a4c12
b0887e9e-be30-4909-b72e-7669ebe5b5a2,fc1941db-1098-4bd5-a9c7-d9fe8b94172d
6c0ddbf2-b54b-4658-8629-51d7dd3629d8,6ca59447-c208-40e3-ab57-7edb01549cbf
dee7e557-1bdd-4de8-a26c-5815167e9672,1f33d527-6045-4358-afd9-602ae8644b43
dee7e557-1bdd-4de8-a26c-5815167e9672,6ff9e82a-0eff-4a28-b5c4-68f943508bf2
dee7e557-1bdd-4de8-a26c-5815167e9672,1fa3719f-7f49-43d3-9416-c38e10968ac8
11ac0b6c-df52-4fd8-a2a9-6ac4124722c8,6ca59447-c208-40e3-ab57-7edb01549cbf
9b4c37ea-805f-4a1a-a545-fad4ecd9a979,9e87af73-6ec7-473e-86b9-93fc8311efba
9b4c37ea-805f-4a1a-a545-fad4ecd9a979,c4cb37e8-fe1c-4d2b-b0b5-f04a69925d8f
2b63c52d-9e67-497b-badc-c5a581d9eda4,6ca59447-c208-40e3-ab57-7edb01549cbf
29ed8fa8-7c07-4dae-80d0-395404a7cd51,eddb9f19-4025-4f9a-8d44-a9bf94cb562e
29ed8fa8-7c07-4dae-80d0-395404a7cd51,992ae373-a9bc-4ae6-9d74-7082cf0a4c12
29ed8fa8-7c07-4dae-80d0-395404a7cd51,1f33d527-6045-4358-afd9-602ae8644b43
4f2e8c70-5d94-40bf-91d3-fccdc0dd7386,6fe661aa-ffec-44c5-8de9-c80eef106e6b
da9862b2-d582-4f37-9ad3-5c5a56bf97cd,46d4a1d1-c057-49ba-a879-db85b0cda4b9
887b83a2-5784-40bb-98c6-66b8da253db9,1bcd244a-c2a5-4a4e-8572-b7459305a8b1
6b191517-65d6-4142-862e-d971c89b373d,41d62f31-a92e-4ff2-9981-41f3cf46ebeb
6b2798ee-bad3-494d-9e20-1b0a7d0c87a4,8d82500d-abce-4859-889f-991e369704e8
b2f67043-551d-4409-b5cf-a24be7fe4af0,6ca59447-c208-40e3-ab57-7edb01549cbf
8f6d7729-c0f0-4d39-af78-aabbb151604c,992ae373-a9bc-4ae6-9d74-7082cf0a4c12
8f6d7729-c0f0-4d39-af78-aabbb151604c,0a2353ed-3482-4163-9ca4-46e6cf6ab717
c005910f-07c5-4b21-9031-13c2885632a2,f5ae86d6-7b29-42fb-b3b0-3b474b2978f5
0ab1b1c8-eacf-44ba-bdb9-6836f287828c,a0ec4670-47c0-48d5-a9a0-c2012e886b58
a5780ecb-f6a1-4cc1-bda4-c1aa3fef4673,a0ec4670-47c0-48d5-a9a0-c2012e886b58
382676f6-86c1-458c-a995-9de4ef7fc7bb,41d62f31-a92e-4ff2-9981-41f3cf46ebeb
befa49c9-1419-4cfe-aa25-7d2b38ae9110,3b16b9a9-28b5-4421-a419-f2c0a580a622
ebc1ae62-4e02-49a9-b2d6-320e45eaa09a,21d8739d-25f6-48b7-a909-14d59848db24
81dc9a79-9236-4894-b1cc-c16f910b3acf,ff41c6fa-d1d3-461e-bc14-61438d2fe7d4
d6ac915d-c656-440e-b24b-0adbc8da0b3f,992ae373-a9bc-4ae6-9d74-7082cf0a4c12
f3747e37-a93c-4717-b4ea-b0f6ec7c46d5,d1c30f65-d081-40cd-91e8-193b4c51182a
caed3879-4857-4ebe-94d2-df8d9b0e2029,7a8e0e9d-28f2-40d7-8696-9db0a75a628d
903ab334-12f0-4ffb-bf02-55d9315bd382,6ca59447-c208-40e3-ab57-7edb01549cbf
e0e1f694-59a0-49c5-a579-a5d4228e4d64,6ff9e82a-0eff-4a28-b5c4-68f943508bf2
e0e1f694-59a0-49c5-a579-a5d4228e4d64,eddb9f19-4025-4f9a-8d44-a9bf94cb562e
b35295cd-9293-412a-b213-cd46ac9ef58f,652457ae-aab8-457a-b1a8-66deb031d7a7
7035aea2-822a-462b-9f63-ccfebb71f31f,33f12961-e353-4d14-a7bc-4f20ffad7f00
acbec03e-1040-4e35-af29-34bf1f23f747,eddb9f19-4025-4f9a-8d44-a9bf94cb562e
acbec03e-1040-4e35-af29-34bf1f23f747,d89699f6-85db-4def-8de6-14cb07eb2c43
4fb6ad08-78b0-4d24-8697-fbbde1f0b193,6ca59447-c208-40e3-ab57-7edb01549cbf
5b720cc7-8797-40ca-b4c1-53d1544a5c89,0663a94d-7fc1-4427-9cdd-86e299c0fe86
265b8c65-188e-4bf8-b7f7-ef316148d8bb,ca64a6a5-167f-4dc6-a828-596ec7fb7bcf
b2588fec-b27d-4ee2-bae7-0c98beff138b,50d749ed-12a3-48bb-88a9-ac8403bdc400
efed114a-ae0a-4b27-881a-02fed5271196,1f33d527-6045-4358-afd9-602ae8644b43
efed114a-ae0a-4b27-881a-02fed5271196,eddb9f19-4025-4f9a-8d44-a9bf94cb562e
efed114a-ae0a-4b27-881a-02fed5271196,c4cb37e8-fe1c-4d2b-b0b5-f04a69925d8f
3827d80a-5fc6-44b1-9ced-b34cb8217109,3d947f3c-fa03-4667-b09a-25a8f2db2adb
324a586f-fc0c-4ef5-b4d3-ed856aeed66a,6359b0bf-3af6-44e9-bf13-71c9fe0ead77
8d0c1656-91a2-4fd6-b2a9-18ff47dcab5b,a02e22cb-d235-4e41-99c0-73d63c06157e
8d0c1656-91a2-4fd6-b2a9-18ff47dcab5b,6e7ec579-d5fc-41c8-82f1-649532a23cb4
ad1c0e35-5f93-4b2b-9ea7-cb03ef55e05c,50d749ed-12a3-48bb-88a9-ac8403bdc400
f4359208-a713-4f1e-b1f9-a8a05f443668,636ec317-4c7e-4140-949e-b81cdece4be4
c7114219-b27a-43a1-8cb6-4ab96b7f4b8c,1f33d527-6045-4358-afd9-602ae8644b43
c7114219-b27a-43a1-8cb6-4ab96b7f4b8c,6ff9e82a-0eff-4a28-b5c4-68f943508bf2
c7114219-b27a-43a1-8cb6-4ab96b7f4b8c,421187bb-ba8c-445a-a03c-e17ed8a34c0f
c7114219-b27a-43a1-8cb6-4ab96b7f4b8c,9d902a90-2e2d-4921-9d40-b5c18c6fe7ec
45839e00-1451-437a-9b39-f66282a32ae3,8e47f6b9-4a44-4ce0-98bf-f3e7356fa1d2
6652ee4a-2ece-4bad-8695-164d5d663a32,6ca59447-c208-40e3-ab57-7edb01549cbf
b2574187-2567-4cc6-8eb0-f4976c177fed,0a2353ed-3482-4163-9ca4-46e6cf6ab717
f9587dbb-6226-449e-8cc0-15cba1f0ba29,fc1941db-1098-4bd5-a9c7-d9fe8b94172d
a99b1d4f-56e7-4a7b-b561-f5647a308040,cde9a632-6add-43ce-8de9-84ce69637125
4aa08531-51a2-4545-811b-22b857d87ae1,5fc091c1-fa87-45b5-878f-8deb38c39f5e
e2c8427c-4266-4515-bdca-55db92da12d1,1f33d527-6045-4358-afd9-602ae8644b43
e2c8427c-4266-4515-bdca-55db92da12d1,6ff9e82a-0eff-4a28-b5c4-68f943508bf2
a2391822-3134-4cc1-964f-15df1296c192,6ca59447-c208-40e3-ab57-7edb01549cbf
99967b0a-9525-4196-ac48-e500147026c3,992ae373-a9bc-4ae6-9d74-7082cf0a4c12
99967b0a-9525-4196-ac48-e500147026c3,72f27659-ea6c-40a3-9f2d-dfe7d82c853b
99967b0a-9525-4196-ac48-e500147026c3,eddb9f19-4025-4f9a-8d44-a9bf94cb562e
2bfb207a-870a-49d3-84aa-b1943425ef2e,92a75c62-556e-4861-bd75-a29497ddf8cb
40b214ee-85ce-4cf4-bab7-17deed991887,0d89cd97-9e1b-4cb3-89fc-6773540db9e8
a7084b11-df14-481f-ab10-5bf135a589f5,1f33d527-6045-4358-afd9-602ae8644b43
a7084b11-df14-481f-ab10-5bf135a589f5,d89699f6-85db-4def-8de6-14cb07eb2c43
d381c6f9-3ce0-41c7-82ee-00e3a38bedfb,386c578b-2a53-4c3a-b910-a980fb1773c0
7cb4f7af-77f5-48dc-a65c-732ebdfc24e3,6ca59447-c208-40e3-ab57-7edb01549cbf
914eead0-9c8a-4404-a8a0-ff28bd314d49,d89699f6-85db-4def-8de6-14cb07eb2c43
939bb6f7-1966-4640-b012-24533c209563,af68b454-0781-4ba1-a037-4444038ef730
e5f56092-f218-40d1-8147-d961efc08152,d89699f6-85db-4def-8de6-14cb07eb2c43
e5f56092-f218-40d1-8147-d961efc08152,1f33d527-6045-4358-afd9-602ae8644b43
7b858181-8ba9-46b5-bae2-cc604e30af2b,3b16b9a9-28b5-4421-a419-f2c0a580a622
5c325411-4639-4848-adfa-a09b5b5a6c11,6ca59447-c208-40e3-ab57-7edb01549cbf
50ab2fe2-e2bc-46ec-aec8-6957b3c467a3,992ae373-a9bc-4ae6-9d74-7082cf0a4c12
50ab2fe2-e2bc-46ec-aec8-6957b3c467a3,ae92de86-1329-4de8-bbcc-f478e9f8628b
14962573-9901-4d98-bf6d-a65338a343ac,3d947f3c-fa03-4667-b09a-25a8f2db2adb
5e401963-9239-4e2f-b390-837634d5eb43,6359b0bf-3af6-44e9-bf13-71c9fe0ead77
3e48027b-e229-4a53-9d21-8ce372ca8f10,1f33d527-6045-4358-afd9-602ae8644b43
3e48027b-e229-4a53-9d21-8ce372ca8f10,ae92de86-1329-4de8-bbcc-f478e9f8628b
075e262d-4cfa-4e1a-989d-716b7d048dd8,cde9a632-6add-43ce-8de9-84ce69637125
49ea16c7-2552-4671-acf6-18cbde6c7cf3,5fc091c1-fa87-45b5-878f-8deb38c39f5e
feab8c72-9855-4188-8ffd-50a3577bc252,41d62f31-a92e-4ff2-9981-41f3cf46ebeb
feab8c72-9855-4188-8ffd-50a3577bc252,eddb9f19-4025-4f9a-8d44-a9bf94cb562e
8e5a24bd-5ec5-47a0-8398-6686af2bcde6,0956065f-f830-46ce-8db3-7c82b0df46c0
5598c3c6-d03c-4799-aee4-9c7ae0de2d1c,0d89cd97-9e1b-4cb3-89fc-6773540db9e8
274477e8-6601-496c-9a15-8f20b57f22a4,1f33d527-6045-4358-afd9-602ae8644b43
0549683c-039e-44e4-92a6-5faaa424967e,3b16b9a9-28b5-4421-a419-f2c0a580a622
ee29fc9a-fa90-40a8-b115-f6cf8b08e38e,6ca59447-c208-40e3-ab57-7edb01549cbf
df8bb53d-aff1-4f07-80df-a0f19bcb2962,992ae373-a9bc-4ae6-9d74-7082cf0a4c12
df8bb53d-aff1-4f07-80df-a0f19bcb2962,fc1941db-1098-4bd5-a9c7-d9fe8b94172d
6bb146ef-1ecd-4a80-a5ad-35a79c407ae4,ec2041c0-abc0-43e0-b203-b9c87571eacb
b5dcf76f-40de-4ea1-8eaf-26ab3e8518ca,cc81e6bc-9247-4f0e-9eb4-ca3900ac7217
c114ce90-9735-402f-8251-b74abbecabe3,41d62f31-a92e-4ff2-9981-41f3cf46ebeb
c114ce90-9735-402f-8251-b74abbecabe3,992ae373-a9bc-4ae6-9d74-7082cf0a4c12
2d4545f7-bbe5-4205-92dc-303a86540137,386c578b-2a53-4c3a-b910-a980fb1773c0
8946834f-498e-4a9f-b932-cd57442bb233,6ca59447-c208-40e3-ab57-7edb01549cbf
8b73bbfd-276e-4834-ab94-63348b06a9e6,94d3c2e4-6c9d-45de-9663-14be2dcabf8d
6119c3f6-fbb6-4e28-8580-f7a4c1c77c81,1f33d527-6045-4358-afd9-602ae8644b43
c39a0695-808b-4ef3-b00d-67f7b3c51154,af68b454-0781-4ba1-a037-4444038ef730
04c1353c-359d-40a9-8c87-f68b1f171644,3b16b9a9-28b5-4421-a419-f2c0a580a622
4952f274-eb4a-463e-886b-0becd9d15e5b,6e7ec579-d5fc-41c8-82f1-649532a23cb4
c4b11d02-29d0-447b-86d0-290d5405a13a,6ca59447-c208-40e3-ab57-7edb01549cbf
fe756408-4094-4a7b-b1ce-083659204325,992ae373-a9bc-4ae6-9d74-7082cf0a4c12
6ad880f1-76d9-487c-919d-1995794230ea,6ca59447-c208-40e3-ab57-7edb01549cbf
469749c4-5480-4626-b89d-75be64fdfaf9,9d902a90-2e2d-4921-9d40-b5c18c6fe7ec
469749c4-5480-4626-b89d-75be64fdfaf9,c4cb37e8-fe1c-4d2b-b0b5-f04a69925d8f
6a01b067-3af5-4464-bf48-9ad62ee37181,21d8739d-25f6-48b7-a909-14d59848db24
0999dbdb-f533-4115-998d-aed4ff89ce7c,9e87af73-6ec7-473e-86b9-93fc8311efba
81a54d17-8e4b-452e-b3b8-403344ae7f79,ec2041c0-abc0-43e0-b203-b9c87571eacb
6c423f01-cdc6-409c-bf23-8001b46f47da,6b0712f7-178e-473d-8bc6-3ca8e50b9053
f8d25fc2-1715-4e29-aa0e-25209f71a41c,28408059-9560-428c-be43-378a604ac3e8
d05ca8f9-4054-446a-ab38-e87fdd3d91ee,992ae373-a9bc-4ae6-9d74-7082cf0a4c12
d05ca8f9-4054-446a-ab38-e87fdd3d91ee,1f33d527-6045-4358-afd9-602ae8644b43
03f1e152-9481-4646-ada7-a6f71e3415f1,3b16b9a9-28b5-4421-a419-f2c0a580a622
3765d5e2-29b5-4a9d-9964-97715f6d9369,21d8739d-25f6-48b7-a909-14d59848db24
8f4c3159-5f5b-4760-90e1-1f7b1ac2372f,6ccd09a6-df0b-427f-a639-7f3b30134426
a1b769fc-c6ce-4dad-af02-b9f1f6135e1b,1f33d527-6045-4358-afd9-602ae8644b43
a1b769fc-c6ce-4dad-af02-b9f1f6135e1b,8ccdb142-81ed-489d-94a0-4041bd04a46e
32d70776-8e04-478f-96ea-d76dc4ba3d0c,12e1702a-7623-4b11-a224-44601b67328c
663ddd41-3f2f-48bb-9d92-379259c40e7d,8e47f6b9-4a44-4ce0-98bf-f3e7356fa1d2
84dc622c-f060-4733-96a7-eebe99fa5e02,d1c30f65-d081-40cd-91e8-193b4c51182a
b2e85791-e7e0-49cd-9a08-e297e48f4547,5fc091c1-fa87-45b5-878f-8deb38c39f5e
5dcd9a19-e418-4e36-98e0-e4c11d198fe4,a558c676-742a-40c3-ab74-60a0f34d0c43
5dcd9a19-e418-4e36-98e0-e4c11d198fe4,9e87af73-6ec7-473e-86b9-93fc8311efba
3c3c55d3-66ac-440a-83e8-decac3244ab9,992ae373-a9bc-4ae6-9d74-7082cf0a4c12
3c3c55d3-66ac-440a-83e8-decac3244ab9,ae92de86-1329-4de8-bbcc-f478e9f8628b
c06cb9b9-a95d-45c1-a095-6178295bc945,6ca59447-c208-40e3-ab57-7edb01549cbf
e9ff3493-696a-4b5d-9636-b151cf6a7ee8,f413d6b6-6542-41fc-940c-6177cf5606aa
8b0476c6-e8ed-45d4-aa0e-aeb10558b606,1f33d527-6045-4358-afd9-602ae8644b43
bbc41668-4239-494a-8128-136bd9e5f583,386c578b-2a53-4c3a-b910-a980fb1773c0
76f0af98-1a67-4cb5-89a9-48c60ba5e097,af68b454-0781-4ba1-a037-4444038ef730
2738fe8b-fcdd-466c-8099-aeca10d60389,3b16b9a9-28b5-4421-a419-f2c0a580a622
62f816fe-ff82-4fba-8180-a38731b5972b,6e7ec579-d5fc-41c8-82f1-649532a23cb4
293b826e-aeca-4f84-b1f9-796cbc1d7ed8,2baf988b-c09f-420d-b2f1-07c3f3cb565b
37b2d1f8-a540-4afd-af91-af35b1891383,6bdd587c-344f-4fb7-b1c6-d48b8b15a2d1
06d936ca-d90d-41d1-8da7-5a3a4ea0e4ce,6bdd587c-344f-4fb7-b1c6-d48b8b15a2d1
1498e401-e7d2-49c9-b840-c9931fa5c0cd,d89699f6-85db-4def-8de6-14cb07eb2c43
1498e401-e7d2-49c9-b840-c9931fa5c0cd,1fa3719f-7f49-43d3-9416-c38e10968ac8
1498e401-e7d2-49c9-b840-c9931fa5c0cd,1f33d527-6045-4358-afd9-602ae8644b43
4952f274-eb4a-463e-886b-0becd9d15e5b,f4053f71-94b5-40b2-92bd-fb588127fe38
02f0f64e-6dda-4080-ba87-499e103dc962,6ca59447-c208-40e3-ab57-7edb01549cbf
3072886e-e664-4237-a771-3583f0212e7d,992ae373-a9bc-4ae6-9d74-7082cf0a4c12
3072886e-e664-4237-a771-3583f0212e7d,3ede1470-2ccd-442a-9411-0f2f431639e4
3072886e-e664-4237-a771-3583f0212e7d,4233781b-0b6c-49b5-a398-eef49e34cd7c
bc33c4c0-de7f-4cd1-bb45-e3a486d4df82,5115a7f4-c481-4f49-bf54-506badb69a95
160df7ea-1aec-4302-93b0-be092623acf0,4c9945e5-4487-40d3-ac4d-0f39caa452c4
44dc7563-8724-4780-99ac-aa111c1d32ec,6ca59447-c208-40e3-ab57-7edb01549cbf
e4279105-c456-4fd5-9b40-bd8b6b625a8c,8d82500d-abce-4859-889f-991e369704e8
86e26d7f-f090-48ec-8fac-5a191352c94b,c1615e31-4a06-4e33-8d90-0d9273fbce91
d796e2a0-0654-416b-9a23-bc9b79f4b76e,6e7ec579-d5fc-41c8-82f1-649532a23cb4
256776ec-897c-4420-867f-33f7c57f3e79,b4f75e2e-aded-4dd2-8b9c-740be0e9164d
d997a3b0-46c9-4a80-b77a-642656380285,d89699f6-85db-4def-8de6-14cb07eb2c43
d997a3b0-46c9-4a80-b77a-642656380285,1f33d527-6045-4358-afd9-602ae8644b43
d997a3b0-46c9-4a80-b77a-642656380285,3ede1470-2ccd-442a-9411-0f2f431639e4
48d32148-01f3-4956-801a-e680437db594,8e47f6b9-4a44-4ce0-98bf-f3e7356fa1d2
6319a2c0-e47f-45a2-8119-7503d41981a5,943fa8e9-69df-4f6e-8e47-3a81150d8b3d
341243ee-b739-4f06-a367-c1428155bff2,6bdd587c-344f-4fb7-b1c6-d48b8b15a2d1
d1cc7125-22d2-43a1-8242-d18a091d2c9a,9d902a90-2e2d-4921-9d40-b5c18c6fe7ec
d1cc7125-22d2-43a1-8242-d18a091d2c9a,41d62f31-a92e-4ff2-9981-41f3cf46ebeb
d1cc7125-22d2-43a1-8242-d18a091d2c9a,f4053f71-94b5-40b2-92bd-fb588127fe38
7bdb6c52-1880-45c3-9d2f-3bfd8a4ed7f8,3b16b9a9-28b5-4421-a419-f2c0a580a622
6afeae87-6575-4df1-964e-efa8a078768a,c0616b1c-7741-4f55-9da3-7b115b34481c
6af55002-abb0-4e19-8944-8e15c3f68160,b1938d90-e95c-4a12-87a3-4e4e3b8b4658
0cabfc0a-0447-4cdb-8bb6-127a7cb3e4da,abc6c08b-0d8b-4b68-9a5e-18e8122308ca
b14bf3c2-1acf-4d5f-a3e4-da6485725826,1f33d527-6045-4358-afd9-602ae8644b43
b14bf3c2-1acf-4d5f-a3e4-da6485725826,eddb9f19-4025-4f9a-8d44-a9bf94cb562e
567669a6-f449-4038-8810-cf1e65a26b20,cde9a632-6add-43ce-8de9-84ce69637125
8841e77c-f861-43d7-abb3-bc0d6083009a,5fc091c1-fa87-45b5-878f-8deb38c39f5e
3e88c7e7-586d-4888-9767-432cb4c1d007,eddb9f19-4025-4f9a-8d44-a9bf94cb562e
3e88c7e7-586d-4888-9767-432cb4c1d007,72f27659-ea6c-40a3-9f2d-dfe7d82c853b
3e88c7e7-586d-4888-9767-432cb4c1d007,6e7ec579-d5fc-41c8-82f1-649532a23cb4
3e88c7e7-586d-4888-9767-432cb4c1d007,992ae373-a9bc-4ae6-9d74-7082cf0a4c12
995cc94d-8b95-4942-b4e6-f913842f0e1b,6ca59447-c208-40e3-ab57-7edb01549cbf
52662fc0-17a3-4b9d-ac71-2a7821ea7fce,992ae373-a9bc-4ae6-9d74-7082cf0a4c12
52662fc0-17a3-4b9d-ac71-2a7821ea7fce,ae92de86-1329-4de8-bbcc-f478e9f8628b
52662fc0-17a3-4b9d-ac71-2a7821ea7fce,6ff9e82a-0eff-4a28-b5c4-68f943508bf2
7762922b-1ed6-4bb2-ae86-aea31d0bdf19,c1615e31-4a06-4e33-8d90-0d9273fbce91
f9d2b138-c6d7-4c30-8dc2-831abaa29dd8,8d82500d-abce-4859-889f-991e369704e8
218d0d75-d58c-4e1d-a769-a6b98b8f2faf,d89699f6-85db-4def-8de6-14cb07eb2c43
218d0d75-d58c-4e1d-a769-a6b98b8f2faf,f4053f71-94b5-40b2-92bd-fb588127fe38
218d0d75-d58c-4e1d-a769-a6b98b8f2faf,1f33d527-6045-4358-afd9-602ae8644b43
7d5dd203-de66-498b-b84c-c25917e555ce,b213ee87-7a56-4876-ab1a-677ef56efede
7d5dd203-de66-498b-b84c-c25917e555ce,4c9945e5-4487-40d3-ac4d-0f39caa452c4
3e698f28-7b6c-409e-880d-0361f4aac4b1,6ca59447-c208-40e3-ab57-7edb01549cbf
9a58210a-f29d-429c-8b17-41f877ad270c,3b16b9a9-28b5-4421-a419-f2c0a580a622
4821e657-340b-4fb8-8788-d5b08114a0ca,af68b454-0781-4ba1-a037-4444038ef730
dd71a90a-9950-435f-8dda-d367477d6e4a,d89699f6-85db-4def-8de6-14cb07eb2c43
dd71a90a-9950-435f-8dda-d367477d6e4a,1f33d527-6045-4358-afd9-602ae8644b43
25b3c1e8-396c-4df4-be18-9055829c60fc,992ae373-a9bc-4ae6-9d74-7082cf0a4c12
a00c5d7e-3994-4a9b-9527-99ffef877160,992ae373-a9bc-4ae6-9d74-7082cf0a4c12
a00c5d7e-3994-4a9b-9527-99ffef877160,6ff9e82a-0eff-4a28-b5c4-68f943508bf2
f623ea60-d1f2-4267-b0ca-b7899ca31629,992ae373-a9bc-4ae6-9d74-7082cf0a4c12
f623ea60-d1f2-4267-b0ca-b7899ca31629,fc1941db-1098-4bd5-a9c7-d9fe8b94172d
3670130d-3b78-4632-a5f9-f974aa382e4c,6ca59447-c208-40e3-ab57-7edb01549cbf
4b7d3c54-5a40-4528-954f-60ed5b4480c1,6ca59447-c208-40e3-ab57-7edb01549cbf
644644fe-e24b-47ec-86c0-bd9ef3bb41c1,992ae373-a9bc-4ae6-9d74-7082cf0a4c12
644644fe-e24b-47ec-86c0-bd9ef3bb41c1,0a2353ed-3482-4163-9ca4-46e6cf6ab717
d1863ec0-db68-44f3-8308-fc0355449105,992ae373-a9bc-4ae6-9d74-7082cf0a4c12
d1863ec0-db68-44f3-8308-fc0355449105,6ff9e82a-0eff-4a28-b5c4-68f943508bf2
91ccc9ed-65b0-455e-be17-58134c9b8bfd,ac2f7cb8-fe85-4eec-9dbd-11aab73b200d
3d1a48bd-f2d6-4d9d-978a-c3d42d3a70c1,40193610-2542-4d28-a63f-078467cb7f0a
44b6f5be-89e0-4dea-bf2b-da7d47651cd8,6ca59447-c208-40e3-ab57-7edb01549cbf
495569ac-fde9-439d-b23f-9be25b23a5e2,3bf75b18-e479-43ff-b40e-b33f5996a5c4
495569ac-fde9-439d-b23f-9be25b23a5e2,1f33d527-6045-4358-afd9-602ae8644b43
495569ac-fde9-439d-b23f-9be25b23a5e2,c4cb37e8-fe1c-4d2b-b0b5-f04a69925d8f
351e5475-4016-443b-9c95-c04f5bc43994,6ca59447-c208-40e3-ab57-7edb01549cbf
4ce49ac1-8931-4e04-9998-70496dab034c,d8552976-9336-4818-a952-a6ada26a3006
4ce49ac1-8931-4e04-9998-70496dab034c,efde0ce9-21df-44b4-ba54-c6d738ec2e64
d9e4d7c0-d1bd-4619-afe7-1037b28e4dfc,6ca59447-c208-40e3-ab57-7edb01549cbf
963dfb71-b8b4-4759-9288-1f0e033f819f,992ae373-a9bc-4ae6-9d74-7082cf0a4c12
963dfb71-b8b4-4759-9288-1f0e033f819f,72f27659-ea6c-40a3-9f2d-dfe7d82c853b
963dfb71-b8b4-4759-9288-1f0e033f819f,f137d46d-5bac-404d-bfc9-d9fb8fc8a734
1edf73d8-6b3c-42ee-8551-d05beff6c980,35501750-04e3-48bd-bfe4-3aa7d22e3baa
81a6242c-c109-4660-be8f-9ee678a8b294,abc6c08b-0d8b-4b68-9a5e-18e8122308ca
ec7eecc8-ccf8-4994-8023-7f8f6db71a69,1f33d527-6045-4358-afd9-602ae8644b43
ec7eecc8-ccf8-4994-8023-7f8f6db71a69,fc1941db-1098-4bd5-a9c7-d9fe8b94172d
6c4f8783-33b0-4fec-a8b9-f113c075993f,943fa8e9-69df-4f6e-8e47-3a81150d8b3d
b50f8270-2643-47b4-a177-61954d4ca84d,6bdd587c-344f-4fb7-b1c6-d48b8b15a2d1
c8a4ddc1-51b2-4c96-b448-0c824e67dad3,1f33d527-6045-4358-afd9-602ae8644b43
c8a4ddc1-51b2-4c96-b448-0c824e67dad3,9d902a90-2e2d-4921-9d40-b5c18c6fe7ec
c75cda8a-2e7c-41c0-a0da-5ce30ceeff72,3b16b9a9-28b5-4421-a419-f2c0a580a622
93c8d18d-55ac-433c-b4f4-9d4297e4766a,6ca59447-c208-40e3-ab57-7edb01549cbf
d3222443-acaa-4fb0-99db-75517dd75f90,0a2353ed-3482-4163-9ca4-46e6cf6ab717
d3222443-acaa-4fb0-99db-75517dd75f90,992ae373-a9bc-4ae6-9d74-7082cf0a4c12
56b9a9a2-f2d2-4e83-a479-3266338c6840,6ca59447-c208-40e3-ab57-7edb01549cbf
a544eca0-3fe6-4a35-b441-87410611288d,fe8e1adf-281b-493b-a6ec-1b86629a19d7
a544eca0-3fe6-4a35-b441-87410611288d,d8552976-9336-4818-a952-a6ada26a3006
08761620-676e-4f73-9b50-5e746045e326,6359b0bf-3af6-44e9-bf13-71c9fe0ead77
dab11f69-51ac-4e83-91d1-d5914f1dd055,9d902a90-2e2d-4921-9d40-b5c18c6fe7ec
dab11f69-51ac-4e83-91d1-d5914f1dd055,1f33d527-6045-4358-afd9-602ae8644b43
dab11f69-51ac-4e83-91d1-d5914f1dd055,992ae373-a9bc-4ae6-9d74-7082cf0a4c12
5717183c-d214-49fc-9ab8-bae974254e35,3d947f3c-fa03-4667-b09a-25a8f2db2adb
e6d58f9c-9497-4395-866a-dea6e26a993a,33f12961-e353-4d14-a7bc-4f20ffad7f00
85c8cf42-b829-4579-9877-973e607e98ac,6bdd587c-344f-4fb7-b1c6-d48b8b15a2d1
db49f089-5a75-4f25-94dd-1035692c5116,1f33d527-6045-4358-afd9-602ae8644b43
e66a8bd5-0422-4bc3-b87e-12480048c355,6ca59447-c208-40e3-ab57-7edb01549cbf
fe9f02a2-ad70-4b31-9801-7ee88386af36,6e7ec579-d5fc-41c8-82f1-649532a23cb4
fe9f02a2-ad70-4b31-9801-7ee88386af36,6ff9e82a-0eff-4a28-b5c4-68f943508bf2
28412d7b-64ae-4913-97f4-c5495310e5d7,6ca59447-c208-40e3-ab57-7edb01549cbf
e0ef9b7b-bbf5-4621-ada7-0b84feb2ae05,992ae373-a9bc-4ae6-9d74-7082cf0a4c12
e0ef9b7b-bbf5-4621-ada7-0b84feb2ae05,eddb9f19-4025-4f9a-8d44-a9bf94cb562e
e0ef9b7b-bbf5-4621-ada7-0b84feb2ae05,ae92de86-1329-4de8-bbcc-f478e9f8628b
12d2c249-80ac-4fbc-9431-35358cced97b,6ca59447-c208-40e3-ab57-7edb01549cbf
3461ba11-293f-4f9a-a673-a5654eeb107d,0a2353ed-3482-4163-9ca4-46e6cf6ab717
df44d819-1e8e-46ba-baad-57c8e422f794,0d262eed-551e-45d0-983c-bca05eabe980
59981e54-92e1-44b9-92ce-07a33caca171,33f12961-e353-4d14-a7bc-4f20ffad7f00
39da19ca-0549-420f-b4f0-4bf247d79b44,1f33d527-6045-4358-afd9-602ae8644b43
9f580f5b-351b-4296-948c-d68fac8be437,386c578b-2a53-4c3a-b910-a980fb1773c0
e28f48bb-7abe-481d-a67e-e8fdf0ecdcf7,6ca59447-c208-40e3-ab57-7edb01549cbf
c78583ee-729a-4be4-98e6-f4e11a78e0a7,992ae373-a9bc-4ae6-9d74-7082cf0a4c12
2993411d-7fa9-4c46-ae6a-ada223c10241,6ca59447-c208-40e3-ab57-7edb01549cbf
db4417eb-fd25-4d0d-820b-b0fc61fcf82d,992ae373-a9bc-4ae6-9d74-7082cf0a4c12
22c16b10-c0aa-4e16-a64b-56ee027a4f39,992ae373-a9bc-4ae6-9d74-7082cf0a4c12
22c16b10-c0aa-4e16-a64b-56ee027a4f39,72f27659-ea6c-40a3-9f2d-dfe7d82c853b
b983b143-8308-476e-aefe-05dbe2a0cb59,6ca59447-c208-40e3-ab57-7edb01549cbf
1c7090e1-b7b6-41ad-9e8f-264b2f4e9491,0d262eed-551e-45d0-983c-bca05eabe980
85f88710-d260-4a44-bd22-59a349c81cfd,0d89cd97-9e1b-4cb3-89fc-6773540db9e8
f47632ef-6bdc-4cd5-9b23-87aa4c4676fd,1f33d527-6045-4358-afd9-602ae8644b43
f47632ef-6bdc-4cd5-9b23-87aa4c4676fd,992ae373-a9bc-4ae6-9d74-7082cf0a4c12
04a713db-1efb-435f-949d-ffdc547f6ea9,d1c30f65-d081-40cd-91e8-193b4c51182a
d1a4e9e7-874b-4dca-9e10-956c778d82bf,1f33d527-6045-4358-afd9-602ae8644b43
d1a4e9e7-874b-4dca-9e10-956c778d82bf,9d902a90-2e2d-4921-9d40-b5c18c6fe7ec
22c0b032-04fa-471e-95d1-4de5e4ac0fa1,c7e9d8ec-9ba5-4048-82e7-c3d2ff02eb9b
2b865a1b-201d-48b3-961c-47b716b25076,6ca59447-c208-40e3-ab57-7edb01549cbf
5e236bbc-46fe-46d3-a6f8-523604e8a567,992ae373-a9bc-4ae6-9d74-7082cf0a4c12
5e236bbc-46fe-46d3-a6f8-523604e8a567,ae92de86-1329-4de8-bbcc-f478e9f8628b
5e236bbc-46fe-46d3-a6f8-523604e8a567,9f6d5b2b-ac1c-4cc3-a7d1-7cedf98b7563
a2f0fef9-bd9d-4743-8784-57fea769bf77,6ca59447-c208-40e3-ab57-7edb01549cbf
3f20b23f-36a3-4779-9118-d467bf37f502,992ae373-a9bc-4ae6-9d74-7082cf0a4c12
3f20b23f-36a3-4779-9118-d467bf37f502,eddb9f19-4025-4f9a-8d44-a9bf94cb562e
3f20b23f-36a3-4779-9118-d467bf37f502,72f27659-ea6c-40a3-9f2d-dfe7d82c853b
4869ad89-8261-4b77-8ca8-d3c46d8723b7,aa5350c6-5532-4604-b95c-938b8f7cb95c
8c49c75a-6a9b-498a-af70-5fe99864a797,3b16b9a9-28b5-4421-a419-f2c0a580a622
4a03bc7f-600c-4129-94fe-a0947f8fd30d,8d82500d-abce-4859-889f-991e369704e8
94a373d8-266c-49e5-aa88-0193ee151ca3,1f33d527-6045-4358-afd9-602ae8644b43
6c6483ea-a965-4e36-9006-1a4b446baabc,48b92705-c8ea-4e8e-9bc2-439bf30ce746
0ef3655b-332d-4bc4-bb4e-1bd14e96fa7c,94d3c2e4-6c9d-45de-9663-14be2dcabf8d
96f929bd-5bb6-4adc-a118-a2fddf22fbbe,6ca59447-c208-40e3-ab57-7edb01549cbf
75ae084f-0329-4612-9d84-22e091944ba7,f4053f71-94b5-40b2-92bd-fb588127fe38
75ae084f-0329-4612-9d84-22e091944ba7,0663a94d-7fc1-4427-9cdd-86e299c0fe86
b386146a-ab65-4f76-b41e-fd3335953d58,6ca59447-c208-40e3-ab57-7edb01549cbf
53696cd0-e868-427c-abf0-b9f5327c3b67,992ae373-a9bc-4ae6-9d74-7082cf0a4c12
53696cd0-e868-427c-abf0-b9f5327c3b67,6ff9e82a-0eff-4a28-b5c4-68f943508bf2
53696cd0-e868-427c-abf0-b9f5327c3b67,eddb9f19-4025-4f9a-8d44-a9bf94cb562e
db49f089-5a75-4f25-94dd-1035692c5116,d89699f6-85db-4def-8de6-14cb07eb2c43
48e30e57-e673-46be-a6cf-4d8f0d91fba7,0956065f-f830-46ce-8db3-7c82b0df46c0
c7c19f05-d343-4a68-97eb-b7f99d18c9a3,081dce13-ebde-49f5-95d1-a2de759b8a41
3ea78d1b-1bda-4f0d-835b-20176cb9fb3e,1fad2edd-83ee-4028-b2a6-4664d26552cd
d6ebb5de-ea67-444b-94c7-2679ae123cf1,d89699f6-85db-4def-8de6-14cb07eb2c43
d6ebb5de-ea67-444b-94c7-2679ae123cf1,1f33d527-6045-4358-afd9-602ae8644b43
0e8a5a9e-bd19-4aca-913a-94041417ec2b,8d82500d-abce-4859-889f-991e369704e8
9cae6ebb-4eef-4a9f-94f3-38597bc46d6b,c7e9d8ec-9ba5-4048-82e7-c3d2ff02eb9b
36ae1278-70ec-4c88-a3d5-8c2a62c0748b,38fb6d40-46f1-4b8f-8b19-6769e6e92687
db5a1bf3-2394-4cfd-b784-d72781f1ce64,1f33d527-6045-4358-afd9-602ae8644b43
db5a1bf3-2394-4cfd-b784-d72781f1ce64,f4053f71-94b5-40b2-92bd-fb588127fe38
40a5b1ff-41a7-48ff-a5f0-5a778e41fb30,3b16b9a9-28b5-4421-a419-f2c0a580a622
d81b0d59-7ce0-4d64-81fb-df11f27edd70,ca64a6a5-167f-4dc6-a828-596ec7fb7bcf
d557ff1b-6e37-462c-830e-268dad09f0b9,50d749ed-12a3-48bb-88a9-ac8403bdc400
d7d1e784-8615-4b92-a508-878b088893bf,1f33d527-6045-4358-afd9-602ae8644b43
d7d1e784-8615-4b92-a508-878b088893bf,6ff9e82a-0eff-4a28-b5c4-68f943508bf2
d7d1e784-8615-4b92-a508-878b088893bf,eddb9f19-4025-4f9a-8d44-a9bf94cb562e
a5fdb34d-06c4-4660-847c-b0292bdf817c,b1938d90-e95c-4a12-87a3-4e4e3b8b4658
cac88511-0f64-4699-a573-ab09535f4e93,abc6c08b-0d8b-4b68-9a5e-18e8122308ca
bcb52400-b331-4354-a68c-c1bde74ba31d,8ccdb142-81ed-489d-94a0-4041bd04a46e
bcb52400-b331-4354-a68c-c1bde74ba31d,1f33d527-6045-4358-afd9-602ae8644b43
0e9a6118-a7b1-4473-aea8-5941e78b9a39,c0616b1c-7741-4f55-9da3-7b115b34481c
5d9488fc-2cac-44a7-bfdc-3b3ad1c58692,ca64a6a5-167f-4dc6-a828-596ec7fb7bcf
3fb2ad5b-3c98-426a-b521-124cd68ec6e7,50d749ed-12a3-48bb-88a9-ac8403bdc400
0d682e83-937f-47cb-9e7b-b0cbdb8f3855,992ae373-a9bc-4ae6-9d74-7082cf0a4c12
0d682e83-937f-47cb-9e7b-b0cbdb8f3855,eddb9f19-4025-4f9a-8d44-a9bf94cb562e
0d682e83-937f-47cb-9e7b-b0cbdb8f3855,1f33d527-6045-4358-afd9-602ae8644b43
1916c691-9d14-4446-81a0-df16985f72b9,6ca59447-c208-40e3-ab57-7edb01549cbf
5315f78e-a27c-40a6-b709-522d844ac433,1f33d527-6045-4358-afd9-602ae8644b43
5315f78e-a27c-40a6-b709-522d844ac433,0663a94d-7fc1-4427-9cdd-86e299c0fe86
12f97fce-d205-4fec-ade1-95a19ddc2e55,c1615e31-4a06-4e33-8d90-0d9273fbce91
d5abaf5c-8bf5-4531-81d4-f96bf2b78275,1f33d527-6045-4358-afd9-602ae8644b43
f243ea1e-a930-49af-b884-bcedd4a763a0,8d82500d-abce-4859-889f-991e369704e8
5745e014-99d6-47a3-b4ec-5a4c7fabf6ca,992ae373-a9bc-4ae6-9d74-7082cf0a4c12
5745e014-99d6-47a3-b4ec-5a4c7fabf6ca,1f33d527-6045-4358-afd9-602ae8644b43
549e8f56-c7c1-46e6-b689-54cf992d8d2f,6ca59447-c208-40e3-ab57-7edb01549cbf
8828f463-8626-4ce7-bcc2-55a3d16fa8d0,ed75086e-ad87-42df-b512-6dba1ac50161
0e60ed87-fc43-49a0-a525-0179339d1c14,1f33d527-6045-4358-afd9-602ae8644b43
0e60ed87-fc43-49a0-a525-0179339d1c14,c9f904db-1282-4b70-a753-596160a1136a
0e60ed87-fc43-49a0-a525-0179339d1c14,9d902a90-2e2d-4921-9d40-b5c18c6fe7ec
199293df-a67e-46fa-ba15-091e431502e2,2407e3fc-726a-44f3-8344-0d8da811e1b8
e0f8b95c-eb47-407b-b854-5a73aa66b34d,7a8e0e9d-28f2-40d7-8696-9db0a75a628d
81a69ddf-2ea9-4b17-8b9f-ca630df518e5,6ca59447-c208-40e3-ab57-7edb01549cbf
3ee97054-918a-4073-8542-1f47fdae83c4,992ae373-a9bc-4ae6-9d74-7082cf0a4c12
3ee97054-918a-4073-8542-1f47fdae83c4,6ff9e82a-0eff-4a28-b5c4-68f943508bf2
fba653b3-5c95-4d5c-b6cd-db475641fd95,6ca59447-c208-40e3-ab57-7edb01549cbf
9bada8db-8f2b-4635-bb95-7c0f7a40876c,6ca59447-c208-40e3-ab57-7edb01549cbf
b4a5e1fe-a6e1-4a96-b46f-7a1a8b5f81b8,992ae373-a9bc-4ae6-9d74-7082cf0a4c12
b4a5e1fe-a6e1-4a96-b46f-7a1a8b5f81b8,ae92de86-1329-4de8-bbcc-f478e9f8628b
b4a5e1fe-a6e1-4a96-b46f-7a1a8b5f81b8,fc1941db-1098-4bd5-a9c7-d9fe8b94172d
b4a5e1fe-a6e1-4a96-b46f-7a1a8b5f81b8,9f6d5b2b-ac1c-4cc3-a7d1-7cedf98b7563
1b4516db-e254-4f1f-92de-ee00443d5b3d,9297f5e2-06f8-43dc-9765-87beb4350755
c3465ad3-3a1d-4ac6-85b3-70e83c2da27c,386c578b-2a53-4c3a-b910-a980fb1773c0
c988496d-d2a1-49cb-b9d9-a3a322a27266,eddb9f19-4025-4f9a-8d44-a9bf94cb562e
c988496d-d2a1-49cb-b9d9-a3a322a27266,c9f904db-1282-4b70-a753-596160a1136a
c988496d-d2a1-49cb-b9d9-a3a322a27266,1f33d527-6045-4358-afd9-602ae8644b43
1ff3c387-d126-406e-9a33-56b05d19082c,b5489408-529d-4ff3-bc71-57bc4e093158
e487cc7e-da33-4edc-b107-722d88115bed,6ca59447-c208-40e3-ab57-7edb01549cbf
10ed6992-2bbe-4fb0-a97b-7cfb2807f4e7,992ae373-a9bc-4ae6-9d74-7082cf0a4c12
10ed6992-2bbe-4fb0-a97b-7cfb2807f4e7,fc1941db-1098-4bd5-a9c7-d9fe8b94172d
10ed6992-2bbe-4fb0-a97b-7cfb2807f4e7,6ff9e82a-0eff-4a28-b5c4-68f943508bf2
7c12684d-151e-43aa-b78d-5c2856b3db61,6ca59447-c208-40e3-ab57-7edb01549cbf
0b897733-7eaa-4089-b9d9-6ace7a3ddaca,992ae373-a9bc-4ae6-9d74-7082cf0a4c12
0b897733-7eaa-4089-b9d9-6ace7a3ddaca,ae92de86-1329-4de8-bbcc-f478e9f8628b
0b897733-7eaa-4089-b9d9-6ace7a3ddaca,eddb9f19-4025-4f9a-8d44-a9bf94cb562e
8e640484-222f-402d-b9b4-30c4db2dacfb,6ca59447-c208-40e3-ab57-7edb01549cbf
70110616-1baa-4b69-8fa5-739b0a0a8545,992ae373-a9bc-4ae6-9d74-7082cf0a4c12
95656543-a1d8-4cd3-8798-738ec6ebb674,6ca59447-c208-40e3-ab57-7edb01549cbf
42391632-570d-4293-a9d0-fb9ad1ee066d,992ae373-a9bc-4ae6-9d74-7082cf0a4c12
42391632-570d-4293-a9d0-fb9ad1ee066d,eddb9f19-4025-4f9a-8d44-a9bf94cb562e
42391632-570d-4293-a9d0-fb9ad1ee066d,3ede1470-2ccd-442a-9411-0f2f431639e4
5f535302-e596-4011-b335-59c4e807c6c7,20bc1485-d0c4-4b2b-b0b4-c282c203431a
8f6fb3ac-8572-44c0-911d-5219c61bf4cb,386c578b-2a53-4c3a-b910-a980fb1773c0
d3faf637-2744-4a8d-a241-00acf18aef34,992ae373-a9bc-4ae6-9d74-7082cf0a4c12
d3faf637-2744-4a8d-a241-00acf18aef34,eddb9f19-4025-4f9a-8d44-a9bf94cb562e
d3faf637-2744-4a8d-a241-00acf18aef34,1f33d527-6045-4358-afd9-602ae8644b43
8208929d-9e86-4b39-8048-ddccad7a777e,bf26bafb-f799-4174-bac0-40338f3e8851
e0802d39-a0c7-4365-9761-2ee9a5f45f32,6ca59447-c208-40e3-ab57-7edb01549cbf
e45f1a59-4869-404b-83ba-e714fb7cf01f,9f6d5b2b-ac1c-4cc3-a7d1-7cedf98b7563
e45f1a59-4869-404b-83ba-e714fb7cf01f,6ff9e82a-0eff-4a28-b5c4-68f943508bf2
b80dfe24-dcb1-4782-bd60-e2fa1e292943,0663a94d-7fc1-4427-9cdd-86e299c0fe86
541ca735-3598-4d01-850a-35dacbfd109f,c7e9d8ec-9ba5-4048-82e7-c3d2ff02eb9b
4623e34d-47bb-4ff4-91c2-078aa8e046d2,aa5350c6-5532-4604-b95c-938b8f7cb95c
cf5c5a22-b6f2-4474-9a80-48c6101d2363,ed75086e-ad87-42df-b512-6dba1ac50161
c45ba338-bddd-41cd-9150-18474fabd38c,6bdd587c-344f-4fb7-b1c6-d48b8b15a2d1
29678270-e203-4ea8-b963-c71329c4ae52,3b16b9a9-28b5-4421-a419-f2c0a580a622
6a1d65eb-5d0a-4248-b5f1-573104b91ecc,1f33d527-6045-4358-afd9-602ae8644b43
4aafe309-ce52-462f-9cdd-880d0be7cdf9,6ca59447-c208-40e3-ab57-7edb01549cbf
b1eaf7fa-dcdf-4811-ab0a-6d3cf851683c,ae92de86-1329-4de8-bbcc-f478e9f8628b
b1eaf7fa-dcdf-4811-ab0a-6d3cf851683c,992ae373-a9bc-4ae6-9d74-7082cf0a4c12
b1eaf7fa-dcdf-4811-ab0a-6d3cf851683c,fc1941db-1098-4bd5-a9c7-d9fe8b94172d
83c1dac8-28bd-4c20-a1ae-fcf82cede81b,6ca59447-c208-40e3-ab57-7edb01549cbf
8e60b117-0ba5-4c87-a0cc-1d5c3ec5bd0c,ae92de86-1329-4de8-bbcc-f478e9f8628b
8e60b117-0ba5-4c87-a0cc-1d5c3ec5bd0c,992ae373-a9bc-4ae6-9d74-7082cf0a4c12
79b7148c-bbf8-407a-b3bf-8e4517f75d88,6ca59447-c208-40e3-ab57-7edb01549cbf
b578900b-7280-4f5b-88f3-d927eaafc2f0,992ae373-a9bc-4ae6-9d74-7082cf0a4c12
e2ad0c93-937e-4b7b-ac6b-213bdfaa480b,6359b0bf-3af6-44e9-bf13-71c9fe0ead77
ecfaa222-b230-492a-80ba-00e06911f407,c1b2a3c9-ac3a-4dee-9cb6-1cb1c80d0b9b
36a34960-09e3-4e32-90a7-b733e1da2680,3d947f3c-fa03-4667-b09a-25a8f2db2adb
1cf48965-0f77-49e5-a298-5256a973d0eb,6ca59447-c208-40e3-ab57-7edb01549cbf
d72623bb-8d99-466d-a0bc-4d07512c84f1,e334c6e9-8447-4396-84e4-87026fd0f189
d72623bb-8d99-466d-a0bc-4d07512c84f1,0663a94d-7fc1-4427-9cdd-86e299c0fe86
ac08d750-c4a1-4efd-9f18-e8e5bd8eb0d6,ca64a6a5-167f-4dc6-a828-596ec7fb7bcf
54cf0132-470c-431a-a495-fac08706eab2,50d749ed-12a3-48bb-88a9-ac8403bdc400
c8f2bf72-86ba-499e-a6a8-88e281526036,992ae373-a9bc-4ae6-9d74-7082cf0a4c12
c8f2bf72-86ba-499e-a6a8-88e281526036,6ff9e82a-0eff-4a28-b5c4-68f943508bf2
c8f2bf72-86ba-499e-a6a8-88e281526036,402d7328-f91d-488a-ad1c-53ecfd349095
57e81016-0aaa-49c7-90d2-4a6f976ac12c,6ca59447-c208-40e3-ab57-7edb01549cbf
7aab1474-4bd6-4972-880a-1100e4209d06,9f6d5b2b-ac1c-4cc3-a7d1-7cedf98b7563
7aab1474-4bd6-4972-880a-1100e4209d06,fc1941db-1098-4bd5-a9c7-d9fe8b94172d
7aab1474-4bd6-4972-880a-1100e4209d06,ae92de86-1329-4de8-bbcc-f478e9f8628b
e960e522-c1a9-4763-b32a-e7ecb76e0d2b,6ca59447-c208-40e3-ab57-7edb01549cbf
c4c9bca2-14bf-4b5d-a0c1-087106c691f1,992ae373-a9bc-4ae6-9d74-7082cf0a4c12
c4c9bca2-14bf-4b5d-a0c1-087106c691f1,ae92de86-1329-4de8-bbcc-f478e9f8628b
c4c9bca2-14bf-4b5d-a0c1-087106c691f1,94d3c2e4-6c9d-45de-9663-14be2dcabf8d
59cc3b24-aab0-4762-9858-db1462246756,0956065f-f830-46ce-8db3-7c82b0df46c0
38a33d91-c0a3-44dc-98a0-3ea887d7bd5d,1bcd244a-c2a5-4a4e-8572-b7459305a8b1
31759cdd-4ee9-4c00-bd13-9b88577febc8,41d62f31-a92e-4ff2-9981-41f3cf46ebeb
8ecd216e-66a2-4c3e-8924-2084bb2d8c3d,a1edce4a-f996-4933-88a9-fa36cb210a5e
dec2056b-9bdc-4b35-be4f-84fe5b56e9c9,6ca59447-c208-40e3-ab57-7edb01549cbf
415e1feb-19c6-4679-a0ae-240882bfe5b2,992ae373-a9bc-4ae6-9d74-7082cf0a4c12
415e1feb-19c6-4679-a0ae-240882bfe5b2,ae92de86-1329-4de8-bbcc-f478e9f8628b
415e1feb-19c6-4679-a0ae-240882bfe5b2,6ff9e82a-0eff-4a28-b5c4-68f943508bf2
e20800da-096f-4c58-9824-49432750267f,52796119-3d9a-42c7-bbf9-82061c9bb95d
c2073f0d-f6b4-4ce6-b3a7-de7c35fbe0bf,46d4a1d1-c057-49ba-a879-db85b0cda4b9
9143822a-b984-43d7-a59f-02ff739fa564,1f33d527-6045-4358-afd9-602ae8644b43
adfb05ee-472a-42a8-92f3-d7c8b709669c,3b16b9a9-28b5-4421-a419-f2c0a580a622
a38d786b-a22d-495c-82fd-7e8f8c9d56d0,3d947f3c-fa03-4667-b09a-25a8f2db2adb
66dabc45-2acf-48ef-8ba6-5cfd2dbb0347,6359b0bf-3af6-44e9-bf13-71c9fe0ead77
08b79802-b5c7-4424-9657-a23313250d84,eddb9f19-4025-4f9a-8d44-a9bf94cb562e
08b79802-b5c7-4424-9657-a23313250d84,992ae373-a9bc-4ae6-9d74-7082cf0a4c12
08b79802-b5c7-4424-9657-a23313250d84,1f33d527-6045-4358-afd9-602ae8644b43
08b79802-b5c7-4424-9657-a23313250d84,1fa3719f-7f49-43d3-9416-c38e10968ac8
76d46c02-eb0f-4ce7-899f-f84253c47bdc,1fad2edd-83ee-4028-b2a6-4664d26552cd
1db2bd4f-ded1-4d04-b557-f24c8b74b3a4,dca26f5a-6485-43d1-9b87-82b066477f04
f44d167c-52eb-49fa-a3bd-4e74e42a0a46,386c578b-2a53-4c3a-b910-a980fb1773c0
a047b920-e66c-4c5c-8448-249d7673b173,eddb9f19-4025-4f9a-8d44-a9bf94cb562e
a047b920-e66c-4c5c-8448-249d7673b173,1f33d527-6045-4358-afd9-602ae8644b43
417846cd-f766-4ec8-8fcf-e3d751e2839b,643d43fe-baa8-4b50-937f-1afb03bd76e9
3b73d1f4-3e01-4edb-b458-9e09bd0666c1,b1938d90-e95c-4a12-87a3-4e4e3b8b4658
d0424ad5-2e5b-4717-831c-16927e62e1a9,21d8739d-25f6-48b7-a909-14d59848db24
b2b6646d-4d13-41d0-8d7d-75248b33ce31,386c578b-2a53-4c3a-b910-a980fb1773c0
150ee09e-5c72-459f-be5d-9ac5bffe2371,1f33d527-6045-4358-afd9-602ae8644b43
150ee09e-5c72-459f-be5d-9ac5bffe2371,eddb9f19-4025-4f9a-8d44-a9bf94cb562e
82bf6a68-eeff-4034-8f01-269921bd4508,52d84173-882a-48bc-98c2-da35a45c13c1
29f273f4-6008-4636-b847-7e680ef4a6f9,6ca59447-c208-40e3-ab57-7edb01549cbf
f41c1ba2-8d72-462f-a916-4bab971047d9,992ae373-a9bc-4ae6-9d74-7082cf0a4c12
f41c1ba2-8d72-462f-a916-4bab971047d9,ae92de86-1329-4de8-bbcc-f478e9f8628b
f41c1ba2-8d72-462f-a916-4bab971047d9,eddb9f19-4025-4f9a-8d44-a9bf94cb562e
5aec05c9-42b9-47cf-9b9d-74eddf016b29,fe8e1adf-281b-493b-a6ec-1b86629a19d7
93fa9f53-7a84-49a0-98a5-f76b345fd4fd,6ca59447-c208-40e3-ab57-7edb01549cbf
45253aa6-26c1-4bd7-816b-bab7a3a7588d,719913bd-dde4-4607-86ee-4f918d35794f
67815f76-3e8d-45c4-aaac-2ed69df19d7a,02257903-92fa-4ef4-8ba7-12758b989472
d7883c67-741c-4312-8f98-2adf5806f3ba,1f33d527-6045-4358-afd9-602ae8644b43
d7883c67-741c-4312-8f98-2adf5806f3ba,f4053f71-94b5-40b2-92bd-fb588127fe38
4d52ebbc-3654-4519-b30b-ce7576dfe524,cc81e6bc-9247-4f0e-9eb4-ca3900ac7217
f5e998c5-4bf7-4098-a4b9-9a27c6c13aeb,3b16b9a9-28b5-4421-a419-f2c0a580a622
7c575778-e916-4939-a913-abcb9fe3135f,6ca59447-c208-40e3-ab57-7edb01549cbf
126f3d3f-79d2-4ffa-9364-cd9dd3b8c784,d8552976-9336-4818-a952-a6ada26a3006
126f3d3f-79d2-4ffa-9364-cd9dd3b8c784,992ae373-a9bc-4ae6-9d74-7082cf0a4c12
126f3d3f-79d2-4ffa-9364-cd9dd3b8c784,254b263b-b58f-4212-b381-33c85da3e4c9
42d1a530-0865-49e6-b0a9-9f96456c7605,1f33d527-6045-4358-afd9-602ae8644b43
15597bfc-8aa0-4191-a9ed-40d70d678eeb,6ca59447-c208-40e3-ab57-7edb01549cbf
8c70b941-0b07-462d-a435-2ace52684373,c7e9d8ec-9ba5-4048-82e7-c3d2ff02eb9b
823a3060-145d-4455-b1b9-837bd043fe6e,d1c30f65-d081-40cd-91e8-193b4c51182a
8ed4d0b9-7ac5-479f-a4a6-60ef3fdeee08,6ff9e82a-0eff-4a28-b5c4-68f943508bf2
bdff2a15-ec5d-4195-a537-953882644e86,33f12961-e353-4d14-a7bc-4f20ffad7f00
e3607eb0-1910-475c-96f2-6c24d447a599,386c578b-2a53-4c3a-b910-a980fb1773c0
f2a851c9-5063-431e-88e0-d0fbd3246c3e,3b16b9a9-28b5-4421-a419-f2c0a580a622
dc0f4504-87fe-495d-af69-409ec90e2654,92a75c62-556e-4861-bd75-a29497ddf8cb
668820eb-f6ea-40a8-923c-c6d4605e2338,1f33d527-6045-4358-afd9-602ae8644b43
668820eb-f6ea-40a8-923c-c6d4605e2338,f4053f71-94b5-40b2-92bd-fb588127fe38
4cb2550c-e41a-46c4-9f43-a876fa626c1d,6ca59447-c208-40e3-ab57-7edb01549cbf
82441e42-e67f-439f-82f8-062a2f50edc5,992ae373-a9bc-4ae6-9d74-7082cf0a4c12
82441e42-e67f-439f-82f8-062a2f50edc5,9f6d5b2b-ac1c-4cc3-a7d1-7cedf98b7563
3021177b-1f3c-44fc-84b9-30247b542642,c0616b1c-7741-4f55-9da3-7b115b34481c
e7799e63-af8c-43ca-bddc-5920d108acd3,b1938d90-e95c-4a12-87a3-4e4e3b8b4658
bd388407-b695-4fa4-a030-68dacc66c420,abc6c08b-0d8b-4b68-9a5e-18e8122308ca
2dbc8e66-a91e-4a1b-b36a-4e10969ab77a,eddb9f19-4025-4f9a-8d44-a9bf94cb562e
2dbc8e66-a91e-4a1b-b36a-4e10969ab77a,1f33d527-6045-4358-afd9-602ae8644b43
2dbc8e66-a91e-4a1b-b36a-4e10969ab77a,0a2353ed-3482-4163-9ca4-46e6cf6ab717
2dbc8e66-a91e-4a1b-b36a-4e10969ab77a,1fa3719f-7f49-43d3-9416-c38e10968ac8
bd26fe7a-b0f9-4409-bc1e-3cbdeed52253,0956065f-f830-46ce-8db3-7c82b0df46c0
fe8d4486-27d6-497d-9377-c6e03a9f2c80,7a8e0e9d-28f2-40d7-8696-9db0a75a628d
2871ebc8-5d4a-4710-9871-7931e5f10276,d89699f6-85db-4def-8de6-14cb07eb2c43
2871ebc8-5d4a-4710-9871-7931e5f10276,992ae373-a9bc-4ae6-9d74-7082cf0a4c12
2871ebc8-5d4a-4710-9871-7931e5f10276,1f33d527-6045-4358-afd9-602ae8644b43
a135d524-cfd7-40b0-991c-4e2755a19c93,ac2f7cb8-fe85-4eec-9dbd-11aab73b200d
90238848-b74e-41e7-8b3b-381ebb9b0f68,40193610-2542-4d28-a63f-078467cb7f0a
b896b679-d7c6-445a-9ce2-c5c3bfbacb4a,992ae373-a9bc-4ae6-9d74-7082cf0a4c12
b896b679-d7c6-445a-9ce2-c5c3bfbacb4a,9d902a90-2e2d-4921-9d40-b5c18c6fe7ec
b896b679-d7c6-445a-9ce2-c5c3bfbacb4a,6ff9e82a-0eff-4a28-b5c4-68f943508bf2
8ebe57e8-b581-41b3-aaac-c5d45db09994,c0616b1c-7741-4f55-9da3-7b115b34481c
1f902f7b-df16-4647-910f-e55218a810e1,c0616b1c-7741-4f55-9da3-7b115b34481c
9cee4a38-4d21-4edc-9713-9c4a84b2af03,efde0ce9-21df-44b4-ba54-c6d738ec2e64
26f9a93f-7dd4-4441-afd9-0b45379350a5,1f33d527-6045-4358-afd9-602ae8644b43
26f9a93f-7dd4-4441-afd9-0b45379350a5,6ff9e82a-0eff-4a28-b5c4-68f943508bf2
2a014b45-803c-43ca-91c7-182580866b12,0d262eed-551e-45d0-983c-bca05eabe980
f27389fa-c817-4927-b012-642792f1fa9f,abc6c08b-0d8b-4b68-9a5e-18e8122308ca
6c6ebe49-9bc1-4dca-be56-1541aa1bbda7,1f33d527-6045-4358-afd9-602ae8644b43
6c6ebe49-9bc1-4dca-be56-1541aa1bbda7,3bf75b18-e479-43ff-b40e-b33f5996a5c4
e8825275-1e26-4254-9e19-6b685a96108f,386c578b-2a53-4c3a-b910-a980fb1773c0
082d6d16-87ba-4746-b6f0-fefe6e0e4dd4,ae92de86-1329-4de8-bbcc-f478e9f8628b
082d6d16-87ba-4746-b6f0-fefe6e0e4dd4,992ae373-a9bc-4ae6-9d74-7082cf0a4c12
6689a735-6135-4533-bd61-01e588a8c815,6ca59447-c208-40e3-ab57-7edb01549cbf
91d78b02-267d-43a2-a2e3-123153b383c8,6ca59447-c208-40e3-ab57-7edb01549cbf
df538533-1f43-4c10-8783-bb723c9a5c03,4519ffb7-82ab-4f7a-b4b6-5fab503a5663
1dfb9b1d-de6f-4a24-9274-2e866b97cde4,992ae373-a9bc-4ae6-9d74-7082cf0a4c12
1dfb9b1d-de6f-4a24-9274-2e866b97cde4,eddb9f19-4025-4f9a-8d44-a9bf94cb562e
1dfb9b1d-de6f-4a24-9274-2e866b97cde4,ae92de86-1329-4de8-bbcc-f478e9f8628b
d5ea8867-e11a-4178-ab93-844196accf89,992ae373-a9bc-4ae6-9d74-7082cf0a4c12
d5ea8867-e11a-4178-ab93-844196accf89,72f27659-ea6c-40a3-9f2d-dfe7d82c853b
d5ea8867-e11a-4178-ab93-844196accf89,6ff9e82a-0eff-4a28-b5c4-68f943508bf2
4b7e572f-d3a3-4f52-b0bd-7b765303e173,6ca59447-c208-40e3-ab57-7edb01549cbf
c9d83579-4d59-46d3-9b42-d088993f4bb4,c28dbac1-24bb-4e49-8ccc-6360d439be7d
82889672-96e4-4900-aeda-045ca8bf668b,1fad2edd-83ee-4028-b2a6-4664d26552cd
9a3c4571-879d-4a09-b9b5-1719984c7192,eddb9f19-4025-4f9a-8d44-a9bf94cb562e
9a3c4571-879d-4a09-b9b5-1719984c7192,9d902a90-2e2d-4921-9d40-b5c18c6fe7ec
9a3c4571-879d-4a09-b9b5-1719984c7192,6e7ec579-d5fc-41c8-82f1-649532a23cb4
a2ad1025-df0e-445a-b06a-949eaa67485c,8e47f6b9-4a44-4ce0-98bf-f3e7356fa1d2
875fa9d7-1dd0-4404-9c9a-b58b6903546d,b4f75e2e-aded-4dd2-8b9c-740be0e9164d
afe17822-e147-4be8-a082-c65bac1b6632,992ae373-a9bc-4ae6-9d74-7082cf0a4c12
6cdddd13-1a8f-48cd-93ee-1ec89fe532db,6ca59447-c208-40e3-ab57-7edb01549cbf
fc018249-9afb-40ec-9c74-1539bd1a8b1b,ae92de86-1329-4de8-bbcc-f478e9f8628b
fc018249-9afb-40ec-9c74-1539bd1a8b1b,992ae373-a9bc-4ae6-9d74-7082cf0a4c12
d326244d-ee72-4246-b2c6-b5eaa93095de,48b92705-c8ea-4e8e-9bc2-439bf30ce746
0516fa2b-931c-41ca-862b-4f28aab45e7e,1f33d527-6045-4358-afd9-602ae8644b43
0516fa2b-931c-41ca-862b-4f28aab45e7e,f4053f71-94b5-40b2-92bd-fb588127fe38
dd03efbd-f840-4121-bbe9-894926c32993,aa5350c6-5532-4604-b95c-938b8f7cb95c
2845c2e2-716c-4941-a35c-17a932d7ecae,386c578b-2a53-4c3a-b910-a980fb1773c0
450e30c1-6094-4467-acd4-8f8bcc19a90b,6ca59447-c208-40e3-ab57-7edb01549cbf
4ee964e3-0fbd-4ad1-938c-660c99525cfa,d8552976-9336-4818-a952-a6ada26a3006
02d01197-59aa-496b-993a-5c61da1228c0,6ca59447-c208-40e3-ab57-7edb01549cbf
105c96ff-6ef9-4971-8415-478c9f04e619,72f27659-ea6c-40a3-9f2d-dfe7d82c853b
105c96ff-6ef9-4971-8415-478c9f04e619,b47cb9fd-b9c9-4d77-916d-93ed0c1a1879
105c96ff-6ef9-4971-8415-478c9f04e619,9f6d5b2b-ac1c-4cc3-a7d1-7cedf98b7563
6d857e38-2451-44c1-a622-d1949964ab47,fdcf52f4-837d-4eb2-8b19-a40395d6034f
6dfbe2cc-e948-4446-9745-de46288ce939,50d749ed-12a3-48bb-88a9-ac8403bdc400
56e19675-9525-41cd-b977-1c843527c084,ff41c6fa-d1d3-461e-bc14-61438d2fe7d4
1e9c2393-b1f1-40f3-b1d6-fba6c36d487a,1fad2edd-83ee-4028-b2a6-4664d26552cd
ea69596d-a2e3-44f4-8576-7349b3b13839,0d262eed-551e-45d0-983c-bca05eabe980
ac3bca91-806d-43a4-be97-e5c8b2442444,21d8739d-25f6-48b7-a909-14d59848db24
d959680c-ef09-41ea-81df-d4f6ccd6b53e,6bdd587c-344f-4fb7-b1c6-d48b8b15a2d1
81059ac5-e6db-4be6-9d76-7783ab299498,3bf75b18-e479-43ff-b40e-b33f5996a5c4
81059ac5-e6db-4be6-9d76-7783ab299498,1f33d527-6045-4358-afd9-602ae8644b43
a66abacc-3386-45d7-a0da-2e1be9cfffac,b213ee87-7a56-4876-ab1a-677ef56efede
c137b995-5f64-405c-8905-85f41408a145,6ca59447-c208-40e3-ab57-7edb01549cbf
b0728a34-bd84-4d78-ba00-94bc031470d4,d4dbb265-4812-4b6c-a0fd-bab873e1106b
f9af90aa-c87f-440d-b389-71f693004cab,7a8e0e9d-28f2-40d7-8696-9db0a75a628d
fdb6c266-0a18-4b9b-9c25-3b2596abe8fe,1f33d527-6045-4358-afd9-602ae8644b43
b9cc80b2-f794-49a1-8ed9-63e1b91712b3,6bdd587c-344f-4fb7-b1c6-d48b8b15a2d1
faf6a2cf-3d5e-42ca-9937-1846081efcf0,386c578b-2a53-4c3a-b910-a980fb1773c0
7746ae23-bd99-4e1f-80be-354d43416718,eddb9f19-4025-4f9a-8d44-a9bf94cb562e
7746ae23-bd99-4e1f-80be-354d43416718,1f33d527-6045-4358-afd9-602ae8644b43
84195e81-7bce-4270-b2fe-e3c08d97e47f,94d3c2e4-6c9d-45de-9663-14be2dcabf8d
dd099774-d345-4787-b03b-bc51eff2ef12,1ce37d28-4cb6-49c3-8d5b-21b9d23119e2
55478007-0450-46aa-9c55-396dbbf2aece,ff41c6fa-d1d3-461e-bc14-61438d2fe7d4
ccc13fb3-5ea0-4367-bc0c-a341776d4da9,05189b57-cd02-4472-9e21-bd3b54ab5dd6
d981929d-3c86-4435-b31f-cdf437331c5a,5fc091c1-fa87-45b5-878f-8deb38c39f5e
7c451b58-c22c-4547-b863-d3ff6c020e95,3b16b9a9-28b5-4421-a419-f2c0a580a622
4844af00-0d42-4e31-9a3f-69b8c0c07c13,9e87af73-6ec7-473e-86b9-93fc8311efba
4844af00-0d42-4e31-9a3f-69b8c0c07c13,41d62f31-a92e-4ff2-9981-41f3cf46ebeb
94231914-290c-4ece-848e-74f9fb26b09b,6ca59447-c208-40e3-ab57-7edb01549cbf
c63616e1-640a-4345-95a7-c02b33af80ba,ae92de86-1329-4de8-bbcc-f478e9f8628b
c63616e1-640a-4345-95a7-c02b33af80ba,6ff9e82a-0eff-4a28-b5c4-68f943508bf2
c63616e1-640a-4345-95a7-c02b33af80ba,992ae373-a9bc-4ae6-9d74-7082cf0a4c12
6379fd9e-c9e8-4df6-ba35-4fdad73d825f,6ca59447-c208-40e3-ab57-7edb01549cbf
c19c7270-358c-4b34-a429-34d7c7c8a614,9f6d5b2b-ac1c-4cc3-a7d1-7cedf98b7563
0706cb65-6293-4827-bb4f-5a814f212879,12e1702a-7623-4b11-a224-44601b67328c
213e95d5-1533-416c-95b1-1a2c6a2062ac,46d4a1d1-c057-49ba-a879-db85b0cda4b9
4a9cc816-d8d6-4e25-a8c8-d5ca7e468004,b41e3b3e-d27b-4705-b8c7-592b89508e12
c9fafc9c-8a56-47b0-8240-5738f5770030,f137d46d-5bac-404d-bfc9-d9fb8fc8a734
c9fafc9c-8a56-47b0-8240-5738f5770030,3ede1470-2ccd-442a-9411-0f2f431639e4
af9e7b07-4ae2-4a9d-be71-7009f9e5c17b,6ca59447-c208-40e3-ab57-7edb01549cbf
12e4247c-3202-4da8-9c7a-91310ee56c73,6ff9e82a-0eff-4a28-b5c4-68f943508bf2
12e4247c-3202-4da8-9c7a-91310ee56c73,402d7328-f91d-488a-ad1c-53ecfd349095
bfc4d4fb-5e5d-499d-a751-c11b0fe73ed5,5fc091c1-fa87-45b5-878f-8deb38c39f5e
46d6041d-f8c1-4987-8a3b-3af2b7cb4189,992ae373-a9bc-4ae6-9d74-7082cf0a4c12
46d6041d-f8c1-4987-8a3b-3af2b7cb4189,ae92de86-1329-4de8-bbcc-f478e9f8628b
c61d9a77-d397-48fd-ade1-ebb38170332b,cde9a632-6add-43ce-8de9-84ce69637125
d39c5e13-24c6-40d4-900d-0e11ad91c64d,992ae373-a9bc-4ae6-9d74-7082cf0a4c12
d39c5e13-24c6-40d4-900d-0e11ad91c64d,6ff9e82a-0eff-4a28-b5c4-68f943508bf2
d39c5e13-24c6-40d4-900d-0e11ad91c64d,eddb9f19-4025-4f9a-8d44-a9bf94cb562e
3893efcd-e2ac-40c8-9359-df74e72655c1,6ca59447-c208-40e3-ab57-7edb01549cbf
ddaf82e7-6090-457f-a418-c56765251bbd,6ca59447-c208-40e3-ab57-7edb01549cbf
4a5bcc1a-5c76-48f8-81cc-21f8cacee08e,1f33d527-6045-4358-afd9-602ae8644b43
4a5bcc1a-5c76-48f8-81cc-21f8cacee08e,6ff9e82a-0eff-4a28-b5c4-68f943508bf2
9bdf4986-cceb-4e06-a2b8-b328acd4f754,6ca59447-c208-40e3-ab57-7edb01549cbf
0d96fe0a-815d-4aa6-a6e8-b23243fe8df8,992ae373-a9bc-4ae6-9d74-7082cf0a4c12
0d96fe0a-815d-4aa6-a6e8-b23243fe8df8,72f27659-ea6c-40a3-9f2d-dfe7d82c853b
0d96fe0a-815d-4aa6-a6e8-b23243fe8df8,fc1941db-1098-4bd5-a9c7-d9fe8b94172d
035e4333-eaf3-4d5e-b853-5f010338040e,6ca59447-c208-40e3-ab57-7edb01549cbf
a42e74fe-49dd-4f19-9aea-ac7b6a0d9480,992ae373-a9bc-4ae6-9d74-7082cf0a4c12
a42e74fe-49dd-4f19-9aea-ac7b6a0d9480,6ff9e82a-0eff-4a28-b5c4-68f943508bf2
a42e74fe-49dd-4f19-9aea-ac7b6a0d9480,72f27659-ea6c-40a3-9f2d-dfe7d82c853b
5e76a275-06b4-4a73-8506-14f4ab82b8fe,6ca59447-c208-40e3-ab57-7edb01549cbf
6a01f3f1-1ba0-4504-acb3-95c5f5419941,992ae373-a9bc-4ae6-9d74-7082cf0a4c12
54767072-168b-4135-bf2b-3a8fb430fc4c,6ca59447-c208-40e3-ab57-7edb01549cbf
f449702b-67a2-4eec-b2fd-513e2b6c9adc,992ae373-a9bc-4ae6-9d74-7082cf0a4c12
f449702b-67a2-4eec-b2fd-513e2b6c9adc,254b263b-b58f-4212-b381-33c85da3e4c9
7cc62bcf-f7f3-40b3-a140-6ffd499d24a4,8e47f6b9-4a44-4ce0-98bf-f3e7356fa1d2
d12cc473-7da2-4e0b-8fb2-84d81b338cf3,b4f75e2e-aded-4dd2-8b9c-740be0e9164d
937a9309-9603-4cf0-8656-d1ebdcea8e7a,6ff9e82a-0eff-4a28-b5c4-68f943508bf2
937a9309-9603-4cf0-8656-d1ebdcea8e7a,992ae373-a9bc-4ae6-9d74-7082cf0a4c12
6e19d239-8d47-4a93-a6e2-32ddd1eeda5d,6ca59447-c208-40e3-ab57-7edb01549cbf
5a3aa530-37c5-473f-8e19-cbb21f5bc162,b47cb9fd-b9c9-4d77-916d-93ed0c1a1879
5a3aa530-37c5-473f-8e19-cbb21f5bc162,ae92de86-1329-4de8-bbcc-f478e9f8628b
f186f404-dee1-4567-8299-e7668fabff95,6ca59447-c208-40e3-ab57-7edb01549cbf
a2ed41ec-6fce-468e-81ae-7f665e3784c4,992ae373-a9bc-4ae6-9d74-7082cf0a4c12
a2ed41ec-6fce-468e-81ae-7f665e3784c4,eddb9f19-4025-4f9a-8d44-a9bf94cb562e
a2ed41ec-6fce-468e-81ae-7f665e3784c4,72f27659-ea6c-40a3-9f2d-dfe7d82c853b
a2ed41ec-6fce-468e-81ae-7f665e3784c4,f137d46d-5bac-404d-bfc9-d9fb8fc8a734
d2649025-d7bd-4136-87de-77675f3b4739,35501750-04e3-48bd-bfe4-3aa7d22e3baa
70b07993-3b00-4700-aea2-a5848918ed09,386c578b-2a53-4c3a-b910-a980fb1773c0
64598341-7adc-4667-8814-a6df5aaa1cef,6359b0bf-3af6-44e9-bf13-71c9fe0ead77
9c7b78a1-4f6d-43ce-8b1d-786916efded6,992ae373-a9bc-4ae6-9d74-7082cf0a4c12
9c7b78a1-4f6d-43ce-8b1d-786916efded6,eddb9f19-4025-4f9a-8d44-a9bf94cb562e
10408a1e-de42-45b7-8161-d42b55199174,6ca59447-c208-40e3-ab57-7edb01549cbf
ceff982d-58ad-4d75-8a50-eaff8efb55f6,fc1941db-1098-4bd5-a9c7-d9fe8b94172d
ceff982d-58ad-4d75-8a50-eaff8efb55f6,8ccdb142-81ed-489d-94a0-4041bd04a46e
e3530a0b-3db6-4ae1-af13-09219c1e0ace,6ca59447-c208-40e3-ab57-7edb01549cbf
e7d1e60b-0920-43f5-ad3d-50607ce08671,992ae373-a9bc-4ae6-9d74-7082cf0a4c12
e7d1e60b-0920-43f5-ad3d-50607ce08671,ae92de86-1329-4de8-bbcc-f478e9f8628b
e7d1e60b-0920-43f5-ad3d-50607ce08671,eddb9f19-4025-4f9a-8d44-a9bf94cb562e
3f797ff6-e668-48aa-92c8-8daca228720a,bf26bafb-f799-4174-bac0-40338f3e8851
860acbc9-e7b5-4ce6-8442-4eb6599f98f1,2a5e73d9-7acc-4ad2-8d42-61fdcc1b5c4d
c22c7111-5e64-45ad-843f-c363e0caeb5a,992ae373-a9bc-4ae6-9d74-7082cf0a4c12
c22c7111-5e64-45ad-843f-c363e0caeb5a,3ede1470-2ccd-442a-9411-0f2f431639e4
c22c7111-5e64-45ad-843f-c363e0caeb5a,72f27659-ea6c-40a3-9f2d-dfe7d82c853b
15b2f62d-7f3d-4324-bf49-730f2ae5e1ce,cde9a632-6add-43ce-8de9-84ce69637125
de2b40b9-bacf-47d6-a6dc-950df3c16cd5,5fc091c1-fa87-45b5-878f-8deb38c39f5e
cf62370d-c2ca-458c-9b48-e407da856264,992ae373-a9bc-4ae6-9d74-7082cf0a4c12
cf62370d-c2ca-458c-9b48-e407da856264,1f33d527-6045-4358-afd9-602ae8644b43
cf62370d-c2ca-458c-9b48-e407da856264,1fa3719f-7f49-43d3-9416-c38e10968ac8
d634594c-c32f-48f0-9559-7193535c091a,6ca59447-c208-40e3-ab57-7edb01549cbf
738a6c2a-7bb8-46b6-b5b2-d704d9cd690b,992ae373-a9bc-4ae6-9d74-7082cf0a4c12
738a6c2a-7bb8-46b6-b5b2-d704d9cd690b,eddb9f19-4025-4f9a-8d44-a9bf94cb562e
738a6c2a-7bb8-46b6-b5b2-d704d9cd690b,ae92de86-1329-4de8-bbcc-f478e9f8628b
1b8d3865-390d-4a2a-8e08-c7ed0e4e2701,0d262eed-551e-45d0-983c-bca05eabe980
225ca735-cdd2-4e64-88dd-bb35ab6402ac,02257903-92fa-4ef4-8ba7-12758b989472
84305366-4eb5-4fa2-835b-259f31e15262,1f33d527-6045-4358-afd9-602ae8644b43
3057148d-35e7-4c23-94c4-26284c40bb74,8d82500d-abce-4859-889f-991e369704e8
518035c6-eb92-46c5-b14d-9430c751422f,af68b454-0781-4ba1-a037-4444038ef730
6ec01c24-cccf-4ec4-a33f-144f91f00bf1,3b16b9a9-28b5-4421-a419-f2c0a580a622
79697bc8-4257-48a3-96d4-235a4be46455,992ae373-a9bc-4ae6-9d74-7082cf0a4c12
79697bc8-4257-48a3-96d4-235a4be46455,eddb9f19-4025-4f9a-8d44-a9bf94cb562e
79697bc8-4257-48a3-96d4-235a4be46455,72f27659-ea6c-40a3-9f2d-dfe7d82c853b
d7080fe7-58b4-4902-a44b-18c1ab43b31a,b5489408-529d-4ff3-bc71-57bc4e093158
b75bce70-fd10-48dd-9f23-5401eba10d8b,33f12961-e353-4d14-a7bc-4f20ffad7f00
3742b951-e317-4ccf-a4d0-0633405ba961,386c578b-2a53-4c3a-b910-a980fb1773c0
9667e6b1-c2ff-4574-b23f-630a112d5a48,d89699f6-85db-4def-8de6-14cb07eb2c43
9667e6b1-c2ff-4574-b23f-630a112d5a48,6e7ec579-d5fc-41c8-82f1-649532a23cb4
84476d78-e199-4d5f-9da9-132ead7727f4,0663a94d-7fc1-4427-9cdd-86e299c0fe86
1e6348a1-ddb9-4b16-aa1b-d88613b6405f,52d84173-882a-48bc-98c2-da35a45c13c1
44dbf981-9aa6-4e45-9ae1-652cdaffcd0d,abc6c08b-0d8b-4b68-9a5e-18e8122308ca
d7df5b7e-9d1f-4dad-88b5-07aae8cfa467,d89699f6-85db-4def-8de6-14cb07eb2c43
d7df5b7e-9d1f-4dad-88b5-07aae8cfa467,1f33d527-6045-4358-afd9-602ae8644b43
d7df5b7e-9d1f-4dad-88b5-07aae8cfa467,3bf75b18-e479-43ff-b40e-b33f5996a5c4
15d9dd82-b866-4c75-9efa-536ff5a32c1e,3b16b9a9-28b5-4421-a419-f2c0a580a622
0cf9ffbd-6823-4088-a05a-67f0d150e98b,fe5f9116-b18a-42bb-bead-1f0a20aae294
dd7b1180-978b-41c6-b90a-42ecd6e1ed47,ff41c6fa-d1d3-461e-bc14-61438d2fe7d4
ed35d4fc-26ef-4322-9897-18a4277322a8,6ff9e82a-0eff-4a28-b5c4-68f943508bf2
ed35d4fc-26ef-4322-9897-18a4277322a8,992ae373-a9bc-4ae6-9d74-7082cf0a4c12
b84e9704-3f92-45ed-b776-caae7febfdd4,f413d6b6-6542-41fc-940c-6177cf5606aa
eae7ffc1-b137-4d84-9d52-91515de1072e,d89699f6-85db-4def-8de6-14cb07eb2c43
eae7ffc1-b137-4d84-9d52-91515de1072e,1f33d527-6045-4358-afd9-602ae8644b43
9974b67c-c9ee-4dd4-a5f2-f5f38b7114f4,386c578b-2a53-4c3a-b910-a980fb1773c0
ee5384d9-47bd-4f51-92ef-52642f738e27,992ae373-a9bc-4ae6-9d74-7082cf0a4c12
ee5384d9-47bd-4f51-92ef-52642f738e27,ae92de86-1329-4de8-bbcc-f478e9f8628b
ee5384d9-47bd-4f51-92ef-52642f738e27,6ff9e82a-0eff-4a28-b5c4-68f943508bf2
ee5384d9-47bd-4f51-92ef-52642f738e27,9f6d5b2b-ac1c-4cc3-a7d1-7cedf98b7563
04d2973e-5133-4946-8057-1167d880ce3c,6ca59447-c208-40e3-ab57-7edb01549cbf
9022cee0-e688-4141-9104-a877d1eb29e1,cde9a632-6add-43ce-8de9-84ce69637125
5e4064ad-59f5-4156-bf94-410787850c71,5fc091c1-fa87-45b5-878f-8deb38c39f5e
133658ca-dc85-4a67-a63d-164c4c15d618,992ae373-a9bc-4ae6-9d74-7082cf0a4c12
133658ca-dc85-4a67-a63d-164c4c15d618,1f33d527-6045-4358-afd9-602ae8644b43
466501ca-4870-4a0e-8b5e-024cd8fc28a5,1ce37d28-4cb6-49c3-8d5b-21b9d23119e2
1f8df95d-9e75-42b8-9882-d300d222e5aa,a0ec4670-47c0-48d5-a9a0-c2012e886b58
55a9a0e2-6f2a-46c6-9086-34ea9ba35f68,1f33d527-6045-4358-afd9-602ae8644b43
55a9a0e2-6f2a-46c6-9086-34ea9ba35f68,eddb9f19-4025-4f9a-8d44-a9bf94cb562e
e7b4bf95-2536-4698-aa82-5f4e6b71e2e4,af68b454-0781-4ba1-a037-4444038ef730
b5522812-9cca-43bc-84c9-eaa02e700eab,f4053f71-94b5-40b2-92bd-fb588127fe38
b5522812-9cca-43bc-84c9-eaa02e700eab,6e7ec579-d5fc-41c8-82f1-649532a23cb4
436dc004-4492-414d-959d-b873f2ffb9c9,3b16b9a9-28b5-4421-a419-f2c0a580a622
3b44ddb0-468a-41af-9564-a18f5ed941fb,6ca59447-c208-40e3-ab57-7edb01549cbf
5abc5bb2-f189-4790-9553-cb9e7108ac26,992ae373-a9bc-4ae6-9d74-7082cf0a4c12
5abc5bb2-f189-4790-9553-cb9e7108ac26,ae92de86-1329-4de8-bbcc-f478e9f8628b
5abc5bb2-f189-4790-9553-cb9e7108ac26,fc1941db-1098-4bd5-a9c7-d9fe8b94172d
5abc5bb2-f189-4790-9553-cb9e7108ac26,eddb9f19-4025-4f9a-8d44-a9bf94cb562e
cc00876c-36da-4620-9eab-08e8f5812ab6,50d749ed-12a3-48bb-88a9-ac8403bdc400
173457eb-fc3d-4246-94af-36677107bf3a,eddb9f19-4025-4f9a-8d44-a9bf94cb562e
173457eb-fc3d-4246-94af-36677107bf3a,992ae373-a9bc-4ae6-9d74-7082cf0a4c12
902b017d-0a52-4d69-bfde-113a6dd5e23f,ca64a6a5-167f-4dc6-a828-596ec7fb7bcf
7f37c230-131b-4c3e-bfd6-cac9d5818d0f,6ca59447-c208-40e3-ab57-7edb01549cbf
6bf9e8d5-4eb0-4a8c-8b27-b55ef26a397b,992ae373-a9bc-4ae6-9d74-7082cf0a4c12
6bf9e8d5-4eb0-4a8c-8b27-b55ef26a397b,ae92de86-1329-4de8-bbcc-f478e9f8628b
6bf9e8d5-4eb0-4a8c-8b27-b55ef26a397b,254b263b-b58f-4212-b381-33c85da3e4c9
6bf9e8d5-4eb0-4a8c-8b27-b55ef26a397b,fc1941db-1098-4bd5-a9c7-d9fe8b94172d
6bf9e8d5-4eb0-4a8c-8b27-b55ef26a397b,1f33d527-6045-4358-afd9-602ae8644b43
f86100ee-069c-4ac1-b59b-2db6910bc301,9f6d5b2b-ac1c-4cc3-a7d1-7cedf98b7563
f86100ee-069c-4ac1-b59b-2db6910bc301,fc1941db-1098-4bd5-a9c7-d9fe8b94172d
f86100ee-069c-4ac1-b59b-2db6910bc301,6ff9e82a-0eff-4a28-b5c4-68f943508bf2
c93811cf-4b3a-4c35-a7c7-62503bb263e0,c1615e31-4a06-4e33-8d90-0d9273fbce91
e27a1c94-b8a2-4855-b5f5-d6513cdcd074,41d62f31-a92e-4ff2-9981-41f3cf46ebeb
15187989-6810-4cf6-b964-eeb13a110373,eddb9f19-4025-4f9a-8d44-a9bf94cb562e
15187989-6810-4cf6-b964-eeb13a110373,a558c676-742a-40c3-ab74-60a0f34d0c43
1742f85f-c0b6-4874-aa9a-d7c81b404d80,6ca59447-c208-40e3-ab57-7edb01549cbf
80ade50a-f1e0-43c4-96f2-940ab8517686,6ca59447-c208-40e3-ab57-7edb01549cbf
b25f5d4d-9813-40d5-a73d-2e98f6847448,b213ee87-7a56-4876-ab1a-677ef56efede
caa026a7-6c85-4975-8ef3-ddf7d266acc3,69b294ca-7d15-4303-9762-216ec08f824e
ede879da-e9ef-42cf-96dd-df7e39294564,2baf988b-c09f-420d-b2f1-07c3f3cb565b
d6bcfa76-8ce8-48aa-a7d2-d700c57015b1,20bc1485-d0c4-4b2b-b0b4-c282c203431a
dd127152-97ef-4674-ae47-bec322148293,c7e9d8ec-9ba5-4048-82e7-c3d2ff02eb9b
26e29039-83fc-4de0-ad14-feb564b30744,50d749ed-12a3-48bb-88a9-ac8403bdc400
013a3ae4-265c-455e-aa21-5d83ff7146c9,1f33d527-6045-4358-afd9-602ae8644b43
0bb66512-acd0-4c6e-805c-b8a3b1def2cb,5fc091c1-fa87-45b5-878f-8deb38c39f5e
f8afea88-f59e-410b-8b10-0b81a5150217,f413d6b6-6542-41fc-940c-6177cf5606aa
73ab5ee2-3b0a-4489-93c2-0e6e69d7c706,386c578b-2a53-4c3a-b910-a980fb1773c0
b802eb8a-1c73-4144-be94-600047334d70,992ae373-a9bc-4ae6-9d74-7082cf0a4c12
b802eb8a-1c73-4144-be94-600047334d70,1f33d527-6045-4358-afd9-602ae8644b43
b802eb8a-1c73-4144-be94-600047334d70,eddb9f19-4025-4f9a-8d44-a9bf94cb562e
8839a3d5-8186-49ef-95de-90035763ddce,6ca59447-c208-40e3-ab57-7edb01549cbf
b923eeb6-497c-4f79-bdfe-345e2b1d0919,992ae373-a9bc-4ae6-9d74-7082cf0a4c12
b923eeb6-497c-4f79-bdfe-345e2b1d0919,6ff9e82a-0eff-4a28-b5c4-68f943508bf2
63e33e31-dd50-4ca6-8839-9891f94c6747,c0616b1c-7741-4f55-9da3-7b115b34481c
f534d72b-03cd-4d3b-ae96-5d9fef9bc369,1f33d527-6045-4358-afd9-602ae8644b43
f534d72b-03cd-4d3b-ae96-5d9fef9bc369,9d902a90-2e2d-4921-9d40-b5c18c6fe7ec
0b72d2dd-0a17-4a8a-8c27-6886ccff24cd,c0616b1c-7741-4f55-9da3-7b115b34481c
2260a864-a5b5-41ea-8a02-843fe60120bd,6ca59447-c208-40e3-ab57-7edb01549cbf
8a52640a-f54c-4a1a-8660-8c5cb99bf2e4,fc1941db-1098-4bd5-a9c7-d9fe8b94172d
8a52640a-f54c-4a1a-8660-8c5cb99bf2e4,ae92de86-1329-4de8-bbcc-f478e9f8628b
8a52640a-f54c-4a1a-8660-8c5cb99bf2e4,9f6d5b2b-ac1c-4cc3-a7d1-7cedf98b7563
dac62fe8-2e07-4ee2-b344-bd637c612520,6ca59447-c208-40e3-ab57-7edb01549cbf
26a87c52-77fd-4853-8885-018d7ae1d044,992ae373-a9bc-4ae6-9d74-7082cf0a4c12
26a87c52-77fd-4853-8885-018d7ae1d044,fc1941db-1098-4bd5-a9c7-d9fe8b94172d
de894014-c42c-44b4-8b96-ec3047d876d7,f4053f71-94b5-40b2-92bd-fb588127fe38
de894014-c42c-44b4-8b96-ec3047d876d7,5115a7f4-c481-4f49-bf54-506badb69a95
8cc701e1-855c-4e12-a3cb-e5f3ae9412bf,6ca59447-c208-40e3-ab57-7edb01549cbf
d41e3707-47a7-4b82-82bd-f7c67564d8af,c0616b1c-7741-4f55-9da3-7b115b34481c
1c0b7e0a-ec0b-4702-ba6a-5bb4f46b463b,b1938d90-e95c-4a12-87a3-4e4e3b8b4658
1eb2a572-a65a-43fb-b150-35ce02fe7022,abc6c08b-0d8b-4b68-9a5e-18e8122308ca
192bfea4-2bd5-44e5-8e8e-a72827435da6,41d62f31-a92e-4ff2-9981-41f3cf46ebeb
192bfea4-2bd5-44e5-8e8e-a72827435da6,eddb9f19-4025-4f9a-8d44-a9bf94cb562e
192bfea4-2bd5-44e5-8e8e-a72827435da6,992ae373-a9bc-4ae6-9d74-7082cf0a4c12
192bfea4-2bd5-44e5-8e8e-a72827435da6,0a2353ed-3482-4163-9ca4-46e6cf6ab717
e05c4719-5e01-42bd-9a48-0ca55c20b6cb,6ca59447-c208-40e3-ab57-7edb01549cbf
5745f787-d122-41ae-ad29-48498cb776d2,992ae373-a9bc-4ae6-9d74-7082cf0a4c12
5745f787-d122-41ae-ad29-48498cb776d2,6ff9e82a-0eff-4a28-b5c4-68f943508bf2
873c8134-557d-43a8-9348-3ffb10f2b4be,6ca59447-c208-40e3-ab57-7edb01549cbf
13928443-15db-46d6-ad4d-3623fb50192d,d89699f6-85db-4def-8de6-14cb07eb2c43
13928443-15db-46d6-ad4d-3623fb50192d,571bec87-75f4-4fbd-bda4-05d7e7c4546b
13928443-15db-46d6-ad4d-3623fb50192d,4233781b-0b6c-49b5-a398-eef49e34cd7c
88640162-65e3-4639-8968-881889b60019,6ca59447-c208-40e3-ab57-7edb01549cbf
24bd7433-50ec-45f2-a1d4-f38ab705e5cc,1f33d527-6045-4358-afd9-602ae8644b43
24bd7433-50ec-45f2-a1d4-f38ab705e5cc,992ae373-a9bc-4ae6-9d74-7082cf0a4c12
afd48c46-4f6d-4fc1-9ff0-2ec51c8f1450,992ae373-a9bc-4ae6-9d74-7082cf0a4c12
4246b36f-2fef-4286-ba8f-18ac7ac28ca2,6ca59447-c208-40e3-ab57-7edb01549cbf
e8125b9b-0eb6-4ffb-b19f-04cb6a5b719b,8e47f6b9-4a44-4ce0-98bf-f3e7356fa1d2
88963704-5cf4-49a2-bdb4-80b13e7a20f0,b4f75e2e-aded-4dd2-8b9c-740be0e9164d
3d971829-3624-448f-b344-2b10b1a6a285,992ae373-a9bc-4ae6-9d74-7082cf0a4c12
3d971829-3624-448f-b344-2b10b1a6a285,d8552976-9336-4818-a952-a6ada26a3006
2b028a4f-6aa4-4f80-bd5e-604b5deb76d1,6ca59447-c208-40e3-ab57-7edb01549cbf
47d93171-a67b-4f37-a60f-516e2906e477,eddb9f19-4025-4f9a-8d44-a9bf94cb562e
47d93171-a67b-4f37-a60f-516e2906e477,1f33d527-6045-4358-afd9-602ae8644b43
47d93171-a67b-4f37-a60f-516e2906e477,1fa3719f-7f49-43d3-9416-c38e10968ac8
0f903201-fb90-4043-bee0-8677a5fe0449,28408059-9560-428c-be43-378a604ac3e8
503887cc-dd2c-44c4-ab6b-dccca7476de6,5fc091c1-fa87-45b5-878f-8deb38c39f5e
0feb8fae-234d-4666-acbe-2483d23d5a2b,d89699f6-85db-4def-8de6-14cb07eb2c43
0feb8fae-234d-4666-acbe-2483d23d5a2b,1f33d527-6045-4358-afd9-602ae8644b43
35698383-d25e-4ba9-a87c-146e9d782fcc,0ee9f564-1d84-4c16-8227-802613b88a09
9c8bade8-771f-4eb6-9b7c-b93749bea501,1f33d527-6045-4358-afd9-602ae8644b43
204544d8-243f-4b9b-a544-7cf540ecb258,6ca59447-c208-40e3-ab57-7edb01549cbf
dc9482a8-f46a-45f9-b1a6-ba843b74953d,d4dbb265-4812-4b6c-a0fd-bab873e1106b
c4024308-61e8-4986-b01a-dc7ce12ab20f,28408059-9560-428c-be43-378a604ac3e8
5f7aab20-df3b-430d-abd4-a96478bdfc2c,992ae373-a9bc-4ae6-9d74-7082cf0a4c12
5f7aab20-df3b-430d-abd4-a96478bdfc2c,6ff9e82a-0eff-4a28-b5c4-68f943508bf2
5f7aab20-df3b-430d-abd4-a96478bdfc2c,a935ba3a-86b5-400c-8948-e6375e9fc3fe
5f7aab20-df3b-430d-abd4-a96478bdfc2c,fc1941db-1098-4bd5-a9c7-d9fe8b94172d
5f7aab20-df3b-430d-abd4-a96478bdfc2c,eddb9f19-4025-4f9a-8d44-a9bf94cb562e
ea28da37-3545-49f4-a786-ce58632a833d,c0616b1c-7741-4f55-9da3-7b115b34481c
306b3ae9-890c-40ae-9a60-fa5e033dbd2c,c0616b1c-7741-4f55-9da3-7b115b34481c
0e9b90b4-e9c1-4e53-9af2-62282ffac8bb,d8552976-9336-4818-a952-a6ada26a3006
0e9b90b4-e9c1-4e53-9af2-62282ffac8bb,fc1941db-1098-4bd5-a9c7-d9fe8b94172d
c534c90a-a60e-4cf3-8f4d-13949695ac9d,c0616b1c-7741-4f55-9da3-7b115b34481c
f0b29bdf-f975-4344-9cfd-897910e37e71,b4f75e2e-aded-4dd2-8b9c-740be0e9164d
38b6a030-9e3b-471c-9189-c19938d691c7,636ec317-4c7e-4140-949e-b81cdece4be4
f5acec2c-fbdb-443e-9fa6-f726974b4978,eddb9f19-4025-4f9a-8d44-a9bf94cb562e
f5acec2c-fbdb-443e-9fa6-f726974b4978,d89699f6-85db-4def-8de6-14cb07eb2c43
bd0f7cd9-7d48-4059-836f-c90e76a6b266,652457ae-aab8-457a-b1a8-66deb031d7a7
d79c1597-fdb4-4b7b-999e-362d083dd2d2,9297f5e2-06f8-43dc-9765-87beb4350755
b926056c-a3d6-4613-9121-932373831d40,d89699f6-85db-4def-8de6-14cb07eb2c43
b926056c-a3d6-4613-9121-932373831d40,41d62f31-a92e-4ff2-9981-41f3cf46ebeb
7f0a7c1c-fd43-42b9-9cf5-f894d7c785ad,386c578b-2a53-4c3a-b910-a980fb1773c0
c32830d0-9a6a-49e9-a6f4-a78ed5332967,6ca59447-c208-40e3-ab57-7edb01549cbf
e4a42cab-85a2-463d-82cd-26c12c916bfe,ae92de86-1329-4de8-bbcc-f478e9f8628b
9c88ec2c-62c6-4b4e-a233-3202e08c7203,6ca59447-c208-40e3-ab57-7edb01549cbf
025966fd-0d83-40ac-bddc-e47776c19d88,992ae373-a9bc-4ae6-9d74-7082cf0a4c12
025966fd-0d83-40ac-bddc-e47776c19d88,ae92de86-1329-4de8-bbcc-f478e9f8628b
025966fd-0d83-40ac-bddc-e47776c19d88,6ff9e82a-0eff-4a28-b5c4-68f943508bf2
ca3549ba-31e9-43a9-99b9-2fcd87cddb2e,6ca59447-c208-40e3-ab57-7edb01549cbf
345e686c-c0d9-4da8-ad94-e7459213ba68,d89699f6-85db-4def-8de6-14cb07eb2c43
345e686c-c0d9-4da8-ad94-e7459213ba68,b213ee87-7a56-4876-ab1a-677ef56efede
345e686c-c0d9-4da8-ad94-e7459213ba68,c4cb37e8-fe1c-4d2b-b0b5-f04a69925d8f
b24ddb23-0b89-4edc-ab91-5cc1e386263a,1ce37d28-4cb6-49c3-8d5b-21b9d23119e2
77d952aa-27be-45c5-8226-a89a180e6160,1bcd244a-c2a5-4a4e-8572-b7459305a8b1
6624f5a3-de1f-4479-88b4-010419f159c1,8d82500d-abce-4859-889f-991e369704e8
238fc0e6-c3b0-43a2-a639-556896d0a417,1f33d527-6045-4358-afd9-602ae8644b43
238fc0e6-c3b0-43a2-a639-556896d0a417,f4053f71-94b5-40b2-92bd-fb588127fe38
0c3eac75-ca19-4889-98c7-205ad0cef5bb,6ca59447-c208-40e3-ab57-7edb01549cbf
c1b4b64e-da4f-4e38-96a8-1003a6d09b3f,1f33d527-6045-4358-afd9-602ae8644b43
4f92f052-f3fa-4cb5-86b5-d03ee39c912c,6ca59447-c208-40e3-ab57-7edb01549cbf
590772f5-41fd-475e-b3bb-f87bffebdaad,992ae373-a9bc-4ae6-9d74-7082cf0a4c12
590772f5-41fd-475e-b3bb-f87bffebdaad,9d902a90-2e2d-4921-9d40-b5c18c6fe7ec
590772f5-41fd-475e-b3bb-f87bffebdaad,6ff9e82a-0eff-4a28-b5c4-68f943508bf2
6bd30e94-2490-4764-a274-ca1c6730777f,fe5f9116-b18a-42bb-bead-1f0a20aae294
c31d4673-983d-4b79-9fc2-85e0823e319d,6ca59447-c208-40e3-ab57-7edb01549cbf
b2e7153b-bf84-4c59-9ed5-d228dda543c9,9e87af73-6ec7-473e-86b9-93fc8311efba
b2e7153b-bf84-4c59-9ed5-d228dda543c9,6ff9e82a-0eff-4a28-b5c4-68f943508bf2
e2e43aec-5b90-4b06-be67-412e131e814a,6ca59447-c208-40e3-ab57-7edb01549cbf
d0c7259f-8f30-4641-a712-e7a06986ec28,d89699f6-85db-4def-8de6-14cb07eb2c43
d0c7259f-8f30-4641-a712-e7a06986ec28,3ede1470-2ccd-442a-9411-0f2f431639e4
a66b2999-7c36-4673-bae6-9316a5efab9e,3d947f3c-fa03-4667-b09a-25a8f2db2adb
33e38a87-1f2e-46a9-91e0-b6b042ead7ca,6359b0bf-3af6-44e9-bf13-71c9fe0ead77
afb96860-ebd8-4ba9-804b-c574becd2ac9,992ae373-a9bc-4ae6-9d74-7082cf0a4c12
afb96860-ebd8-4ba9-804b-c574becd2ac9,1f33d527-6045-4358-afd9-602ae8644b43
cc5c9a66-8223-4bb7-b810-9a28a7d5c657,b4f75e2e-aded-4dd2-8b9c-740be0e9164d
72895b94-7c88-4e6a-95f4-8f3122e5388e,992ae373-a9bc-4ae6-9d74-7082cf0a4c12
72895b94-7c88-4e6a-95f4-8f3122e5388e,1f33d527-6045-4358-afd9-602ae8644b43
218915e0-90dd-4c6d-a1ef-ebeaeac6ee9d,8e47f6b9-4a44-4ce0-98bf-f3e7356fa1d2
9afbf4d3-fa3e-4f42-a733-c3476c3aa584,52796119-3d9a-42c7-bbf9-82061c9bb95d
7637a7dd-9ee2-4951-8f5e-8a39c4138cfc,7a8e0e9d-28f2-40d7-8696-9db0a75a628d
0e975f1c-f174-49c6-928f-1011bf4582b9,992ae373-a9bc-4ae6-9d74-7082cf0a4c12
0e975f1c-f174-49c6-928f-1011bf4582b9,1f33d527-6045-4358-afd9-602ae8644b43
eca8649c-991c-43f5-a0d6-04e455496ec8,386c578b-2a53-4c3a-b910-a980fb1773c0
90102c33-dbfe-49b4-a40f-e4039b8247f5,6ca59447-c208-40e3-ab57-7edb01549cbf
0b5cd535-1dc5-4148-91e7-b8cb7bac71b7,fe8e1adf-281b-493b-a6ec-1b86629a19d7
927bf528-3cad-4f35-939a-4aee883d8182,6ca59447-c208-40e3-ab57-7edb01549cbf
3ba105d4-37b6-4bb4-ad47-cce2fa8556dc,6ff9e82a-0eff-4a28-b5c4-68f943508bf2
d10aef99-94dd-4a58-872d-4ff504b7ee8e,abc6c08b-0d8b-4b68-9a5e-18e8122308ca
622996ec-96d7-4925-995b-2e2da07a32db,386c578b-2a53-4c3a-b910-a980fb1773c0
81ceb34f-c06a-4c54-960d-9101ad7a8ea3,1f33d527-6045-4358-afd9-602ae8644b43
81ceb34f-c06a-4c54-960d-9101ad7a8ea3,eddb9f19-4025-4f9a-8d44-a9bf94cb562e
81ceb34f-c06a-4c54-960d-9101ad7a8ea3,a558c676-742a-40c3-ab74-60a0f34d0c43
24af4d3e-846d-41d8-a5e7-cf5ca44ef006,0d262eed-551e-45d0-983c-bca05eabe980
e1ffaa2b-a6f4-4947-9744-ecd25d80d975,a0ec4670-47c0-48d5-a9a0-c2012e886b58
22baae4d-c2ab-4425-9651-bbb2bf092fb8,992ae373-a9bc-4ae6-9d74-7082cf0a4c12
22baae4d-c2ab-4425-9651-bbb2bf092fb8,41d62f31-a92e-4ff2-9981-41f3cf46ebeb
ba50cf82-5568-4d6a-bb4a-e632f615c39d,386c578b-2a53-4c3a-b910-a980fb1773c0
b95cfc85-7a4f-4ea8-a0ec-d1dd50eb0a78,dc23b550-ff28-4b18-ae4c-dc17ca0235ab
3c1761f5-29e8-47db-8e1c-f7b7055934d2,12e1702a-7623-4b11-a224-44601b67328c
4c8d8d71-d5a1-4379-aad0-18f36e2f9b14,38fb6d40-46f1-4b8f-8b19-6769e6e92687
51e8b9a8-e2d4-4dac-b149-05da1dd8852e,386c578b-2a53-4c3a-b910-a980fb1773c0
0dc08b5a-9e99-4f04-b685-efab67506256,41d62f31-a92e-4ff2-9981-41f3cf46ebeb
0dc08b5a-9e99-4f04-b685-efab67506256,efde0ce9-21df-44b4-ba54-c6d738ec2e64
a966eb31-6e63-4848-a5f6-f12a91841758,ed75086e-ad87-42df-b512-6dba1ac50161
53df427d-c0a9-48c3-9f0d-3319985963d3,6e7ec579-d5fc-41c8-82f1-649532a23cb4
4d909080-7254-484a-91fa-36e05ba122bc,3b16b9a9-28b5-4421-a419-f2c0a580a622
3fb19659-7152-443f-9e4f-1620f28f7e43,6ca59447-c208-40e3-ab57-7edb01549cbf
24160112-4cc0-4595-9dcd-baad03546a21,d8552976-9336-4818-a952-a6ada26a3006
24160112-4cc0-4595-9dcd-baad03546a21,ae92de86-1329-4de8-bbcc-f478e9f8628b
9c98dcf1-d0b9-45af-b3ea-57193c82c494,6ca59447-c208-40e3-ab57-7edb01549cbf
dc7621d5-8de1-4e4d-a81d-0893a7d7c03c,6ff9e82a-0eff-4a28-b5c4-68f943508bf2
dc7621d5-8de1-4e4d-a81d-0893a7d7c03c,992ae373-a9bc-4ae6-9d74-7082cf0a4c12
6514cecd-2c01-4d9a-9e38-c583ffce5a44,af68b454-0781-4ba1-a037-4444038ef730
48f031ed-ca89-4f27-8797-f92f14793c0f,3ede1470-2ccd-442a-9411-0f2f431639e4
48f031ed-ca89-4f27-8797-f92f14793c0f,6e7ec579-d5fc-41c8-82f1-649532a23cb4
48f031ed-ca89-4f27-8797-f92f14793c0f,d89699f6-85db-4def-8de6-14cb07eb2c43
3e0e6e8c-9ca2-4c87-9d7d-7539a866dca5,3b16b9a9-28b5-4421-a419-f2c0a580a622
4541b861-aaf7-465c-a89b-e982c81aa469,5fc091c1-fa87-45b5-878f-8deb38c39f5e
dc9d93f8-a11a-47fb-9c86-9c023422028e,6ff9e82a-0eff-4a28-b5c4-68f943508bf2
dc9d93f8-a11a-47fb-9c86-9c023422028e,41d62f31-a92e-4ff2-9981-41f3cf46ebeb
dc9d93f8-a11a-47fb-9c86-9c023422028e,eddb9f19-4025-4f9a-8d44-a9bf94cb562e
cdfe5ffb-345a-49af-8f13-8ea14dc346df,cde9a632-6add-43ce-8de9-84ce69637125
27b739e2-6fc8-434d-948f-5a35f2ad2166,3b16b9a9-28b5-4421-a419-f2c0a580a622
3814631f-1b92-44e6-9d3a-1e5760268859,af68b454-0781-4ba1-a037-4444038ef730
8a900ea1-7140-4f14-97a9-6d08fb9cf40a,992ae373-a9bc-4ae6-9d74-7082cf0a4c12
8a900ea1-7140-4f14-97a9-6d08fb9cf40a,1f33d527-6045-4358-afd9-602ae8644b43
8a900ea1-7140-4f14-97a9-6d08fb9cf40a,3ede1470-2ccd-442a-9411-0f2f431639e4
c0573851-e895-4b5c-af75-342961de7844,ac2f7cb8-fe85-4eec-9dbd-11aab73b200d
83bc93c9-5379-46ff-a39e-61b830d4a88d,40193610-2542-4d28-a63f-078467cb7f0a
b7e371e9-dec6-4220-aa05-66711c7ef7fa,992ae373-a9bc-4ae6-9d74-7082cf0a4c12
b7e371e9-dec6-4220-aa05-66711c7ef7fa,1f33d527-6045-4358-afd9-602ae8644b43
b58aef3e-d766-4cea-8612-82f8b011f781,d89699f6-85db-4def-8de6-14cb07eb2c43
04a0b0d4-a42e-4e52-a8ac-2137118e697c,6ca59447-c208-40e3-ab57-7edb01549cbf
894503ca-c97d-4167-a03a-0e71684b59d9,6ca59447-c208-40e3-ab57-7edb01549cbf
a3952e13-9c21-4aa5-9462-64831d586276,571bec87-75f4-4fbd-bda4-05d7e7c4546b
a3952e13-9c21-4aa5-9462-64831d586276,b1a2ab58-be0b-4572-9d93-c3e651bb5a97
01670d77-53be-4b6b-b8f5-dd06f0c98377,3d947f3c-fa03-4667-b09a-25a8f2db2adb
0923a8c8-5b15-4640-8d79-d057e0b1705d,6359b0bf-3af6-44e9-bf13-71c9fe0ead77
b2b8aad0-ecee-456f-8e65-d4b5e5d4db72,421187bb-ba8c-445a-a03c-e17ed8a34c0f
b2b8aad0-ecee-456f-8e65-d4b5e5d4db72,8ccdb142-81ed-489d-94a0-4041bd04a46e
b2b8aad0-ecee-456f-8e65-d4b5e5d4db72,0a2353ed-3482-4163-9ca4-46e6cf6ab717
b2b8aad0-ecee-456f-8e65-d4b5e5d4db72,baa714b6-c3eb-4ed5-bca3-63d80d0d031e
59db7ce9-387e-40ad-a62b-79d743b3e16b,cde9a632-6add-43ce-8de9-84ce69637125
8f660484-233a-4235-b8ed-50c6225b3549,5fc091c1-fa87-45b5-878f-8deb38c39f5e
00e5067d-7a9f-4a01-bdb7-e3b714a6ad95,eddb9f19-4025-4f9a-8d44-a9bf94cb562e
00e5067d-7a9f-4a01-bdb7-e3b714a6ad95,1f33d527-6045-4358-afd9-602ae8644b43
cc466a19-050e-4f69-aae9-bfedf6a9c93d,b9f30bc7-6fe4-42ff-81ef-6b73634f7220
c158ba37-c10b-411f-8c16-9571306d9448,1f33d527-6045-4358-afd9-602ae8644b43
c158ba37-c10b-411f-8c16-9571306d9448,f4053f71-94b5-40b2-92bd-fb588127fe38
c158ba37-c10b-411f-8c16-9571306d9448,ea9c0ea2-5081-4036-bf32-b37dfc5c8301
aef1eb10-7c03-44e1-94a3-ca301cc4b768,b41e3b3e-d27b-4705-b8c7-592b89508e12
ca194073-b88e-4b7d-82ab-da9ea95340cf,3b16b9a9-28b5-4421-a419-f2c0a580a622
45cab179-98a8-497c-8fd3-9573d760e4f3,6ca59447-c208-40e3-ab57-7edb01549cbf
5cfb2553-5d2f-4265-a7db-e56a6c7a7c05,992ae373-a9bc-4ae6-9d74-7082cf0a4c12
5cfb2553-5d2f-4265-a7db-e56a6c7a7c05,6ff9e82a-0eff-4a28-b5c4-68f943508bf2
914acf4a-296c-4b9d-b0b8-c81d48445da6,6ca59447-c208-40e3-ab57-7edb01549cbf
866f160d-f891-4e53-9852-bf49a7b31389,992ae373-a9bc-4ae6-9d74-7082cf0a4c12
866f160d-f891-4e53-9852-bf49a7b31389,6ff9e82a-0eff-4a28-b5c4-68f943508bf2
b1b7af06-57db-4daa-a62d-6c2f8d71fa09,6ca59447-c208-40e3-ab57-7edb01549cbf
010e3a4b-ec5f-43f7-85d8-d462d6234ab2,992ae373-a9bc-4ae6-9d74-7082cf0a4c12
010e3a4b-ec5f-43f7-85d8-d462d6234ab2,ae92de86-1329-4de8-bbcc-f478e9f8628b
010e3a4b-ec5f-43f7-85d8-d462d6234ab2,72f27659-ea6c-40a3-9f2d-dfe7d82c853b
010e3a4b-ec5f-43f7-85d8-d462d6234ab2,eddb9f19-4025-4f9a-8d44-a9bf94cb562e
010e3a4b-ec5f-43f7-85d8-d462d6234ab2,f137d46d-5bac-404d-bfc9-d9fb8fc8a734
f8e9acdb-18d9-4d47-a9bd-d7524bd51f9c,6ca59447-c208-40e3-ab57-7edb01549cbf
27af7f6b-c8f0-4d7d-9f0c-c48f83387588,d8552976-9336-4818-a952-a6ada26a3006
aa2fd6b2-3e23-41c1-aa8d-18835f77da24,6ca59447-c208-40e3-ab57-7edb01549cbf
1d1b75a3-bbe2-4562-8ed1-6d397ab70e0f,d8552976-9336-4818-a952-a6ada26a3006
1d1b75a3-bbe2-4562-8ed1-6d397ab70e0f,9d902a90-2e2d-4921-9d40-b5c18c6fe7ec
17a537aa-df02-4138-b601-5e41523b0ad8,2baf988b-c09f-420d-b2f1-07c3f3cb565b
1d4c4d77-4306-407e-9d0d-25c8db9c358b,dca26f5a-6485-43d1-9b87-82b066477f04
afb3a4b5-00f3-4a4d-8b58-61936c0e7126,d89699f6-85db-4def-8de6-14cb07eb2c43
afb3a4b5-00f3-4a4d-8b58-61936c0e7126,f4053f71-94b5-40b2-92bd-fb588127fe38
afb3a4b5-00f3-4a4d-8b58-61936c0e7126,1f33d527-6045-4358-afd9-602ae8644b43
d5ccc604-56c4-4ea6-9b6b-526f85062986,3b16b9a9-28b5-4421-a419-f2c0a580a622
d986ea41-abfc-42b4-9bcf-a4ce437c1e63,6ca59447-c208-40e3-ab57-7edb01549cbf
d346cb0b-2f2b-40e8-ad2a-43cfd36d2666,9e87af73-6ec7-473e-86b9-93fc8311efba
99a53439-2e58-46e9-8566-8870eef168da,abc6c08b-0d8b-4b68-9a5e-18e8122308ca
2e78bcb6-8b97-4b2f-89f8-b55abb501004,9297f5e2-06f8-43dc-9765-87beb4350755
8f924955-29fe-4ebf-be6f-b836acc0621f,386c578b-2a53-4c3a-b910-a980fb1773c0
a3b9d4bc-91cb-41c6-9334-26c88f0ec5e0,a02e22cb-d235-4e41-99c0-73d63c06157e
a3b9d4bc-91cb-41c6-9334-26c88f0ec5e0,6e7ec579-d5fc-41c8-82f1-649532a23cb4
5568f2fb-d057-46f1-8a27-3eaaa64e451f,6fe661aa-ffec-44c5-8de9-c80eef106e6b
66bb7e22-40fb-4f82-9f8d-7dc6c2cb8343,c28dbac1-24bb-4e49-8ccc-6360d439be7d
d078547e-b65f-4968-b7bc-50027e22ff5f,1fad2edd-83ee-4028-b2a6-4664d26552cd
d69f558e-265a-4971-af47-01bf38749f92,3bf75b18-e479-43ff-b40e-b33f5996a5c4
ff10ccf0-6baf-439a-9d96-565ffc7db7d3,6ca59447-c208-40e3-ab57-7edb01549cbf
dc59f38e-a64a-4e0a-8991-045bc67a2949,1fa3719f-7f49-43d3-9416-c38e10968ac8
dc59f38e-a64a-4e0a-8991-045bc67a2949,41d62f31-a92e-4ff2-9981-41f3cf46ebeb
2edccc36-ed2a-423a-a12d-b40f846138e2,b213ee87-7a56-4876-ab1a-677ef56efede
f72d3d3d-07ba-4e56-b6a2-7507e3131af8,6ca59447-c208-40e3-ab57-7edb01549cbf
f14bf9d6-61af-42c4-96c3-c0f2f08ae1c6,02257903-92fa-4ef4-8ba7-12758b989472
c2c4657b-2dbc-45c9-bc3c-66b070a88ba9,a1edce4a-f996-4933-88a9-fa36cb210a5e
fde2c8d7-ff1a-4d17-800f-b865f38205fe,5fc091c1-fa87-45b5-878f-8deb38c39f5e
f33ccc3a-dbb7-4e7b-a926-726c8140f94e,992ae373-a9bc-4ae6-9d74-7082cf0a4c12
f33ccc3a-dbb7-4e7b-a926-726c8140f94e,9d902a90-2e2d-4921-9d40-b5c18c6fe7ec
b5a87e86-6bba-454d-b6d4-c72a5f69cf47,bff58644-e49e-473a-982c-92154bff459a
a3c5bff4-e24f-4131-b05f-36c6cb463944,ac2f7cb8-fe85-4eec-9dbd-11aab73b200d
a6b3ca17-46d4-4eae-88e6-3c2c82f06d77,40193610-2542-4d28-a63f-078467cb7f0a
72bd2548-2207-4c1c-880e-713463ec4627,fc1941db-1098-4bd5-a9c7-d9fe8b94172d
72bd2548-2207-4c1c-880e-713463ec4627,4c9945e5-4487-40d3-ac4d-0f39caa452c4
72bd2548-2207-4c1c-880e-713463ec4627,992ae373-a9bc-4ae6-9d74-7082cf0a4c12
b6034572-660c-45ca-aa83-fe357023161e,6ca59447-c208-40e3-ab57-7edb01549cbf
c8ab3fc4-d62e-41c4-9fc6-6d9df824ae98,992ae373-a9bc-4ae6-9d74-7082cf0a4c12
c8ab3fc4-d62e-41c4-9fc6-6d9df824ae98,6ff9e82a-0eff-4a28-b5c4-68f943508bf2
0a9b2193-85d4-4067-aa8c-40c0fbbb73aa,6ca59447-c208-40e3-ab57-7edb01549cbf
37c97505-1f98-4ffd-a9cd-4e8423a629d4,eddb9f19-4025-4f9a-8d44-a9bf94cb562e
37c97505-1f98-4ffd-a9cd-4e8423a629d4,72f27659-ea6c-40a3-9f2d-dfe7d82c853b
37c97505-1f98-4ffd-a9cd-4e8423a629d4,fe8e1adf-281b-493b-a6ec-1b86629a19d7
46eaea0d-3b47-4b6e-accc-6218ad9efe42,643d43fe-baa8-4b50-937f-1afb03bd76e9
71524fff-bb23-47c7-ad18-a0a998e38b21,aef4dfc9-2813-4a22-a2e2-92b10b9e7d01
e33cfd65-b33e-437b-9801-7980b6cc1340,8d82500d-abce-4859-889f-991e369704e8
9f6bfc00-35c6-41f9-8afe-72e0386b6e3e,992ae373-a9bc-4ae6-9d74-7082cf0a4c12
9f6bfc00-35c6-41f9-8afe-72e0386b6e3e,f137d46d-5bac-404d-bfc9-d9fb8fc8a734
480ee91a-e389-452a-b35f-397630923002,28408059-9560-428c-be43-378a604ac3e8
97a12df4-7441-419f-8df7-f1fcdbddc6bf,6bdd587c-344f-4fb7-b1c6-d48b8b15a2d1
be2532c5-3e5e-462a-8388-098cf97ddda4,d89699f6-85db-4def-8de6-14cb07eb2c43
d67b6155-966f-4054-a243-57035d450a8b,12e1702a-7623-4b11-a224-44601b67328c
b14150ed-f5bd-43b2-a91a-2b24bffbad09,992ae373-a9bc-4ae6-9d74-7082cf0a4c12
3a1338c0-e7d4-4c67-a19f-9ea1252b58da,6ca59447-c208-40e3-ab57-7edb01549cbf
a2f7c172-fde9-460b-9a62-8ef0af482cf0,6ca59447-c208-40e3-ab57-7edb01549cbf
7f43e7ad-fd85-47b0-b0ca-c761a749ab2d,992ae373-a9bc-4ae6-9d74-7082cf0a4c12
7f43e7ad-fd85-47b0-b0ca-c761a749ab2d,254b263b-b58f-4212-b381-33c85da3e4c9
fac7943e-72a8-48cc-9655-13caac78c9d6,af68b454-0781-4ba1-a037-4444038ef730
52b6430d-c38e-4b2d-8de1-373113ff1b19,1f33d527-6045-4358-afd9-602ae8644b43
02f3be82-d5f6-4188-92f1-e2c73724ae45,3b16b9a9-28b5-4421-a419-f2c0a580a622
2f2a7a39-93eb-4288-b61f-a19493c64fab,992ae373-a9bc-4ae6-9d74-7082cf0a4c12
2f2a7a39-93eb-4288-b61f-a19493c64fab,9d902a90-2e2d-4921-9d40-b5c18c6fe7ec
2f2a7a39-93eb-4288-b61f-a19493c64fab,ae92de86-1329-4de8-bbcc-f478e9f8628b
2f2a7a39-93eb-4288-b61f-a19493c64fab,6ff9e82a-0eff-4a28-b5c4-68f943508bf2
d0d99e85-f7f8-4693-a892-9153409e21a8,6ca59447-c208-40e3-ab57-7edb01549cbf
bb497f1e-d48f-421f-8b52-3c136313e0b5,6ca59447-c208-40e3-ab57-7edb01549cbf
e4f0becd-69f1-4fc1-b134-e66d44aa673c,1f33d527-6045-4358-afd9-602ae8644b43
e4f0becd-69f1-4fc1-b134-e66d44aa673c,992ae373-a9bc-4ae6-9d74-7082cf0a4c12
2f1d626c-8911-4b03-876f-3822fdded137,6ca59447-c208-40e3-ab57-7edb01549cbf
a3474ad8-708f-4843-8bc3-6cf3465df1e0,d8552976-9336-4818-a952-a6ada26a3006
6af272c2-9d58-40ef-9bd7-3f5321696167,ca64a6a5-167f-4dc6-a828-596ec7fb7bcf
9f6d3b4e-787d-4738-b112-5b202ac975ee,6359b0bf-3af6-44e9-bf13-71c9fe0ead77
4201d05a-b353-4caf-99ca-65a4cb232356,636ec317-4c7e-4140-949e-b81cdece4be4
28aa72de-8998-4d5a-b4d5-bed4f1ce4ea7,992ae373-a9bc-4ae6-9d74-7082cf0a4c12
28aa72de-8998-4d5a-b4d5-bed4f1ce4ea7,eddb9f19-4025-4f9a-8d44-a9bf94cb562e
28aa72de-8998-4d5a-b4d5-bed4f1ce4ea7,6ff9e82a-0eff-4a28-b5c4-68f943508bf2
28aa72de-8998-4d5a-b4d5-bed4f1ce4ea7,fc1941db-1098-4bd5-a9c7-d9fe8b94172d
52c51183-976f-4e27-a21d-5c0a3c3f930d,fe5f9116-b18a-42bb-bead-1f0a20aae294
eca2b178-d640-449c-b351-61831052025c,ed75086e-ad87-42df-b512-6dba1ac50161
36c7ee41-44d7-4adb-b253-bc2040f9f8c0,1f33d527-6045-4358-afd9-602ae8644b43
36c7ee41-44d7-4adb-b253-bc2040f9f8c0,f4053f71-94b5-40b2-92bd-fb588127fe38
0f98c6ef-7a1f-4663-bb93-908f06c54010,3b16b9a9-28b5-4421-a419-f2c0a580a622
34ab9c50-d60e-4582-af8f-86478f665d20,6ca59447-c208-40e3-ab57-7edb01549cbf
918d30ab-7565-4c46-bdc6-b0e458744aed,d8552976-9336-4818-a952-a6ada26a3006
57edc223-aae6-4733-a9c0-466dbb80b38a,8e47f6b9-4a44-4ce0-98bf-f3e7356fa1d2
796810de-2971-4a09-a742-6b06f70cb481,38fb6d40-46f1-4b8f-8b19-6769e6e92687
b3edbc24-c20d-4652-bb8c-aef4ac114925,5fc091c1-fa87-45b5-878f-8deb38c39f5e
10e643cb-fb91-46e4-ba41-01a8bc68e5da,d89699f6-85db-4def-8de6-14cb07eb2c43
10e643cb-fb91-46e4-ba41-01a8bc68e5da,1f33d527-6045-4358-afd9-602ae8644b43
10e643cb-fb91-46e4-ba41-01a8bc68e5da,9e87af73-6ec7-473e-86b9-93fc8311efba
10e643cb-fb91-46e4-ba41-01a8bc68e5da,f4053f71-94b5-40b2-92bd-fb588127fe38
10e643cb-fb91-46e4-ba41-01a8bc68e5da,05155868-5a51-4328-bec7-587f5f081148
1ae5f813-b979-4928-bd18-037ca6f5aa72,3b16b9a9-28b5-4421-a419-f2c0a580a622
2d12efd0-3592-40a6-9aa1-9e37b31631cc,8e47f6b9-4a44-4ce0-98bf-f3e7356fa1d2
52730dc3-1fad-402a-886b-a98376e7fb92,b4f75e2e-aded-4dd2-8b9c-740be0e9164d
b912c22d-0d05-4346-92e1-6cde001ddace,402d7328-f91d-488a-ad1c-53ecfd349095
b912c22d-0d05-4346-92e1-6cde001ddace,1f33d527-6045-4358-afd9-602ae8644b43
8f64df4f-f577-44cf-b400-fa1f5356b160,21d8739d-25f6-48b7-a909-14d59848db24
c020d3b7-28e5-4f23-8706-973a2d1fa40f,386c578b-2a53-4c3a-b910-a980fb1773c0
e0a114e5-8587-4af2-b20d-1b8bfaf8ae12,c12e9df5-302b-490d-8ee4-c29cb2b55541
3ba2e154-af96-4365-a528-7d957a70740a,bd521a9e-13b6-4c06-bac1-bc263ff9a172
4ccfa482-149d-42b0-a856-9a61406e4ae9,0d89cd97-9e1b-4cb3-89fc-6773540db9e8
e024d63f-afe5-4c6c-a0b9-a5f425b41ae8,c0cdd49a-91fd-4557-95e5-236e2a601286
179a8966-0a82-4ac6-95b7-0ed4fc5a6dc6,6bdd587c-344f-4fb7-b1c6-d48b8b15a2d1
828afe9c-cdff-42e0-a38f-6e1fae683aeb,eddb9f19-4025-4f9a-8d44-a9bf94cb562e
828afe9c-cdff-42e0-a38f-6e1fae683aeb,992ae373-a9bc-4ae6-9d74-7082cf0a4c12
828afe9c-cdff-42e0-a38f-6e1fae683aeb,1f33d527-6045-4358-afd9-602ae8644b43
828afe9c-cdff-42e0-a38f-6e1fae683aeb,a935ba3a-86b5-400c-8948-e6375e9fc3fe
3ff5d0bd-0377-454b-82d2-278e169c4a12,e1f048ba-5b3e-4c91-9caf-28dca91525cf
b2f045f1-0bcf-48ad-9a18-1eea049a801b,636ec317-4c7e-4140-949e-b81cdece4be4
aae12008-b1f6-4991-95a3-4a7861922462,ae92de86-1329-4de8-bbcc-f478e9f8628b
aae12008-b1f6-4991-95a3-4a7861922462,72f27659-ea6c-40a3-9f2d-dfe7d82c853b
8e2fc2c2-104b-431a-89bf-0cfc1e799075,3d947f3c-fa03-4667-b09a-25a8f2db2adb
00ccfc67-7c84-4b42-869b-eac6a514ee86,6359b0bf-3af6-44e9-bf13-71c9fe0ead77
3515aa48-e375-4b04-91ea-7f3b6699cbe3,992ae373-a9bc-4ae6-9d74-7082cf0a4c12
3515aa48-e375-4b04-91ea-7f3b6699cbe3,1f33d527-6045-4358-afd9-602ae8644b43
3515aa48-e375-4b04-91ea-7f3b6699cbe3,0a2353ed-3482-4163-9ca4-46e6cf6ab717
571c4141-3e23-4dd4-bfcb-1b9f719bf697,f0bb5458-7dbd-465f-b961-41c32297788d
44732f56-f396-4033-9f55-0b2230134e3e,1bcd244a-c2a5-4a4e-8572-b7459305a8b1
90959bb2-264c-467b-ab70-ae766e8ea0d1,992ae373-a9bc-4ae6-9d74-7082cf0a4c12
90959bb2-264c-467b-ab70-ae766e8ea0d1,eddb9f19-4025-4f9a-8d44-a9bf94cb562e
7aa5e550-c10e-4d4c-ab05-7be0a57b8ea8,5fc091c1-fa87-45b5-878f-8deb38c39f5e
2d9dfa27-7192-44a5-a09a-ae4a31d31f4e,992ae373-a9bc-4ae6-9d74-7082cf0a4c12
2d9dfa27-7192-44a5-a09a-ae4a31d31f4e,1f33d527-6045-4358-afd9-602ae8644b43
7ec3e919-a238-4e0b-97ee-ee34aeffdbcd,cde9a632-6add-43ce-8de9-84ce69637125
683eb24e-00dd-4230-8494-8d07dae172e0,6ca59447-c208-40e3-ab57-7edb01549cbf
4f92bd00-714f-4e2f-b769-0298cc307de4,efde0ce9-21df-44b4-ba54-c6d738ec2e64
4f92bd00-714f-4e2f-b769-0298cc307de4,254b263b-b58f-4212-b381-33c85da3e4c9
5f2c7ec0-c800-4744-ae75-0049a4307c88,6ca59447-c208-40e3-ab57-7edb01549cbf
1a5212c6-ee2b-4d87-81f1-31bc3de71bbd,a558c676-742a-40c3-ab74-60a0f34d0c43
1a5212c6-ee2b-4d87-81f1-31bc3de71bbd,eddb9f19-4025-4f9a-8d44-a9bf94cb562e
1a5212c6-ee2b-4d87-81f1-31bc3de71bbd,05155868-5a51-4328-bec7-587f5f081148
180b5cf9-de45-4996-b27d-3b2a5140b2dd,6fe661aa-ffec-44c5-8de9-c80eef106e6b
df4dcb57-09a4-4304-a5a5-f545a09a57a7,46d4a1d1-c057-49ba-a879-db85b0cda4b9
512ee04c-8e61-4799-b6f5-7e59dbbaa663,1bcd244a-c2a5-4a4e-8572-b7459305a8b1
8fb527e0-39d7-4527-88c1-b4d55ffa8273,f4053f71-94b5-40b2-92bd-fb588127fe38
8fb527e0-39d7-4527-88c1-b4d55ffa8273,1f33d527-6045-4358-afd9-602ae8644b43
105d97c8-529f-4a50-970c-0e136deb466f,8d82500d-abce-4859-889f-991e369704e8
26b59525-db4b-4b68-9b19-2b7b2a5c2f6e,abc6c08b-0d8b-4b68-9a5e-18e8122308ca
d184b220-da53-410e-8eca-e728b62e495a,9e87af73-6ec7-473e-86b9-93fc8311efba
d184b220-da53-410e-8eca-e728b62e495a,eddb9f19-4025-4f9a-8d44-a9bf94cb562e
dff6aed5-4470-46ab-ad93-d8559d60b9b6,35501750-04e3-48bd-bfe4-3aa7d22e3baa
185e714b-15a5-4d76-956d-ae1532d6d530,6bdd587c-344f-4fb7-b1c6-d48b8b15a2d1
3f53fd19-759e-44e4-b0e2-841b6b6201da,d89699f6-85db-4def-8de6-14cb07eb2c43
3f53fd19-759e-44e4-b0e2-841b6b6201da,1f33d527-6045-4358-afd9-602ae8644b43
6ebb82a2-38b3-46f9-a523-170bb2cc0b41,b5489408-529d-4ff3-bc71-57bc4e093158
d7389d15-271a-4e1c-8409-9bab17a7c685,abc6c08b-0d8b-4b68-9a5e-18e8122308ca
dd8b94ca-9ffd-468b-8d31-234e01b0941d,3b16b9a9-28b5-4421-a419-f2c0a580a622
44a3e38b-5675-4ae1-bce9-5e5d62ac2c82,c1615e31-4a06-4e33-8d90-0d9273fbce91
aab77cec-eb69-4c90-9f87-4eb0f444fca0,d89699f6-85db-4def-8de6-14cb07eb2c43
aab77cec-eb69-4c90-9f87-4eb0f444fca0,6e7ec579-d5fc-41c8-82f1-649532a23cb4
aab77cec-eb69-4c90-9f87-4eb0f444fca0,05155868-5a51-4328-bec7-587f5f081148
74d9a9ce-b156-48d5-954a-41f10d5a4f1f,6ca59447-c208-40e3-ab57-7edb01549cbf
770a193a-e997-4cfa-90d2-d1e2407d82bd,992ae373-a9bc-4ae6-9d74-7082cf0a4c12
770a193a-e997-4cfa-90d2-d1e2407d82bd,ae92de86-1329-4de8-bbcc-f478e9f8628b
068af509-c5cb-4f68-a178-b57df9c75d87,6bdd587c-344f-4fb7-b1c6-d48b8b15a2d1
c40d7105-7314-4a33-ae09-d6da46c7dbad,992ae373-a9bc-4ae6-9d74-7082cf0a4c12
a2fd51f4-cf09-464f-8013-5ef417e56dd7,0ee9f564-1d84-4c16-8227-802613b88a09
595babfb-2924-46e1-b0bf-ab43c4d7ca89,38fb6d40-46f1-4b8f-8b19-6769e6e92687
0efe6e8e-df27-4fcd-94ae-a61cd611bb9a,6ca59447-c208-40e3-ab57-7edb01549cbf
ac93e69f-96a5-4c90-a151-2167d50a5974,0a2353ed-3482-4163-9ca4-46e6cf6ab717
bffbeb76-ba2a-4aad-8243-14c1e7cffba6,6ca59447-c208-40e3-ab57-7edb01549cbf
9eb7fbb3-fc9a-4ce2-bf23-b11240e9e264,ae92de86-1329-4de8-bbcc-f478e9f8628b
9eb7fbb3-fc9a-4ce2-bf23-b11240e9e264,eddb9f19-4025-4f9a-8d44-a9bf94cb562e
9eb7fbb3-fc9a-4ce2-bf23-b11240e9e264,efde0ce9-21df-44b4-ba54-c6d738ec2e64
910b5e56-fa6c-4805-8958-1de745669487,6ca59447-c208-40e3-ab57-7edb01549cbf
dd4161dc-4118-41fd-8502-5abc37afd998,f137d46d-5bac-404d-bfc9-d9fb8fc8a734
dd4161dc-4118-41fd-8502-5abc37afd998,992ae373-a9bc-4ae6-9d74-7082cf0a4c12
dd4161dc-4118-41fd-8502-5abc37afd998,eddb9f19-4025-4f9a-8d44-a9bf94cb562e
dd4161dc-4118-41fd-8502-5abc37afd998,72f27659-ea6c-40a3-9f2d-dfe7d82c853b
6fadb67b-f5c7-4d15-88bc-c9183a6e2f41,bf26bafb-f799-4174-bac0-40338f3e8851
ba88bfd9-9d94-4431-8745-375ba78affe3,20bc1485-d0c4-4b2b-b0b4-c282c203431a
5474dac5-8ac8-497d-8b52-91dff5504585,386c578b-2a53-4c3a-b910-a980fb1773c0
2b30d0df-5c3a-4e40-ab90-a14a7b0b0dff,eddb9f19-4025-4f9a-8d44-a9bf94cb562e
2b30d0df-5c3a-4e40-ab90-a14a7b0b0dff,1f33d527-6045-4358-afd9-602ae8644b43
11d64e03-f6c1-48e6-88ed-3119f5c2f702,6ca59447-c208-40e3-ab57-7edb01549cbf
85309fbf-5998-422d-a77c-e2a372bdf05f,ae92de86-1329-4de8-bbcc-f478e9f8628b
85309fbf-5998-422d-a77c-e2a372bdf05f,6ff9e82a-0eff-4a28-b5c4-68f943508bf2
5f20d5c1-c569-40e7-ac1c-6ffbae4029c1,bf26bafb-f799-4174-bac0-40338f3e8851
91e785cd-cd88-4a5c-a48c-55a18c9cda45,20bc1485-d0c4-4b2b-b0b4-c282c203431a
861f336c-29dc-434c-bebc-705c145fe4d9,992ae373-a9bc-4ae6-9d74-7082cf0a4c12
861f336c-29dc-434c-bebc-705c145fe4d9,1f33d527-6045-4358-afd9-602ae8644b43
861f336c-29dc-434c-bebc-705c145fe4d9,f4053f71-94b5-40b2-92bd-fb588127fe38
655bbca5-af65-49c4-8a3d-ad77f41abe06,386c578b-2a53-4c3a-b910-a980fb1773c0
83a4c8e8-9f69-4fd8-a2ed-11a2c947e157,6ca59447-c208-40e3-ab57-7edb01549cbf
b32d878e-9f83-496a-aa15-094b6e16fa84,3ede1470-2ccd-442a-9411-0f2f431639e4
b32d878e-9f83-496a-aa15-094b6e16fa84,4233781b-0b6c-49b5-a398-eef49e34cd7c
b32d878e-9f83-496a-aa15-094b6e16fa84,992ae373-a9bc-4ae6-9d74-7082cf0a4c12
bf4ee40c-f1c8-4641-a9f0-4565cb44f9f1,ff41c6fa-d1d3-461e-bc14-61438d2fe7d4
8754141d-1b4a-4f64-94b9-0b50ac39c9bc,9d902a90-2e2d-4921-9d40-b5c18c6fe7ec
8754141d-1b4a-4f64-94b9-0b50ac39c9bc,fe8e1adf-281b-493b-a6ec-1b86629a19d7
705fa08f-e1ad-4fce-bc49-7f1f454dbff2,eddb9f19-4025-4f9a-8d44-a9bf94cb562e
705fa08f-e1ad-4fce-bc49-7f1f454dbff2,a558c676-742a-40c3-ab74-60a0f34d0c43
5e292261-8d6f-4928-b4f4-e716558d028f,fe5f9116-b18a-42bb-bead-1f0a20aae294
358e2068-0f5a-4958-8653-ff14fe744126,6ca59447-c208-40e3-ab57-7edb01549cbf
868d7632-092e-4768-8ce3-62945b626bd4,992ae373-a9bc-4ae6-9d74-7082cf0a4c12
868d7632-092e-4768-8ce3-62945b626bd4,fc1941db-1098-4bd5-a9c7-d9fe8b94172d
86ee5ab1-6b55-4b16-84ef-106f293f2805,6ca59447-c208-40e3-ab57-7edb01549cbf
159a6fb2-75a6-4876-acce-de79458f9a0e,c9f904db-1282-4b70-a753-596160a1136a
8073fd84-10e5-4cb3-a505-1d35ca035473,69b294ca-7d15-4303-9762-216ec08f824e
f65985be-562a-4ae9-812d-377fb108a039,992ae373-a9bc-4ae6-9d74-7082cf0a4c12
d63d6166-9b65-4f3f-848f-dde457964df7,6ca59447-c208-40e3-ab57-7edb01549cbf
e6b475a3-6a21-42e9-8255-eb9c84962766,12e1702a-7623-4b11-a224-44601b67328c
e69a38ab-7300-48ce-87bb-f603806f7d12,28408059-9560-428c-be43-378a604ac3e8
9eb0a2f2-a1c3-422c-a44c-1ee31ec1f06a,d89699f6-85db-4def-8de6-14cb07eb2c43
06451ee2-d91a-4dbe-8920-c370692671f1,6bdd587c-344f-4fb7-b1c6-d48b8b15a2d1
e7f30439-eae7-4cb7-876c-6e12fc08d783,6ca59447-c208-40e3-ab57-7edb01549cbf
84df9c9e-2743-46da-bfd8-38e732c418af,992ae373-a9bc-4ae6-9d74-7082cf0a4c12
d71e3daa-c096-4f25-9adc-eee85519eee2,5fc091c1-fa87-45b5-878f-8deb38c39f5e
e617c7b4-590a-40de-ac57-e7c34343410c,6ff9e82a-0eff-4a28-b5c4-68f943508bf2
7ae289a4-b96b-4bdd-b70c-9d31b269ff62,cde9a632-6add-43ce-8de9-84ce69637125
783f6167-5ef3-4053-9d31-cd98190ea04b,cde9a632-6add-43ce-8de9-84ce69637125
667ee71d-2d9a-4c75-b3eb-89735d8502a1,9d902a90-2e2d-4921-9d40-b5c18c6fe7ec
fda78283-8c65-42ac-a208-2c5fbe58d24f,5fc091c1-fa87-45b5-878f-8deb38c39f5e
b85b4581-8c90-4eb7-aa95-396d9f44a69e,35501750-04e3-48bd-bfe4-3aa7d22e3baa
394f30bf-d865-4609-9f7e-1fa65ab00695,6359b0bf-3af6-44e9-bf13-71c9fe0ead77
e8d6e886-83f9-48e5-baed-470cc3f83333,1f33d527-6045-4358-afd9-602ae8644b43
e8d6e886-83f9-48e5-baed-470cc3f83333,3bf75b18-e479-43ff-b40e-b33f5996a5c4
c8e3d532-dfd4-4ab8-b2ad-355bc268626a,386c578b-2a53-4c3a-b910-a980fb1773c0
8a95abdb-a3ed-4f22-a7aa-eddc17f95dce,d1c30f65-d081-40cd-91e8-193b4c51182a
1852f85b-b62d-47df-85e8-d5dedaadfc9f,6e7ec579-d5fc-41c8-82f1-649532a23cb4
4d7ffd5b-ced5-4e51-b359-a17391beed28,c7e9d8ec-9ba5-4048-82e7-c3d2ff02eb9b
b3032f8a-f6aa-4946-91a6-ef9afc59248a,1ce37d28-4cb6-49c3-8d5b-21b9d23119e2
59b5a58a-4d8a-4385-b2bc-1491f0bab33b,ff41c6fa-d1d3-461e-bc14-61438d2fe7d4
905d6e05-7c5c-4b11-80d9-1ee1e7e5868f,386c578b-2a53-4c3a-b910-a980fb1773c0
68173cdc-c248-4949-8b99-7743906d5211,1f33d527-6045-4358-afd9-602ae8644b43
68173cdc-c248-4949-8b99-7743906d5211,992ae373-a9bc-4ae6-9d74-7082cf0a4c12
aff34d02-dff7-4d04-911c-61de40242b33,ac2f7cb8-fe85-4eec-9dbd-11aab73b200d
e066b6e7-f8ac-47e3-905b-15c52cb567c3,40193610-2542-4d28-a63f-078467cb7f0a
7089d9f9-0c01-49eb-a54e-01814a6aa057,b47cb9fd-b9c9-4d77-916d-93ed0c1a1879
7089d9f9-0c01-49eb-a54e-01814a6aa057,6ff9e82a-0eff-4a28-b5c4-68f943508bf2
7089d9f9-0c01-49eb-a54e-01814a6aa057,eddb9f19-4025-4f9a-8d44-a9bf94cb562e
4f2d7dc4-47e9-48c5-bb77-aec0de1e6d33,5fc091c1-fa87-45b5-878f-8deb38c39f5e
17bc21eb-1559-4f32-bc6a-5d468d7aadc3,992ae373-a9bc-4ae6-9d74-7082cf0a4c12
17bc21eb-1559-4f32-bc6a-5d468d7aadc3,d8552976-9336-4818-a952-a6ada26a3006
d6e37725-4784-4ca4-9588-fe47c1afedb9,ca64a6a5-167f-4dc6-a828-596ec7fb7bcf
32860b30-e5b0-41d0-a405-2afaeb8ccd76,02257903-92fa-4ef4-8ba7-12758b989472
c80d2394-99ab-4587-8aff-e7ca414b12c9,af68b454-0781-4ba1-a037-4444038ef730
6adc33a9-6a3d-49e3-91c2-a566d9d2d340,d89699f6-85db-4def-8de6-14cb07eb2c43
6adc33a9-6a3d-49e3-91c2-a566d9d2d340,41d62f31-a92e-4ff2-9981-41f3cf46ebeb
6adc33a9-6a3d-49e3-91c2-a566d9d2d340,05155868-5a51-4328-bec7-587f5f081148
6adc33a9-6a3d-49e3-91c2-a566d9d2d340,9e87af73-6ec7-473e-86b9-93fc8311efba
d6a1e99a-6554-4eaa-a869-2de8b7add41f,3b16b9a9-28b5-4421-a419-f2c0a580a622
3e1f9858-634a-4930-9032-ae7c3eae44bd,02257903-92fa-4ef4-8ba7-12758b989472
8db0bcff-9de3-4bba-acff-0f5a9b275e3a,1bcd244a-c2a5-4a4e-8572-b7459305a8b1
703f75fe-ac45-4517-817d-13912642309a,1f33d527-6045-4358-afd9-602ae8644b43
703f75fe-ac45-4517-817d-13912642309a,a02e22cb-d235-4e41-99c0-73d63c06157e
aa85b556-11a7-4e59-8c89-67aa6a510f7d,e47cd590-4bd7-4399-a7ec-b5c1838ed835
d3060607-a08d-42f2-a14b-98e3d755a6d7,fc1941db-1098-4bd5-a9c7-d9fe8b94172d
d3060607-a08d-42f2-a14b-98e3d755a6d7,992ae373-a9bc-4ae6-9d74-7082cf0a4c12
74befcdb-2c08-4630-88df-391925317ee9,b9f30bc7-6fe4-42ff-81ef-6b73634f7220
10657b28-d272-46ad-852f-b9e4fb2c6e30,dca26f5a-6485-43d1-9b87-82b066477f04
0bc46b74-c24d-401f-8d7c-677c15043411,386c578b-2a53-4c3a-b910-a980fb1773c0
e1ba4891-6d6d-43a4-8864-3d201b7c7ef9,1f33d527-6045-4358-afd9-602ae8644b43
81cbe79a-6b52-41b8-bf0e-561760c70035,6ca59447-c208-40e3-ab57-7edb01549cbf
9096df21-2592-4534-a07a-3ff5e6f5c8e5,992ae373-a9bc-4ae6-9d74-7082cf0a4c12
9096df21-2592-4534-a07a-3ff5e6f5c8e5,fc1941db-1098-4bd5-a9c7-d9fe8b94172d
794fce5a-54d3-4d9f-b587-d93ff8c7397c,6ca59447-c208-40e3-ab57-7edb01549cbf
a9c727f4-f649-4c06-ac0a-d1f5edfb3bc2,992ae373-a9bc-4ae6-9d74-7082cf0a4c12
a9c727f4-f649-4c06-ac0a-d1f5edfb3bc2,9f6d5b2b-ac1c-4cc3-a7d1-7cedf98b7563
383c049a-954e-4592-a38e-0cd0e022bd0f,5fc091c1-fa87-45b5-878f-8deb38c39f5e
4eed52a6-23c3-4d39-b4d7-f7ffc4fb962c,992ae373-a9bc-4ae6-9d74-7082cf0a4c12
9693aa25-985c-4a64-be03-f352230ccc30,5fc091c1-fa87-45b5-878f-8deb38c39f5e
3ace4f5e-341b-4c01-8d7a-130f6fc0e832,e1f048ba-5b3e-4c91-9caf-28dca91525cf
32b0aab8-5fc5-46d2-b0e3-f4121f95c89f,6ca59447-c208-40e3-ab57-7edb01549cbf
4dd6b8dd-9c1d-4e38-9d4c-3353376447f1,69b294ca-7d15-4303-9762-216ec08f824e
57412aaf-c4b1-437e-bc19-c0e06940a468,91f5ef84-d09b-4a54-a729-b6abe973e128
37df9708-ce8e-4817-99b8-8fd3affb71f1,992ae373-a9bc-4ae6-9d74-7082cf0a4c12
a75ea341-8a20-40c1-b7ac-b14424de0691,6b0712f7-178e-473d-8bc6-3ca8e50b9053
1f9be681-de24-4d92-99aa-946ffabf5467,6ca59447-c208-40e3-ab57-7edb01549cbf
5ed741e2-1ca0-422c-b6f2-62dd06decf54,992ae373-a9bc-4ae6-9d74-7082cf0a4c12
5ed741e2-1ca0-422c-b6f2-62dd06decf54,1f33d527-6045-4358-afd9-602ae8644b43
5f59de67-384b-46e1-a1c5-bb8ea7d02078,6ca59447-c208-40e3-ab57-7edb01549cbf
7fc6acb7-4f44-425e-a57c-76535343d617,992ae373-a9bc-4ae6-9d74-7082cf0a4c12
b441bf4d-6f0d-407d-adfd-ad95fba7604a,6ca59447-c208-40e3-ab57-7edb01549cbf
006a56dc-e2bc-4da8-9a91-6e92a7249369,992ae373-a9bc-4ae6-9d74-7082cf0a4c12
006a56dc-e2bc-4da8-9a91-6e92a7249369,eddb9f19-4025-4f9a-8d44-a9bf94cb562e
006a56dc-e2bc-4da8-9a91-6e92a7249369,72f27659-ea6c-40a3-9f2d-dfe7d82c853b
eb1449e3-c649-4d49-a2f7-7e74cc82662e,c0cdd49a-91fd-4557-95e5-236e2a601286
336fe807-9ebd-49fd-a8f4-4e03e00a14b6,6bdd587c-344f-4fb7-b1c6-d48b8b15a2d1
a36093fc-80c4-4d96-8aa1-b0faf56703a0,41d62f31-a92e-4ff2-9981-41f3cf46ebeb
a36093fc-80c4-4d96-8aa1-b0faf56703a0,992ae373-a9bc-4ae6-9d74-7082cf0a4c12
a36093fc-80c4-4d96-8aa1-b0faf56703a0,ae92de86-1329-4de8-bbcc-f478e9f8628b
a36093fc-80c4-4d96-8aa1-b0faf56703a0,eddb9f19-4025-4f9a-8d44-a9bf94cb562e
13a83025-8f72-4203-bca6-a9bfa8245a64,c0616b1c-7741-4f55-9da3-7b115b34481c
029dfefa-78c4-456c-9715-25690f8d9589,c0616b1c-7741-4f55-9da3-7b115b34481c
c9bafb7e-cf58-4840-8193-c93122e3c13f,992ae373-a9bc-4ae6-9d74-7082cf0a4c12
c9bafb7e-cf58-4840-8193-c93122e3c13f,eddb9f19-4025-4f9a-8d44-a9bf94cb562e
1cd9285a-6f96-41b3-87ec-e701d94e9bc5,6ca59447-c208-40e3-ab57-7edb01549cbf
71fb06f1-9948-4ced-987d-c7a0c6c9dabe,992ae373-a9bc-4ae6-9d74-7082cf0a4c12
71fb06f1-9948-4ced-987d-c7a0c6c9dabe,6ff9e82a-0eff-4a28-b5c4-68f943508bf2
76291300-30cb-4735-afb9-6a3a6cbe5b4b,6ca59447-c208-40e3-ab57-7edb01549cbf
95570618-5d6c-4377-b3eb-bdd0b07ce692,6ff9e82a-0eff-4a28-b5c4-68f943508bf2
95570618-5d6c-4377-b3eb-bdd0b07ce692,b47cb9fd-b9c9-4d77-916d-93ed0c1a1879
95570618-5d6c-4377-b3eb-bdd0b07ce692,9f6d5b2b-ac1c-4cc3-a7d1-7cedf98b7563
95570618-5d6c-4377-b3eb-bdd0b07ce692,72f27659-ea6c-40a3-9f2d-dfe7d82c853b
95570618-5d6c-4377-b3eb-bdd0b07ce692,732d99fe-5806-481a-9bb4-8dff7085bfd4
5f1f1733-46c8-4f46-9d9d-e5ee14d5e8dd,b4f75e2e-aded-4dd2-8b9c-740be0e9164d
b21c3b86-a0bd-4b15-b446-4f59b9b7adfa,1f33d527-6045-4358-afd9-602ae8644b43
b21c3b86-a0bd-4b15-b446-4f59b9b7adfa,6ff9e82a-0eff-4a28-b5c4-68f943508bf2
b21c3b86-a0bd-4b15-b446-4f59b9b7adfa,992ae373-a9bc-4ae6-9d74-7082cf0a4c12
7998d002-f1d2-424b-ab71-0bb06ea9311b,8e47f6b9-4a44-4ce0-98bf-f3e7356fa1d2
6b399c27-a23b-486a-9dbe-79363d015049,6ca59447-c208-40e3-ab57-7edb01549cbf
b4e23378-afd4-4a86-8f1b-ee8589a3ce3d,992ae373-a9bc-4ae6-9d74-7082cf0a4c12
b4e23378-afd4-4a86-8f1b-ee8589a3ce3d,6ff9e82a-0eff-4a28-b5c4-68f943508bf2
b4e23378-afd4-4a86-8f1b-ee8589a3ce3d,69b294ca-7d15-4303-9762-216ec08f824e
418437cc-97df-42db-91fa-38a717c3147f,6ca59447-c208-40e3-ab57-7edb01549cbf
e425b16f-7863-487a-8807-4cc3dc74afd6,efde0ce9-21df-44b4-ba54-c6d738ec2e64
e425b16f-7863-487a-8807-4cc3dc74afd6,9d902a90-2e2d-4921-9d40-b5c18c6fe7ec
3d42386a-b991-4087-9355-f0f04aec472f,6ca59447-c208-40e3-ab57-7edb01549cbf
ea1ce1d6-55e5-4f8b-8def-4e2187ed597c,ae92de86-1329-4de8-bbcc-f478e9f8628b
ea1ce1d6-55e5-4f8b-8def-4e2187ed597c,992ae373-a9bc-4ae6-9d74-7082cf0a4c12
ea1ce1d6-55e5-4f8b-8def-4e2187ed597c,fc1941db-1098-4bd5-a9c7-d9fe8b94172d
011d579d-ea09-41b5-a405-9455104e1389,b1938d90-e95c-4a12-87a3-4e4e3b8b4658
b09dc024-39b1-4a8b-9609-daf7e65296bb,aa5350c6-5532-4604-b95c-938b8f7cb95c
c54edf48-53ab-4c4f-8b66-21ee0a461beb,6bdd587c-344f-4fb7-b1c6-d48b8b15a2d1
7ff346ef-1de0-47e5-80f7-89849b6c0195,992ae373-a9bc-4ae6-9d74-7082cf0a4c12
7ff346ef-1de0-47e5-80f7-89849b6c0195,1f33d527-6045-4358-afd9-602ae8644b43
e90ad7fd-b725-4e9f-b3c3-211715eff509,6fe661aa-ffec-44c5-8de9-c80eef106e6b
1444edb5-1a9f-4719-966f-78cf11dba9e7,6ca59447-c208-40e3-ab57-7edb01549cbf
88973002-af59-45b4-8987-14974ccef985,0a2353ed-3482-4163-9ca4-46e6cf6ab717
88973002-af59-45b4-8987-14974ccef985,6ff9e82a-0eff-4a28-b5c4-68f943508bf2
88973002-af59-45b4-8987-14974ccef985,c12e9df5-302b-490d-8ee4-c29cb2b55541
779880ce-8553-4857-a302-c9a50bb07539,50d749ed-12a3-48bb-88a9-ac8403bdc400
3199b8c1-e285-46d2-a762-7ea75051c178,02257903-92fa-4ef4-8ba7-12758b989472
addce4e8-0a43-4dd3-bdc8-17eb4a6e50db,02257903-92fa-4ef4-8ba7-12758b989472
01262612-e4c8-4099-a8cd-240845be6e0b,6359b0bf-3af6-44e9-bf13-71c9fe0ead77
3f47a243-b451-4531-90c6-1191fc4db46b,9d902a90-2e2d-4921-9d40-b5c18c6fe7ec
3f47a243-b451-4531-90c6-1191fc4db46b,6ff9e82a-0eff-4a28-b5c4-68f943508bf2
1a325417-fcec-4615-ad94-1dfc568d1938,6ca59447-c208-40e3-ab57-7edb01549cbf
b5e6a603-7d8b-40a3-ab6b-1dde581fccb4,6ca59447-c208-40e3-ab57-7edb01549cbf
7b24589b-9cbb-4d2e-96ef-454447a89ac4,992ae373-a9bc-4ae6-9d74-7082cf0a4c12
7b24589b-9cbb-4d2e-96ef-454447a89ac4,efde0ce9-21df-44b4-ba54-c6d738ec2e64
0f557a6b-c44d-4650-848d-83bae9339493,992ae373-a9bc-4ae6-9d74-7082cf0a4c12
0f557a6b-c44d-4650-848d-83bae9339493,eddb9f19-4025-4f9a-8d44-a9bf94cb562e
0f557a6b-c44d-4650-848d-83bae9339493,1f33d527-6045-4358-afd9-602ae8644b43
d1962356-c79a-40fe-8714-c185d6a8b488,6ca59447-c208-40e3-ab57-7edb01549cbf
995da33c-5d56-4de9-9cec-e2695a6fefb5,fe5f9116-b18a-42bb-bead-1f0a20aae294
14ce1126-4633-465e-87c8-d0a1775311ce,ff41c6fa-d1d3-461e-bc14-61438d2fe7d4
62ab50db-3921-46b2-be02-5b7a8039ffb9,992ae373-a9bc-4ae6-9d74-7082cf0a4c12
62ab50db-3921-46b2-be02-5b7a8039ffb9,eddb9f19-4025-4f9a-8d44-a9bf94cb562e
62ab50db-3921-46b2-be02-5b7a8039ffb9,72f27659-ea6c-40a3-9f2d-dfe7d82c853b
769d79e3-c5dd-4429-b3c2-8cfeaf7c0ea9,0ee9f564-1d84-4c16-8227-802613b88a09
57a09548-b8aa-41fd-a9b5-fc6f83fb6463,28408059-9560-428c-be43-378a604ac3e8
d3d8d2e1-4838-4dbc-a4a2-15e277cb5c18,1f33d527-6045-4358-afd9-602ae8644b43
d3d8d2e1-4838-4dbc-a4a2-15e277cb5c18,d89699f6-85db-4def-8de6-14cb07eb2c43
6657ca0d-1e86-4eb9-85f8-4ca5df5d1799,5fc091c1-fa87-45b5-878f-8deb38c39f5e
3cc5f62d-d002-457a-be36-c98ca6c24beb,6ca59447-c208-40e3-ab57-7edb01549cbf
2b3c4162-a63c-42c6-98a5-4c6569393ecc,992ae373-a9bc-4ae6-9d74-7082cf0a4c12
2b3c4162-a63c-42c6-98a5-4c6569393ecc,6ff9e82a-0eff-4a28-b5c4-68f943508bf2
4b356cf3-2fe9-4dd0-93dd-a21ef0fc86ac,6359b0bf-3af6-44e9-bf13-71c9fe0ead77
7dc1eaba-e478-4ae1-b2f7-ee8e72c92b0d,992ae373-a9bc-4ae6-9d74-7082cf0a4c12
7dc1eaba-e478-4ae1-b2f7-ee8e72c92b0d,1f33d527-6045-4358-afd9-602ae8644b43
01eb07af-4307-4206-a16c-7282e27036ac,3d947f3c-fa03-4667-b09a-25a8f2db2adb
6a27b183-fcaa-4543-9bbf-9fcd44120c36,6ca59447-c208-40e3-ab57-7edb01549cbf
f3d76ecf-c570-456b-83fb-697be58fd585,6ff9e82a-0eff-4a28-b5c4-68f943508bf2
bc1300b8-2bfb-4b21-a3e6-cb6eb014e571,6ca59447-c208-40e3-ab57-7edb01549cbf
5f7f1bf2-5356-47c0-b680-a8cff726ceb6,992ae373-a9bc-4ae6-9d74-7082cf0a4c12
5f7f1bf2-5356-47c0-b680-a8cff726ceb6,fe8e1adf-281b-493b-a6ec-1b86629a19d7
44f2d2e2-370c-4457-8710-8a64238bbab8,dc23b550-ff28-4b18-ae4c-dc17ca0235ab
8cff7b4b-1f89-4a66-b2f8-480d0e2100c6,41d62f31-a92e-4ff2-9981-41f3cf46ebeb
8cff7b4b-1f89-4a66-b2f8-480d0e2100c6,3bf75b18-e479-43ff-b40e-b33f5996a5c4
93831545-2402-48b8-8af8-0bcee721be56,a0ec4670-47c0-48d5-a9a0-c2012e886b58
2cbedb87-2aaf-4b1c-bffe-8e5e865b2d10,386c578b-2a53-4c3a-b910-a980fb1773c0
d4d4c7a1-7d44-4411-a54a-c228f1f8ca68,6ca59447-c208-40e3-ab57-7edb01549cbf
4312c03e-ffb2-4e73-ab0a-9061e2242b90,6ff9e82a-0eff-4a28-b5c4-68f943508bf2
4312c03e-ffb2-4e73-ab0a-9061e2242b90,d89699f6-85db-4def-8de6-14cb07eb2c43
550c680a-fa62-4c03-8f64-ad4da35a3eef,ac2f7cb8-fe85-4eec-9dbd-11aab73b200d
10beb8aa-ce2b-488c-a82c-b7389e67c989,7a8e0e9d-28f2-40d7-8696-9db0a75a628d
a8e1f206-b509-4180-8448-be303c0c6dd1,ff41c6fa-d1d3-461e-bc14-61438d2fe7d4
a6604afb-371c-464c-ab8d-ab5b358d3e85,3b16b9a9-28b5-4421-a419-f2c0a580a622
7999edcb-6fc5-4b81-806c-44a722c43896,41d62f31-a92e-4ff2-9981-41f3cf46ebeb
7999edcb-6fc5-4b81-806c-44a722c43896,eddb9f19-4025-4f9a-8d44-a9bf94cb562e
26c17944-9ee8-4d98-a873-02fc19ac0151,af68b454-0781-4ba1-a037-4444038ef730
85825a28-f122-4f1f-991d-d1b00e599ccc,9e87af73-6ec7-473e-86b9-93fc8311efba
85825a28-f122-4f1f-991d-d1b00e599ccc,6e7ec579-d5fc-41c8-82f1-649532a23cb4
c57fff77-b848-49a4-a52b-dd8b1d3cb17c,3b16b9a9-28b5-4421-a419-f2c0a580a622
ae6689c5-faae-4abb-83ef-5527486537ff,2baf988b-c09f-420d-b2f1-07c3f3cb565b
02eb3726-9801-474b-b754-a03183a4bbb7,dca26f5a-6485-43d1-9b87-82b066477f04
b08be22c-22e5-4383-bc27-46cb0322844a,1f33d527-6045-4358-afd9-602ae8644b43
7630585a-554e-4ed4-8bc1-56502ffad65e,3b16b9a9-28b5-4421-a419-f2c0a580a622
271070fa-06ab-4678-9651-c47208fd4a82,f4053f71-94b5-40b2-92bd-fb588127fe38
21637bc4-14b1-4ad8-8dd2-6f19f81214ff,6ca59447-c208-40e3-ab57-7edb01549cbf
4ca3ac8c-d69e-4b3b-91a4-e2e0fa93a3e0,52d84173-882a-48bc-98c2-da35a45c13c1
d77fda8e-d554-4e34-8894-d376a8fad128,02257903-92fa-4ef4-8ba7-12758b989472
628d364e-30e1-42be-aac1-310df37c4c9f,992ae373-a9bc-4ae6-9d74-7082cf0a4c12
0a7cf66a-7bed-4be4-9fd0-40a798506e3c,cde9a632-6add-43ce-8de9-84ce69637125
061d7bc8-d744-4009-afeb-f87564dbfa1b,5fc091c1-fa87-45b5-878f-8deb38c39f5e
b50205a7-dd55-4f62-8125-a1cf13ef29ac,992ae373-a9bc-4ae6-9d74-7082cf0a4c12
b50205a7-dd55-4f62-8125-a1cf13ef29ac,1f33d527-6045-4358-afd9-602ae8644b43
5a8de31f-f70f-4ab5-844e-11cb5dde39dd,ca64a6a5-167f-4dc6-a828-596ec7fb7bcf
860b91e8-3532-4a09-b663-3c6f62c1c8bd,992ae373-a9bc-4ae6-9d74-7082cf0a4c12
860b91e8-3532-4a09-b663-3c6f62c1c8bd,1f33d527-6045-4358-afd9-602ae8644b43
860b91e8-3532-4a09-b663-3c6f62c1c8bd,eddb9f19-4025-4f9a-8d44-a9bf94cb562e
860b91e8-3532-4a09-b663-3c6f62c1c8bd,69b294ca-7d15-4303-9762-216ec08f824e
d9eef00b-9588-4ff0-b1e7-c6ab818f4c7e,50d749ed-12a3-48bb-88a9-ac8403bdc400
bf7b5336-91ef-4545-b326-822b7fbb0405,6ca59447-c208-40e3-ab57-7edb01549cbf
fd131cdd-7af3-4a52-a0f1-cdad1b70da50,992ae373-a9bc-4ae6-9d74-7082cf0a4c12
fd131cdd-7af3-4a52-a0f1-cdad1b70da50,b47cb9fd-b9c9-4d77-916d-93ed0c1a1879
1af23176-db9f-4c07-9f50-4402e451c84a,f5ae86d6-7b29-42fb-b3b0-3b474b2978f5
2e033d72-7112-48b2-a9f0-e09cde6d87da,28408059-9560-428c-be43-378a604ac3e8
c0f1da21-e3f0-4ce5-99e8-b21991ca5a63,d89699f6-85db-4def-8de6-14cb07eb2c43
c0f1da21-e3f0-4ce5-99e8-b21991ca5a63,1f33d527-6045-4358-afd9-602ae8644b43
21855538-07df-454f-8179-165cbbb15003,dca26f5a-6485-43d1-9b87-82b066477f04
785e38b7-ac2b-4899-be34-7ec4217a79d1,ca64a6a5-167f-4dc6-a828-596ec7fb7bcf
12774bf7-35ee-4e85-b7f5-176e5da31583,50d749ed-12a3-48bb-88a9-ac8403bdc400
3e436e2c-cd6b-4c6b-99c4-bd9140b52243,0a2353ed-3482-4163-9ca4-46e6cf6ab717
3e436e2c-cd6b-4c6b-99c4-bd9140b52243,8ccdb142-81ed-489d-94a0-4041bd04a46e
3e436e2c-cd6b-4c6b-99c4-bd9140b52243,421187bb-ba8c-445a-a03c-e17ed8a34c0f
3e436e2c-cd6b-4c6b-99c4-bd9140b52243,1f33d527-6045-4358-afd9-602ae8644b43
a9fad628-bc5a-4ac5-8a82-4717a6c6bb7f,2407e3fc-726a-44f3-8344-0d8da811e1b8
6b7391d4-59dc-4847-b4be-737eef1e054c,6359b0bf-3af6-44e9-bf13-71c9fe0ead77
7d7e6ee4-2722-4850-ab89-e59ae30a1b43,1f33d527-6045-4358-afd9-602ae8644b43
7d7e6ee4-2722-4850-ab89-e59ae30a1b43,f4053f71-94b5-40b2-92bd-fb588127fe38
070212fd-280d-4991-98bc-7cc0d1100e24,cc81e6bc-9247-4f0e-9eb4-ca3900ac7217
5c6bed6d-2864-4e29-8af7-55c44fabfeca,3b16b9a9-28b5-4421-a419-f2c0a580a622
7ca341fb-6d3c-4384-8331-ac1d05f6587c,6ca59447-c208-40e3-ab57-7edb01549cbf
39de85a0-595a-4f82-a0ed-47b5270ad4d0,992ae373-a9bc-4ae6-9d74-7082cf0a4c12
39de85a0-595a-4f82-a0ed-47b5270ad4d0,ae92de86-1329-4de8-bbcc-f478e9f8628b
39de85a0-595a-4f82-a0ed-47b5270ad4d0,8ccdb142-81ed-489d-94a0-4041bd04a46e
39de85a0-595a-4f82-a0ed-47b5270ad4d0,0a2353ed-3482-4163-9ca4-46e6cf6ab717
295208cf-6972-435d-ab4a-db5585440acc,992ae373-a9bc-4ae6-9d74-7082cf0a4c12
66b73215-220d-492c-9bc6-4b311f8360a9,6ca59447-c208-40e3-ab57-7edb01549cbf
0c7d3e15-e627-4275-b808-25ea143d1e2e,6ca59447-c208-40e3-ab57-7edb01549cbf
2e8fed53-06d2-4605-9c84-121bbc057c32,992ae373-a9bc-4ae6-9d74-7082cf0a4c12
2e8fed53-06d2-4605-9c84-121bbc057c32,ae92de86-1329-4de8-bbcc-f478e9f8628b
28dd0e5c-aeef-479e-a469-c68cdb5f85e4,2baf988b-c09f-420d-b2f1-07c3f3cb565b
68a918ad-c299-46f4-bfe2-36cbc33e3290,20bc1485-d0c4-4b2b-b0b4-c282c203431a
0442f1a3-490e-4f93-8bdd-d2eb0801408f,1f33d527-6045-4358-afd9-602ae8644b43
1bb46318-be30-408d-85f3-8a53d0c45c8f,4519ffb7-82ab-4f7a-b4b6-5fab503a5663
6ffeb510-8b18-493b-b2da-ef1c10c9a167,6ca59447-c208-40e3-ab57-7edb01549cbf
5652c525-d745-482a-a478-81ef9b599e34,992ae373-a9bc-4ae6-9d74-7082cf0a4c12
9460eeda-9af1-4832-a3d0-dc42345c4b8b,6ca59447-c208-40e3-ab57-7edb01549cbf
b8a13a25-13e7-4c9b-9a2d-98bd78438c53,0a2353ed-3482-4163-9ca4-46e6cf6ab717
e50b70d2-6901-420c-9842-24af9c8b31f2,081dce13-ebde-49f5-95d1-a2de759b8a41
7b88039d-3462-4bbf-8fd2-fe61f01fea6a,f137d46d-5bac-404d-bfc9-d9fb8fc8a734
7b88039d-3462-4bbf-8fd2-fe61f01fea6a,992ae373-a9bc-4ae6-9d74-7082cf0a4c12
7b88039d-3462-4bbf-8fd2-fe61f01fea6a,72f27659-ea6c-40a3-9f2d-dfe7d82c853b
b5143905-946e-4e4c-b03e-3e705090faaa,992ae373-a9bc-4ae6-9d74-7082cf0a4c12
b5143905-946e-4e4c-b03e-3e705090faaa,ae92de86-1329-4de8-bbcc-f478e9f8628b
b5143905-946e-4e4c-b03e-3e705090faaa,9f6d5b2b-ac1c-4cc3-a7d1-7cedf98b7563
b68ae066-2ad9-4497-901e-c55247f6ec63,6ca59447-c208-40e3-ab57-7edb01549cbf
3b1e5b56-84b7-4624-8e9d-fc491f596b4a,38fb6d40-46f1-4b8f-8b19-6769e6e92687
9a127815-44d0-4fb5-bd79-fb8829ac8495,992ae373-a9bc-4ae6-9d74-7082cf0a4c12
9a127815-44d0-4fb5-bd79-fb8829ac8495,ae92de86-1329-4de8-bbcc-f478e9f8628b
9a127815-44d0-4fb5-bd79-fb8829ac8495,1f33d527-6045-4358-afd9-602ae8644b43
c3191e6f-3859-45c3-acc7-71c265a5abc3,89816960-209a-4338-98c2-15cd395dd76b
782b0e06-2b1a-4769-83d5-b517cea5c565,6ca59447-c208-40e3-ab57-7edb01549cbf
b5410842-3829-47a8-85e8-bca006e3e14e,efde0ce9-21df-44b4-ba54-c6d738ec2e64
b5410842-3829-47a8-85e8-bca006e3e14e,eddb9f19-4025-4f9a-8d44-a9bf94cb562e
b5410842-3829-47a8-85e8-bca006e3e14e,992ae373-a9bc-4ae6-9d74-7082cf0a4c12
b5410842-3829-47a8-85e8-bca006e3e14e,ae92de86-1329-4de8-bbcc-f478e9f8628b
b5410842-3829-47a8-85e8-bca006e3e14e,6ff9e82a-0eff-4a28-b5c4-68f943508bf2
b5410842-3829-47a8-85e8-bca006e3e14e,fc1941db-1098-4bd5-a9c7-d9fe8b94172d
adc22ad6-714b-470d-b4b9-fc25244f251c,0ee9f564-1d84-4c16-8227-802613b88a09
9247911a-5a57-4c4b-a4e5-fada4aaed683,38fb6d40-46f1-4b8f-8b19-6769e6e92687
fa286de9-41c5-4771-868d-82f875b01d1d,6bdd587c-344f-4fb7-b1c6-d48b8b15a2d1
9001505d-d937-45b2-84e2-b1a4849b1919,d89699f6-85db-4def-8de6-14cb07eb2c43
9001505d-d937-45b2-84e2-b1a4849b1919,ae92de86-1329-4de8-bbcc-f478e9f8628b
9001505d-d937-45b2-84e2-b1a4849b1919,992ae373-a9bc-4ae6-9d74-7082cf0a4c12
9001505d-d937-45b2-84e2-b1a4849b1919,6e7ec579-d5fc-41c8-82f1-649532a23cb4
a281f07a-f1ac-47b0-8a4f-90f35b1fb24e,9e87af73-6ec7-473e-86b9-93fc8311efba
a281f07a-f1ac-47b0-8a4f-90f35b1fb24e,6ff9e82a-0eff-4a28-b5c4-68f943508bf2
63b37f14-58b1-47b1-a8d6-0cb8e035432e,6ca59447-c208-40e3-ab57-7edb01549cbf
31841b8f-07b0-40c2-ad4d-4da21723ac81,b4f75e2e-aded-4dd2-8b9c-740be0e9164d
27b1f65d-001f-4a29-84be-0c1af75b0873,f137d46d-5bac-404d-bfc9-d9fb8fc8a734
27b1f65d-001f-4a29-84be-0c1af75b0873,992ae373-a9bc-4ae6-9d74-7082cf0a4c12
27b1f65d-001f-4a29-84be-0c1af75b0873,0663a94d-7fc1-4427-9cdd-86e299c0fe86
aa80ce8b-7dc6-4371-a047-c53165fbfcad,8e47f6b9-4a44-4ce0-98bf-f3e7356fa1d2
42007ad9-20d2-4859-90bb-65000f998e7a,992ae373-a9bc-4ae6-9d74-7082cf0a4c12
42007ad9-20d2-4859-90bb-65000f998e7a,0a2353ed-3482-4163-9ca4-46e6cf6ab717
617a1466-d354-4333-a923-3649dd2970bd,6ca59447-c208-40e3-ab57-7edb01549cbf
e8630dff-eb9e-49b9-93a2-2beb0d4f54b0,ae92de86-1329-4de8-bbcc-f478e9f8628b
e8630dff-eb9e-49b9-93a2-2beb0d4f54b0,992ae373-a9bc-4ae6-9d74-7082cf0a4c12
dce54391-df45-49b0-b29c-1d40e1df6d16,6ca59447-c208-40e3-ab57-7edb01549cbf
7e65dbae-2cb1-4c92-bccb-ff6670b763e0,8e47f6b9-4a44-4ce0-98bf-f3e7356fa1d2
43e191ad-325c-4ebd-9f17-3bcffdd514c8,d1c30f65-d081-40cd-91e8-193b4c51182a
6a6960b9-3372-4485-8d34-66ee220a8b51,d89699f6-85db-4def-8de6-14cb07eb2c43
6a6960b9-3372-4485-8d34-66ee220a8b51,6e7ec579-d5fc-41c8-82f1-649532a23cb4
6a6960b9-3372-4485-8d34-66ee220a8b51,eddb9f19-4025-4f9a-8d44-a9bf94cb562e
9163311b-34ea-4037-85b6-030635c6bf60,5fc091c1-fa87-45b5-878f-8deb38c39f5e
59f803b1-0a13-4392-a6ff-9c6d64545c21,6ccd09a6-df0b-427f-a639-7f3b30134426
8de975c7-214f-47ee-bd20-d545d72483e4,20bc1485-d0c4-4b2b-b0b4-c282c203431a
524a7c1e-dd08-41b4-8385-7f3160bac2b2,3b16b9a9-28b5-4421-a419-f2c0a580a622
e732a5c2-14a9-4e89-837e-0d726adc5cc2,652457ae-aab8-457a-b1a8-66deb031d7a7
12efe488-9226-49a3-a5fe-15dd853d902d,1f33d527-6045-4358-afd9-602ae8644b43
12efe488-9226-49a3-a5fe-15dd853d902d,d89699f6-85db-4def-8de6-14cb07eb2c43
8e31b83f-2f97-463e-820f-431a3724aa6d,6ca59447-c208-40e3-ab57-7edb01549cbf
21e5ba26-c9f4-4367-b3e7-eb95b49b7b78,9e87af73-6ec7-473e-86b9-93fc8311efba
21e5ba26-c9f4-4367-b3e7-eb95b49b7b78,6ff9e82a-0eff-4a28-b5c4-68f943508bf2
d1ac4182-d408-4420-9572-805471860bbf,21d8739d-25f6-48b7-a909-14d59848db24
b58ebc16-dd90-4c72-a520-70047a71aa6f,6359b0bf-3af6-44e9-bf13-71c9fe0ead77
051f18b3-d916-4ef8-82fd-d803b7164257,5fc091c1-fa87-45b5-878f-8deb38c39f5e
669ccfa3-b94c-47e9-af8e-fad7b6696514,386c578b-2a53-4c3a-b910-a980fb1773c0
7fd7f367-e95d-46bb-945a-b29c4f302a1f,c0616b1c-7741-4f55-9da3-7b115b34481c
4ccaa934-09c5-47d8-9b50-0d63eff88721,1f33d527-6045-4358-afd9-602ae8644b43
16609d21-519b-4e82-8fc1-5984f7d58f57,f413d6b6-6542-41fc-940c-6177cf5606aa
e0afd985-1c33-42ae-aa83-9a02d9455522,386c578b-2a53-4c3a-b910-a980fb1773c0
a98887ac-0674-47d2-b255-114f4fc3d54a,992ae373-a9bc-4ae6-9d74-7082cf0a4c12
a98887ac-0674-47d2-b255-114f4fc3d54a,d89699f6-85db-4def-8de6-14cb07eb2c43
a98887ac-0674-47d2-b255-114f4fc3d54a,6e7ec579-d5fc-41c8-82f1-649532a23cb4
98492c0e-29f9-40a7-bbae-5e9acdba53c8,8e47f6b9-4a44-4ce0-98bf-f3e7356fa1d2
b4065e86-f335-4f7d-abb1-cff34a2ea3e0,b4f75e2e-aded-4dd2-8b9c-740be0e9164d
8a6a954e-5ca0-4284-9e67-1ed17caaa8bd,992ae373-a9bc-4ae6-9d74-7082cf0a4c12
8a6a954e-5ca0-4284-9e67-1ed17caaa8bd,eddb9f19-4025-4f9a-8d44-a9bf94cb562e
c8a19e5a-eaaf-4bea-9f54-e3a43527c984,6ca59447-c208-40e3-ab57-7edb01549cbf
be183aed-0a2b-4333-ac97-879cc074cd1a,f137d46d-5bac-404d-bfc9-d9fb8fc8a734
be183aed-0a2b-4333-ac97-879cc074cd1a,eddb9f19-4025-4f9a-8d44-a9bf94cb562e
be183aed-0a2b-4333-ac97-879cc074cd1a,72f27659-ea6c-40a3-9f2d-dfe7d82c853b
be183aed-0a2b-4333-ac97-879cc074cd1a,6ff9e82a-0eff-4a28-b5c4-68f943508bf2
ca8a4466-5922-4bed-ab0b-cffcad0ba259,d1c30f65-d081-40cd-91e8-193b4c51182a
9eaa1a5c-daee-4545-94cc-9d2372cbbd04,1f33d527-6045-4358-afd9-602ae8644b43
c8a63510-8657-4d37-8b22-d18543d1bd2d,c7e9d8ec-9ba5-4048-82e7-c3d2ff02eb9b
95fbef8a-aed9-49fc-82a9-96ced58a8a26,6ca59447-c208-40e3-ab57-7edb01549cbf
9f1c11ed-8db0-4fc4-8c16-0aef33e3bd6b,d89699f6-85db-4def-8de6-14cb07eb2c43
9f1c11ed-8db0-4fc4-8c16-0aef33e3bd6b,0663a94d-7fc1-4427-9cdd-86e299c0fe86
9f1c11ed-8db0-4fc4-8c16-0aef33e3bd6b,3ede1470-2ccd-442a-9411-0f2f431639e4
bfec6128-e64c-433d-b103-a31c03aa8518,52796119-3d9a-42c7-bbf9-82061c9bb95d
515e66f3-a5db-4489-ae86-2787d83199bd,8d82500d-abce-4859-889f-991e369704e8
8cc69131-94c4-42b5-94ed-45a8e8b1152e,50d749ed-12a3-48bb-88a9-ac8403bdc400
19fdfb7a-31f8-4cf3-9f51-7588a0ce1b59,eddb9f19-4025-4f9a-8d44-a9bf94cb562e
19fdfb7a-31f8-4cf3-9f51-7588a0ce1b59,d89699f6-85db-4def-8de6-14cb07eb2c43
d881b6a6-9dae-40e3-b024-aaa212c7e4ef,3d947f3c-fa03-4667-b09a-25a8f2db2adb
e1593b0b-67d5-4957-81aa-fbeb1a297fff,6359b0bf-3af6-44e9-bf13-71c9fe0ead77
ee513c45-76f6-4303-a600-350f7b046b31,1fa3719f-7f49-43d3-9416-c38e10968ac8
ee513c45-76f6-4303-a600-350f7b046b31,1f33d527-6045-4358-afd9-602ae8644b43
e8a230a5-756b-431d-89e4-04dab3a61309,6ca59447-c208-40e3-ab57-7edb01549cbf
e113f486-93d6-405d-a093-a6b9cabc7ff6,992ae373-a9bc-4ae6-9d74-7082cf0a4c12
e113f486-93d6-405d-a093-a6b9cabc7ff6,fc1941db-1098-4bd5-a9c7-d9fe8b94172d
e113f486-93d6-405d-a093-a6b9cabc7ff6,0a2353ed-3482-4163-9ca4-46e6cf6ab717
e113f486-93d6-405d-a093-a6b9cabc7ff6,c12e9df5-302b-490d-8ee4-c29cb2b55541
4af263bf-8187-45e0-ab58-b4403bf5f42e,386c578b-2a53-4c3a-b910-a980fb1773c0
51c70978-cdf8-4554-a0ce-fbd69101ddc9,f413d6b6-6542-41fc-940c-6177cf5606aa
821324cb-8c63-467d-bc9a-78626da5f624,1f33d527-6045-4358-afd9-602ae8644b43
821324cb-8c63-467d-bc9a-78626da5f624,992ae373-a9bc-4ae6-9d74-7082cf0a4c12
b90ef1ab-fc1f-45b6-9226-5ad963de3647,6ff9e82a-0eff-4a28-b5c4-68f943508bf2
4269aed4-ed72-4bd0-97b2-d715c05cea58,6ca59447-c208-40e3-ab57-7edb01549cbf
9d4e9f13-350c-4ddc-9409-54212a8898fa,10ff94b7-bad0-4bf5-a0cd-921c05b38863
85013d68-ee02-49e3-a71d-92bd56b685cf,8d82500d-abce-4859-889f-991e369704e8
f045ba3c-f061-44d8-bd7c-58df8c7e878e,6ff9e82a-0eff-4a28-b5c4-68f943508bf2
e43e4f3d-e4c9-45d4-8040-b4338550ccfd,992ae373-a9bc-4ae6-9d74-7082cf0a4c12
e43e4f3d-e4c9-45d4-8040-b4338550ccfd,1f33d527-6045-4358-afd9-602ae8644b43
b4dfe338-3535-40bc-aa38-5bf9501ec0ec,ac2f7cb8-fe85-4eec-9dbd-11aab73b200d
2d20b388-7b0a-401c-8f93-e96704f4cf52,cde9a632-6add-43ce-8de9-84ce69637125
97796556-633b-4ac7-afb2-19de717b4693,5fc091c1-fa87-45b5-878f-8deb38c39f5e
d721858b-a723-4c9d-9d73-6bc5b68ba9c4,1f33d527-6045-4358-afd9-602ae8644b43
d721858b-a723-4c9d-9d73-6bc5b68ba9c4,254b263b-b58f-4212-b381-33c85da3e4c9
19c0124f-19dd-45cb-97fb-58b79dda5aa7,6ca59447-c208-40e3-ab57-7edb01549cbf
b57bb391-4166-4f1f-b799-c3b09bd772a2,992ae373-a9bc-4ae6-9d74-7082cf0a4c12
b57bb391-4166-4f1f-b799-c3b09bd772a2,ae92de86-1329-4de8-bbcc-f478e9f8628b
c217893a-2284-4ed0-ac6c-e28fa56e36e3,6ca59447-c208-40e3-ab57-7edb01549cbf
af971805-c622-4e38-ad76-7dfe6410586a,254b263b-b58f-4212-b381-33c85da3e4c9
af971805-c622-4e38-ad76-7dfe6410586a,d8552976-9336-4818-a952-a6ada26a3006
7cc0a713-bc83-4c4c-a951-a53188aeb40e,b1938d90-e95c-4a12-87a3-4e4e3b8b4658
41955bae-64fb-4c35-8d72-3f1634171120,02257903-92fa-4ef4-8ba7-12758b989472
e4aedd50-b987-446b-9764-3fdc083dcfae,386c578b-2a53-4c3a-b910-a980fb1773c0
af96568b-a260-4383-912a-a86809113c54,a558c676-742a-40c3-ab74-60a0f34d0c43
af96568b-a260-4383-912a-a86809113c54,1fa3719f-7f49-43d3-9416-c38e10968ac8
14ffc356-49b7-4a65-be2b-5e2716390aeb,40193610-2542-4d28-a63f-078467cb7f0a
a4169d3a-4e95-4ce5-8f20-693a75b49bf6,992ae373-a9bc-4ae6-9d74-7082cf0a4c12
9f32ce58-255d-49a3-ad1c-fbf1a9abfc1a,992ae373-a9bc-4ae6-9d74-7082cf0a4c12
9f32ce58-255d-49a3-ad1c-fbf1a9abfc1a,eddb9f19-4025-4f9a-8d44-a9bf94cb562e
9f32ce58-255d-49a3-ad1c-fbf1a9abfc1a,6ff9e82a-0eff-4a28-b5c4-68f943508bf2
8563876d-aa3d-4c22-b3b3-b368a36e388b,ca64a6a5-167f-4dc6-a828-596ec7fb7bcf
4ae41ce6-f3a9-4b62-aa09-5646a44d25c9,50d749ed-12a3-48bb-88a9-ac8403bdc400
d0665f94-f302-480e-9683-3d5740978b86,ca64a6a5-167f-4dc6-a828-596ec7fb7bcf
588e8cd3-d8d8-44a7-913c-727d1843fe10,02257903-92fa-4ef4-8ba7-12758b989472
c9fca643-9cb7-4e46-a61d-2677619e5044,d89699f6-85db-4def-8de6-14cb07eb2c43
c9fca643-9cb7-4e46-a61d-2677619e5044,41d62f31-a92e-4ff2-9981-41f3cf46ebeb
7b3fb524-d0f1-48aa-9d8f-f95579ed4ce6,5fc091c1-fa87-45b5-878f-8deb38c39f5e
1bfab7ea-c6ae-442e-a928-5ed70545a562,8e47f6b9-4a44-4ce0-98bf-f3e7356fa1d2
88a5b62d-6d06-4d8f-befc-e6a7d1408f66,b4f75e2e-aded-4dd2-8b9c-740be0e9164d
5859671b-666e-4af5-bd90-d1b1d173d82a,992ae373-a9bc-4ae6-9d74-7082cf0a4c12
5859671b-666e-4af5-bd90-d1b1d173d82a,1f33d527-6045-4358-afd9-602ae8644b43
5859671b-666e-4af5-bd90-d1b1d173d82a,eddb9f19-4025-4f9a-8d44-a9bf94cb562e
e8d833a3-da60-4875-9cd9-83708f3ebf2d,6ca59447-c208-40e3-ab57-7edb01549cbf
5573b777-f8d6-452d-adc3-70540efd9093,ae92de86-1329-4de8-bbcc-f478e9f8628b
0d53e389-a2ae-491c-9f3b-427550061da3,6ca59447-c208-40e3-ab57-7edb01549cbf
9c43917f-b451-4885-bf49-3e1732ca8500,992ae373-a9bc-4ae6-9d74-7082cf0a4c12
9c43917f-b451-4885-bf49-3e1732ca8500,eddb9f19-4025-4f9a-8d44-a9bf94cb562e
e3c5cefa-7d22-4d25-807c-e61c2e84ea84,6ca59447-c208-40e3-ab57-7edb01549cbf
8afbea88-e345-4099-9ee5-9e599e0e1362,d89699f6-85db-4def-8de6-14cb07eb2c43
abd37f0f-a752-4308-80be-8559c001920d,6ca59447-c208-40e3-ab57-7edb01549cbf
6605cbba-0c76-448a-8214-639c952dff91,992ae373-a9bc-4ae6-9d74-7082cf0a4c12
b7e4ff78-661b-4f31-89fa-846240fa1748,992ae373-a9bc-4ae6-9d74-7082cf0a4c12
b7e4ff78-661b-4f31-89fa-846240fa1748,6ff9e82a-0eff-4a28-b5c4-68f943508bf2
1681dc47-febc-4a4c-9e76-4c6337451dd1,c7e9d8ec-9ba5-4048-82e7-c3d2ff02eb9b
bdbd6aaf-7520-4237-a02c-15d0723ce405,d1c30f65-d081-40cd-91e8-193b4c51182a
7693da86-3b93-4799-8551-a4d4f37012ee,b4f75e2e-aded-4dd2-8b9c-740be0e9164d
1f9c9b55-303e-443d-a677-1b8b97a91896,1f33d527-6045-4358-afd9-602ae8644b43
cec22ff3-f3c2-4549-a2a3-0e97e8a98287,8e47f6b9-4a44-4ce0-98bf-f3e7356fa1d2
d034bcaa-aad6-44f5-9a4b-e016c8c138b6,9f6d5b2b-ac1c-4cc3-a7d1-7cedf98b7563
d034bcaa-aad6-44f5-9a4b-e016c8c138b6,992ae373-a9bc-4ae6-9d74-7082cf0a4c12
3d72a1cf-f7ac-4e11-8be5-5fd651f59dbd,6ca59447-c208-40e3-ab57-7edb01549cbf
1aa6e19a-f346-4fc8-83ec-2506aa9dc641,c7e9d8ec-9ba5-4048-82e7-c3d2ff02eb9b
db780224-7785-4a14-97a0-9ed6c3cd583b,d1c30f65-d081-40cd-91e8-193b4c51182a
67008dbc-c4ce-478c-bf52-fc5358e2a1c6,6ff9e82a-0eff-4a28-b5c4-68f943508bf2
67008dbc-c4ce-478c-bf52-fc5358e2a1c6,41d62f31-a92e-4ff2-9981-41f3cf46ebeb
13f2c6d1-ff15-462e-908d-ce2b6db1eaae,f413d6b6-6542-41fc-940c-6177cf5606aa
9db2e505-9212-4170-93e4-157ba85df4d6,6e7ec579-d5fc-41c8-82f1-649532a23cb4
e0e9cf09-c57f-4bf9-b41c-61701e9b9857,386c578b-2a53-4c3a-b910-a980fb1773c0
99a9ee49-14a2-4e57-a9f5-9a24d179fe78,6ca59447-c208-40e3-ab57-7edb01549cbf
399adb71-69c0-462d-98ed-447f93ad0f61,0a2353ed-3482-4163-9ca4-46e6cf6ab717
6040fe99-83a8-4647-b688-102093c1f06d,6ca59447-c208-40e3-ab57-7edb01549cbf
cc4f8152-7fda-4d4f-bc2b-f020a18a6a2b,992ae373-a9bc-4ae6-9d74-7082cf0a4c12
cc4f8152-7fda-4d4f-bc2b-f020a18a6a2b,ae92de86-1329-4de8-bbcc-f478e9f8628b
90358dee-24cd-436a-b296-f6f2884cbdcb,6ca59447-c208-40e3-ab57-7edb01549cbf
dff50503-586a-4336-92bd-1cc243f690ea,992ae373-a9bc-4ae6-9d74-7082cf0a4c12
dff50503-586a-4336-92bd-1cc243f690ea,6ff9e82a-0eff-4a28-b5c4-68f943508bf2
c1ecd322-040b-4816-86dc-fac217c87f87,0956065f-f830-46ce-8db3-7c82b0df46c0
3faec795-db43-4456-9f30-8e9f5450b9be,33f12961-e353-4d14-a7bc-4f20ffad7f00
ed44730e-3a96-4b05-9558-50c80682bf31,992ae373-a9bc-4ae6-9d74-7082cf0a4c12
ed44730e-3a96-4b05-9558-50c80682bf31,1f33d527-6045-4358-afd9-602ae8644b43
20cdda87-63f5-444c-8284-cf2718b845aa,6bdd587c-344f-4fb7-b1c6-d48b8b15a2d1
81d345f9-a295-46db-8a3d-fe7cdc859a0f,6ca59447-c208-40e3-ab57-7edb01549cbf
4254369e-08f9-49c6-a6af-c5f39607458f,992ae373-a9bc-4ae6-9d74-7082cf0a4c12
4254369e-08f9-49c6-a6af-c5f39607458f,ae92de86-1329-4de8-bbcc-f478e9f8628b
4254369e-08f9-49c6-a6af-c5f39607458f,6ff9e82a-0eff-4a28-b5c4-68f943508bf2
4254369e-08f9-49c6-a6af-c5f39607458f,eddb9f19-4025-4f9a-8d44-a9bf94cb562e
3150a4c7-ddc9-4fba-9732-c0311585f62d,992ae373-a9bc-4ae6-9d74-7082cf0a4c12
3150a4c7-ddc9-4fba-9732-c0311585f62d,fc1941db-1098-4bd5-a9c7-d9fe8b94172d
3150a4c7-ddc9-4fba-9732-c0311585f62d,0a2353ed-3482-4163-9ca4-46e6cf6ab717
3150a4c7-ddc9-4fba-9732-c0311585f62d,c12e9df5-302b-490d-8ee4-c29cb2b55541
6eb2b65b-aaad-42b1-8b42-d09ee900bdc0,6ca59447-c208-40e3-ab57-7edb01549cbf
eb7d86fb-c4dc-4e4f-bdee-3ac23fa5acee,1f33d527-6045-4358-afd9-602ae8644b43
eb7d86fb-c4dc-4e4f-bdee-3ac23fa5acee,eddb9f19-4025-4f9a-8d44-a9bf94cb562e
f957ebc7-335a-4767-8c0b-e48dd8749e3a,50d749ed-12a3-48bb-88a9-ac8403bdc400
19d34029-1d23-4ce6-bf0c-2e617a7c4038,992ae373-a9bc-4ae6-9d74-7082cf0a4c12
f7d7bac2-f70a-444e-87d4-bdcdfe40bb57,3d947f3c-fa03-4667-b09a-25a8f2db2adb
3d2cf908-75e4-4f81-a230-9122a0b194db,6359b0bf-3af6-44e9-bf13-71c9fe0ead77
b327aa4c-2259-49a9-8388-c778a28aedb4,1f33d527-6045-4358-afd9-602ae8644b43
b327aa4c-2259-49a9-8388-c778a28aedb4,992ae373-a9bc-4ae6-9d74-7082cf0a4c12
b327aa4c-2259-49a9-8388-c778a28aedb4,eddb9f19-4025-4f9a-8d44-a9bf94cb562e
128b1f15-9cc1-4a73-8e55-52dd259e2026,48b92705-c8ea-4e8e-9bc2-439bf30ce746
613a8f09-3916-406b-949f-bc29bffa7e4a,aa5350c6-5532-4604-b95c-938b8f7cb95c
c163ea7c-1905-49e9-bfe1-59baf77968bb,f4053f71-94b5-40b2-92bd-fb588127fe38
c163ea7c-1905-49e9-bfe1-59baf77968bb,1f33d527-6045-4358-afd9-602ae8644b43
c163ea7c-1905-49e9-bfe1-59baf77968bb,d89699f6-85db-4def-8de6-14cb07eb2c43
5edb2a94-e28a-4bd5-835d-03b4b733d6b3,386c578b-2a53-4c3a-b910-a980fb1773c0
fd9dedf6-927c-4c39-ac07-9ac8ae8a3c37,6ca59447-c208-40e3-ab57-7edb01549cbf
c98c005f-ea31-49e3-9500-d1f909524b63,b47cb9fd-b9c9-4d77-916d-93ed0c1a1879
c98c005f-ea31-49e3-9500-d1f909524b63,992ae373-a9bc-4ae6-9d74-7082cf0a4c12
66f5c96d-e3b4-47ae-b0a7-d2057986b966,6ca59447-c208-40e3-ab57-7edb01549cbf
32ec523e-922b-4bb0-a9b7-5801a17b124d,992ae373-a9bc-4ae6-9d74-7082cf0a4c12
32ec523e-922b-4bb0-a9b7-5801a17b124d,6ff9e82a-0eff-4a28-b5c4-68f943508bf2
32ec523e-922b-4bb0-a9b7-5801a17b124d,254b263b-b58f-4212-b381-33c85da3e4c9
344c8282-7bac-4a22-b94e-bbc0d7032ac3,cde9a632-6add-43ce-8de9-84ce69637125
016416d4-d456-4516-ac37-48909469b3cf,5fc091c1-fa87-45b5-878f-8deb38c39f5e
79190939-0690-4173-82dd-8b602fb5812a,d8552976-9336-4818-a952-a6ada26a3006
79190939-0690-4173-82dd-8b602fb5812a,eddb9f19-4025-4f9a-8d44-a9bf94cb562e
79190939-0690-4173-82dd-8b602fb5812a,1f33d527-6045-4358-afd9-602ae8644b43
d28756df-1c4b-4a82-b645-fff24e445207,b1938d90-e95c-4a12-87a3-4e4e3b8b4658
c405eb79-4a1f-49e5-9eda-3a1a616577d0,abc6c08b-0d8b-4b68-9a5e-18e8122308ca
c9424155-5042-4ebb-bb8a-188f520308dd,1f33d527-6045-4358-afd9-602ae8644b43
c9424155-5042-4ebb-bb8a-188f520308dd,9d902a90-2e2d-4921-9d40-b5c18c6fe7ec
da955cd8-03df-42c2-a617-73061890e659,c0616b1c-7741-4f55-9da3-7b115b34481c
fe27cb30-ecf5-423b-9e59-70038d4a3a91,6ca59447-c208-40e3-ab57-7edb01549cbf
a78508b0-f88b-444b-9d2e-2efdcfe50091,992ae373-a9bc-4ae6-9d74-7082cf0a4c12
a78508b0-f88b-444b-9d2e-2efdcfe50091,fc1941db-1098-4bd5-a9c7-d9fe8b94172d
8a121c64-d68d-45c4-b643-1a0b360bbe3b,6ca59447-c208-40e3-ab57-7edb01549cbf
313bbb41-4d3f-412d-bea9-c03f7cacd1e7,992ae373-a9bc-4ae6-9d74-7082cf0a4c12
09493f6f-8348-4ca7-89a8-3cff72c86dd8,6ca59447-c208-40e3-ab57-7edb01549cbf
2a1c4915-3697-4637-a980-372ac0783b04,9f6d5b2b-ac1c-4cc3-a7d1-7cedf98b7563
c9a6083c-fbcc-460f-95ff-96abccf59111,1e0f1986-faed-4875-a21d-c3454979c0ff
ab0e73e0-b01c-4a8c-a1eb-437f95c5e51f,b4f75e2e-aded-4dd2-8b9c-740be0e9164d
74dd53d2-1eff-49fc-b10e-c8384a4969e5,af68b454-0781-4ba1-a037-4444038ef730
b72eec3e-77ff-49fa-94f6-e81b5ff893be,1f33d527-6045-4358-afd9-602ae8644b43
996ad70f-d6bf-49ea-959d-1acd1a5c83e9,3b16b9a9-28b5-4421-a419-f2c0a580a622
d4327fc7-9943-405c-805e-bfa0e1557d25,0d89cd97-9e1b-4cb3-89fc-6773540db9e8
165a8d7a-f2d0-4341-91e3-09c22d6f8ab9,1f33d527-6045-4358-afd9-602ae8644b43
0747521b-7277-47cd-a4e8-2519716b61e1,0d262eed-551e-45d0-983c-bca05eabe980
e675cef6-2e01-4756-bc71-0ab47dd87fe7,0d262eed-551e-45d0-983c-bca05eabe980
4801aad5-f59b-48b9-9f14-c91978c75665,21d8739d-25f6-48b7-a909-14d59848db24
27cb42c5-4247-4d77-abe8-89920500dd74,3b16b9a9-28b5-4421-a419-f2c0a580a622
452c7aa1-81e7-4052-978e-e44c1b58c38f,992ae373-a9bc-4ae6-9d74-7082cf0a4c12
452c7aa1-81e7-4052-978e-e44c1b58c38f,41d62f31-a92e-4ff2-9981-41f3cf46ebeb
452c7aa1-81e7-4052-978e-e44c1b58c38f,9e0438e5-793f-4371-97f4-f9db8f2c3bbc
b56bb7fe-4a3b-48b2-b2a3-0bbe5660cf94,8d82500d-abce-4859-889f-991e369704e8
19d34029-1d23-4ce6-bf0c-2e617a7c4038,1f33d527-6045-4358-afd9-602ae8644b43
19d34029-1d23-4ce6-bf0c-2e617a7c4038,ae92de86-1329-4de8-bbcc-f478e9f8628b
e63877cf-8af0-4510-b50f-fa319087f1d5,ca64a6a5-167f-4dc6-a828-596ec7fb7bcf
7ed1318d-5ef2-400d-9f63-4db6ffc30533,6359b0bf-3af6-44e9-bf13-71c9fe0ead77
21565d2e-4164-4499-b384-e65fc74e5bad,5fc091c1-fa87-45b5-878f-8deb38c39f5e
de83e7c0-0324-4aaa-9efb-90b13492384f,1f33d527-6045-4358-afd9-602ae8644b43
fc650b1e-c513-4065-b7c0-10b909d49091,52d84173-882a-48bc-98c2-da35a45c13c1
563c3722-60ac-4435-bb84-6e2567bbb54f,a0ec4670-47c0-48d5-a9a0-c2012e886b58
3c48a807-0b93-42cf-8f45-a27cff5e4d0d,1f33d527-6045-4358-afd9-602ae8644b43
47c62e60-3f2e-4ac5-af41-09063cf572e7,386c578b-2a53-4c3a-b910-a980fb1773c0
8e7c3e34-66dd-4a72-84e0-a7ed64f98718,dc23b550-ff28-4b18-ae4c-dc17ca0235ab
b83be357-de83-46d0-b11f-0f2f14c7f0bb,c7e9d8ec-9ba5-4048-82e7-c3d2ff02eb9b
61fea296-7d84-4ecc-ba6f-ac24e942b77c,28408059-9560-428c-be43-378a604ac3e8
03b148ae-fee3-4f6b-b5b1-8ba9ecdce9a2,1f33d527-6045-4358-afd9-602ae8644b43
27489e73-f204-41be-b02b-da003562a41b,386c578b-2a53-4c3a-b910-a980fb1773c0
8aedd9d9-cb62-415c-8281-1f382693ba33,2e082f15-c6e3-4927-8e0d-448358a91d90
ba9c3340-ed9b-4274-89ca-4b32ba105a5d,ed75086e-ad87-42df-b512-6dba1ac50161
d538242b-69bc-443d-9e48-182e26e067a6,8d82500d-abce-4859-889f-991e369704e8
c445d298-5c97-4885-afd5-0300a3ac3d88,d89699f6-85db-4def-8de6-14cb07eb2c43
c445d298-5c97-4885-afd5-0300a3ac3d88,f4053f71-94b5-40b2-92bd-fb588127fe38
c445d298-5c97-4885-afd5-0300a3ac3d88,41d62f31-a92e-4ff2-9981-41f3cf46ebeb
a9d9574f-8251-4ddc-b847-fe5517f9952b,6ca59447-c208-40e3-ab57-7edb01549cbf
e16aaeef-da34-4d7b-9212-d9238919bf23,992ae373-a9bc-4ae6-9d74-7082cf0a4c12
e16aaeef-da34-4d7b-9212-d9238919bf23,254b263b-b58f-4212-b381-33c85da3e4c9
5424b30f-6554-4b0c-a45b-f609a8bc3fc5,ca64a6a5-167f-4dc6-a828-596ec7fb7bcf
861474a1-8fe2-4a98-89aa-57ee8fb48b79,02257903-92fa-4ef4-8ba7-12758b989472
68e94ff4-c366-4fae-a411-8b3dadd23ddf,5fc091c1-fa87-45b5-878f-8deb38c39f5e
06212895-722c-476c-8bb3-e1005334d1ef,992ae373-a9bc-4ae6-9d74-7082cf0a4c12
06212895-722c-476c-8bb3-e1005334d1ef,41d62f31-a92e-4ff2-9981-41f3cf46ebeb
6a513530-cace-4341-a43a-3dc982553f7a,c7e9d8ec-9ba5-4048-82e7-c3d2ff02eb9b
5f6f6712-894e-4384-b24f-04527e94a65b,d1c30f65-d081-40cd-91e8-193b4c51182a
714f608f-287e-47b0-a4e9-d30d4498ab47,d89699f6-85db-4def-8de6-14cb07eb2c43
6b52a908-d828-4c44-93b5-ecfc8b729d7d,c7e9d8ec-9ba5-4048-82e7-c3d2ff02eb9b
cf4dba88-4d76-42e1-b049-5968acc279f6,d1c30f65-d081-40cd-91e8-193b4c51182a
e931fc13-4bcc-46cc-97f3-e7297a50c1db,9e87af73-6ec7-473e-86b9-93fc8311efba
77878144-9f31-4d2c-a075-266f916fd6f4,6ca59447-c208-40e3-ab57-7edb01549cbf
9b6fefad-1353-41df-bd6c-a92dd125b614,09fe70ef-4b66-4449-9d4c-32dd4a4e4fe5
9b6fefad-1353-41df-bd6c-a92dd125b614,0663a94d-7fc1-4427-9cdd-86e299c0fe86
b0eaa3b1-8502-4f42-90e7-4386087a4e59,6ca59447-c208-40e3-ab57-7edb01549cbf
7fd43802-ea21-4a4b-9319-904e02e189d3,b213ee87-7a56-4876-ab1a-677ef56efede
240539c1-9ff7-4a1a-a1b3-cd0f83eb8042,a0ec4670-47c0-48d5-a9a0-c2012e886b58
3c21854d-a69e-472e-bb4d-d85831de2379,b47cb9fd-b9c9-4d77-916d-93ed0c1a1879
3c21854d-a69e-472e-bb4d-d85831de2379,6ff9e82a-0eff-4a28-b5c4-68f943508bf2
3c21854d-a69e-472e-bb4d-d85831de2379,d89699f6-85db-4def-8de6-14cb07eb2c43
1711fce2-6506-4b8a-b787-75c817a13472,6ca59447-c208-40e3-ab57-7edb01549cbf
1de6a0ca-ae47-418c-8e9c-c4e08ed3836a,3ede1470-2ccd-442a-9411-0f2f431639e4
1de6a0ca-ae47-418c-8e9c-c4e08ed3836a,72f27659-ea6c-40a3-9f2d-dfe7d82c853b
22d64c00-2465-45e5-9ad2-d84a6bbb6566,d89699f6-85db-4def-8de6-14cb07eb2c43
22d64c00-2465-45e5-9ad2-d84a6bbb6566,571bec87-75f4-4fbd-bda4-05d7e7c4546b
22d64c00-2465-45e5-9ad2-d84a6bbb6566,5115a7f4-c481-4f49-bf54-506badb69a95
3d4df857-77c1-4d4f-a8a4-1768bd42470c,6ca59447-c208-40e3-ab57-7edb01549cbf
cdd793de-689c-4157-9d07-67eb68df28fd,6ca59447-c208-40e3-ab57-7edb01549cbf
af3ec186-f406-4e90-b0b4-d7045e86bea3,992ae373-a9bc-4ae6-9d74-7082cf0a4c12
63922caf-0632-4b28-9909-39537d049950,50d749ed-12a3-48bb-88a9-ac8403bdc400
c781175d-0598-41bb-a459-b15a904a28da,ae92de86-1329-4de8-bbcc-f478e9f8628b
c781175d-0598-41bb-a459-b15a904a28da,4c9945e5-4487-40d3-ac4d-0f39caa452c4
c1b8e7dd-3dc2-4e70-b691-39d7470a2749,ca64a6a5-167f-4dc6-a828-596ec7fb7bcf
355d2cec-b0b8-43d9-9c1c-609ec13cf698,2baf988b-c09f-420d-b2f1-07c3f3cb565b
631d83ec-4d3d-4290-849f-1a49e61eb5b6,ed75086e-ad87-42df-b512-6dba1ac50161
c969cf12-877c-4277-90fd-21570a8485a0,6ff9e82a-0eff-4a28-b5c4-68f943508bf2
c969cf12-877c-4277-90fd-21570a8485a0,1f33d527-6045-4358-afd9-602ae8644b43
62b74beb-bf60-49d1-986e-136c368b2661,1f33d527-6045-4358-afd9-602ae8644b43
8762ac18-37c2-4a43-995d-120c68e453d1,cde9a632-6add-43ce-8de9-84ce69637125
b71ffeb8-7173-47f3-ae40-a32850d83f39,12e1702a-7623-4b11-a224-44601b67328c
1087be08-e204-4b67-aa93-6400f73b288b,38fb6d40-46f1-4b8f-8b19-6769e6e92687
e8ddc7dc-5648-4574-96de-adfbd14fbf9f,386c578b-2a53-4c3a-b910-a980fb1773c0
cfba1dda-4172-446f-b29f-b907129bb0d0,c1b2a3c9-ac3a-4dee-9cb6-1cb1c80d0b9b
cfba1dda-4172-446f-b29f-b907129bb0d0,992ae373-a9bc-4ae6-9d74-7082cf0a4c12
cfba1dda-4172-446f-b29f-b907129bb0d0,1f33d527-6045-4358-afd9-602ae8644b43
5ebb6ef0-b75e-41f9-be17-45c92c9c24f5,ff41c6fa-d1d3-461e-bc14-61438d2fe7d4
ba435557-e054-4451-acb9-d7a6f80af7c4,fe5f9116-b18a-42bb-bead-1f0a20aae294
3d0f8456-f4ba-4f30-b649-d4dd777c57d0,52796119-3d9a-42c7-bbf9-82061c9bb95d
aed0de27-6902-4c79-a67c-cddc3bf2e56c,46d4a1d1-c057-49ba-a879-db85b0cda4b9
407c6027-9f42-47b4-81ad-d0aa252c6abd,3b16b9a9-28b5-4421-a419-f2c0a580a622
499afb85-ea16-405f-8708-26dc38c19200,1f33d527-6045-4358-afd9-602ae8644b43
a95e970f-839f-47d4-b64e-019623ed9348,c28dbac1-24bb-4e49-8ccc-6360d439be7d
9421f653-6e17-45fa-b14c-2c79f13bad7a,1fad2edd-83ee-4028-b2a6-4664d26552cd
f4d7bebe-a995-415e-ba0e-c3d96ed6530e,992ae373-a9bc-4ae6-9d74-7082cf0a4c12
f4d7bebe-a995-415e-ba0e-c3d96ed6530e,5115a7f4-c481-4f49-bf54-506badb69a95
f4d7bebe-a995-415e-ba0e-c3d96ed6530e,f4053f71-94b5-40b2-92bd-fb588127fe38
781f7df8-8ca2-425a-ab0c-d2531eac13fc,6ca59447-c208-40e3-ab57-7edb01549cbf
703b0a15-b87c-4aa6-9f94-19af8fb1aee7,992ae373-a9bc-4ae6-9d74-7082cf0a4c12
703b0a15-b87c-4aa6-9f94-19af8fb1aee7,72f27659-ea6c-40a3-9f2d-dfe7d82c853b
703b0a15-b87c-4aa6-9f94-19af8fb1aee7,f137d46d-5bac-404d-bfc9-d9fb8fc8a734
2c022422-e77d-4e1a-a20f-445e90e74aa7,6ca59447-c208-40e3-ab57-7edb01549cbf
dcbd963b-54ff-458d-a455-053e51b5a102,fc1941db-1098-4bd5-a9c7-d9fe8b94172d
dcbd963b-54ff-458d-a455-053e51b5a102,ae92de86-1329-4de8-bbcc-f478e9f8628b
6aa26140-b145-43f2-a549-03603264bd95,6ca59447-c208-40e3-ab57-7edb01549cbf
67d9a4fd-522e-450a-a180-ad1e982bb22a,992ae373-a9bc-4ae6-9d74-7082cf0a4c12
67d9a4fd-522e-450a-a180-ad1e982bb22a,6ff9e82a-0eff-4a28-b5c4-68f943508bf2
948b304b-5202-4c90-ac6e-db311b4918cc,6ca59447-c208-40e3-ab57-7edb01549cbf
0bbc24bf-4814-4094-89ce-c19be355c953,992ae373-a9bc-4ae6-9d74-7082cf0a4c12
0bbc24bf-4814-4094-89ce-c19be355c953,ae92de86-1329-4de8-bbcc-f478e9f8628b
0bbc24bf-4814-4094-89ce-c19be355c953,69b294ca-7d15-4303-9762-216ec08f824e
f3dbc5e6-4bae-4145-a425-8fb8027d8d24,6ca59447-c208-40e3-ab57-7edb01549cbf
6c950ef2-7160-4c90-9dc8-7e8371a09af6,eddb9f19-4025-4f9a-8d44-a9bf94cb562e
6c950ef2-7160-4c90-9dc8-7e8371a09af6,992ae373-a9bc-4ae6-9d74-7082cf0a4c12
6c950ef2-7160-4c90-9dc8-7e8371a09af6,ae92de86-1329-4de8-bbcc-f478e9f8628b
09602ef5-e364-49b4-8cad-26f2747b3030,3d947f3c-fa03-4667-b09a-25a8f2db2adb
1291c7a1-f135-4a7b-9ebf-fa23ab904e0e,6359b0bf-3af6-44e9-bf13-71c9fe0ead77
14a70288-3f6c-4fb2-bffe-c71eb1bad065,992ae373-a9bc-4ae6-9d74-7082cf0a4c12
14a70288-3f6c-4fb2-bffe-c71eb1bad065,1f33d527-6045-4358-afd9-602ae8644b43
14a70288-3f6c-4fb2-bffe-c71eb1bad065,eddb9f19-4025-4f9a-8d44-a9bf94cb562e
d005019f-bedf-4d6f-9c06-eec2ee2c3c3c,992ae373-a9bc-4ae6-9d74-7082cf0a4c12
d005019f-bedf-4d6f-9c06-eec2ee2c3c3c,6ff9e82a-0eff-4a28-b5c4-68f943508bf2
821ca9bf-f26b-4cc0-8f93-0e3085629a3c,6ca59447-c208-40e3-ab57-7edb01549cbf
271665f3-184a-496f-ab4a-2c173e2f26c6,6ca59447-c208-40e3-ab57-7edb01549cbf
2e34fc7b-cbff-469e-b16c-f02fba6c66ff,fe8e1adf-281b-493b-a6ec-1b86629a19d7
2e34fc7b-cbff-469e-b16c-f02fba6c66ff,ac105c9f-574b-4e17-bfcb-4ff03a5ab227
b6edbee0-4cce-4dc2-ad37-bac3cb018c85,ac2f7cb8-fe85-4eec-9dbd-11aab73b200d
e71522a9-ac5b-4e8e-9f0d-85f89d19b377,40193610-2542-4d28-a63f-078467cb7f0a
08cf1fd9-7fef-4c2b-8f90-07bfce3be29d,a558c676-742a-40c3-ab74-60a0f34d0c43
08cf1fd9-7fef-4c2b-8f90-07bfce3be29d,9d902a90-2e2d-4921-9d40-b5c18c6fe7ec
08cf1fd9-7fef-4c2b-8f90-07bfce3be29d,eddb9f19-4025-4f9a-8d44-a9bf94cb562e
d9233171-c42d-4bdd-afb9-e57dd056e843,e1f048ba-5b3e-4c91-9caf-28dca91525cf
1f10fb3c-538b-4b5c-b1be-6ff1ad3279b9,636ec317-4c7e-4140-949e-b81cdece4be4
fa4fc91d-c197-4af3-bb09-2f85eda03524,9d902a90-2e2d-4921-9d40-b5c18c6fe7ec
fa4fc91d-c197-4af3-bb09-2f85eda03524,992ae373-a9bc-4ae6-9d74-7082cf0a4c12
fa4fc91d-c197-4af3-bb09-2f85eda03524,1f33d527-6045-4358-afd9-602ae8644b43
0e34d4da-711a-4de5-8d48-041c0dca18d5,8e47f6b9-4a44-4ce0-98bf-f3e7356fa1d2
579dc55f-4b63-4445-beb4-f2ee5cdb189f,b4f75e2e-aded-4dd2-8b9c-740be0e9164d
852cf953-072c-4e72-bdf6-63fbb0904e34,1f33d527-6045-4358-afd9-602ae8644b43
4e264d09-59c5-477a-825f-ca09c634f542,6ca59447-c208-40e3-ab57-7edb01549cbf
0cac089b-86ef-4a07-b3f7-b023c1fce2e8,992ae373-a9bc-4ae6-9d74-7082cf0a4c12
0cac089b-86ef-4a07-b3f7-b023c1fce2e8,f137d46d-5bac-404d-bfc9-d9fb8fc8a734
6afe63b4-45b3-45d3-b58f-1609a9a2b682,fe5f9116-b18a-42bb-bead-1f0a20aae294
ebfc88a9-fbaf-467b-95ec-a0884af22fc3,ed75086e-ad87-42df-b512-6dba1ac50161
d3d9037d-6c01-4d8a-8b1b-76a562349477,f4053f71-94b5-40b2-92bd-fb588127fe38
d3d9037d-6c01-4d8a-8b1b-76a562349477,05155868-5a51-4328-bec7-587f5f081148
d3d9037d-6c01-4d8a-8b1b-76a562349477,1f33d527-6045-4358-afd9-602ae8644b43
1c0403d3-409c-4beb-89e8-931d82e91194,3b16b9a9-28b5-4421-a419-f2c0a580a622
f4dea6f5-8b46-4c5d-b9bb-3076ae5232b1,52d84173-882a-48bc-98c2-da35a45c13c1
e1f3da39-f94a-40fd-98d9-6c18a0780ee6,21d8739d-25f6-48b7-a909-14d59848db24
b52ce86e-e380-4431-bb47-ecd2549551dd,386c578b-2a53-4c3a-b910-a980fb1773c0
66418eb4-9c21-4aae-8f7d-c1508bebf6e2,1f33d527-6045-4358-afd9-602ae8644b43
66418eb4-9c21-4aae-8f7d-c1508bebf6e2,9d902a90-2e2d-4921-9d40-b5c18c6fe7ec
5c260bf4-d9a4-46e7-a2fc-33100817e70e,c28dbac1-24bb-4e49-8ccc-6360d439be7d
bb4d41f9-d964-494c-93ff-c8134b2661cb,1fad2edd-83ee-4028-b2a6-4664d26552cd
069b389d-37e1-44b5-a216-98d85203da91,1f33d527-6045-4358-afd9-602ae8644b43
069b389d-37e1-44b5-a216-98d85203da91,3bf75b18-e479-43ff-b40e-b33f5996a5c4
069b389d-37e1-44b5-a216-98d85203da91,f4053f71-94b5-40b2-92bd-fb588127fe38
5f712afb-ffe1-47c3-93cc-51a865ee640d,8d82500d-abce-4859-889f-991e369704e8
d0404244-4cc2-448a-b312-4d2e59a745e7,c1615e31-4a06-4e33-8d90-0d9273fbce91
05a34f5c-0403-4aab-b76e-70bd8f11ecad,1f33d527-6045-4358-afd9-602ae8644b43
05a34f5c-0403-4aab-b76e-70bd8f11ecad,9e87af73-6ec7-473e-86b9-93fc8311efba
f3ba370d-d2f9-47be-9a29-930ac7e200b1,992ae373-a9bc-4ae6-9d74-7082cf0a4c12
f3ba370d-d2f9-47be-9a29-930ac7e200b1,eddb9f19-4025-4f9a-8d44-a9bf94cb562e
4017ee6b-b745-4108-9616-76cc856d07c8,6ca59447-c208-40e3-ab57-7edb01549cbf
5cb957d2-52e2-4fcb-b851-cb0c97fa8215,b213ee87-7a56-4876-ab1a-677ef56efede
3b82fa23-608c-4095-b9df-e6223439788e,5115a7f4-c481-4f49-bf54-506badb69a95
3b82fa23-608c-4095-b9df-e6223439788e,f4053f71-94b5-40b2-92bd-fb588127fe38
f04430c1-67ee-402d-b146-7893d80215f5,b213ee87-7a56-4876-ab1a-677ef56efede
e872d75b-18f8-4d10-9429-41afe2e2ed81,6ca59447-c208-40e3-ab57-7edb01549cbf
3c2df0a4-f3c3-42d6-85a7-81465947b70b,6ca59447-c208-40e3-ab57-7edb01549cbf
4b8bc3f6-81c3-44e1-9311-e258b48f3725,992ae373-a9bc-4ae6-9d74-7082cf0a4c12
4b8bc3f6-81c3-44e1-9311-e258b48f3725,0f795c5c-53c8-4974-a826-e83132dd5671
1bd87a6d-bde7-4e59-ae04-bd421875d3ed,6ca59447-c208-40e3-ab57-7edb01549cbf
3c1beac7-b74b-4dec-8daf-d2f637e736d5,992ae373-a9bc-4ae6-9d74-7082cf0a4c12
3c1beac7-b74b-4dec-8daf-d2f637e736d5,ae92de86-1329-4de8-bbcc-f478e9f8628b
dcea59ca-9aba-46ad-aab1-cdee7f06b411,c7e9d8ec-9ba5-4048-82e7-c3d2ff02eb9b
c43987aa-1ea5-4017-8073-006c68112ab0,d1c30f65-d081-40cd-91e8-193b4c51182a
0460546a-9eac-4bcf-b46f-525d84eae463,6e7ec579-d5fc-41c8-82f1-649532a23cb4
c6a1046b-60f8-4dcb-9a4f-776d2bb35ebc,6ca59447-c208-40e3-ab57-7edb01549cbf
bbdbdb05-0e29-4259-b194-a51a16237854,0a2353ed-3482-4163-9ca4-46e6cf6ab717
bbdbdb05-0e29-4259-b194-a51a16237854,d89699f6-85db-4def-8de6-14cb07eb2c43
c6dbaae5-e019-4593-952d-88ed1d23d661,c7e9d8ec-9ba5-4048-82e7-c3d2ff02eb9b
798ae6a2-8e0d-415f-801d-fb9f5374bf62,d1c30f65-d081-40cd-91e8-193b4c51182a
bd6e3eed-4f12-4867-afb3-39705d54a20e,992ae373-a9bc-4ae6-9d74-7082cf0a4c12
bd6e3eed-4f12-4867-afb3-39705d54a20e,eddb9f19-4025-4f9a-8d44-a9bf94cb562e
5ecedd11-97b4-44fb-8efa-22c85a7d890a,eddb9f19-4025-4f9a-8d44-a9bf94cb562e
fc2c1720-4c94-475c-a056-f074131295e3,6ca59447-c208-40e3-ab57-7edb01549cbf
0a4564c5-73a5-4701-ac8b-d3d31657c9e7,6ca59447-c208-40e3-ab57-7edb01549cbf
162be85e-a3c1-4bb2-aeba-5dc68cdb5f09,9d902a90-2e2d-4921-9d40-b5c18c6fe7ec
d3ec58aa-8cd5-48ec-9ea5-dacb24b2455d,636ec317-4c7e-4140-949e-b81cdece4be4
0a2eacdb-48b8-44dd-8a5c-b6898ebe6706,d89699f6-85db-4def-8de6-14cb07eb2c43
33204091-337b-405e-a4f0-0784390ca4ab,e1f048ba-5b3e-4c91-9caf-28dca91525cf
619c6c2d-a87b-4a2a-99de-7258299a1bdf,652457ae-aab8-457a-b1a8-66deb031d7a7
b4ed3eea-50af-4c26-95f5-e2933219a75e,6359b0bf-3af6-44e9-bf13-71c9fe0ead77
a692ff50-c3d9-44fc-8548-47c412f86d43,992ae373-a9bc-4ae6-9d74-7082cf0a4c12
c102693b-57fd-4c59-acdd-caef5a88db75,6bdd587c-344f-4fb7-b1c6-d48b8b15a2d1
b3be0030-ba17-4062-89a8-5b599dd36314,af68b454-0781-4ba1-a037-4444038ef730
07ba6dc6-6f7e-4f32-9663-87b6f988794a,3b16b9a9-28b5-4421-a419-f2c0a580a622
bd1ee86e-cacd-4a9a-b3f9-d69711d9f312,1f33d527-6045-4358-afd9-602ae8644b43
bd1ee86e-cacd-4a9a-b3f9-d69711d9f312,f4053f71-94b5-40b2-92bd-fb588127fe38
c6d36189-07e0-4407-a02f-6ee9dd09a26b,ca64a6a5-167f-4dc6-a828-596ec7fb7bcf
6e32dcd7-a33f-45a3-8678-8c5158a98f60,992ae373-a9bc-4ae6-9d74-7082cf0a4c12
6e32dcd7-a33f-45a3-8678-8c5158a98f60,6ff9e82a-0eff-4a28-b5c4-68f943508bf2
1f46f239-6255-430c-8b7d-6158ec4deaac,50d749ed-12a3-48bb-88a9-ac8403bdc400
1ed0c70a-59da-4b33-a67a-d6e78ffb52c4,4c9945e5-4487-40d3-ac4d-0f39caa452c4
1afe0d0a-be38-4f63-bd5c-f59a73919b12,6ca59447-c208-40e3-ab57-7edb01549cbf
44dd0988-fbc6-4866-baca-39a55c855bb2,6ca59447-c208-40e3-ab57-7edb01549cbf
6bad6db2-85cc-4daa-b97d-accb0a337306,992ae373-a9bc-4ae6-9d74-7082cf0a4c12
f27a21af-438a-4508-9c05-38a2b4e875fb,3d947f3c-fa03-4667-b09a-25a8f2db2adb
61ba2e67-7cae-4b34-af12-aa0b96836f07,1bcd244a-c2a5-4a4e-8572-b7459305a8b1
1b838911-3dea-46c3-8791-2555f7527bb2,d89699f6-85db-4def-8de6-14cb07eb2c43
1b838911-3dea-46c3-8791-2555f7527bb2,41d62f31-a92e-4ff2-9981-41f3cf46ebeb
73936744-2d26-4bff-86e4-860fd24c9b1a,386c578b-2a53-4c3a-b910-a980fb1773c0
ff0cc9d7-7610-4cc7-ac48-0bd4c14f23d9,6ca59447-c208-40e3-ab57-7edb01549cbf
d849b9e4-27f8-4ceb-9f68-5de15a50da39,992ae373-a9bc-4ae6-9d74-7082cf0a4c12
ee7f4cb4-e4d0-4cbc-bb79-accdf03e3e47,12e1702a-7623-4b11-a224-44601b67328c
6038b1ff-5d74-4c03-a20a-4c62393a1b30,992ae373-a9bc-4ae6-9d74-7082cf0a4c12
6038b1ff-5d74-4c03-a20a-4c62393a1b30,0663a94d-7fc1-4427-9cdd-86e299c0fe86
e32198f0-c9d2-4ae9-852b-75667f62b8f2,91f5ef84-d09b-4a54-a729-b6abe973e128
ec4f81d7-0b9a-49bb-92b3-bb7489f64b97,3b16b9a9-28b5-4421-a419-f2c0a580a622
db3ecdf8-3565-43cb-843b-5a5849199ac6,eddb9f19-4025-4f9a-8d44-a9bf94cb562e
db3ecdf8-3565-43cb-843b-5a5849199ac6,a558c676-742a-40c3-ab74-60a0f34d0c43
70d7ab86-6f6f-4ef6-b46c-52879a1a0969,6ca59447-c208-40e3-ab57-7edb01549cbf
23a33e21-07b6-48ef-b148-d141afba33f4,35501750-04e3-48bd-bfe4-3aa7d22e3baa
b4fe7144-bf5e-4b4b-9767-2c00608b8237,6359b0bf-3af6-44e9-bf13-71c9fe0ead77
1fb4b194-8f83-453e-8041-3413588dbc52,3bf75b18-e479-43ff-b40e-b33f5996a5c4
1fb4b194-8f83-453e-8041-3413588dbc52,1f33d527-6045-4358-afd9-602ae8644b43
1fb4b194-8f83-453e-8041-3413588dbc52,0a2353ed-3482-4163-9ca4-46e6cf6ab717
995701bc-f136-47da-b4b2-b5b0baad89d9,386c578b-2a53-4c3a-b910-a980fb1773c0
48946f60-d64e-46e2-89e1-c5355432670f,92a75c62-556e-4861-bd75-a29497ddf8cb
e2864a6b-01b6-4c91-83ff-9565743147e0,cc81e6bc-9247-4f0e-9eb4-ca3900ac7217
e5cc0919-a0b7-443a-a848-20b4ae05db78,1f33d527-6045-4358-afd9-602ae8644b43
e5cc0919-a0b7-443a-a848-20b4ae05db78,9e87af73-6ec7-473e-86b9-93fc8311efba
1ed3100f-812c-4d24-8776-604a37747dac,b41e3b3e-d27b-4705-b8c7-592b89508e12
75af99a8-fcc4-4ec7-b9f8-d44147c6a713,386c578b-2a53-4c3a-b910-a980fb1773c0
3e7016d5-3021-422e-bbd7-d436ebdeee96,6359b0bf-3af6-44e9-bf13-71c9fe0ead77
99230924-8278-48c5-8f5a-91e77cab49b3,992ae373-a9bc-4ae6-9d74-7082cf0a4c12
d518c8c7-a152-4d95-942e-b50a91372838,3d947f3c-fa03-4667-b09a-25a8f2db2adb
03eb7045-6af8-4a7c-b4e1-db6a42033754,f0bb5458-7dbd-465f-b961-41c32297788d
e33ae6d1-93db-44e2-816f-60623a5ef2a5,ff41c6fa-d1d3-461e-bc14-61438d2fe7d4
01051508-465e-4940-bfbe-70160ed61940,41d62f31-a92e-4ff2-9981-41f3cf46ebeb
fb09be1a-c738-4ca5-be0e-06a8c83d87d4,3b16b9a9-28b5-4421-a419-f2c0a580a622
d737f06e-6d13-4030-b365-bd5adb570e8e,c0616b1c-7741-4f55-9da3-7b115b34481c
a16bdd8b-f872-4a60-946d-27353d9360aa,b1938d90-e95c-4a12-87a3-4e4e3b8b4658
119dd540-7f90-46b9-8504-2690c82da1de,abc6c08b-0d8b-4b68-9a5e-18e8122308ca
10f4f1df-dd84-45ae-8075-17b856f8488d,eddb9f19-4025-4f9a-8d44-a9bf94cb562e
8efda585-3cf3-4c53-9e01-586e72167d48,3b16b9a9-28b5-4421-a419-f2c0a580a622
89eea05e-2869-4982-88eb-c1d6f1292771,af68b454-0781-4ba1-a037-4444038ef730
f3c1e591-d488-4175-b01e-780ac1ec9ae6,d89699f6-85db-4def-8de6-14cb07eb2c43
f3c1e591-d488-4175-b01e-780ac1ec9ae6,571bec87-75f4-4fbd-bda4-05d7e7c4546b
f3c1e591-d488-4175-b01e-780ac1ec9ae6,6e7ec579-d5fc-41c8-82f1-649532a23cb4
f3c1e591-d488-4175-b01e-780ac1ec9ae6,05155868-5a51-4328-bec7-587f5f081148
9c30fa47-c9a5-423a-8ffb-76e1c574d878,992ae373-a9bc-4ae6-9d74-7082cf0a4c12
9c30fa47-c9a5-423a-8ffb-76e1c574d878,ae92de86-1329-4de8-bbcc-f478e9f8628b
9c30fa47-c9a5-423a-8ffb-76e1c574d878,eddb9f19-4025-4f9a-8d44-a9bf94cb562e
9c30fa47-c9a5-423a-8ffb-76e1c574d878,72f27659-ea6c-40a3-9f2d-dfe7d82c853b
dcf2ab08-50a0-40c4-b095-3e7a818f9673,6ca59447-c208-40e3-ab57-7edb01549cbf
41e4638a-397f-40c1-8694-0c1644a38e13,0a2353ed-3482-4163-9ca4-46e6cf6ab717
29af18a7-e05a-4693-8de9-04864f93be22,6ca59447-c208-40e3-ab57-7edb01549cbf
06f998f5-25f3-4e74-9db4-0637ae03e3b8,ec2041c0-abc0-43e0-b203-b9c87571eacb
659a2d9b-c871-439e-aacf-0f09b2637c7b,21d8739d-25f6-48b7-a909-14d59848db24
16f2425e-b25e-4d75-a8c0-38904456e614,d89699f6-85db-4def-8de6-14cb07eb2c43
16f2425e-b25e-4d75-a8c0-38904456e614,6e7ec579-d5fc-41c8-82f1-649532a23cb4
16f2425e-b25e-4d75-a8c0-38904456e614,3ede1470-2ccd-442a-9411-0f2f431639e4
228b0ef8-9434-445b-9d92-cc06097f9d85,c1615e31-4a06-4e33-8d90-0d9273fbce91
52225ee9-2a5b-4cfa-91bc-6036c188598a,1f33d527-6045-4358-afd9-602ae8644b43
4be4c27b-fc46-44bc-bbe0-d953ff14d24e,8d82500d-abce-4859-889f-991e369704e8
d26717ca-ae06-41df-9d8c-db058c61d4c3,8e47f6b9-4a44-4ce0-98bf-f3e7356fa1d2
49b73cf1-4d83-4c48-8094-11bb7f69a381,b4f75e2e-aded-4dd2-8b9c-740be0e9164d
56462991-b7a5-4565-9a0f-6358041b099d,6ff9e82a-0eff-4a28-b5c4-68f943508bf2
56462991-b7a5-4565-9a0f-6358041b099d,d89699f6-85db-4def-8de6-14cb07eb2c43
512b3f6e-11d7-4255-ac80-d5f39ce180a5,6ca59447-c208-40e3-ab57-7edb01549cbf
0946859d-3a8d-4409-9282-4ea38b128230,992ae373-a9bc-4ae6-9d74-7082cf0a4c12
0946859d-3a8d-4409-9282-4ea38b128230,6ff9e82a-0eff-4a28-b5c4-68f943508bf2
2946ef0c-47a5-4df2-8790-8a402584ee00,8e47f6b9-4a44-4ce0-98bf-f3e7356fa1d2
ecdfffc1-07aa-41cc-938e-edb8340991d5,b4f75e2e-aded-4dd2-8b9c-740be0e9164d
01e79df7-d8b4-463f-acef-d077c9892950,992ae373-a9bc-4ae6-9d74-7082cf0a4c12
01e79df7-d8b4-463f-acef-d077c9892950,fc1941db-1098-4bd5-a9c7-d9fe8b94172d
75361248-09c0-4b49-ae2f-9e213d1240cd,f413d6b6-6542-41fc-940c-6177cf5606aa
b61ac4b6-001e-42cb-9b1b-b04a40ba7c3b,386c578b-2a53-4c3a-b910-a980fb1773c0
b886bc10-2460-4fdf-976a-394585d5f665,1f33d527-6045-4358-afd9-602ae8644b43
b886bc10-2460-4fdf-976a-394585d5f665,992ae373-a9bc-4ae6-9d74-7082cf0a4c12
dcf8f39d-a11c-4a6e-a7db-2154df77c7bc,bf26bafb-f799-4174-bac0-40338f3e8851
cd19169e-ae32-4961-9915-4aa369f0252f,1f33d527-6045-4358-afd9-602ae8644b43
cd19169e-ae32-4961-9915-4aa369f0252f,f4053f71-94b5-40b2-92bd-fb588127fe38
380f32d6-96c4-4963-ae75-0be1eb9758f8,2a5e73d9-7acc-4ad2-8d42-61fdcc1b5c4d
6cc68ead-1faa-4988-8a54-7229204ce7fe,12e1702a-7623-4b11-a224-44601b67328c
e1d7d620-0a8a-4ac1-a0e1-eff72c396f15,1bcd244a-c2a5-4a4e-8572-b7459305a8b1
91abe63c-b831-4329-b1d6-44615d3eebc2,1bcd244a-c2a5-4a4e-8572-b7459305a8b1
a239a3f9-8d03-47a8-80ac-b6a9645ca886,1f33d527-6045-4358-afd9-602ae8644b43
bdb523fb-bdad-4aff-9a2d-d0918d3b0070,3b16b9a9-28b5-4421-a419-f2c0a580a622
d48b1b73-e729-4ab9-9ccf-2ec01ac95cc3,8e47f6b9-4a44-4ce0-98bf-f3e7356fa1d2
1a15a456-7770-4b45-bc2b-2a227a8f80ce,b4f75e2e-aded-4dd2-8b9c-740be0e9164d
e3e2ecd0-fb7c-4a34-8277-0b8d239ea161,992ae373-a9bc-4ae6-9d74-7082cf0a4c12
e3e2ecd0-fb7c-4a34-8277-0b8d239ea161,1f33d527-6045-4358-afd9-602ae8644b43
3553cbd4-2fc4-4cc0-bfd0-1b48a9215b00,89816960-209a-4338-98c2-15cd395dd76b
b37e4512-c4f6-41b2-9a4a-7e32a510aeba,28408059-9560-428c-be43-378a604ac3e8
284e9618-04aa-4c65-bf42-c7f00d33e15d,1f33d527-6045-4358-afd9-602ae8644b43
284e9618-04aa-4c65-bf42-c7f00d33e15d,992ae373-a9bc-4ae6-9d74-7082cf0a4c12
f46185ad-d1a8-416e-97d0-e8a96b5bb253,8d82500d-abce-4859-889f-991e369704e8
4b24ef79-8c63-4f8b-9731-9d26661218f5,ed75086e-ad87-42df-b512-6dba1ac50161
2bf1e9cf-cea8-42b3-8eae-83b84e841805,1f33d527-6045-4358-afd9-602ae8644b43
960aae20-4061-4574-97ed-adead0b7aaba,081dce13-ebde-49f5-95d1-a2de759b8a41
4709d975-a790-46cd-b250-e1eafa1e0cd3,ac2f7cb8-fe85-4eec-9dbd-11aab73b200d
ed0be6e0-92ae-4b15-acc2-044600decdd8,40193610-2542-4d28-a63f-078467cb7f0a
04dad5d1-9087-414e-b337-834ab58b4ebd,992ae373-a9bc-4ae6-9d74-7082cf0a4c12
04dad5d1-9087-414e-b337-834ab58b4ebd,ae92de86-1329-4de8-bbcc-f478e9f8628b
04dad5d1-9087-414e-b337-834ab58b4ebd,72f27659-ea6c-40a3-9f2d-dfe7d82c853b
7121591b-c78a-424d-b474-8ae1396dfe69,9e87af73-6ec7-473e-86b9-93fc8311efba
efbbf6ae-6231-415d-aab8-f5e3f2a99977,6ca59447-c208-40e3-ab57-7edb01549cbf
77ca9466-5c14-47f3-97c6-aac6c338319e,e1f048ba-5b3e-4c91-9caf-28dca91525cf
d213e1f4-3687-448f-b07a-25258d615636,636ec317-4c7e-4140-949e-b81cdece4be4
3431f5c9-e247-4058-b501-c511dc71ff0f,992ae373-a9bc-4ae6-9d74-7082cf0a4c12
3431f5c9-e247-4058-b501-c511dc71ff0f,6ff9e82a-0eff-4a28-b5c4-68f943508bf2
3431f5c9-e247-4058-b501-c511dc71ff0f,1f33d527-6045-4358-afd9-602ae8644b43
a8234ba3-031b-40fb-9449-be011801c08e,c28dbac1-24bb-4e49-8ccc-6360d439be7d
da7256ce-caad-4f81-8940-c02cd5119d16,1fad2edd-83ee-4028-b2a6-4664d26552cd
c123b40f-bb53-401c-927f-c411fdfc4506,9d902a90-2e2d-4921-9d40-b5c18c6fe7ec
c123b40f-bb53-401c-927f-c411fdfc4506,c4cb37e8-fe1c-4d2b-b0b5-f04a69925d8f
c123b40f-bb53-401c-927f-c411fdfc4506,992ae373-a9bc-4ae6-9d74-7082cf0a4c12
557c54ac-b98f-4c92-95fd-6a6f0d5cd495,6ca59447-c208-40e3-ab57-7edb01549cbf
8552d25a-f848-42ff-8c1a-27aa69c2a02d,992ae373-a9bc-4ae6-9d74-7082cf0a4c12
8552d25a-f848-42ff-8c1a-27aa69c2a02d,6ff9e82a-0eff-4a28-b5c4-68f943508bf2
00b4e821-c9ce-434a-acfc-f37744a5ef99,c0cdd49a-91fd-4557-95e5-236e2a601286
57ed1334-98b0-4abc-be84-10d642a4e665,d89699f6-85db-4def-8de6-14cb07eb2c43
57ed1334-98b0-4abc-be84-10d642a4e665,6e7ec579-d5fc-41c8-82f1-649532a23cb4
6c9c9d29-deeb-4725-b36c-9affb9f10bfa,6bdd587c-344f-4fb7-b1c6-d48b8b15a2d1
c7815444-e91e-4ce1-8a54-e53bbcbc6c1c,cde9a632-6add-43ce-8de9-84ce69637125
7c856e2e-9a13-4923-a88c-386fdbd3f6da,5fc091c1-fa87-45b5-878f-8deb38c39f5e
9858c1f4-e6fe-4053-aa27-88f04cb202ce,c9f904db-1282-4b70-a753-596160a1136a
9858c1f4-e6fe-4053-aa27-88f04cb202ce,1f33d527-6045-4358-afd9-602ae8644b43
310a087c-ba4a-45ed-8c2b-d34401f3fd56,6ca59447-c208-40e3-ab57-7edb01549cbf
2114b381-e02a-4db4-b251-b237e0f78f6d,eddb9f19-4025-4f9a-8d44-a9bf94cb562e
2114b381-e02a-4db4-b251-b237e0f78f6d,a558c676-742a-40c3-ab74-60a0f34d0c43
2114b381-e02a-4db4-b251-b237e0f78f6d,1f33d527-6045-4358-afd9-602ae8644b43
a8a7b050-a8b7-4913-b17a-42c81bcab0cc,6ca59447-c208-40e3-ab57-7edb01549cbf
31b474f2-586b-4a02-8406-b0b007c641bf,6ff9e82a-0eff-4a28-b5c4-68f943508bf2
a513119b-4f61-444b-b435-9ad44c76fb08,5fc091c1-fa87-45b5-878f-8deb38c39f5e
16f55d65-094d-4e63-9dc6-61fa910eb4dd,1f33d527-6045-4358-afd9-602ae8644b43
16f55d65-094d-4e63-9dc6-61fa910eb4dd,6ff9e82a-0eff-4a28-b5c4-68f943508bf2
1585109c-4416-44b0-a856-8c9392035708,e1f048ba-5b3e-4c91-9caf-28dca91525cf
66d43928-1386-4fd4-89b9-a134322eeca8,b47cb9fd-b9c9-4d77-916d-93ed0c1a1879
66d43928-1386-4fd4-89b9-a134322eeca8,f137d46d-5bac-404d-bfc9-d9fb8fc8a734
8c8c6d75-c30f-4b2c-9fed-cf0ef3ec5597,636ec317-4c7e-4140-949e-b81cdece4be4
e8f11294-578f-4e34-bcbb-d78d7fdd4ace,38fb6d40-46f1-4b8f-8b19-6769e6e92687
f11d365a-db9c-4bb2-a2cd-75d854ccbaa6,20bc1485-d0c4-4b2b-b0b4-c282c203431a
84015ab2-b545-4a3e-ad90-d6f33646d50b,1fa3719f-7f49-43d3-9416-c38e10968ac8
84015ab2-b545-4a3e-ad90-d6f33646d50b,1f33d527-6045-4358-afd9-602ae8644b43
84bdd6a2-a6f8-4e9f-9ff0-c0eabba98185,2407e3fc-726a-44f3-8344-0d8da811e1b8
468773d6-e554-4112-bec2-dcda8c9bf4f6,3b16b9a9-28b5-4421-a419-f2c0a580a622
ca246dfb-9f3a-4277-9fbd-14abfbac0e34,af68b454-0781-4ba1-a037-4444038ef730
671f0ee8-7585-42bd-b1f0-124cf22f5727,6e7ec579-d5fc-41c8-82f1-649532a23cb4
671f0ee8-7585-42bd-b1f0-124cf22f5727,f137d46d-5bac-404d-bfc9-d9fb8fc8a734
ed7048b5-c36b-4e89-bf6e-03f1d70ddde4,c7e9d8ec-9ba5-4048-82e7-c3d2ff02eb9b
67905086-4f17-4476-aaf8-12e6f9bd5400,d1c30f65-d081-40cd-91e8-193b4c51182a
d5ced7a5-cc42-40ad-b7b4-7fc3a4228b1f,ae92de86-1329-4de8-bbcc-f478e9f8628b
d5ced7a5-cc42-40ad-b7b4-7fc3a4228b1f,6ff9e82a-0eff-4a28-b5c4-68f943508bf2
20585455-86f8-4b6f-b7ab-9b051758108f,6ca59447-c208-40e3-ab57-7edb01549cbf
889664aa-aa57-4bc1-bfcc-f50d28c3662b,992ae373-a9bc-4ae6-9d74-7082cf0a4c12
889664aa-aa57-4bc1-bfcc-f50d28c3662b,ae92de86-1329-4de8-bbcc-f478e9f8628b
889664aa-aa57-4bc1-bfcc-f50d28c3662b,6ff9e82a-0eff-4a28-b5c4-68f943508bf2
62d7c8c9-798c-4552-929a-d0a6a6d19b06,cde9a632-6add-43ce-8de9-84ce69637125
e717c214-c4df-4311-a27a-db160884a706,5fc091c1-fa87-45b5-878f-8deb38c39f5e
d6619104-4eaa-4b7d-889d-216280a7f5b1,be94b64f-b472-4e9c-b1ad-2d63fb3f469d
d6619104-4eaa-4b7d-889d-216280a7f5b1,6e7ec579-d5fc-41c8-82f1-649532a23cb4
d6619104-4eaa-4b7d-889d-216280a7f5b1,5115a7f4-c481-4f49-bf54-506badb69a95
be952343-2b63-444e-86fd-1fb31fefa63e,c0616b1c-7741-4f55-9da3-7b115b34481c
cdf79b6f-45c3-4016-81e1-bbb14927a218,c0616b1c-7741-4f55-9da3-7b115b34481c
0c14cc27-e3da-4de0-93bb-b870bf37e9df,992ae373-a9bc-4ae6-9d74-7082cf0a4c12
0c14cc27-e3da-4de0-93bb-b870bf37e9df,1f33d527-6045-4358-afd9-602ae8644b43
c72d92e5-ae2d-4182-82e8-259690b1b7af,652457ae-aab8-457a-b1a8-66deb031d7a7
775e12b3-f77d-42e4-afb2-cae8c0a910b3,9297f5e2-06f8-43dc-9765-87beb4350755
a6e59165-60c9-483b-8579-914c156e196f,386c578b-2a53-4c3a-b910-a980fb1773c0
788061c4-b656-4aba-8d60-ed85d8a994c7,1f33d527-6045-4358-afd9-602ae8644b43
788061c4-b656-4aba-8d60-ed85d8a994c7,eddb9f19-4025-4f9a-8d44-a9bf94cb562e
efd1a025-f684-402f-8d94-6c5820225ff3,6ca59447-c208-40e3-ab57-7edb01549cbf
23f42e8f-8f20-4355-a129-0dda0b5407ae,402d7328-f91d-488a-ad1c-53ecfd349095
23f42e8f-8f20-4355-a129-0dda0b5407ae,6ff9e82a-0eff-4a28-b5c4-68f943508bf2
7585655c-43ba-4c58-a032-474c7f176e3c,6ca59447-c208-40e3-ab57-7edb01549cbf
f09e2d5d-4809-4f19-a86c-08cab04c0cf4,c1b2a3c9-ac3a-4dee-9cb6-1cb1c80d0b9b
c67a1dc8-810a-4328-9ee5-1eda15ffe3a9,6ca59447-c208-40e3-ab57-7edb01549cbf
fd2043de-19ea-4b8c-ae68-4aae4bdf6794,992ae373-a9bc-4ae6-9d74-7082cf0a4c12
fd2043de-19ea-4b8c-ae68-4aae4bdf6794,d8552976-9336-4818-a952-a6ada26a3006
4933cf20-0d72-4c30-957a-c33719e6d70b,c7e9d8ec-9ba5-4048-82e7-c3d2ff02eb9b
d8fa4ebf-c328-4deb-a446-b36430759703,d1c30f65-d081-40cd-91e8-193b4c51182a
3c9f0e77-ea49-4010-85fa-e086958cec53,1f33d527-6045-4358-afd9-602ae8644b43
3c9f0e77-ea49-4010-85fa-e086958cec53,fc1941db-1098-4bd5-a9c7-d9fe8b94172d
1f81e08f-9362-4ca6-befd-222f35cc215f,0ee9f564-1d84-4c16-8227-802613b88a09
4ef8f245-2706-40dd-90d4-2a383f6ddbb4,91f5ef84-d09b-4a54-a729-b6abe973e128
5d37b0a7-2f0e-4cda-9901-1f056e26f00b,386c578b-2a53-4c3a-b910-a980fb1773c0
2239eb13-2217-4980-ae34-84c95835411d,a558c676-742a-40c3-ab74-60a0f34d0c43
2239eb13-2217-4980-ae34-84c95835411d,a02e22cb-d235-4e41-99c0-73d63c06157e
2239eb13-2217-4980-ae34-84c95835411d,eddb9f19-4025-4f9a-8d44-a9bf94cb562e
0122027c-7b30-4d9a-88b1-dec61fcdf5b6,ec2041c0-abc0-43e0-b203-b9c87571eacb
d61af907-ec3f-4df2-8e80-aafd3abf24ab,6359b0bf-3af6-44e9-bf13-71c9fe0ead77
ea83a8fa-eca6-49ff-8b66-d1155c4ad184,f4053f71-94b5-40b2-92bd-fb588127fe38
ea83a8fa-eca6-49ff-8b66-d1155c4ad184,1f33d527-6045-4358-afd9-602ae8644b43
ea83a8fa-eca6-49ff-8b66-d1155c4ad184,992ae373-a9bc-4ae6-9d74-7082cf0a4c12
6c693b20-4081-4778-9e86-806136df17d3,8d82500d-abce-4859-889f-991e369704e8
a7f08341-4c65-4493-a551-5d0a572c7488,6ca59447-c208-40e3-ab57-7edb01549cbf
8b127aaa-d5d0-4861-a511-ea8b255c1e32,6e7ec579-d5fc-41c8-82f1-649532a23cb4
86d4d456-7b13-4e3c-bce0-939cea6d6c49,02257903-92fa-4ef4-8ba7-12758b989472
758de454-bdb1-4d2f-a9ea-bb1f04cf78de,8ccdb142-81ed-489d-94a0-4041bd04a46e
13b9770e-bd2e-4628-8287-d5dd86d7e529,52d84173-882a-48bc-98c2-da35a45c13c1
89c9cbe0-7031-42bc-a167-0457f8318710,992ae373-a9bc-4ae6-9d74-7082cf0a4c12
89c9cbe0-7031-42bc-a167-0457f8318710,6ff9e82a-0eff-4a28-b5c4-68f943508bf2
89c9cbe0-7031-42bc-a167-0457f8318710,72f27659-ea6c-40a3-9f2d-dfe7d82c853b
c0e82c97-5231-41ee-833a-5cf2ec9734cb,6ca59447-c208-40e3-ab57-7edb01549cbf
ca27e4b8-6b21-4818-a51f-06bfe87ef400,6ca59447-c208-40e3-ab57-7edb01549cbf
14c1905b-32f9-4834-a54b-834431b68834,fe8e1adf-281b-493b-a6ec-1b86629a19d7
14c1905b-32f9-4834-a54b-834431b68834,c9f904db-1282-4b70-a753-596160a1136a
14c1905b-32f9-4834-a54b-834431b68834,9e87af73-6ec7-473e-86b9-93fc8311efba
2ece7763-35b3-49e0-be07-123ca9e12b68,eddb9f19-4025-4f9a-8d44-a9bf94cb562e
2ece7763-35b3-49e0-be07-123ca9e12b68,6e7ec579-d5fc-41c8-82f1-649532a23cb4
0e8dffe0-3ba7-4e36-be92-b8f52fe3ca06,6ca59447-c208-40e3-ab57-7edb01549cbf
104564b7-5a1c-4e82-8611-6eec30cdd8fb,6ca59447-c208-40e3-ab57-7edb01549cbf
9ad49fd3-c3b2-40ee-a9b1-727762817569,ae92de86-1329-4de8-bbcc-f478e9f8628b
9ad49fd3-c3b2-40ee-a9b1-727762817569,992ae373-a9bc-4ae6-9d74-7082cf0a4c12
2761af5f-0b02-4c71-9ed0-c65ef75274c9,28408059-9560-428c-be43-378a604ac3e8
b21122a3-d0ff-41d5-8e76-3c24f9d9c3cb,ed75086e-ad87-42df-b512-6dba1ac50161
54b0c03d-9bee-4847-93b1-f282f9ce5f5d,1f33d527-6045-4358-afd9-602ae8644b43
a94c703b-b499-4a1b-bcdf-b110ab32c8e6,ac2f7cb8-fe85-4eec-9dbd-11aab73b200d
bb53fd31-2da9-4857-8b84-7f851ad1a667,6ca59447-c208-40e3-ab57-7edb01549cbf
e7701953-9541-4409-86fc-c5820fce1585,992ae373-a9bc-4ae6-9d74-7082cf0a4c12
e7701953-9541-4409-86fc-c5820fce1585,ae92de86-1329-4de8-bbcc-f478e9f8628b
67625ce7-e8a4-4d24-bdaf-5e9c08671987,6ca59447-c208-40e3-ab57-7edb01549cbf
2c854ca1-d75c-4f35-aa4d-d8fae45c4b12,d8552976-9336-4818-a952-a6ada26a3006
2c854ca1-d75c-4f35-aa4d-d8fae45c4b12,4c9945e5-4487-40d3-ac4d-0f39caa452c4
2c854ca1-d75c-4f35-aa4d-d8fae45c4b12,94d3c2e4-6c9d-45de-9663-14be2dcabf8d
c500ddde-0aec-47bf-80fd-5268004e1397,6ca59447-c208-40e3-ab57-7edb01549cbf
30d80255-82d7-4ce1-8e30-d3bc288d72e5,eddb9f19-4025-4f9a-8d44-a9bf94cb562e
30d80255-82d7-4ce1-8e30-d3bc288d72e5,ae92de86-1329-4de8-bbcc-f478e9f8628b
30d80255-82d7-4ce1-8e30-d3bc288d72e5,6ff9e82a-0eff-4a28-b5c4-68f943508bf2
afdc04ee-64d6-4bd7-b1a1-123a1d7a05a0,6ca59447-c208-40e3-ab57-7edb01549cbf
16f55d65-094d-4e63-9dc6-61fa910eb4dd,eddb9f19-4025-4f9a-8d44-a9bf94cb562e
ba65767e-1a11-41c6-accc-9c810c0c4946,f5ae86d6-7b29-42fb-b3b0-3b474b2978f5
c8067fd7-d7ff-415f-85d6-d01d2591a865,38fb6d40-46f1-4b8f-8b19-6769e6e92687
59460826-2afe-4412-acb4-33dfb667b5c6,6ca59447-c208-40e3-ab57-7edb01549cbf
8815c6b5-0bf9-4c15-ac37-7757a82b6e3c,72f27659-ea6c-40a3-9f2d-dfe7d82c853b
8815c6b5-0bf9-4c15-ac37-7757a82b6e3c,3ede1470-2ccd-442a-9411-0f2f431639e4
8815c6b5-0bf9-4c15-ac37-7757a82b6e3c,eddb9f19-4025-4f9a-8d44-a9bf94cb562e
59538a89-7800-412e-811b-8dd60569a892,6ca59447-c208-40e3-ab57-7edb01549cbf
9f17cf82-1016-42db-ab2a-f49903e56b4c,992ae373-a9bc-4ae6-9d74-7082cf0a4c12
9f17cf82-1016-42db-ab2a-f49903e56b4c,ae92de86-1329-4de8-bbcc-f478e9f8628b
9f17cf82-1016-42db-ab2a-f49903e56b4c,6ff9e82a-0eff-4a28-b5c4-68f943508bf2
9f17cf82-1016-42db-ab2a-f49903e56b4c,fc1941db-1098-4bd5-a9c7-d9fe8b94172d
28f94d00-7215-48e8-bdac-4d44cdb43dd0,0a2353ed-3482-4163-9ca4-46e6cf6ab717
28f94d00-7215-48e8-bdac-4d44cdb43dd0,eddb9f19-4025-4f9a-8d44-a9bf94cb562e
0a3e3e45-60d8-46c3-b0ca-6bbdd9cd3e09,6ca59447-c208-40e3-ab57-7edb01549cbf
655c8c04-807a-43b6-b418-f558fce9416a,6ca59447-c208-40e3-ab57-7edb01549cbf
5e654afb-efb7-4cb2-a2f3-284e0ebd4eba,992ae373-a9bc-4ae6-9d74-7082cf0a4c12
67fb2f88-1cf5-4da1-9bf1-79ec8399f9d0,6ca59447-c208-40e3-ab57-7edb01549cbf
b11babaa-399b-4323-beb8-67047db2b806,ae92de86-1329-4de8-bbcc-f478e9f8628b
b11babaa-399b-4323-beb8-67047db2b806,992ae373-a9bc-4ae6-9d74-7082cf0a4c12
cb59bdf0-09df-4765-9a72-d0e9f0cd591c,09469f3b-ef30-4f6b-9f7a-40f44037e953
a2ca049c-c82d-4010-a2e0-451784caedbb,50d749ed-12a3-48bb-88a9-ac8403bdc400
25a44db1-18c2-4a08-afb0-e0ce4d932644,cc81e6bc-9247-4f0e-9eb4-ca3900ac7217
88e9e73e-8fe2-4582-a783-f63dd0f61c9c,992ae373-a9bc-4ae6-9d74-7082cf0a4c12
88e9e73e-8fe2-4582-a783-f63dd0f61c9c,eddb9f19-4025-4f9a-8d44-a9bf94cb562e
88e9e73e-8fe2-4582-a783-f63dd0f61c9c,1f33d527-6045-4358-afd9-602ae8644b43
6e343e78-8b7e-4b11-9f11-b8981c8af673,10ff94b7-bad0-4bf5-a0cd-921c05b38863
6ed14582-697a-458b-b51a-2cd571bdd808,9e81cd13-e8cd-4e2a-93bc-7ab8e87c20d9
127763e6-087d-47c2-b5b5-a042fdf06350,992ae373-a9bc-4ae6-9d74-7082cf0a4c12
fdc68ba9-b2aa-4644-ac7c-7c5119b6f441,6ca59447-c208-40e3-ab57-7edb01549cbf
7b782a6c-b71c-4dd5-8d43-b80c870b3b4a,eddb9f19-4025-4f9a-8d44-a9bf94cb562e
7b782a6c-b71c-4dd5-8d43-b80c870b3b4a,d89699f6-85db-4def-8de6-14cb07eb2c43
50850969-854a-4eb4-8274-d2c85ac6a69c,ec2041c0-abc0-43e0-b203-b9c87571eacb
07dcbd1e-0996-40e5-9410-de6d07bb6f98,6359b0bf-3af6-44e9-bf13-71c9fe0ead77
caf44b48-085c-4569-8504-1a56e008cb28,992ae373-a9bc-4ae6-9d74-7082cf0a4c12
caf44b48-085c-4569-8504-1a56e008cb28,1f33d527-6045-4358-afd9-602ae8644b43
27955ee6-1dee-40ca-ae5b-4432c5044720,3b16b9a9-28b5-4421-a419-f2c0a580a622
41cf5eca-09b5-4a94-a783-a20eea3371f0,02257903-92fa-4ef4-8ba7-12758b989472
e7eaa1cc-9f02-4086-8c6b-e014f2fb568e,abc6c08b-0d8b-4b68-9a5e-18e8122308ca
045c4beb-8c51-4729-ab87-341bc9ab3adb,1f33d527-6045-4358-afd9-602ae8644b43
3d78fdbc-7dfd-4936-b9fa-ca5b38a5a50f,3b16b9a9-28b5-4421-a419-f2c0a580a622
1e4bdc7c-537d-43ff-83e7-ddc8dca03d5f,c0616b1c-7741-4f55-9da3-7b115b34481c
a824bdd2-4fc1-43b9-add2-5f7b6fd9cdf6,c0616b1c-7741-4f55-9da3-7b115b34481c
64f2777b-9cf8-4a76-99a8-56c33518ecfb,eddb9f19-4025-4f9a-8d44-a9bf94cb562e
cb090516-8354-458a-97f0-28d3dbe96b96,6ca59447-c208-40e3-ab57-7edb01549cbf
3aaee6d6-1b49-4598-a0f7-827bdd49e19a,f137d46d-5bac-404d-bfc9-d9fb8fc8a734
3aaee6d6-1b49-4598-a0f7-827bdd49e19a,d89699f6-85db-4def-8de6-14cb07eb2c43
f0e0d3b7-6cce-48e1-bdde-68d6224820f6,6ca59447-c208-40e3-ab57-7edb01549cbf
936f2b6a-81c8-479d-a78e-e17706a1a29e,992ae373-a9bc-4ae6-9d74-7082cf0a4c12
936f2b6a-81c8-479d-a78e-e17706a1a29e,ae92de86-1329-4de8-bbcc-f478e9f8628b
b106227a-f3a5-4b8f-9616-0bf61e9a8389,6ca59447-c208-40e3-ab57-7edb01549cbf
7da8e271-bbec-42fc-a962-45fbfad6428b,992ae373-a9bc-4ae6-9d74-7082cf0a4c12
7da8e271-bbec-42fc-a962-45fbfad6428b,0a2353ed-3482-4163-9ca4-46e6cf6ab717
90174efb-9734-4b34-a930-c0e43cfda3bb,bff58644-e49e-473a-982c-92154bff459a
1599518d-b058-4369-b0a8-491802551904,91f5ef84-d09b-4a54-a729-b6abe973e128
f5844958-624b-45cf-b9a5-6766ff379441,5fc091c1-fa87-45b5-878f-8deb38c39f5e
015aeadc-0ccb-4940-854f-70b513b45fbc,1f33d527-6045-4358-afd9-602ae8644b43
5b7ad1c2-18fa-48b3-bc14-dcbc4d0d0599,cde9a632-6add-43ce-8de9-84ce69637125
a1c3245f-5069-43d2-8785-816fc881b238,5fc091c1-fa87-45b5-878f-8deb38c39f5e
a161a184-4339-4e5e-bd03-525a14dd349f,6ff9e82a-0eff-4a28-b5c4-68f943508bf2
a161a184-4339-4e5e-bd03-525a14dd349f,992ae373-a9bc-4ae6-9d74-7082cf0a4c12
a4f6cdcb-6f90-4e35-bd86-6d303749c657,af68b454-0781-4ba1-a037-4444038ef730
8ef85ec9-1a65-410c-8b8e-2591211ce797,8d82500d-abce-4859-889f-991e369704e8
03da55e0-92f7-4042-928a-6258c7c98d37,8d82500d-abce-4859-889f-991e369704e8
526c123f-dec1-4b25-acee-c98849ba2261,f137d46d-5bac-404d-bfc9-d9fb8fc8a734
526c123f-dec1-4b25-acee-c98849ba2261,3ede1470-2ccd-442a-9411-0f2f431639e4
526c123f-dec1-4b25-acee-c98849ba2261,72f27659-ea6c-40a3-9f2d-dfe7d82c853b
1ce1361c-b589-4424-9fbb-8a0895730ad8,ca64a6a5-167f-4dc6-a828-596ec7fb7bcf
5897fb1d-5bb3-4303-89fe-d4d5052a7b30,f137d46d-5bac-404d-bfc9-d9fb8fc8a734
e59aee56-ee46-4ba2-a7c7-b09cb2fc043b,46d4a1d1-c057-49ba-a879-db85b0cda4b9
b52f889b-00f4-4e87-b8a7-353fd29c85bf,9f6d5b2b-ac1c-4cc3-a7d1-7cedf98b7563
b52f889b-00f4-4e87-b8a7-353fd29c85bf,d89699f6-85db-4def-8de6-14cb07eb2c43
4b7836a0-00a6-400b-be7b-0d2a67457ae5,6ca59447-c208-40e3-ab57-7edb01549cbf
b58e07f0-a443-4638-9d6f-ee097b90d2eb,992ae373-a9bc-4ae6-9d74-7082cf0a4c12
b58e07f0-a443-4638-9d6f-ee097b90d2eb,ae92de86-1329-4de8-bbcc-f478e9f8628b
b58e07f0-a443-4638-9d6f-ee097b90d2eb,fc1941db-1098-4bd5-a9c7-d9fe8b94172d
748ba7d1-1cb6-4ba3-b829-658030de4705,6ca59447-c208-40e3-ab57-7edb01549cbf
53e4787f-f81a-49f2-a46a-a85426e5ab3f,1f33d527-6045-4358-afd9-602ae8644b43
53e4787f-f81a-49f2-a46a-a85426e5ab3f,d89699f6-85db-4def-8de6-14cb07eb2c43
6bad8c72-d18c-4487-94e8-e0b0e53d61d0,bff58644-e49e-473a-982c-92154bff459a
5c75628f-8b75-4d5d-9c21-bbdfae1c0adf,28408059-9560-428c-be43-378a604ac3e8
097b2948-71a9-41a1-a136-cbb8ab0a25e1,5fc091c1-fa87-45b5-878f-8deb38c39f5e
c305e447-81a0-4ef2-8216-64860db37632,d89699f6-85db-4def-8de6-14cb07eb2c43
c305e447-81a0-4ef2-8216-64860db37632,a02e22cb-d235-4e41-99c0-73d63c06157e
c305e447-81a0-4ef2-8216-64860db37632,1f33d527-6045-4358-afd9-602ae8644b43
7107d92a-5c90-421c-ba4d-6b9eabc021e8,3b16b9a9-28b5-4421-a419-f2c0a580a622
09dd24ba-4165-4b7f-ada2-6fb80855725d,6ca59447-c208-40e3-ab57-7edb01549cbf
1234659a-df24-423e-b806-c97aeeb1f1b1,0663a94d-7fc1-4427-9cdd-86e299c0fe86
abe8211a-a580-45a2-bd01-e44dbf9fdd9e,5fc091c1-fa87-45b5-878f-8deb38c39f5e
0aa7b491-91ba-4547-85cd-31a204e0caaa,992ae373-a9bc-4ae6-9d74-7082cf0a4c12
0aa7b491-91ba-4547-85cd-31a204e0caaa,eddb9f19-4025-4f9a-8d44-a9bf94cb562e
0aa7b491-91ba-4547-85cd-31a204e0caaa,1f33d527-6045-4358-afd9-602ae8644b43
ced087c1-d0c4-4430-8a81-6cb638fac842,cde9a632-6add-43ce-8de9-84ce69637125
4f0bdb1a-33bc-45dc-93ba-da4f5a3eaf71,6ca59447-c208-40e3-ab57-7edb01549cbf
81611484-217d-40f5-8fd8-9ba370c00619,4c9945e5-4487-40d3-ac4d-0f39caa452c4
81611484-217d-40f5-8fd8-9ba370c00619,ae92de86-1329-4de8-bbcc-f478e9f8628b
caa62d12-1054-4617-8f24-96c7e7254e7e,6ca59447-c208-40e3-ab57-7edb01549cbf
a0da8564-8ebc-4e04-b20f-16e0f81c7d40,6ff9e82a-0eff-4a28-b5c4-68f943508bf2
a0da8564-8ebc-4e04-b20f-16e0f81c7d40,3ede1470-2ccd-442a-9411-0f2f431639e4
a0da8564-8ebc-4e04-b20f-16e0f81c7d40,0a2353ed-3482-4163-9ca4-46e6cf6ab717
6ba6ea5d-eeae-4afc-8048-6ed799170ea2,ca64a6a5-167f-4dc6-a828-596ec7fb7bcf
528c74e8-c0c2-4247-b53a-8135dee04353,50d749ed-12a3-48bb-88a9-ac8403bdc400
66cf3da0-662f-458a-8459-1af4e5ef294d,992ae373-a9bc-4ae6-9d74-7082cf0a4c12
66cf3da0-662f-458a-8459-1af4e5ef294d,6ff9e82a-0eff-4a28-b5c4-68f943508bf2
c81a3a31-c4f7-4575-8c2c-118433430f7b,6ca59447-c208-40e3-ab57-7edb01549cbf
4c8d360f-f00e-42e1-8475-3b2a3d1aac0d,5fc091c1-fa87-45b5-878f-8deb38c39f5e
99b0d214-cfc2-4a8d-81f2-48bccd55802b,d89699f6-85db-4def-8de6-14cb07eb2c43
99b0d214-cfc2-4a8d-81f2-48bccd55802b,72f27659-ea6c-40a3-9f2d-dfe7d82c853b
93141c4f-3e96-44c6-9745-992a6a4ba137,cde9a632-6add-43ce-8de9-84ce69637125
20205110-7247-4f59-b46d-da5744f7d0e5,6ca59447-c208-40e3-ab57-7edb01549cbf
253e66bc-26fc-4211-a06d-8cd5a0e1dda1,d89699f6-85db-4def-8de6-14cb07eb2c43
253e66bc-26fc-4211-a06d-8cd5a0e1dda1,3ede1470-2ccd-442a-9411-0f2f431639e4
25bf5ab8-a945-47be-9664-e9d53fb07450,af68b454-0781-4ba1-a037-4444038ef730
0e9e3604-b0e6-4475-abf0-002ac8a7db7d,3b16b9a9-28b5-4421-a419-f2c0a580a622
b7ddeec7-dd04-409d-a25d-6a6cd4843d43,d89699f6-85db-4def-8de6-14cb07eb2c43
b7ddeec7-dd04-409d-a25d-6a6cd4843d43,1f33d527-6045-4358-afd9-602ae8644b43
faeef7df-92d8-41a1-b977-a4d281cab8e8,0d89cd97-9e1b-4cb3-89fc-6773540db9e8
cb4e645f-02e3-49bc-88ec-2cdeb8b0e3e1,ff41c6fa-d1d3-461e-bc14-61438d2fe7d4
68e1feb5-0b1b-48ad-9001-c59746a175ab,8ccdb142-81ed-489d-94a0-4041bd04a46e
db561915-cd15-4a1b-a2a1-3181ec543069,2407e3fc-726a-44f3-8344-0d8da811e1b8
cf29da00-a3c1-4439-8141-e94bd793c544,7a8e0e9d-28f2-40d7-8696-9db0a75a628d
63b32c05-9147-4f4e-87bb-2a09782f1a4f,21d8739d-25f6-48b7-a909-14d59848db24
1f1078b4-66b3-4503-b409-3ff46d7bcb85,ff41c6fa-d1d3-461e-bc14-61438d2fe7d4
7377cae8-2a95-4bda-98a0-8636eecfb1cc,992ae373-a9bc-4ae6-9d74-7082cf0a4c12
48a35235-aadd-490c-ac2b-7cc076a7f24b,d1c30f65-d081-40cd-91e8-193b4c51182a
d227759e-f447-47ce-b5bd-e78a007bb2d4,6ca59447-c208-40e3-ab57-7edb01549cbf
4966be7a-4875-4058-8b42-ce535c04179d,992ae373-a9bc-4ae6-9d74-7082cf0a4c12
4966be7a-4875-4058-8b42-ce535c04179d,fc1941db-1098-4bd5-a9c7-d9fe8b94172d
6768ae5b-e99a-4429-b0f6-9d3137f6fc4b,6ca59447-c208-40e3-ab57-7edb01549cbf
6e81c3fc-40b1-4f25-a35f-db726b374fe6,992ae373-a9bc-4ae6-9d74-7082cf0a4c12
6e81c3fc-40b1-4f25-a35f-db726b374fe6,72f27659-ea6c-40a3-9f2d-dfe7d82c853b
6e81c3fc-40b1-4f25-a35f-db726b374fe6,f137d46d-5bac-404d-bfc9-d9fb8fc8a734
0d1dd81d-e077-4865-943a-282bfb7eb9f3,6ca59447-c208-40e3-ab57-7edb01549cbf
0198c996-52a7-4b20-a6b7-2ffea024d9cc,992ae373-a9bc-4ae6-9d74-7082cf0a4c12
0198c996-52a7-4b20-a6b7-2ffea024d9cc,6ff9e82a-0eff-4a28-b5c4-68f943508bf2
0198c996-52a7-4b20-a6b7-2ffea024d9cc,eddb9f19-4025-4f9a-8d44-a9bf94cb562e
67aa6930-f13b-4ff4-b765-b13f53065c99,6ca59447-c208-40e3-ab57-7edb01549cbf
c900139c-f0de-44f3-8bd7-861469a840a4,992ae373-a9bc-4ae6-9d74-7082cf0a4c12
c900139c-f0de-44f3-8bd7-861469a840a4,6ff9e82a-0eff-4a28-b5c4-68f943508bf2
ee48f040-1c38-4f2d-b6bb-fbfb1350d6f4,ac2f7cb8-fe85-4eec-9dbd-11aab73b200d
b925ced0-77aa-4fdc-a780-d5aa95bde2a1,b4f75e2e-aded-4dd2-8b9c-740be0e9164d
f4b7cb9d-7853-44c3-8881-d44ffe2a5113,5fc091c1-fa87-45b5-878f-8deb38c39f5e
66de55c2-6f8c-4ee5-901e-616025f2d7e0,41d62f31-a92e-4ff2-9981-41f3cf46ebeb
66de55c2-6f8c-4ee5-901e-616025f2d7e0,d89699f6-85db-4def-8de6-14cb07eb2c43
43ec94b2-927b-49e4-8a82-0de34211ff68,c7e9d8ec-9ba5-4048-82e7-c3d2ff02eb9b
0c8c34ac-188f-4cea-94f3-85bd8d18555f,38fb6d40-46f1-4b8f-8b19-6769e6e92687
fe08d44e-62ca-4535-81b2-0148a8514613,992ae373-a9bc-4ae6-9d74-7082cf0a4c12
fe08d44e-62ca-4535-81b2-0148a8514613,1f33d527-6045-4358-afd9-602ae8644b43
fe08d44e-62ca-4535-81b2-0148a8514613,f4053f71-94b5-40b2-92bd-fb588127fe38
16ea9981-46eb-4bb2-9be5-e234ac1b40b1,3b16b9a9-28b5-4421-a419-f2c0a580a622
8fc89efd-ffab-48fd-a1bf-016570d9110b,6ca59447-c208-40e3-ab57-7edb01549cbf
98c70cba-d254-4510-8b79-deac1e675c28,0a2353ed-3482-4163-9ca4-46e6cf6ab717
98c70cba-d254-4510-8b79-deac1e675c28,6ff9e82a-0eff-4a28-b5c4-68f943508bf2
0ebdb112-24b5-4bd2-89c2-66ab03d1cb5b,6ca59447-c208-40e3-ab57-7edb01549cbf
bd715ab8-e20c-49f0-95bf-01899ed3f10a,eddb9f19-4025-4f9a-8d44-a9bf94cb562e
bd715ab8-e20c-49f0-95bf-01899ed3f10a,a558c676-742a-40c3-ab74-60a0f34d0c43
8bd72b09-594b-4975-a74a-18d43ec17ff9,6ca59447-c208-40e3-ab57-7edb01549cbf
2907885a-00f8-4eec-9fb3-1dce0ea497fc,992ae373-a9bc-4ae6-9d74-7082cf0a4c12
2907885a-00f8-4eec-9fb3-1dce0ea497fc,6ff9e82a-0eff-4a28-b5c4-68f943508bf2
5092d208-66e0-4f74-8eef-fc3618bf7e41,6ca59447-c208-40e3-ab57-7edb01549cbf
a5d56153-515a-4986-bec0-fd67ebfc9b9d,1f33d527-6045-4358-afd9-602ae8644b43
a5d56153-515a-4986-bec0-fd67ebfc9b9d,992ae373-a9bc-4ae6-9d74-7082cf0a4c12
420adea4-326d-40fc-b131-eff8ffb7fab7,c7e9d8ec-9ba5-4048-82e7-c3d2ff02eb9b
b54886ff-993d-48d8-902a-79aeb1861819,38fb6d40-46f1-4b8f-8b19-6769e6e92687
dc89a53b-edd2-4aa3-acea-fcb1b849a575,1f33d527-6045-4358-afd9-602ae8644b43
dc89a53b-edd2-4aa3-acea-fcb1b849a575,d89699f6-85db-4def-8de6-14cb07eb2c43
c2ed9bb5-b9c0-4543-9c89-2eb8a91b8081,3b16b9a9-28b5-4421-a419-f2c0a580a622
9932c761-328a-4b5b-b252-7724e8548d90,6ca59447-c208-40e3-ab57-7edb01549cbf
5238e89b-6ba6-496b-af9a-9cfba8901b0e,fc1941db-1098-4bd5-a9c7-d9fe8b94172d
5238e89b-6ba6-496b-af9a-9cfba8901b0e,d8552976-9336-4818-a952-a6ada26a3006
4bdd6727-ec95-43b1-9f1a-270f5c5f2910,992ae373-a9bc-4ae6-9d74-7082cf0a4c12
4bdd6727-ec95-43b1-9f1a-270f5c5f2910,f137d46d-5bac-404d-bfc9-d9fb8fc8a734
4bdd6727-ec95-43b1-9f1a-270f5c5f2910,72f27659-ea6c-40a3-9f2d-dfe7d82c853b
a5d49461-4c5d-4fd6-8563-ac3cabeebd96,6ca59447-c208-40e3-ab57-7edb01549cbf
5584ccb4-10ff-4577-a341-949210f1d0ee,6ca59447-c208-40e3-ab57-7edb01549cbf
d0f195ac-5bf3-4b26-a2c0-dac70d400b78,992ae373-a9bc-4ae6-9d74-7082cf0a4c12
d0f195ac-5bf3-4b26-a2c0-dac70d400b78,eddb9f19-4025-4f9a-8d44-a9bf94cb562e
804fbeb1-5c14-4539-b601-acaaee4994ae,6ff9e82a-0eff-4a28-b5c4-68f943508bf2
804fbeb1-5c14-4539-b601-acaaee4994ae,992ae373-a9bc-4ae6-9d74-7082cf0a4c12
41dbd9e9-efe4-42f0-adb4-58934262e81a,6ca59447-c208-40e3-ab57-7edb01549cbf
84e1cbeb-1ae5-4609-bb31-6c5e6149b98a,6ca59447-c208-40e3-ab57-7edb01549cbf
17b6f1e9-0918-45ec-9636-bfe9bc33bdbb,992ae373-a9bc-4ae6-9d74-7082cf0a4c12
17b6f1e9-0918-45ec-9636-bfe9bc33bdbb,6ff9e82a-0eff-4a28-b5c4-68f943508bf2
17b6f1e9-0918-45ec-9636-bfe9bc33bdbb,4c9945e5-4487-40d3-ac4d-0f39caa452c4
ddce3e01-e87b-4b03-b392-096fd717e8b6,21d8739d-25f6-48b7-a909-14d59848db24
e09c231a-9456-4ed2-871d-203f0c9986f7,6bdd587c-344f-4fb7-b1c6-d48b8b15a2d1
fa3047f9-2cc8-4088-a272-e7940a5ab296,1f33d527-6045-4358-afd9-602ae8644b43
fa3047f9-2cc8-4088-a272-e7940a5ab296,eddb9f19-4025-4f9a-8d44-a9bf94cb562e
cc383f6d-4a00-4bf8-b401-f713d3047338,0d262eed-551e-45d0-983c-bca05eabe980
ba7374e9-b240-428d-8283-76f44687eef3,636ec317-4c7e-4140-949e-b81cdece4be4
cc608c5d-a5e2-4ac7-9229-3347d0a4a0c7,e1f048ba-5b3e-4c91-9caf-28dca91525cf
04ef754e-bcca-48e3-a682-0130721ee46f,41d62f31-a92e-4ff2-9981-41f3cf46ebeb
04ef754e-bcca-48e3-a682-0130721ee46f,992ae373-a9bc-4ae6-9d74-7082cf0a4c12
c29e5d32-4556-442f-9b8e-0365cb74f1d1,fe5f9116-b18a-42bb-bead-1f0a20aae294
eae9dbaa-fdb3-4e31-837c-c2d26077d461,ff41c6fa-d1d3-461e-bc14-61438d2fe7d4
ef1239ef-9cef-4c61-8be9-6bc1967a9f85,992ae373-a9bc-4ae6-9d74-7082cf0a4c12
ef1239ef-9cef-4c61-8be9-6bc1967a9f85,6ff9e82a-0eff-4a28-b5c4-68f943508bf2
ef1239ef-9cef-4c61-8be9-6bc1967a9f85,b47cb9fd-b9c9-4d77-916d-93ed0c1a1879
0fdcc0ba-6c7d-4987-b59a-0fa8bb6fb51b,ca64a6a5-167f-4dc6-a828-596ec7fb7bcf
f94016bb-6d5f-4ef6-91d3-2ccdeb058736,02257903-92fa-4ef4-8ba7-12758b989472
8d487bb7-b6ea-4a62-94fe-5afbd553379c,5fc091c1-fa87-45b5-878f-8deb38c39f5e
406c23be-e614-4aff-b2fe-886e79b08aa7,41d62f31-a92e-4ff2-9981-41f3cf46ebeb
2dba8261-c7e4-4eee-a348-41d57c585d35,992ae373-a9bc-4ae6-9d74-7082cf0a4c12
5cbe02fb-93e7-424f-8c8f-19d137885631,6ca59447-c208-40e3-ab57-7edb01549cbf
85c5f7db-9834-4e65-963c-7eee8224c3ea,abc6c08b-0d8b-4b68-9a5e-18e8122308ca
eb416259-541d-4d0a-97be-8dd885381701,3b16b9a9-28b5-4421-a419-f2c0a580a622
35964ee3-2e39-4655-9524-045dbdcc4dd3,636ec317-4c7e-4140-949e-b81cdece4be4
d48d43c5-14f3-48aa-bd2d-74689fceed97,c7e9d8ec-9ba5-4048-82e7-c3d2ff02eb9b
4a59ae40-2638-4100-8c1b-b1dedd545349,6e7ec579-d5fc-41c8-82f1-649532a23cb4
e9efb9e2-0f71-4fde-851d-882a95d6194b,05189b57-cd02-4472-9e21-bd3b54ab5dd6
44d45ff2-0e37-4d31-ace8-f99e77af88ff,5fc091c1-fa87-45b5-878f-8deb38c39f5e
c9d629ff-8e8e-49c2-8934-f9260a509fc1,3b16b9a9-28b5-4421-a419-f2c0a580a622
704e0f61-2114-4640-8aa7-3ed847055927,1f33d527-6045-4358-afd9-602ae8644b43
704e0f61-2114-4640-8aa7-3ed847055927,9e87af73-6ec7-473e-86b9-93fc8311efba
1a4430d7-b384-49a9-b3d2-0d36d815d436,6ca59447-c208-40e3-ab57-7edb01549cbf
d0098098-36fc-46ab-a363-1b6c5935846a,992ae373-a9bc-4ae6-9d74-7082cf0a4c12
1bcad276-909f-4500-873a-3eed9344e3b1,6ca59447-c208-40e3-ab57-7edb01549cbf
2e4178f4-f03a-4c7d-ab55-c631dc4600c0,4c9945e5-4487-40d3-ac4d-0f39caa452c4
e9edf61b-13ea-4788-8690-5f7dac992ca6,ff41c6fa-d1d3-461e-bc14-61438d2fe7d4
61040741-ba6f-45d2-95b7-b7c6d6023459,1fa3719f-7f49-43d3-9416-c38e10968ac8
61040741-ba6f-45d2-95b7-b7c6d6023459,1f33d527-6045-4358-afd9-602ae8644b43
35f96af4-23e8-4d57-b31c-b51eede2d2e3,fe5f9116-b18a-42bb-bead-1f0a20aae294
34627e40-8795-4a27-8788-180168f444f1,6ca59447-c208-40e3-ab57-7edb01549cbf
f15f8b65-9a2f-4159-9157-f0d2e62767ca,ae92de86-1329-4de8-bbcc-f478e9f8628b
f15f8b65-9a2f-4159-9157-f0d2e62767ca,6ff9e82a-0eff-4a28-b5c4-68f943508bf2
f15f8b65-9a2f-4159-9157-f0d2e62767ca,9f6d5b2b-ac1c-4cc3-a7d1-7cedf98b7563
e45703e0-0953-4d7c-b37d-7eb958264634,50d749ed-12a3-48bb-88a9-ac8403bdc400
f9611203-f16c-47e3-a3eb-b79febc66175,aa8d2b6b-4734-4e80-ab73-a7a88a06f54f
f9611203-f16c-47e3-a3eb-b79febc66175,1f33d527-6045-4358-afd9-602ae8644b43
f9611203-f16c-47e3-a3eb-b79febc66175,eddb9f19-4025-4f9a-8d44-a9bf94cb562e
ebd31739-2fab-4e11-a18f-52dcca7dfb08,ca64a6a5-167f-4dc6-a828-596ec7fb7bcf
fbfb4eb2-ac0b-437e-8130-72324a498fba,af68b454-0781-4ba1-a037-4444038ef730
75d9c18f-995c-40dd-a70d-2e392b33056d,6e7ec579-d5fc-41c8-82f1-649532a23cb4
5f4aa37b-7d58-4d3a-b17e-0c9067c7ae19,3b16b9a9-28b5-4421-a419-f2c0a580a622
14f32c64-6709-4299-b075-40972fc65501,6ca59447-c208-40e3-ab57-7edb01549cbf
e5379e0f-8c86-4df5-bb99-ca61364231ee,0a2353ed-3482-4163-9ca4-46e6cf6ab717
e5379e0f-8c86-4df5-bb99-ca61364231ee,d89699f6-85db-4def-8de6-14cb07eb2c43
e5379e0f-8c86-4df5-bb99-ca61364231ee,0663a94d-7fc1-4427-9cdd-86e299c0fe86
dbe66e48-9881-46a9-936b-fd126b59a1b3,3d947f3c-fa03-4667-b09a-25a8f2db2adb
8fc6ec81-e72a-43ca-a457-b0d27d11bb0f,6359b0bf-3af6-44e9-bf13-71c9fe0ead77
732d7d5b-2d5d-4517-9bfb-a64eaee4de57,eddb9f19-4025-4f9a-8d44-a9bf94cb562e
732d7d5b-2d5d-4517-9bfb-a64eaee4de57,1fa3719f-7f49-43d3-9416-c38e10968ac8
1690fca7-7d3d-40c5-9ebc-4c61f7ea7a11,c7e9d8ec-9ba5-4048-82e7-c3d2ff02eb9b
b3ed60ad-f7f1-4419-88ac-a8823d1212ba,0a2353ed-3482-4163-9ca4-46e6cf6ab717
b3ed60ad-f7f1-4419-88ac-a8823d1212ba,6ff9e82a-0eff-4a28-b5c4-68f943508bf2
f6e1d54c-68f7-4831-8827-194c7ff8d788,d1c30f65-d081-40cd-91e8-193b4c51182a
e04da37e-f722-42b3-9107-6d7ed3debe1c,c7e9d8ec-9ba5-4048-82e7-c3d2ff02eb9b
9b2d65fd-1429-4c98-ab79-c6d13732422f,38fb6d40-46f1-4b8f-8b19-6769e6e92687
996a64f1-29c1-42df-aef4-73625a7ceb8d,6e7ec579-d5fc-41c8-82f1-649532a23cb4
f6ad6f68-2d84-4f60-8816-8f6b79f7eb34,3b16b9a9-28b5-4421-a419-f2c0a580a622
0f80a69a-e541-4106-80e7-515c1e46a529,6ca59447-c208-40e3-ab57-7edb01549cbf
14304289-6a31-4380-9ea8-5d03d3f6aab5,992ae373-a9bc-4ae6-9d74-7082cf0a4c12
f824d38c-007c-428f-b019-bd8530877bc1,b4f75e2e-aded-4dd2-8b9c-740be0e9164d
f006dc9e-358d-4004-b98a-4032563061e1,5fc091c1-fa87-45b5-878f-8deb38c39f5e
4e6f6c84-c563-4eb4-80c4-b68438b72546,eddb9f19-4025-4f9a-8d44-a9bf94cb562e
dd57f69b-1a8c-48d1-a513-746688defe4b,ac2f7cb8-fe85-4eec-9dbd-11aab73b200d
10b170b3-8168-407a-b0a9-b315322d3ab5,6ca59447-c208-40e3-ab57-7edb01549cbf
d33af653-7f2c-4783-be02-ba6e08a72b99,992ae373-a9bc-4ae6-9d74-7082cf0a4c12
d33af653-7f2c-4783-be02-ba6e08a72b99,ae92de86-1329-4de8-bbcc-f478e9f8628b
edc5ca98-4e13-4689-984f-efb6adf3e100,c0cdd49a-91fd-4557-95e5-236e2a601286
e1774b4a-c3d6-452d-a18b-645123da059f,6bdd587c-344f-4fb7-b1c6-d48b8b15a2d1
bc03f7cf-b0c0-41a6-8e23-a748bb160f6a,eddb9f19-4025-4f9a-8d44-a9bf94cb562e
bc03f7cf-b0c0-41a6-8e23-a748bb160f6a,992ae373-a9bc-4ae6-9d74-7082cf0a4c12
bc03f7cf-b0c0-41a6-8e23-a748bb160f6a,ae92de86-1329-4de8-bbcc-f478e9f8628b
bc03f7cf-b0c0-41a6-8e23-a748bb160f6a,1f33d527-6045-4358-afd9-602ae8644b43
d323b9de-fd85-45c4-9200-79426986266d,992ae373-a9bc-4ae6-9d74-7082cf0a4c12
d323b9de-fd85-45c4-9200-79426986266d,eddb9f19-4025-4f9a-8d44-a9bf94cb562e
d323b9de-fd85-45c4-9200-79426986266d,6ff9e82a-0eff-4a28-b5c4-68f943508bf2
b36e4b57-07b0-4e8b-8319-7a978336ef9d,6ca59447-c208-40e3-ab57-7edb01549cbf
53908f0f-bfe6-4e0b-b64d-bff0e72701c8,992ae373-a9bc-4ae6-9d74-7082cf0a4c12
53908f0f-bfe6-4e0b-b64d-bff0e72701c8,eddb9f19-4025-4f9a-8d44-a9bf94cb562e
53908f0f-bfe6-4e0b-b64d-bff0e72701c8,ae92de86-1329-4de8-bbcc-f478e9f8628b
8a619fe0-3b33-4600-a796-187f18906ddc,6ca59447-c208-40e3-ab57-7edb01549cbf
3a51e659-ae1d-4201-956c-25155ccb2640,94d3c2e4-6c9d-45de-9663-14be2dcabf8d
7ed2a6d3-70fb-41b6-af13-2f79fee26ae9,6ca59447-c208-40e3-ab57-7edb01549cbf
3a3f398e-e3cd-4a31-a354-443c407a82c1,992ae373-a9bc-4ae6-9d74-7082cf0a4c12
3a3f398e-e3cd-4a31-a354-443c407a82c1,6ff9e82a-0eff-4a28-b5c4-68f943508bf2
c394edc0-4e65-4993-b8bf-fded43c928b9,6ca59447-c208-40e3-ab57-7edb01549cbf
73f57501-570a-4d99-aeda-4e302dc70e15,1f33d527-6045-4358-afd9-602ae8644b43
73f57501-570a-4d99-aeda-4e302dc70e15,992ae373-a9bc-4ae6-9d74-7082cf0a4c12
73f57501-570a-4d99-aeda-4e302dc70e15,4af34acb-f76e-4a52-a39e-fa93ca379e5c
eed48b8e-1a67-404f-ba3d-87e24923c23b,6ca59447-c208-40e3-ab57-7edb01549cbf
68028cbf-d8bf-4a62-9b0f-117f43d90e8f,fc1941db-1098-4bd5-a9c7-d9fe8b94172d
68028cbf-d8bf-4a62-9b0f-117f43d90e8f,be94b64f-b472-4e9c-b1ad-2d63fb3f469d
68028cbf-d8bf-4a62-9b0f-117f43d90e8f,0a2353ed-3482-4163-9ca4-46e6cf6ab717
1abbba43-dbf8-42c7-a8c2-421c18a43532,ac2f7cb8-fe85-4eec-9dbd-11aab73b200d
0205ec9e-62d5-4fbb-a079-89207f3aa346,40193610-2542-4d28-a63f-078467cb7f0a
a0853b45-0ac9-4442-a2be-68d2cff5d035,992ae373-a9bc-4ae6-9d74-7082cf0a4c12
8e03efdf-2468-4c6e-b803-4275e19f2cd1,6ca59447-c208-40e3-ab57-7edb01549cbf
ed81e155-283b-4ddd-b21c-4e52b42a074e,992ae373-a9bc-4ae6-9d74-7082cf0a4c12
ea6e7f0f-2d4d-4427-a2c5-28a4a2930db2,f413d6b6-6542-41fc-940c-6177cf5606aa
bbd94feb-983a-49b2-8210-a5d8c83b365e,d89699f6-85db-4def-8de6-14cb07eb2c43
bbd94feb-983a-49b2-8210-a5d8c83b365e,3ede1470-2ccd-442a-9411-0f2f431639e4
bbd94feb-983a-49b2-8210-a5d8c83b365e,1f33d527-6045-4358-afd9-602ae8644b43
16426c49-baf1-483c-8993-84363d721acd,386c578b-2a53-4c3a-b910-a980fb1773c0
e89b1a84-4871-4c81-ba63-5ba5d84bbaca,6ca59447-c208-40e3-ab57-7edb01549cbf
acc166e3-9df8-42b7-8f32-37124906e487,f137d46d-5bac-404d-bfc9-d9fb8fc8a734
acc166e3-9df8-42b7-8f32-37124906e487,d89699f6-85db-4def-8de6-14cb07eb2c43
6e85c0ce-6167-4180-9cbd-d15ebf887e3b,a1edce4a-f996-4933-88a9-fa36cb210a5e
b63eeb3b-c070-4a0c-9e45-bcb345c4b713,20bc1485-d0c4-4b2b-b0b4-c282c203431a
984cd53a-e2ad-4de4-9d7e-1027d90064fd,992ae373-a9bc-4ae6-9d74-7082cf0a4c12
984cd53a-e2ad-4de4-9d7e-1027d90064fd,1f33d527-6045-4358-afd9-602ae8644b43
f44bc9d9-4485-4f32-8768-27d0768d30d5,f0bb5458-7dbd-465f-b961-41c32297788d
a3dd6ef0-f5bc-4d6d-a6d0-8ca05072f137,6ca59447-c208-40e3-ab57-7edb01549cbf
127bb785-3db1-4c9c-8c4e-2759c9151612,d89699f6-85db-4def-8de6-14cb07eb2c43
127bb785-3db1-4c9c-8c4e-2759c9151612,c4cb37e8-fe1c-4d2b-b0b5-f04a69925d8f
127bb785-3db1-4c9c-8c4e-2759c9151612,69b294ca-7d15-4303-9762-216ec08f824e
a0b8082d-4c2f-4b99-8b31-6ba8259154ff,cde9a632-6add-43ce-8de9-84ce69637125
b3d234b7-70b7-45fd-9bac-d263972f5947,5fc091c1-fa87-45b5-878f-8deb38c39f5e
4c2983e0-06a4-47d3-aceb-966dff0e0114,eddb9f19-4025-4f9a-8d44-a9bf94cb562e
4c2983e0-06a4-47d3-aceb-966dff0e0114,992ae373-a9bc-4ae6-9d74-7082cf0a4c12
4c2983e0-06a4-47d3-aceb-966dff0e0114,1f33d527-6045-4358-afd9-602ae8644b43
f5e19208-b0be-4672-b96e-88807f2297a8,6ca59447-c208-40e3-ab57-7edb01549cbf
d706a9da-7938-4326-a2da-3648b38e52dd,992ae373-a9bc-4ae6-9d74-7082cf0a4c12
d706a9da-7938-4326-a2da-3648b38e52dd,eddb9f19-4025-4f9a-8d44-a9bf94cb562e
d706a9da-7938-4326-a2da-3648b38e52dd,72f27659-ea6c-40a3-9f2d-dfe7d82c853b
ab79a37f-22fa-45e9-851f-1dc7f7e148cf,f413d6b6-6542-41fc-940c-6177cf5606aa
a07f3556-4fa1-4201-b8a1-99fe97510a56,386c578b-2a53-4c3a-b910-a980fb1773c0
a4dc8b19-cce0-49ae-85b8-683db2d6c351,d89699f6-85db-4def-8de6-14cb07eb2c43
a4dc8b19-cce0-49ae-85b8-683db2d6c351,1f33d527-6045-4358-afd9-602ae8644b43
a4dc8b19-cce0-49ae-85b8-683db2d6c351,0a2353ed-3482-4163-9ca4-46e6cf6ab717
88fe587f-5b6a-4f96-bde7-9917b941db07,89816960-209a-4338-98c2-15cd395dd76b
ada722de-da98-41aa-8188-da3811af5b79,6359b0bf-3af6-44e9-bf13-71c9fe0ead77
49526c49-0119-4d7d-84cf-8af46c907f9b,2a5e73d9-7acc-4ad2-8d42-61fdcc1b5c4d
f3cdc906-b216-410c-8ddd-b65ec9aa8ba4,3b16b9a9-28b5-4421-a419-f2c0a580a622
5ca4d6b2-843a-4eb4-890c-4f8b1b6f0268,d89699f6-85db-4def-8de6-14cb07eb2c43
5ca4d6b2-843a-4eb4-890c-4f8b1b6f0268,1f33d527-6045-4358-afd9-602ae8644b43
3574a2cb-0791-4656-9bd5-b3307d773ff7,3d947f3c-fa03-4667-b09a-25a8f2db2adb
bbe968da-edc7-45e7-b808-e52b06977933,6359b0bf-3af6-44e9-bf13-71c9fe0ead77
58ab3d08-2b42-4003-b556-0f04c51ff279,992ae373-a9bc-4ae6-9d74-7082cf0a4c12
58ab3d08-2b42-4003-b556-0f04c51ff279,1f33d527-6045-4358-afd9-602ae8644b43
b68d5195-addb-4abb-852c-f6fe3f9d93b1,6ca59447-c208-40e3-ab57-7edb01549cbf
efd72728-2632-468b-8e51-d5a0e1436856,992ae373-a9bc-4ae6-9d74-7082cf0a4c12
10a6bc25-5b13-4d4f-8975-33be50c331cb,d4dbb265-4812-4b6c-a0fd-bab873e1106b
2152c8fe-81c6-4d23-a0a9-2edb5820da1e,28408059-9560-428c-be43-378a604ac3e8
5b2680d8-7c5c-44af-a1b1-adb9b01bc5ef,992ae373-a9bc-4ae6-9d74-7082cf0a4c12
5b2680d8-7c5c-44af-a1b1-adb9b01bc5ef,eddb9f19-4025-4f9a-8d44-a9bf94cb562e
5b2680d8-7c5c-44af-a1b1-adb9b01bc5ef,1f33d527-6045-4358-afd9-602ae8644b43
9fb65349-90c1-4a8e-8b8b-ce3f49fa685d,6ca59447-c208-40e3-ab57-7edb01549cbf
798afe8c-bf52-49ca-89b6-5c8fb7aa7e82,992ae373-a9bc-4ae6-9d74-7082cf0a4c12
798afe8c-bf52-49ca-89b6-5c8fb7aa7e82,9f6d5b2b-ac1c-4cc3-a7d1-7cedf98b7563
5eaa2b04-a91f-42a2-a679-b373eaeecb75,af68b454-0781-4ba1-a037-4444038ef730
d5ad1a13-dfbd-4e3d-a72b-339eb53c18f5,3b16b9a9-28b5-4421-a419-f2c0a580a622
6f3a2f4b-614f-4670-9f55-5194e999699c,1f33d527-6045-4358-afd9-602ae8644b43
6f3a2f4b-614f-4670-9f55-5194e999699c,ae92de86-1329-4de8-bbcc-f478e9f8628b
46588779-50dc-46ea-9b80-44cb01cf1c26,6ca59447-c208-40e3-ab57-7edb01549cbf
32b00e7d-05df-4b13-b08d-d433b6b48e30,992ae373-a9bc-4ae6-9d74-7082cf0a4c12
32b00e7d-05df-4b13-b08d-d433b6b48e30,ae92de86-1329-4de8-bbcc-f478e9f8628b
388724df-71e0-4792-a203-6768798fb1f5,50d749ed-12a3-48bb-88a9-ac8403bdc400
762ee92e-6e33-4da4-a09d-921428cf7986,02257903-92fa-4ef4-8ba7-12758b989472
c149c8fd-d17e-4f34-8676-7320f794ce17,eddb9f19-4025-4f9a-8d44-a9bf94cb562e
c149c8fd-d17e-4f34-8676-7320f794ce17,a558c676-742a-40c3-ab74-60a0f34d0c43
84d22c66-c1e2-4cdf-9504-640ec76cae9b,40193610-2542-4d28-a63f-078467cb7f0a
eab89a72-dcfc-4c95-b72e-81df6bb38123,6ca59447-c208-40e3-ab57-7edb01549cbf
ef920a90-c7dd-4723-b7ad-79425c2ca3ec,992ae373-a9bc-4ae6-9d74-7082cf0a4c12
4bee68a7-d66b-4c95-8ca9-932e870a67a5,6ca59447-c208-40e3-ab57-7edb01549cbf
8bf420f5-654e-4a26-a3e2-39fdf7d21b82,1f33d527-6045-4358-afd9-602ae8644b43
e570b141-a1f6-429f-93ac-5160fd07023a,3d947f3c-fa03-4667-b09a-25a8f2db2adb
4dee07c6-d83f-4098-af6e-7d3ea3a0c3fe,6359b0bf-3af6-44e9-bf13-71c9fe0ead77
79ab3d8e-7d6d-4fa0-a185-c20f3f2f07a6,eddb9f19-4025-4f9a-8d44-a9bf94cb562e
79ab3d8e-7d6d-4fa0-a185-c20f3f2f07a6,1f33d527-6045-4358-afd9-602ae8644b43
f2c9195a-fc32-4c05-bfc2-5eb5e78c978f,ff41c6fa-d1d3-461e-bc14-61438d2fe7d4
65cd3bc7-1fef-4b7b-8f11-02f057e96acf,d89699f6-85db-4def-8de6-14cb07eb2c43
65cd3bc7-1fef-4b7b-8f11-02f057e96acf,c4cb37e8-fe1c-4d2b-b0b5-f04a69925d8f
65cd3bc7-1fef-4b7b-8f11-02f057e96acf,fe8e1adf-281b-493b-a6ec-1b86629a19d7
e7ed6e4f-0527-4b8a-9427-a6ecc6688a62,fe5f9116-b18a-42bb-bead-1f0a20aae294
94bcfea8-869f-45bc-98ba-bd080d705ca4,6ca59447-c208-40e3-ab57-7edb01549cbf
d5763575-bda7-447e-bd80-a7931ce290bd,992ae373-a9bc-4ae6-9d74-7082cf0a4c12
d5763575-bda7-447e-bd80-a7931ce290bd,ae92de86-1329-4de8-bbcc-f478e9f8628b
8aeabe1a-43f0-4e41-9dc2-9a03829e4d9f,05189b57-cd02-4472-9e21-bd3b54ab5dd6
d0f14d85-e043-4655-8110-6579e8dfaa5f,b41e3b3e-d27b-4705-b8c7-592b89508e12
49b34bc2-fe3d-4823-9291-4bd64d099770,1f33d527-6045-4358-afd9-602ae8644b43
b03bebb7-424b-46af-878f-06b1557081db,50d749ed-12a3-48bb-88a9-ac8403bdc400
23b4bc44-d460-4ed5-aa87-bd194beeed06,a558c676-742a-40c3-ab74-60a0f34d0c43
8607acc2-6593-4e27-bffa-1b1eaf58ac76,ca64a6a5-167f-4dc6-a828-596ec7fb7bcf
e98e959d-1839-4603-a690-f884ff08547f,d4dbb265-4812-4b6c-a0fd-bab873e1106b
8a53b2b0-19bd-4a69-a7cc-89138af6c4ce,3b16b9a9-28b5-4421-a419-f2c0a580a622
dd32f8b2-b79f-441c-beba-5a7e1a0d2006,50d749ed-12a3-48bb-88a9-ac8403bdc400
8e1aefd4-66b3-42ef-9bc8-ee170904f32e,41d62f31-a92e-4ff2-9981-41f3cf46ebeb
8e1aefd4-66b3-42ef-9bc8-ee170904f32e,992ae373-a9bc-4ae6-9d74-7082cf0a4c12
890c1ae5-0635-4061-aed1-fdca21ee7e37,636ec317-4c7e-4140-949e-b81cdece4be4
010af33e-5f87-4a98-830d-f67390e80194,d89699f6-85db-4def-8de6-14cb07eb2c43
c08151db-624e-4399-9a65-deb7597b6730,e1f048ba-5b3e-4c91-9caf-28dca91525cf
477e64de-f2e6-449a-9f30-58c20249e720,12e1702a-7623-4b11-a224-44601b67328c
444905f3-cbd6-4670-b41c-5c1f882bec7a,207fe291-5f03-43cd-b528-0e897e3a3159
e5a84334-b40e-452e-92b1-1d90409dc735,386c578b-2a53-4c3a-b910-a980fb1773c0
a723c5c3-d0c4-4ea1-bdc5-d69cd2f32f69,1f33d527-6045-4358-afd9-602ae8644b43
697326bf-cd7e-4a4e-bae3-adc6f8f54cd3,3b16b9a9-28b5-4421-a419-f2c0a580a622
58ab3d08-2b42-4003-b556-0f04c51ff279,9d902a90-2e2d-4921-9d40-b5c18c6fe7ec
2481124c-8ffe-4146-9210-f4b1bc39fc6d,ec2041c0-abc0-43e0-b203-b9c87571eacb
0fed29ae-d4ee-42ec-93ea-656893b28605,6359b0bf-3af6-44e9-bf13-71c9fe0ead77
b5192b1f-dc2f-44b6-b9cd-02236ad342ed,3b16b9a9-28b5-4421-a419-f2c0a580a622
60248640-1339-4e52-b6c6-631226c5d021,0663a94d-7fc1-4427-9cdd-86e299c0fe86
913e6a74-0dce-444d-b13a-f82b07752eba,6ca59447-c208-40e3-ab57-7edb01549cbf
e01d261d-2e51-496b-bcc3-569ec73c8301,992ae373-a9bc-4ae6-9d74-7082cf0a4c12
e01d261d-2e51-496b-bcc3-569ec73c8301,eddb9f19-4025-4f9a-8d44-a9bf94cb562e
e01d261d-2e51-496b-bcc3-569ec73c8301,72f27659-ea6c-40a3-9f2d-dfe7d82c853b
06c2d712-f314-4fa0-a8a2-d235cc11c581,6ca59447-c208-40e3-ab57-7edb01549cbf
e5a84649-3d27-4f6f-8663-654d886934cf,fe8e1adf-281b-493b-a6ec-1b86629a19d7
e5a84649-3d27-4f6f-8663-654d886934cf,c4cb37e8-fe1c-4d2b-b0b5-f04a69925d8f
996f53ff-994f-4ad7-87c2-a9742f5ba352,cde9a632-6add-43ce-8de9-84ce69637125
55abe18a-5999-42ac-8684-4f31ae9979c3,5fc091c1-fa87-45b5-878f-8deb38c39f5e
dfeb4aa4-d2d8-484a-a7e3-4f5360dca61e,efde0ce9-21df-44b4-ba54-c6d738ec2e64
dfeb4aa4-d2d8-484a-a7e3-4f5360dca61e,0a2353ed-3482-4163-9ca4-46e6cf6ab717
fcb0dea7-2201-48c3-a21a-0b7c7da46ae1,6ca59447-c208-40e3-ab57-7edb01549cbf
9dd45b63-2ba3-45db-8a80-be153debfa16,992ae373-a9bc-4ae6-9d74-7082cf0a4c12
9dd45b63-2ba3-45db-8a80-be153debfa16,fc1941db-1098-4bd5-a9c7-d9fe8b94172d
a1c739a8-cb5c-44e3-a6f1-c95b701dec39,6ca59447-c208-40e3-ab57-7edb01549cbf
04548612-b471-4b0c-ab32-9173a1197f4a,992ae373-a9bc-4ae6-9d74-7082cf0a4c12
04548612-b471-4b0c-ab32-9173a1197f4a,6ff9e82a-0eff-4a28-b5c4-68f943508bf2
d9f449bb-8d99-43ae-a38b-2bcd0fb75292,3d947f3c-fa03-4667-b09a-25a8f2db2adb
847f83ab-0e90-4c95-9d47-659ff107cfa7,a0ec4670-47c0-48d5-a9a0-c2012e886b58
d730d9b0-f922-475c-869b-dd886b9d66a8,1f33d527-6045-4358-afd9-602ae8644b43
d730d9b0-f922-475c-869b-dd886b9d66a8,f4053f71-94b5-40b2-92bd-fb588127fe38
66dab4a1-1763-404b-aadc-2ac35ea837ca,3b16b9a9-28b5-4421-a419-f2c0a580a622
2494ddb5-872e-4d61-943c-d736aa1b4a57,6ca59447-c208-40e3-ab57-7edb01549cbf
9f1df1e1-04d4-4c8d-a9e6-6441e361ead1,6e7ec579-d5fc-41c8-82f1-649532a23cb4
9f1df1e1-04d4-4c8d-a9e6-6441e361ead1,eddb9f19-4025-4f9a-8d44-a9bf94cb562e
a12202a1-171c-4091-8899-9ab030b1e768,6ca59447-c208-40e3-ab57-7edb01549cbf
19600530-9e2b-4d66-a41f-1237dbf6f5dd,992ae373-a9bc-4ae6-9d74-7082cf0a4c12
19600530-9e2b-4d66-a41f-1237dbf6f5dd,eddb9f19-4025-4f9a-8d44-a9bf94cb562e
19600530-9e2b-4d66-a41f-1237dbf6f5dd,72f27659-ea6c-40a3-9f2d-dfe7d82c853b
f6ee7d6b-710b-4bab-8d1c-a3e76cc66745,6ca59447-c208-40e3-ab57-7edb01549cbf
dc2b9849-a32c-4d12-b645-1011b8dbe8c0,992ae373-a9bc-4ae6-9d74-7082cf0a4c12
dc2b9849-a32c-4d12-b645-1011b8dbe8c0,9f6d5b2b-ac1c-4cc3-a7d1-7cedf98b7563
3159f98c-74a7-487c-8d7b-c60135caaadb,21d8739d-25f6-48b7-a909-14d59848db24
adcc529e-9bb4-4b7e-8460-2990cc9f0af8,386c578b-2a53-4c3a-b910-a980fb1773c0
46564d8b-ad58-4007-b3f9-40d945a46d3c,1f33d527-6045-4358-afd9-602ae8644b43
34ec7e05-a8e6-44c5-a1ed-8545f33d3002,52d84173-882a-48bc-98c2-da35a45c13c1
8beefd7d-5dd5-49e3-af3a-8effe4835e69,6ff9e82a-0eff-4a28-b5c4-68f943508bf2
8beefd7d-5dd5-49e3-af3a-8effe4835e69,992ae373-a9bc-4ae6-9d74-7082cf0a4c12
83bec9ef-ef85-4f02-bf2c-3cd5019e5122,6ca59447-c208-40e3-ab57-7edb01549cbf
044d090a-2882-4ad8-b3d8-648f7d97917a,6359b0bf-3af6-44e9-bf13-71c9fe0ead77
f4f2b1f3-8c53-47ca-bccf-7defb78177af,992ae373-a9bc-4ae6-9d74-7082cf0a4c12
f4f2b1f3-8c53-47ca-bccf-7defb78177af,a558c676-742a-40c3-ab74-60a0f34d0c43
f4f2b1f3-8c53-47ca-bccf-7defb78177af,eddb9f19-4025-4f9a-8d44-a9bf94cb562e
50cb585a-1cc3-410f-93e0-d9f1fe6f6574,3d947f3c-fa03-4667-b09a-25a8f2db2adb
ae3ca344-7f70-4382-a139-e601d4661bdf,c12e9df5-302b-490d-8ee4-c29cb2b55541
a686322d-bbba-4fcf-a496-962d9e727c0b,6ca59447-c208-40e3-ab57-7edb01549cbf
fc8c8549-30e4-4da6-a592-c189ed76d745,c1615e31-4a06-4e33-8d90-0d9273fbce91
3994a147-0771-45da-bf69-c947be914eb6,8d82500d-abce-4859-889f-991e369704e8
5f212547-abae-47da-a754-dbdc7d43093d,992ae373-a9bc-4ae6-9d74-7082cf0a4c12
035b964a-5226-4442-b264-31899c6e1924,05189b57-cd02-4472-9e21-bd3b54ab5dd6
a1b8d1b6-d4c7-491c-89f8-1422ee9a3cbc,5fc091c1-fa87-45b5-878f-8deb38c39f5e
66f2c981-cf2e-4dd1-bb0f-7e0b31c90adf,f4053f71-94b5-40b2-92bd-fb588127fe38
66f2c981-cf2e-4dd1-bb0f-7e0b31c90adf,1f33d527-6045-4358-afd9-602ae8644b43
1961a776-0faa-4552-8765-8b8ace136e88,3b16b9a9-28b5-4421-a419-f2c0a580a622
9187b014-a482-4165-9924-3d147b3a9089,af68b454-0781-4ba1-a037-4444038ef730
96d7c09e-a56e-4d69-9135-7f68fc8e0f8c,3b16b9a9-28b5-4421-a419-f2c0a580a622
0dea301d-1308-4b24-b586-a439047464c5,d89699f6-85db-4def-8de6-14cb07eb2c43
0dea301d-1308-4b24-b586-a439047464c5,c9f904db-1282-4b70-a753-596160a1136a
0dea301d-1308-4b24-b586-a439047464c5,0a2353ed-3482-4163-9ca4-46e6cf6ab717
0dea301d-1308-4b24-b586-a439047464c5,1fa3719f-7f49-43d3-9416-c38e10968ac8
7f70e3c8-b21f-41df-a72a-f5619bad281f,cde9a632-6add-43ce-8de9-84ce69637125
47409b86-e8ae-49a3-8aaf-3a27c3454f80,5fc091c1-fa87-45b5-878f-8deb38c39f5e
3763327c-f1df-4011-8379-ee7a931c524e,1f33d527-6045-4358-afd9-602ae8644b43
3763327c-f1df-4011-8379-ee7a931c524e,d89699f6-85db-4def-8de6-14cb07eb2c43
369a9d42-a72e-4253-8913-9489c6644a0d,6ca59447-c208-40e3-ab57-7edb01549cbf
0661196c-a691-4381-9e4b-97a8c4ed767a,992ae373-a9bc-4ae6-9d74-7082cf0a4c12
0661196c-a691-4381-9e4b-97a8c4ed767a,1f33d527-6045-4358-afd9-602ae8644b43
6d35590d-bcd1-41a7-a954-fcd71d3d3a88,f413d6b6-6542-41fc-940c-6177cf5606aa
04f34571-aeb1-4da3-9d27-23dc613785ae,ca64a6a5-167f-4dc6-a828-596ec7fb7bcf
d58ed52b-a551-4665-bd90-8ec4047fa9ee,50d749ed-12a3-48bb-88a9-ac8403bdc400
8a1f6f9f-0f70-4194-a076-18a4211abb06,6ff9e82a-0eff-4a28-b5c4-68f943508bf2
8a1f6f9f-0f70-4194-a076-18a4211abb06,992ae373-a9bc-4ae6-9d74-7082cf0a4c12
8a1f6f9f-0f70-4194-a076-18a4211abb06,b47cb9fd-b9c9-4d77-916d-93ed0c1a1879
2b5aaae0-1c27-481c-9ae8-bf18513ab0ca,6ca59447-c208-40e3-ab57-7edb01549cbf
681677c5-00c0-4d3a-8cbc-6e2de148ddc9,992ae373-a9bc-4ae6-9d74-7082cf0a4c12
681677c5-00c0-4d3a-8cbc-6e2de148ddc9,ae92de86-1329-4de8-bbcc-f478e9f8628b
681677c5-00c0-4d3a-8cbc-6e2de148ddc9,9f6d5b2b-ac1c-4cc3-a7d1-7cedf98b7563
3f0d7b69-eec0-4400-9520-7a600ba7e469,6ca59447-c208-40e3-ab57-7edb01549cbf
f0c46f05-01aa-4300-af04-ebf3ff305d6c,eddb9f19-4025-4f9a-8d44-a9bf94cb562e
f0c46f05-01aa-4300-af04-ebf3ff305d6c,992ae373-a9bc-4ae6-9d74-7082cf0a4c12
e9fb7d6f-3556-40a5-a645-59e037929d52,6ca59447-c208-40e3-ab57-7edb01549cbf
1bfb24fd-c103-4ac2-97c0-40d56358dd4a,6ff9e82a-0eff-4a28-b5c4-68f943508bf2
1bfb24fd-c103-4ac2-97c0-40d56358dd4a,9d902a90-2e2d-4921-9d40-b5c18c6fe7ec
1bfb24fd-c103-4ac2-97c0-40d56358dd4a,992ae373-a9bc-4ae6-9d74-7082cf0a4c12
c422fb51-9918-43e4-828e-2349f4809401,cde9a632-6add-43ce-8de9-84ce69637125
a8579507-7a0e-4214-8dc4-2be08a3a86f0,5fc091c1-fa87-45b5-878f-8deb38c39f5e
88dd263c-7d0c-43b0-b3b9-945f5f1fd93c,eddb9f19-4025-4f9a-8d44-a9bf94cb562e
88dd263c-7d0c-43b0-b3b9-945f5f1fd93c,1f33d527-6045-4358-afd9-602ae8644b43
88dd263c-7d0c-43b0-b3b9-945f5f1fd93c,c9f904db-1282-4b70-a753-596160a1136a
43ef97d4-8100-43a8-90bd-e707d7dc2033,d1c30f65-d081-40cd-91e8-193b4c51182a
968a999e-cfe2-4f79-91f0-69af7f5f80d3,0663a94d-7fc1-4427-9cdd-86e299c0fe86
38becf99-74a8-48c1-bfb3-019e3bbe1d51,c7e9d8ec-9ba5-4048-82e7-c3d2ff02eb9b
9bdd2a51-eef4-4790-bebb-6105c6d184e5,6bdd587c-344f-4fb7-b1c6-d48b8b15a2d1
79bc7ec4-cbc5-44e3-af85-ea3cefb8b6d6,6ff9e82a-0eff-4a28-b5c4-68f943508bf2
79bc7ec4-cbc5-44e3-af85-ea3cefb8b6d6,1f33d527-6045-4358-afd9-602ae8644b43
1bcfef3c-515a-4632-8e3e-068cf9b98daf,eddb9f19-4025-4f9a-8d44-a9bf94cb562e
9ac65561-9644-4c05-af6b-687b2d464263,c0616b1c-7741-4f55-9da3-7b115b34481c
de826f8c-c739-4185-9a70-d1100c9b0d38,07ca7e6e-9e19-4657-8a03-f8c68d078a6e
bf348f6d-703f-4ff5-b35e-bba7c5b1f0b6,6ca59447-c208-40e3-ab57-7edb01549cbf
a60707e7-9ac4-4817-86ac-9e8ce3b693c4,992ae373-a9bc-4ae6-9d74-7082cf0a4c12
a60707e7-9ac4-4817-86ac-9e8ce3b693c4,ae92de86-1329-4de8-bbcc-f478e9f8628b
a60707e7-9ac4-4817-86ac-9e8ce3b693c4,72f27659-ea6c-40a3-9f2d-dfe7d82c853b
9678f9ba-34fc-488f-bf3c-53a775b222e8,cde9a632-6add-43ce-8de9-84ce69637125
0645102e-7fff-47e2-bb60-80a7a8e62088,5fc091c1-fa87-45b5-878f-8deb38c39f5e
ff5bf918-c2ff-44c9-b0fc-dfb724559933,0a2353ed-3482-4163-9ca4-46e6cf6ab717
7910377c-d1d6-47a0-ac37-a59a6aed6641,636ec317-4c7e-4140-949e-b81cdece4be4
cd3b68b7-08b3-4200-aa15-19c86959653f,fc1941db-1098-4bd5-a9c7-d9fe8b94172d
cd3b68b7-08b3-4200-aa15-19c86959653f,d8552976-9336-4818-a952-a6ada26a3006
a4c54420-3b68-49a2-8b74-6043af98d67b,e1f048ba-5b3e-4c91-9caf-28dca91525cf
f404e204-1056-4368-9210-f91615b592ee,6ca59447-c208-40e3-ab57-7edb01549cbf
f9aa5af3-9ddd-43af-98ad-7cbd196c891a,6ff9e82a-0eff-4a28-b5c4-68f943508bf2
ed59545d-8bf7-4643-ba78-9d957a9d905f,6ca59447-c208-40e3-ab57-7edb01549cbf
b598dc5d-5e2f-484c-a4bb-fcb218f469f4,9e87af73-6ec7-473e-86b9-93fc8311efba
b598dc5d-5e2f-484c-a4bb-fcb218f469f4,9f6d5b2b-ac1c-4cc3-a7d1-7cedf98b7563
904d4856-2df9-4b21-abb7-45b9ffe978f5,6ca59447-c208-40e3-ab57-7edb01549cbf
f4fef6e9-1a4a-43de-9366-bf9660465c8d,992ae373-a9bc-4ae6-9d74-7082cf0a4c12
f4fef6e9-1a4a-43de-9366-bf9660465c8d,c4cb37e8-fe1c-4d2b-b0b5-f04a69925d8f
ad5bfe9c-6316-4082-a26b-5666a95ef971,40193610-2542-4d28-a63f-078467cb7f0a
8ed04ece-b651-43ca-ab76-548f606a5c60,5fc091c1-fa87-45b5-878f-8deb38c39f5e
7b5326ac-30e0-4667-9c0a-4d1cfad19ff6,992ae373-a9bc-4ae6-9d74-7082cf0a4c12
7b5326ac-30e0-4667-9c0a-4d1cfad19ff6,eddb9f19-4025-4f9a-8d44-a9bf94cb562e
252ded36-369b-4905-9c0e-06a64749aaf9,c0616b1c-7741-4f55-9da3-7b115b34481c
8d26e18b-9678-4e44-9d9f-a52328a838f5,8d82500d-abce-4859-889f-991e369704e8
bbb4d95f-c203-4ed9-a343-0d0f34881cac,992ae373-a9bc-4ae6-9d74-7082cf0a4c12
bbb4d95f-c203-4ed9-a343-0d0f34881cac,9f6d5b2b-ac1c-4cc3-a7d1-7cedf98b7563
da8f05ad-5e5b-4fbf-8512-9a084c4e046d,0a2353ed-3482-4163-9ca4-46e6cf6ab717
da8f05ad-5e5b-4fbf-8512-9a084c4e046d,1f33d527-6045-4358-afd9-602ae8644b43
da8f05ad-5e5b-4fbf-8512-9a084c4e046d,992ae373-a9bc-4ae6-9d74-7082cf0a4c12
49a4c37a-0cf3-4a78-a064-c966c7a685ee,ca64a6a5-167f-4dc6-a828-596ec7fb7bcf
a02b0b57-3387-4b0b-89f9-d44a9ea2b76d,46d4a1d1-c057-49ba-a879-db85b0cda4b9
e0f25d83-9643-478c-a58f-844b2ffcb230,6359b0bf-3af6-44e9-bf13-71c9fe0ead77
126db2ef-b021-435e-a7c2-0754401c0fb2,eddb9f19-4025-4f9a-8d44-a9bf94cb562e
126db2ef-b021-435e-a7c2-0754401c0fb2,a935ba3a-86b5-400c-8948-e6375e9fc3fe
126db2ef-b021-435e-a7c2-0754401c0fb2,d89699f6-85db-4def-8de6-14cb07eb2c43
cb2ae2a1-94b7-4a14-a49a-85ae48f1076c,fc1941db-1098-4bd5-a9c7-d9fe8b94172d
4f1eaccd-04a3-4dd1-b95e-935e215a859d,3d947f3c-fa03-4667-b09a-25a8f2db2adb
f7f4bcc1-13d3-471b-b3ea-bb42b8a22eb3,c0cdd49a-91fd-4557-95e5-236e2a601286
55cd5525-1395-42b4-88f1-40db65923f9e,6bdd587c-344f-4fb7-b1c6-d48b8b15a2d1
fc694f4c-574f-4f14-8d01-2ba6b0522dd7,992ae373-a9bc-4ae6-9d74-7082cf0a4c12
fc694f4c-574f-4f14-8d01-2ba6b0522dd7,ae92de86-1329-4de8-bbcc-f478e9f8628b
fc694f4c-574f-4f14-8d01-2ba6b0522dd7,9f6d5b2b-ac1c-4cc3-a7d1-7cedf98b7563
f3522d62-24b9-4b28-85fd-0a282180d7a3,992ae373-a9bc-4ae6-9d74-7082cf0a4c12
f3522d62-24b9-4b28-85fd-0a282180d7a3,eddb9f19-4025-4f9a-8d44-a9bf94cb562e
f3522d62-24b9-4b28-85fd-0a282180d7a3,1f33d527-6045-4358-afd9-602ae8644b43
c0f3fd18-e427-493c-9c9b-2bc87fde48aa,1f33d527-6045-4358-afd9-602ae8644b43
c0f3fd18-e427-493c-9c9b-2bc87fde48aa,d89699f6-85db-4def-8de6-14cb07eb2c43
da709e47-c46d-4400-9f2e-fb892ee3a292,386c578b-2a53-4c3a-b910-a980fb1773c0
1141442d-0467-42ac-adcc-80e52918806d,636ec317-4c7e-4140-949e-b81cdece4be4
1c6b42f6-d752-4e30-a97c-46f9cb670f47,eddb9f19-4025-4f9a-8d44-a9bf94cb562e
1c6b42f6-d752-4e30-a97c-46f9cb670f47,9e87af73-6ec7-473e-86b9-93fc8311efba
506b4310-c14c-46fe-a322-1f6cc8c32878,e1f048ba-5b3e-4c91-9caf-28dca91525cf
f5cc2fde-ee49-4215-9245-a6851fbaf438,6ca59447-c208-40e3-ab57-7edb01549cbf
0ecb5195-5d84-48f0-8ee5-3da3e922c184,992ae373-a9bc-4ae6-9d74-7082cf0a4c12
0ecb5195-5d84-48f0-8ee5-3da3e922c184,6ff9e82a-0eff-4a28-b5c4-68f943508bf2
4c8eb6d6-bcf0-47bd-bd4a-be18ee6c3e43,6ca59447-c208-40e3-ab57-7edb01549cbf
f3f48348-0a0c-4184-9569-a6858bb05361,a935ba3a-86b5-400c-8948-e6375e9fc3fe
f3f48348-0a0c-4184-9569-a6858bb05361,992ae373-a9bc-4ae6-9d74-7082cf0a4c12
e47eb168-0567-4c7f-8346-0c7e343899d4,6ca59447-c208-40e3-ab57-7edb01549cbf
59de7ba4-8f5a-404d-b68f-b96eec8dfeab,1f33d527-6045-4358-afd9-602ae8644b43
59de7ba4-8f5a-404d-b68f-b96eec8dfeab,9e87af73-6ec7-473e-86b9-93fc8311efba
9f1b7905-f239-41b2-9959-0c1f4c89b85a,6ca59447-c208-40e3-ab57-7edb01549cbf
3d0a367c-6d50-48c9-88b0-83e11e8c5267,421187bb-ba8c-445a-a03c-e17ed8a34c0f
d7f0f44d-7958-4d57-a379-1d44800fa3be,6ca59447-c208-40e3-ab57-7edb01549cbf
a182d080-ff89-486f-ba9e-5e9b4d012cbc,254b263b-b58f-4212-b381-33c85da3e4c9
a182d080-ff89-486f-ba9e-5e9b4d012cbc,fc1941db-1098-4bd5-a9c7-d9fe8b94172d
a182d080-ff89-486f-ba9e-5e9b4d012cbc,6ff9e82a-0eff-4a28-b5c4-68f943508bf2
d6c646af-a9e6-4805-b385-f518c2b90816,6ca59447-c208-40e3-ab57-7edb01549cbf
77e70e1a-c15a-4a3f-829f-d20981a3cc72,1f33d527-6045-4358-afd9-602ae8644b43
f076418f-836f-46e6-80d6-e9df19c389e5,cde9a632-6add-43ce-8de9-84ce69637125
78ebaa24-7caf-43fd-9a0b-0b4d54f703fc,5fc091c1-fa87-45b5-878f-8deb38c39f5e
79fba421-7aea-4976-9616-772becfbdad0,6ff9e82a-0eff-4a28-b5c4-68f943508bf2
79fba421-7aea-4976-9616-772becfbdad0,41d62f31-a92e-4ff2-9981-41f3cf46ebeb
ebb78b3e-2241-4df0-9aff-893b35892163,6ca59447-c208-40e3-ab57-7edb01549cbf
ebeef7b8-cdd0-4479-8328-b98807392c22,9d902a90-2e2d-4921-9d40-b5c18c6fe7ec
ebeef7b8-cdd0-4479-8328-b98807392c22,eddb9f19-4025-4f9a-8d44-a9bf94cb562e
ebeef7b8-cdd0-4479-8328-b98807392c22,05155868-5a51-4328-bec7-587f5f081148
aa9f9461-526c-47a3-949e-84afba484d0c,2baf988b-c09f-420d-b2f1-07c3f3cb565b
181286fb-c307-47b6-8cd4-2d0ed487a528,b41e3b3e-d27b-4705-b8c7-592b89508e12
94ef60ab-f559-40a7-abaa-3e1e388c6e49,8d82500d-abce-4859-889f-991e369704e8
4490e29d-ea89-42d4-87f6-eb9494ea6106,d89699f6-85db-4def-8de6-14cb07eb2c43
4490e29d-ea89-42d4-87f6-eb9494ea6106,1f33d527-6045-4358-afd9-602ae8644b43
6f84505b-261b-4876-843b-8de6bb568621,ca64a6a5-167f-4dc6-a828-596ec7fb7bcf
2936c0b3-8274-45eb-a088-8a21021eff10,50d749ed-12a3-48bb-88a9-ac8403bdc400
b2dc70f8-08ba-4f10-aa69-dee9bdeff9a4,1f33d527-6045-4358-afd9-602ae8644b43
b2dc70f8-08ba-4f10-aa69-dee9bdeff9a4,9e87af73-6ec7-473e-86b9-93fc8311efba
b2dc70f8-08ba-4f10-aa69-dee9bdeff9a4,c9f904db-1282-4b70-a753-596160a1136a
b2dc70f8-08ba-4f10-aa69-dee9bdeff9a4,8ccdb142-81ed-489d-94a0-4041bd04a46e
8d39acd8-8caf-48be-a4fe-07e64e07f524,ca64a6a5-167f-4dc6-a828-596ec7fb7bcf
b280f713-d7fe-4c63-82bf-96b2ed55f6da,50d749ed-12a3-48bb-88a9-ac8403bdc400
71669b8e-679e-4f9f-a3a5-e0f56ef3bced,992ae373-a9bc-4ae6-9d74-7082cf0a4c12
71669b8e-679e-4f9f-a3a5-e0f56ef3bced,1f33d527-6045-4358-afd9-602ae8644b43
e913267f-c3f4-43a6-bea3-a401c8a14533,6ca59447-c208-40e3-ab57-7edb01549cbf
0e8547a0-5720-4b16-adef-45a500c96bc6,992ae373-a9bc-4ae6-9d74-7082cf0a4c12
0e8547a0-5720-4b16-adef-45a500c96bc6,efde0ce9-21df-44b4-ba54-c6d738ec2e64
0e8547a0-5720-4b16-adef-45a500c96bc6,6ff9e82a-0eff-4a28-b5c4-68f943508bf2
21480102-aec3-4a23-8dc0-0539dd5defb9,1f33d527-6045-4358-afd9-602ae8644b43
58da77dd-bf12-46ba-be3f-33777d8b5b23,c7e9d8ec-9ba5-4048-82e7-c3d2ff02eb9b
f1942221-e3e7-4c15-9cf4-34e113bc8300,d1c30f65-d081-40cd-91e8-193b4c51182a
b02171ad-d064-4ba5-9f1d-a9c7046918b5,3d947f3c-fa03-4667-b09a-25a8f2db2adb
f4709730-4ce0-4f18-97b3-cfee10d54e4f,6359b0bf-3af6-44e9-bf13-71c9fe0ead77
8ded5d8b-dc59-4d8d-9431-741f5c1700da,992ae373-a9bc-4ae6-9d74-7082cf0a4c12
8ded5d8b-dc59-4d8d-9431-741f5c1700da,1f33d527-6045-4358-afd9-602ae8644b43
8ded5d8b-dc59-4d8d-9431-741f5c1700da,eddb9f19-4025-4f9a-8d44-a9bf94cb562e
cb475901-bfd8-4f90-b9d1-0360bc03052e,0956065f-f830-46ce-8db3-7c82b0df46c0
ea87f8a0-c387-46b8-945d-78e50518f4c6,33f12961-e353-4d14-a7bc-4f20ffad7f00
92ee4a80-7d9b-4a3b-b1c0-1c3ebfada1a6,992ae373-a9bc-4ae6-9d74-7082cf0a4c12
92ee4a80-7d9b-4a3b-b1c0-1c3ebfada1a6,41d62f31-a92e-4ff2-9981-41f3cf46ebeb
fbe8c688-4cf1-43c3-8a10-3865cc0b25dc,6bdd587c-344f-4fb7-b1c6-d48b8b15a2d1
134e4b05-9a21-49b5-bb01-0bb8b68a5467,50d749ed-12a3-48bb-88a9-ac8403bdc400
be5d6582-293d-4877-93e5-977bb90e626b,eddb9f19-4025-4f9a-8d44-a9bf94cb562e
7dc4cc0e-b133-4875-8f1d-282170b1e556,ca64a6a5-167f-4dc6-a828-596ec7fb7bcf
99d8f73f-ce20-44a2-aceb-5512c5595f64,50d749ed-12a3-48bb-88a9-ac8403bdc400
be4c0757-9aef-4b89-9824-3c5ffba5f5af,c9f904db-1282-4b70-a753-596160a1136a
989b9f96-f959-4b47-b2b5-9f30b32aa984,ca64a6a5-167f-4dc6-a828-596ec7fb7bcf
96130c8c-ae71-4131-800e-75b3bbb21f38,6ca59447-c208-40e3-ab57-7edb01549cbf
10044a87-76b1-4507-b98f-9c4cf06ad227,992ae373-a9bc-4ae6-9d74-7082cf0a4c12
10044a87-76b1-4507-b98f-9c4cf06ad227,fc1941db-1098-4bd5-a9c7-d9fe8b94172d
20c0faff-0510-4d73-af3c-fe112b3eff0b,652457ae-aab8-457a-b1a8-66deb031d7a7
6bc9aca0-86a5-43ec-a984-fe54a138de72,9297f5e2-06f8-43dc-9765-87beb4350755
3fcdb491-deb5-4027-bb50-07138a41cf34,386c578b-2a53-4c3a-b910-a980fb1773c0
5026fcd8-b938-49ec-b412-90be24701d78,1f33d527-6045-4358-afd9-602ae8644b43
5026fcd8-b938-49ec-b412-90be24701d78,0a2353ed-3482-4163-9ca4-46e6cf6ab717
5026fcd8-b938-49ec-b412-90be24701d78,3bf75b18-e479-43ff-b40e-b33f5996a5c4
c276a763-5c98-41bf-8828-b0f4ce2da9ce,c7e9d8ec-9ba5-4048-82e7-c3d2ff02eb9b
d0160e3b-e8fa-4f24-9158-6a38d5068244,d1c30f65-d081-40cd-91e8-193b4c51182a
cb6aa9de-d527-4397-9b43-faed72d86843,992ae373-a9bc-4ae6-9d74-7082cf0a4c12
cb6aa9de-d527-4397-9b43-faed72d86843,6ff9e82a-0eff-4a28-b5c4-68f943508bf2
da95d8f2-d070-4e57-8dd6-f8e865589beb,52d84173-882a-48bc-98c2-da35a45c13c1
9590b267-1653-41a5-88fb-c27089322002,02257903-92fa-4ef4-8ba7-12758b989472
f6c33684-9318-45a5-982e-e41361997bef,6ff9e82a-0eff-4a28-b5c4-68f943508bf2
f6c33684-9318-45a5-982e-e41361997bef,0a2353ed-3482-4163-9ca4-46e6cf6ab717
f6c33684-9318-45a5-982e-e41361997bef,992ae373-a9bc-4ae6-9d74-7082cf0a4c12
4dc985ef-0851-4b74-8c3c-b054e464d585,6ca59447-c208-40e3-ab57-7edb01549cbf
e19cf5dc-60c1-432a-a76d-1c78a67b2df7,402d7328-f91d-488a-ad1c-53ecfd349095
e19cf5dc-60c1-432a-a76d-1c78a67b2df7,6ff9e82a-0eff-4a28-b5c4-68f943508bf2
e19cf5dc-60c1-432a-a76d-1c78a67b2df7,69b294ca-7d15-4303-9762-216ec08f824e
1c593d35-438b-4e2e-9a0a-5011c3a5c78c,6ca59447-c208-40e3-ab57-7edb01549cbf
1a2f12eb-33b7-4b77-b5b0-417b1ba7ffc2,0f795c5c-53c8-4974-a826-e83132dd5671
693da984-1052-4c5d-b9c8-9fbeac343c35,cde9a632-6add-43ce-8de9-84ce69637125
68fb2e47-8b8a-41a4-8970-71c791ed3a00,5fc091c1-fa87-45b5-878f-8deb38c39f5e
7eef8eca-50e4-4cb1-8633-2941a0ccf90e,992ae373-a9bc-4ae6-9d74-7082cf0a4c12
7eef8eca-50e4-4cb1-8633-2941a0ccf90e,eddb9f19-4025-4f9a-8d44-a9bf94cb562e
7eef8eca-50e4-4cb1-8633-2941a0ccf90e,1fa3719f-7f49-43d3-9416-c38e10968ac8
7eef8eca-50e4-4cb1-8633-2941a0ccf90e,1f33d527-6045-4358-afd9-602ae8644b43
abd47ccc-b641-4a0f-b659-35fe1f28de7b,c0616b1c-7741-4f55-9da3-7b115b34481c
4a370eaf-38d5-43eb-a49c-dc8f3909b169,c0616b1c-7741-4f55-9da3-7b115b34481c
6bd9482f-f97c-4458-b3e8-93da5f1beabb,992ae373-a9bc-4ae6-9d74-7082cf0a4c12
6bd9482f-f97c-4458-b3e8-93da5f1beabb,d89699f6-85db-4def-8de6-14cb07eb2c43
ee45cde3-6dfc-4b41-9dcd-edf4bd4b9d54,6ca59447-c208-40e3-ab57-7edb01549cbf
eea5830b-70fe-45ad-88cb-3ba88171d9d7,1f33d527-6045-4358-afd9-602ae8644b43
eea5830b-70fe-45ad-88cb-3ba88171d9d7,eddb9f19-4025-4f9a-8d44-a9bf94cb562e
41e59681-1dc1-4e8e-b0a5-3b7fab15df16,6ca59447-c208-40e3-ab57-7edb01549cbf
385c131b-0fd9-4c20-a594-cfa411240fdc,6ff9e82a-0eff-4a28-b5c4-68f943508bf2
385c131b-0fd9-4c20-a594-cfa411240fdc,992ae373-a9bc-4ae6-9d74-7082cf0a4c12
b7d95043-d819-43d4-90c3-1af6d09297c1,f5ae86d6-7b29-42fb-b3b0-3b474b2978f5
c467e1e9-890c-454c-844a-fa2e61e0d17b,38fb6d40-46f1-4b8f-8b19-6769e6e92687
978e93df-1600-4bbb-afaa-f902918fe329,5fc091c1-fa87-45b5-878f-8deb38c39f5e
1112faba-86e0-4b79-a081-c452824f0f28,1f33d527-6045-4358-afd9-602ae8644b43
1112faba-86e0-4b79-a081-c452824f0f28,d89699f6-85db-4def-8de6-14cb07eb2c43
78322952-6777-4984-a6c6-efc1b7b1dbe5,6359b0bf-3af6-44e9-bf13-71c9fe0ead77
f4c9c092-f34d-46ce-bef8-dd50fd49dc4a,992ae373-a9bc-4ae6-9d74-7082cf0a4c12
f4c9c092-f34d-46ce-bef8-dd50fd49dc4a,eddb9f19-4025-4f9a-8d44-a9bf94cb562e
f4c9c092-f34d-46ce-bef8-dd50fd49dc4a,1f33d527-6045-4358-afd9-602ae8644b43
521e5dbd-ffc6-41d7-8bd8-ceb5832293bb,3d947f3c-fa03-4667-b09a-25a8f2db2adb
15cbb824-8676-445d-a8b8-983f257177c7,52796119-3d9a-42c7-bbf9-82061c9bb95d
f531b97d-39c0-42e6-ad9e-639e80903b3b,46d4a1d1-c057-49ba-a879-db85b0cda4b9
200b4cc7-e48c-4671-bebf-4408e427de51,3b16b9a9-28b5-4421-a419-f2c0a580a622
7b04e2fa-ce2d-482b-b368-51cc87081fc3,6e7ec579-d5fc-41c8-82f1-649532a23cb4
7b04e2fa-ce2d-482b-b368-51cc87081fc3,d89699f6-85db-4def-8de6-14cb07eb2c43
05909cb2-a020-4aa0-92f1-13aa20259be3,af68b454-0781-4ba1-a037-4444038ef730
b6084996-918a-4e00-be88-5ce88c5118f4,1f33d527-6045-4358-afd9-602ae8644b43
b6084996-918a-4e00-be88-5ce88c5118f4,f4053f71-94b5-40b2-92bd-fb588127fe38
b6084996-918a-4e00-be88-5ce88c5118f4,05155868-5a51-4328-bec7-587f5f081148
ed878768-9da7-42a7-b06c-badca395cf6d,3b16b9a9-28b5-4421-a419-f2c0a580a622
a8a631db-21cd-44db-a16d-cad692c8a98f,d1c30f65-d081-40cd-91e8-193b4c51182a
00c35751-c985-4bdf-9a1a-c2887bd97e37,5fc091c1-fa87-45b5-878f-8deb38c39f5e
68ccf82e-9316-44c8-965c-16ff3280ef09,1f33d527-6045-4358-afd9-602ae8644b43
68ccf82e-9316-44c8-965c-16ff3280ef09,eddb9f19-4025-4f9a-8d44-a9bf94cb562e
71d5911a-0744-4f4e-9043-d8e5ae960cb4,8e47f6b9-4a44-4ce0-98bf-f3e7356fa1d2
bd1b4d90-2c9a-4178-904a-b960904d2d38,992ae373-a9bc-4ae6-9d74-7082cf0a4c12
bd1b4d90-2c9a-4178-904a-b960904d2d38,ae92de86-1329-4de8-bbcc-f478e9f8628b
bd1b4d90-2c9a-4178-904a-b960904d2d38,d8552976-9336-4818-a952-a6ada26a3006
70118a84-3af4-4f9b-b6b9-f62c737ce0ae,6ca59447-c208-40e3-ab57-7edb01549cbf
104dc92e-6970-443c-bd21-2f558aba9fc3,6ca59447-c208-40e3-ab57-7edb01549cbf
06e8b873-1871-4e44-abc2-927c8d7223c6,d89699f6-85db-4def-8de6-14cb07eb2c43
06e8b873-1871-4e44-abc2-927c8d7223c6,571bec87-75f4-4fbd-bda4-05d7e7c4546b
06e8b873-1871-4e44-abc2-927c8d7223c6,9e87af73-6ec7-473e-86b9-93fc8311efba
c0caf935-4390-4f89-90ff-72885480ba6c,6ca59447-c208-40e3-ab57-7edb01549cbf
5a522d28-587c-452b-bb65-8a8052b70d49,992ae373-a9bc-4ae6-9d74-7082cf0a4c12
5a522d28-587c-452b-bb65-8a8052b70d49,9f6d5b2b-ac1c-4cc3-a7d1-7cedf98b7563
5a522d28-587c-452b-bb65-8a8052b70d49,ae92de86-1329-4de8-bbcc-f478e9f8628b
81129a5c-c044-4267-9b71-6b6e0607dd18,386c578b-2a53-4c3a-b910-a980fb1773c0
a221c801-73f7-4a98-b092-b49722507863,f413d6b6-6542-41fc-940c-6177cf5606aa
b72ca7b0-b7c5-4802-b76a-4143094a7489,1f33d527-6045-4358-afd9-602ae8644b43
d44feaa7-9964-4336-abf2-8f3d510f7769,05189b57-cd02-4472-9e21-bd3b54ab5dd6
80dd47a6-f9f4-4f55-8908-445c2632e311,b41e3b3e-d27b-4705-b8c7-592b89508e12
4eb58c35-5906-48fe-954f-93cc4da43404,992ae373-a9bc-4ae6-9d74-7082cf0a4c12
4eb58c35-5906-48fe-954f-93cc4da43404,eddb9f19-4025-4f9a-8d44-a9bf94cb562e
4eb58c35-5906-48fe-954f-93cc4da43404,41d62f31-a92e-4ff2-9981-41f3cf46ebeb
0476a6fd-ecdd-47a7-892b-f256eb3b19f0,12e1702a-7623-4b11-a224-44601b67328c
1c4640fd-af54-4851-8077-c8cc27c57ec2,91f5ef84-d09b-4a54-a729-b6abe973e128
2f796208-c215-42a0-88d3-00afc5f608e4,9e87af73-6ec7-473e-86b9-93fc8311efba
5c363479-0968-4411-a707-c3bc5195834e,3b16b9a9-28b5-4421-a419-f2c0a580a622
102b0f28-68f3-41e1-ab8f-a14f8cdc4ab0,21d8739d-25f6-48b7-a909-14d59848db24
3f56d77d-e8d5-4df0-aeba-81a5a89675df,6bdd587c-344f-4fb7-b1c6-d48b8b15a2d1
c4fc38cf-547b-4e84-9f7a-5896b60fcfba,1f33d527-6045-4358-afd9-602ae8644b43
ff53cdaa-4fdd-4800-8391-dfa28da01699,0d262eed-551e-45d0-983c-bca05eabe980
14555b85-6cc0-461e-b5ce-fecd0a33a8e6,6ca59447-c208-40e3-ab57-7edb01549cbf
cebf270f-5db0-44cb-a7da-1f4c62054bbe,6ca59447-c208-40e3-ab57-7edb01549cbf
cc1cd8ef-2c43-40b0-9095-84afa1d8970c,d89699f6-85db-4def-8de6-14cb07eb2c43
cc1cd8ef-2c43-40b0-9095-84afa1d8970c,eddb9f19-4025-4f9a-8d44-a9bf94cb562e
b0a1291d-d3a2-40af-80de-e616497ed03e,6359b0bf-3af6-44e9-bf13-71c9fe0ead77
56221801-bc8f-48d7-854f-51087a8d8ac9,1f33d527-6045-4358-afd9-602ae8644b43
56221801-bc8f-48d7-854f-51087a8d8ac9,eddb9f19-4025-4f9a-8d44-a9bf94cb562e
56221801-bc8f-48d7-854f-51087a8d8ac9,992ae373-a9bc-4ae6-9d74-7082cf0a4c12
0798b320-d6f4-4bbb-b229-24362b1be70c,3d947f3c-fa03-4667-b09a-25a8f2db2adb
fe813a6e-4e95-4c0d-b9de-621442485e58,f413d6b6-6542-41fc-940c-6177cf5606aa
7ba6de30-7025-4d45-8e9a-b8bb33b627da,386c578b-2a53-4c3a-b910-a980fb1773c0
5d100283-70bf-44bb-8fac-157136f872ff,eddb9f19-4025-4f9a-8d44-a9bf94cb562e
5d100283-70bf-44bb-8fac-157136f872ff,992ae373-a9bc-4ae6-9d74-7082cf0a4c12
5d100283-70bf-44bb-8fac-157136f872ff,1f33d527-6045-4358-afd9-602ae8644b43
067e3f70-8757-40b5-a016-2457f96eb464,6ca59447-c208-40e3-ab57-7edb01549cbf
5520db7e-61a4-4f92-bdda-cd9364509f75,254b263b-b58f-4212-b381-33c85da3e4c9
5520db7e-61a4-4f92-bdda-cd9364509f75,992ae373-a9bc-4ae6-9d74-7082cf0a4c12
5520db7e-61a4-4f92-bdda-cd9364509f75,efde0ce9-21df-44b4-ba54-c6d738ec2e64
b25a5e7a-8915-491a-9b79-e8c0c1fef383,6ca59447-c208-40e3-ab57-7edb01549cbf
091cbef9-630f-4c2b-bd4f-da584216f22f,5115a7f4-c481-4f49-bf54-506badb69a95
091cbef9-630f-4c2b-bd4f-da584216f22f,eddb9f19-4025-4f9a-8d44-a9bf94cb562e
091cbef9-630f-4c2b-bd4f-da584216f22f,1f33d527-6045-4358-afd9-602ae8644b43
1f6deeb1-157f-4484-b869-de17d3341a89,6ca59447-c208-40e3-ab57-7edb01549cbf
e910c5fe-92a6-483a-8755-0c37e8670779,992ae373-a9bc-4ae6-9d74-7082cf0a4c12
e910c5fe-92a6-483a-8755-0c37e8670779,0a2353ed-3482-4163-9ca4-46e6cf6ab717
10e69df5-a6c9-4bb9-8490-5a800aa42b5a,6ca59447-c208-40e3-ab57-7edb01549cbf
26af2818-4308-4124-960b-b4602641d589,a935ba3a-86b5-400c-8948-e6375e9fc3fe
26af2818-4308-4124-960b-b4602641d589,992ae373-a9bc-4ae6-9d74-7082cf0a4c12
53be93e0-1182-4696-bb0d-4e1532ea1a03,992ae373-a9bc-4ae6-9d74-7082cf0a4c12
53be93e0-1182-4696-bb0d-4e1532ea1a03,6ff9e82a-0eff-4a28-b5c4-68f943508bf2
df1a8107-10fd-4299-ad7a-59e8be39d7c5,6ca59447-c208-40e3-ab57-7edb01549cbf
b6d89dd4-5929-4bf3-9b03-582e26c7c8e2,6ca59447-c208-40e3-ab57-7edb01549cbf
c45c7bb7-a750-483d-86ab-237971b1161f,992ae373-a9bc-4ae6-9d74-7082cf0a4c12
c45c7bb7-a750-483d-86ab-237971b1161f,6ff9e82a-0eff-4a28-b5c4-68f943508bf2
c45c7bb7-a750-483d-86ab-237971b1161f,fc1941db-1098-4bd5-a9c7-d9fe8b94172d
c7e861b8-013e-4a81-90ed-faf521678fd0,28408059-9560-428c-be43-378a604ac3e8
0ab2dba3-b988-4f39-8727-aeeab09eccf4,20bc1485-d0c4-4b2b-b0b4-c282c203431a
0ca3edad-c3e6-4ebc-b0ec-41311e7a9d23,a02e22cb-d235-4e41-99c0-73d63c06157e
0ca3edad-c3e6-4ebc-b0ec-41311e7a9d23,1f33d527-6045-4358-afd9-602ae8644b43
835b690a-3417-4915-8a26-d9d6213d66a8,8e47f6b9-4a44-4ce0-98bf-f3e7356fa1d2
ec240a11-9a11-4685-a20b-7624491e1eff,6ca59447-c208-40e3-ab57-7edb01549cbf
dfa41113-cfde-4d2a-bac4-5bc44cbfdc17,992ae373-a9bc-4ae6-9d74-7082cf0a4c12
dfa41113-cfde-4d2a-bac4-5bc44cbfdc17,ae92de86-1329-4de8-bbcc-f478e9f8628b
39bdfa26-e9a7-44ad-88d7-cd8b211ef943,cde9a632-6add-43ce-8de9-84ce69637125
a2eb0a26-871f-4269-8b13-ca81fbc9fbb6,992ae373-a9bc-4ae6-9d74-7082cf0a4c12
a2eb0a26-871f-4269-8b13-ca81fbc9fbb6,1f33d527-6045-4358-afd9-602ae8644b43
e9442ace-b6aa-4691-a8c2-c096bf1395cd,5fc091c1-fa87-45b5-878f-8deb38c39f5e
5240b4d8-6d7c-42b1-b028-3ff79be4553c,6ca59447-c208-40e3-ab57-7edb01549cbf
17ddd157-4743-467f-8bd7-f953b2864b68,992ae373-a9bc-4ae6-9d74-7082cf0a4c12
17ddd157-4743-467f-8bd7-f953b2864b68,ae92de86-1329-4de8-bbcc-f478e9f8628b
17ddd157-4743-467f-8bd7-f953b2864b68,9f6d5b2b-ac1c-4cc3-a7d1-7cedf98b7563
eb4bb926-725f-4bf5-abb1-cb589a987bf5,992ae373-a9bc-4ae6-9d74-7082cf0a4c12
eb4bb926-725f-4bf5-abb1-cb589a987bf5,eddb9f19-4025-4f9a-8d44-a9bf94cb562e
eb4bb926-725f-4bf5-abb1-cb589a987bf5,1f33d527-6045-4358-afd9-602ae8644b43
f2a9c139-8f2e-440d-b10b-0b5522997f99,af68b454-0781-4ba1-a037-4444038ef730
f8c7ab44-dc9f-4848-a645-b7823b7f029c,3b16b9a9-28b5-4421-a419-f2c0a580a622
c02690bf-1de9-4d10-82bf-95c5f24d8143,6e7ec579-d5fc-41c8-82f1-649532a23cb4
c02690bf-1de9-4d10-82bf-95c5f24d8143,f4053f71-94b5-40b2-92bd-fb588127fe38
f147a274-2b42-4924-8e93-a37060d221a1,c4cb37e8-fe1c-4d2b-b0b5-f04a69925d8f
f147a274-2b42-4924-8e93-a37060d221a1,d89699f6-85db-4def-8de6-14cb07eb2c43
f147a274-2b42-4924-8e93-a37060d221a1,4233781b-0b6c-49b5-a398-eef49e34cd7c
c6b7404a-6c8e-4581-a2f6-39abffda0ce7,6ca59447-c208-40e3-ab57-7edb01549cbf
f06bacd2-669e-4918-898c-0a0356622845,992ae373-a9bc-4ae6-9d74-7082cf0a4c12
f06bacd2-669e-4918-898c-0a0356622845,6ff9e82a-0eff-4a28-b5c4-68f943508bf2
f06bacd2-669e-4918-898c-0a0356622845,9f6d5b2b-ac1c-4cc3-a7d1-7cedf98b7563
eb50bae7-fa6e-4bb5-aab8-edede53aefca,6ca59447-c208-40e3-ab57-7edb01549cbf
d0751b6c-7c29-489d-aff1-53a6dfbe5709,eddb9f19-4025-4f9a-8d44-a9bf94cb562e
126456e6-83a8-4ebd-9c74-ad45fbda08c7,6ca59447-c208-40e3-ab57-7edb01549cbf
d9b05109-583f-4ccc-bc76-016ed0980723,992ae373-a9bc-4ae6-9d74-7082cf0a4c12
d9b05109-583f-4ccc-bc76-016ed0980723,b47cb9fd-b9c9-4d77-916d-93ed0c1a1879
d9b05109-583f-4ccc-bc76-016ed0980723,ae92de86-1329-4de8-bbcc-f478e9f8628b
92f6457f-3ed7-4db5-9fbf-a7bbc6188eb6,c0616b1c-7741-4f55-9da3-7b115b34481c
f38efff0-c335-48d3-ad1a-ae99f9e02193,b1938d90-e95c-4a12-87a3-4e4e3b8b4658
f019b69f-5553-4062-ae73-c513264f2d28,abc6c08b-0d8b-4b68-9a5e-18e8122308ca
5c3d9371-20fd-4d3a-a341-db2a028fe9ed,eddb9f19-4025-4f9a-8d44-a9bf94cb562e
5c3d9371-20fd-4d3a-a341-db2a028fe9ed,1f33d527-6045-4358-afd9-602ae8644b43
74b153b6-df45-4963-a5eb-2ab18dc464a1,6ca59447-c208-40e3-ab57-7edb01549cbf
4737f4cb-4fbf-4025-8a7e-6d4e57ba1fe9,992ae373-a9bc-4ae6-9d74-7082cf0a4c12
4737f4cb-4fbf-4025-8a7e-6d4e57ba1fe9,eddb9f19-4025-4f9a-8d44-a9bf94cb562e
4737f4cb-4fbf-4025-8a7e-6d4e57ba1fe9,72f27659-ea6c-40a3-9f2d-dfe7d82c853b
d261b42f-6cfc-4d26-8fd6-c1b48858e852,992ae373-a9bc-4ae6-9d74-7082cf0a4c12
d261b42f-6cfc-4d26-8fd6-c1b48858e852,6ff9e82a-0eff-4a28-b5c4-68f943508bf2
fc70b1f4-7805-43d8-8998-df4ddbf4042c,6ca59447-c208-40e3-ab57-7edb01549cbf
1b7f3315-5296-488b-b6be-d73b0b714ecb,35501750-04e3-48bd-bfe4-3aa7d22e3baa
120af949-d5b4-4f7d-8a37-742d11310ed2,6359b0bf-3af6-44e9-bf13-71c9fe0ead77
56a92525-ab75-4a34-9b53-8ac9a315bf6e,1f33d527-6045-4358-afd9-602ae8644b43
56a92525-ab75-4a34-9b53-8ac9a315bf6e,3bf75b18-e479-43ff-b40e-b33f5996a5c4
56a92525-ab75-4a34-9b53-8ac9a315bf6e,a558c676-742a-40c3-ab74-60a0f34d0c43
56a92525-ab75-4a34-9b53-8ac9a315bf6e,9e87af73-6ec7-473e-86b9-93fc8311efba
3fe4df0f-2e30-4687-bca2-3f8f67098fb8,386c578b-2a53-4c3a-b910-a980fb1773c0
8dfd12a8-f62b-4de7-9be2-c6787748ac7e,dc23b550-ff28-4b18-ae4c-dc17ca0235ab
832335fd-dd74-4d20-9c12-774436c210a9,a0ec4670-47c0-48d5-a9a0-c2012e886b58
ecdbdcec-b0cd-4d4d-b5c7-470e4c88cd11,386c578b-2a53-4c3a-b910-a980fb1773c0
d477ed69-8570-4210-a1ac-2e50bf1caf6d,eddb9f19-4025-4f9a-8d44-a9bf94cb562e
d477ed69-8570-4210-a1ac-2e50bf1caf6d,9d902a90-2e2d-4921-9d40-b5c18c6fe7ec
d477ed69-8570-4210-a1ac-2e50bf1caf6d,1f33d527-6045-4358-afd9-602ae8644b43
32289f00-3077-47e4-8b9e-ee8e3a9bc8a2,081dce13-ebde-49f5-95d1-a2de759b8a41
a2cd9976-e530-42ea-992f-9dec11332d37,1f33d527-6045-4358-afd9-602ae8644b43
a2cd9976-e530-42ea-992f-9dec11332d37,f4053f71-94b5-40b2-92bd-fb588127fe38
67bf5854-653d-4329-888f-1b7c78e0fbc0,a1edce4a-f996-4933-88a9-fa36cb210a5e
9616eb3c-1ee2-4b52-9b82-f249ef13e813,6bdd587c-344f-4fb7-b1c6-d48b8b15a2d1
d5f13b95-7794-407d-901a-0b08c552cce2,992ae373-a9bc-4ae6-9d74-7082cf0a4c12
d5f13b95-7794-407d-901a-0b08c552cce2,6ff9e82a-0eff-4a28-b5c4-68f943508bf2
0a707055-9b88-4409-b503-847d8f648f01,6ca59447-c208-40e3-ab57-7edb01549cbf
fca2ebb8-090b-413b-81e6-6d6c25cdc0c8,0d262eed-551e-45d0-983c-bca05eabe980
6152ff2a-c966-41a4-a6c0-f6327ffcad94,21d8739d-25f6-48b7-a909-14d59848db24
824e1999-2689-4a49-af5e-df0c7f25c1f5,6bdd587c-344f-4fb7-b1c6-d48b8b15a2d1
b422afbe-264c-4615-9eb3-c8bdd5fcde53,d89699f6-85db-4def-8de6-14cb07eb2c43
b422afbe-264c-4615-9eb3-c8bdd5fcde53,3ede1470-2ccd-442a-9411-0f2f431639e4
b422afbe-264c-4615-9eb3-c8bdd5fcde53,6e7ec579-d5fc-41c8-82f1-649532a23cb4
599758e1-8fc1-450f-afd6-da9404cf49e1,992ae373-a9bc-4ae6-9d74-7082cf0a4c12
599758e1-8fc1-450f-afd6-da9404cf49e1,72f27659-ea6c-40a3-9f2d-dfe7d82c853b
599758e1-8fc1-450f-afd6-da9404cf49e1,fc1941db-1098-4bd5-a9c7-d9fe8b94172d
f5be0826-be45-4b9a-aa72-5756b5eed652,6ca59447-c208-40e3-ab57-7edb01549cbf
72bb8d9d-4bcf-42c6-bc3c-53f3b15a8e8d,50d749ed-12a3-48bb-88a9-ac8403bdc400
f8fe890f-1666-4179-974a-2562555e4f2a,ca64a6a5-167f-4dc6-a828-596ec7fb7bcf
0ee1755e-7356-43cf-ac7e-f72feacc9ac2,eddb9f19-4025-4f9a-8d44-a9bf94cb562e
0ee1755e-7356-43cf-ac7e-f72feacc9ac2,9d902a90-2e2d-4921-9d40-b5c18c6fe7ec
0ee1755e-7356-43cf-ac7e-f72feacc9ac2,1f33d527-6045-4358-afd9-602ae8644b43
6c4e34c4-6ef1-4ef4-aec6-5950a13110d0,ca64a6a5-167f-4dc6-a828-596ec7fb7bcf
5c332146-719d-46b1-a060-565609ebdfb7,50d749ed-12a3-48bb-88a9-ac8403bdc400
84c5518e-915b-423d-a098-0a9cd56f22d4,992ae373-a9bc-4ae6-9d74-7082cf0a4c12
84c5518e-915b-423d-a098-0a9cd56f22d4,1f33d527-6045-4358-afd9-602ae8644b43
77a1d5fd-2c49-4daa-8e00-c6326919424c,6ca59447-c208-40e3-ab57-7edb01549cbf
8ae346b8-2341-44a7-97cc-e56bb493c900,992ae373-a9bc-4ae6-9d74-7082cf0a4c12
8ae346b8-2341-44a7-97cc-e56bb493c900,fc1941db-1098-4bd5-a9c7-d9fe8b94172d
2ee3e616-c409-48bb-b1e7-212598ef6328,6ca59447-c208-40e3-ab57-7edb01549cbf
32e5e8bc-1e5f-44f0-a1e2-1e1125c7b2ce,eddb9f19-4025-4f9a-8d44-a9bf94cb562e
32e5e8bc-1e5f-44f0-a1e2-1e1125c7b2ce,0a2353ed-3482-4163-9ca4-46e6cf6ab717
32e5e8bc-1e5f-44f0-a1e2-1e1125c7b2ce,1f33d527-6045-4358-afd9-602ae8644b43
32e5e8bc-1e5f-44f0-a1e2-1e1125c7b2ce,8ccdb142-81ed-489d-94a0-4041bd04a46e
ca77a221-243d-48a6-8799-53a1b531ceb7,636ec317-4c7e-4140-949e-b81cdece4be4
5538c2d3-1a45-4312-8628-66979f415126,5fc091c1-fa87-45b5-878f-8deb38c39f5e
1e143083-a6c1-4164-88ea-b3dbbacd997b,9e87af73-6ec7-473e-86b9-93fc8311efba
1e143083-a6c1-4164-88ea-b3dbbacd997b,c4cb37e8-fe1c-4d2b-b0b5-f04a69925d8f
1e143083-a6c1-4164-88ea-b3dbbacd997b,d89699f6-85db-4def-8de6-14cb07eb2c43
1e143083-a6c1-4164-88ea-b3dbbacd997b,4c9945e5-4487-40d3-ac4d-0f39caa452c4
8838613a-2339-4809-a6fc-4ff85d791ce5,fe5f9116-b18a-42bb-bead-1f0a20aae294
96aacdba-40c2-4aef-a4ea-8d78dbe1ef6c,6ca59447-c208-40e3-ab57-7edb01549cbf
47665508-5336-4330-8288-e789da8e197d,992ae373-a9bc-4ae6-9d74-7082cf0a4c12
af2b84ea-083b-4e07-81b2-eaaf1eaf88be,6ca59447-c208-40e3-ab57-7edb01549cbf
dd3ddef2-b665-419e-90f1-74a59407381a,ae92de86-1329-4de8-bbcc-f478e9f8628b
dd3ddef2-b665-419e-90f1-74a59407381a,992ae373-a9bc-4ae6-9d74-7082cf0a4c12
bdf99f10-c569-40b8-8553-7d7c2bed1fed,0d262eed-551e-45d0-983c-bca05eabe980
9a4ca8d0-5bff-4769-a99d-a3b82a21d089,9297f5e2-06f8-43dc-9765-87beb4350755
5161c63c-0a92-4640-a0f3-8d31c27552bd,5fc091c1-fa87-45b5-878f-8deb38c39f5e
0850adea-fa9a-4ed9-98a8-98cbf3a73750,d89699f6-85db-4def-8de6-14cb07eb2c43
0850adea-fa9a-4ed9-98a8-98cbf3a73750,a02e22cb-d235-4e41-99c0-73d63c06157e
0850adea-fa9a-4ed9-98a8-98cbf3a73750,1f33d527-6045-4358-afd9-602ae8644b43
cb25cbe7-7493-4a78-8d6a-9c14bb03934b,e47cd590-4bd7-4399-a7ec-b5c1838ed835
9f177434-7cab-4ce0-b847-17da788194d3,1e0f1986-faed-4875-a21d-c3454979c0ff
302983c2-54ff-4dc1-b1a9-85d96c71abe0,1f33d527-6045-4358-afd9-602ae8644b43
4d4596a9-8207-4a0d-a09a-f6935c3cc085,0956065f-f830-46ce-8db3-7c82b0df46c0
e00b3697-67ab-4031-8f46-73ee28287123,1f33d527-6045-4358-afd9-602ae8644b43
e00b3697-67ab-4031-8f46-73ee28287123,d89699f6-85db-4def-8de6-14cb07eb2c43
45339caa-7708-4163-9d13-c46fd499bd84,02257903-92fa-4ef4-8ba7-12758b989472
f7d70182-5390-4c4b-8bf9-7b2b71e0cff4,386c578b-2a53-4c3a-b910-a980fb1773c0
b8ed04b1-3e73-4ecf-a6ba-c186728747dd,1ce37d28-4cb6-49c3-8d5b-21b9d23119e2
bad347bc-6bb7-4418-80ff-394e5d14b17b,aa5350c6-5532-4604-b95c-938b8f7cb95c
1b5ecee7-3e2b-4157-96f2-5fd32b93dc42,1f33d527-6045-4358-afd9-602ae8644b43
1b5ecee7-3e2b-4157-96f2-5fd32b93dc42,f4053f71-94b5-40b2-92bd-fb588127fe38
bd4c1d80-e494-4d7e-b603-ca4c0d4aa435,3b16b9a9-28b5-4421-a419-f2c0a580a622
97303611-3e80-4ea6-b35f-74ac0917c1c7,386c578b-2a53-4c3a-b910-a980fb1773c0
69cba38d-1923-46d7-b038-298ce1c064f5,9e87af73-6ec7-473e-86b9-93fc8311efba
69cba38d-1923-46d7-b038-298ce1c064f5,a558c676-742a-40c3-ab74-60a0f34d0c43
07c92956-ad36-424c-8224-35f5a66c37ba,52d84173-882a-48bc-98c2-da35a45c13c1
c9c1385b-c3a6-4cc0-ba53-5556d013f60d,21d8739d-25f6-48b7-a909-14d59848db24
ebca261d-be08-4769-9068-d61eb1750eaa,ca64a6a5-167f-4dc6-a828-596ec7fb7bcf
0a6e0c54-ce62-4b13-8e7e-05c7ec5e3457,50d749ed-12a3-48bb-88a9-ac8403bdc400
1af43fa6-fde8-4348-8c26-5ee99d4642c6,f137d46d-5bac-404d-bfc9-d9fb8fc8a734
1af43fa6-fde8-4348-8c26-5ee99d4642c6,d89699f6-85db-4def-8de6-14cb07eb2c43
f9438be4-8fa7-42c9-822e-6e1767b3b54c,6359b0bf-3af6-44e9-bf13-71c9fe0ead77
1f59be3b-908b-4874-a9b7-b7808cd7645e,386c578b-2a53-4c3a-b910-a980fb1773c0
6c110624-c75b-4e39-9563-87755b5f7d83,0a2353ed-3482-4163-9ca4-46e6cf6ab717
6c110624-c75b-4e39-9563-87755b5f7d83,6e7ec579-d5fc-41c8-82f1-649532a23cb4
98a8aa91-21ca-44b5-a829-916628570ba8,40193610-2542-4d28-a63f-078467cb7f0a
8be63155-14f8-4e67-ae36-d0c1002ad2b5,28408059-9560-428c-be43-378a604ac3e8
993ea5e0-e33a-4068-b237-b61e0d87aab1,05189b57-cd02-4472-9e21-bd3b54ab5dd6
932d9bc4-9cb6-43c0-9a8b-e2bf2524c436,b41e3b3e-d27b-4705-b8c7-592b89508e12
44674258-a3a4-4cae-ab1d-c545e7b13bf5,eddb9f19-4025-4f9a-8d44-a9bf94cb562e
44674258-a3a4-4cae-ab1d-c545e7b13bf5,41d62f31-a92e-4ff2-9981-41f3cf46ebeb
50b6752d-fae5-4782-9714-9c0d276b58ea,207fe291-5f03-43cd-b528-0e897e3a3159
9f119e96-f16e-4f8d-8c78-519661cd7248,3b16b9a9-28b5-4421-a419-f2c0a580a622
b3cd8e5e-3aea-4b61-aa3d-39708949ffba,eddb9f19-4025-4f9a-8d44-a9bf94cb562e
b3cd8e5e-3aea-4b61-aa3d-39708949ffba,9e87af73-6ec7-473e-86b9-93fc8311efba
b3cd8e5e-3aea-4b61-aa3d-39708949ffba,a558c676-742a-40c3-ab74-60a0f34d0c43
40366255-4fd3-4259-8dfc-6c92b40c1ed7,89816960-209a-4338-98c2-15cd395dd76b
0e31a2d3-140e-4cf4-bf52-bb297ecec383,6ca59447-c208-40e3-ab57-7edb01549cbf
e8335a04-a2c2-45b1-91c3-e95ea2373695,d89699f6-85db-4def-8de6-14cb07eb2c43
e8335a04-a2c2-45b1-91c3-e95ea2373695,fe8e1adf-281b-493b-a6ec-1b86629a19d7
cf5b5994-2a9e-4ce5-8418-af3563e04788,6ca59447-c208-40e3-ab57-7edb01549cbf
0e31125d-2988-45a2-b5a7-2264b946b191,9e87af73-6ec7-473e-86b9-93fc8311efba
0e31125d-2988-45a2-b5a7-2264b946b191,eddb9f19-4025-4f9a-8d44-a9bf94cb562e
79ddf4ff-e8fd-4830-b688-b1a562617817,6ca59447-c208-40e3-ab57-7edb01549cbf
a97e4e70-2b6f-4747-b89c-7bfce2585551,1f33d527-6045-4358-afd9-602ae8644b43
47665508-5336-4330-8288-e789da8e197d,72f27659-ea6c-40a3-9f2d-dfe7d82c853b
47665508-5336-4330-8288-e789da8e197d,ae92de86-1329-4de8-bbcc-f478e9f8628b
47665508-5336-4330-8288-e789da8e197d,eddb9f19-4025-4f9a-8d44-a9bf94cb562e
74e39494-396f-451d-bf9b-692a05db9343,0ee9f564-1d84-4c16-8227-802613b88a09
ef9b68db-7fd1-4a8e-bd66-41092798bd20,9297f5e2-06f8-43dc-9765-87beb4350755
903ebbf9-efa5-4c0e-88cd-970dde67084e,ff41c6fa-d1d3-461e-bc14-61438d2fe7d4
aa5de61f-7b7f-4fb4-813d-2181cf5a0dba,0663a94d-7fc1-4427-9cdd-86e299c0fe86
aa5de61f-7b7f-4fb4-813d-2181cf5a0dba,f4053f71-94b5-40b2-92bd-fb588127fe38
221c26e9-130b-4979-9667-93adcde1f0a8,8d82500d-abce-4859-889f-991e369704e8
157c39bb-b533-4548-886b-e2471364dabc,cde9a632-6add-43ce-8de9-84ce69637125
ff611a79-1fae-4441-a214-dc5b09dbd442,5fc091c1-fa87-45b5-878f-8deb38c39f5e
b1b9dfce-f328-4ce5-a996-6e005ed2ec6a,eddb9f19-4025-4f9a-8d44-a9bf94cb562e
b1b9dfce-f328-4ce5-a996-6e005ed2ec6a,992ae373-a9bc-4ae6-9d74-7082cf0a4c12
b1b9dfce-f328-4ce5-a996-6e005ed2ec6a,1f33d527-6045-4358-afd9-602ae8644b43
6268c7e9-6bdc-45f3-9f95-103922b14f87,1f33d527-6045-4358-afd9-602ae8644b43
6268c7e9-6bdc-45f3-9f95-103922b14f87,992ae373-a9bc-4ae6-9d74-7082cf0a4c12
1c2d47b4-5e2d-4971-8011-e77f9b39167c,6ca59447-c208-40e3-ab57-7edb01549cbf
8f0f4e87-ae00-49bc-82d4-e1a29cca33d2,ca64a6a5-167f-4dc6-a828-596ec7fb7bcf
71303273-cdb2-419b-b93d-dc7e359074a8,50d749ed-12a3-48bb-88a9-ac8403bdc400
5b89a5ed-6fa2-43ba-8a47-6b39704f56b2,6ca59447-c208-40e3-ab57-7edb01549cbf
232a2ee8-558b-428a-9124-0bf5dd307b21,0663a94d-7fc1-4427-9cdd-86e299c0fe86
3cc26bc6-7114-4da5-b3e8-abfebbfee1ea,af68b454-0781-4ba1-a037-4444038ef730
6c240047-1639-4db7-857b-ae9c178c405c,d89699f6-85db-4def-8de6-14cb07eb2c43
6c240047-1639-4db7-857b-ae9c178c405c,1f33d527-6045-4358-afd9-602ae8644b43
6c240047-1639-4db7-857b-ae9c178c405c,05155868-5a51-4328-bec7-587f5f081148
6c240047-1639-4db7-857b-ae9c178c405c,f4053f71-94b5-40b2-92bd-fb588127fe38
54c67299-69fc-4e97-9e85-a61a22a84d0a,8d82500d-abce-4859-889f-991e369704e8
ef695721-556d-4c29-bcb8-b96229bc407a,992ae373-a9bc-4ae6-9d74-7082cf0a4c12
ef695721-556d-4c29-bcb8-b96229bc407a,6ff9e82a-0eff-4a28-b5c4-68f943508bf2
95f0a218-6602-47cc-95c7-194aacdbb4cb,6ca59447-c208-40e3-ab57-7edb01549cbf
6cb4a220-4fed-4003-ae88-bb7850b8b373,8e47f6b9-4a44-4ce0-98bf-f3e7356fa1d2
f017c0c4-fcbb-432e-8885-28039217ba34,02257903-92fa-4ef4-8ba7-12758b989472
718d2beb-aff1-4b22-9a52-c343bccdedd2,ff41c6fa-d1d3-461e-bc14-61438d2fe7d4
882ae06a-a285-41f9-be5f-79bdeaba5cc2,9e87af73-6ec7-473e-86b9-93fc8311efba
882ae06a-a285-41f9-be5f-79bdeaba5cc2,1f33d527-6045-4358-afd9-602ae8644b43
13206ec4-e123-4f92-a5fd-12df191dfc26,6ca59447-c208-40e3-ab57-7edb01549cbf
518b763d-6a9a-4a94-abda-50d0cce49adf,0f795c5c-53c8-4974-a826-e83132dd5671
518b763d-6a9a-4a94-abda-50d0cce49adf,d8552976-9336-4818-a952-a6ada26a3006
5d3eb7c1-ff31-40cd-aa71-fd524a162346,8e47f6b9-4a44-4ce0-98bf-f3e7356fa1d2
efea809f-5407-4df6-b7b0-41d7e8a2ccc8,d1c30f65-d081-40cd-91e8-193b4c51182a
5f42645b-cddc-4063-9db5-d830436a3de3,5fc091c1-fa87-45b5-878f-8deb38c39f5e
c1dce18b-67cf-408b-865c-17706f93a299,41d62f31-a92e-4ff2-9981-41f3cf46ebeb
37ba8a40-6ba0-4d84-b813-117e80ad3721,3d947f3c-fa03-4667-b09a-25a8f2db2adb
bdfdb050-545d-4530-b299-a9d08f656a6e,6359b0bf-3af6-44e9-bf13-71c9fe0ead77
47a2f5b2-e07d-4a69-bbe7-1c5c27c72445,1f33d527-6045-4358-afd9-602ae8644b43
de61fc62-ccac-4e55-9687-d70a57d3e047,6ca59447-c208-40e3-ab57-7edb01549cbf
45ac0138-7cc6-4acb-9ea0-d05a60dcca25,fe8e1adf-281b-493b-a6ec-1b86629a19d7
cc21c43e-fed1-4714-87d5-aed9ff562c15,6ccd09a6-df0b-427f-a639-7f3b30134426
e89c4c70-e076-4dbe-bf34-2d7eb4cd79a5,5fc091c1-fa87-45b5-878f-8deb38c39f5e
6f3f6c8c-17bb-472b-9c23-361a1364e6da,3b16b9a9-28b5-4421-a419-f2c0a580a622
a8065b62-c687-4efa-a8a5-b662b35a35e8,1f33d527-6045-4358-afd9-602ae8644b43
a8065b62-c687-4efa-a8a5-b662b35a35e8,6ff9e82a-0eff-4a28-b5c4-68f943508bf2
defa7a8a-e15d-4d26-a5eb-f2b5ad270365,ac2f7cb8-fe85-4eec-9dbd-11aab73b200d
c6c6bc46-f714-4ffc-afc7-51bb50f0f45a,33f12961-e353-4d14-a7bc-4f20ffad7f00
a9ed3ee2-4352-4472-b43f-2f7c6d47b0c5,0663a94d-7fc1-4427-9cdd-86e299c0fe86
4eb6b65d-f3ae-40c4-b312-50233840845d,6ca59447-c208-40e3-ab57-7edb01549cbf
3f99e843-9c17-43b3-bb9e-267c282fba75,6ca59447-c208-40e3-ab57-7edb01549cbf
5787380a-2208-4f89-a88f-24a1b189b086,d89699f6-85db-4def-8de6-14cb07eb2c43
5787380a-2208-4f89-a88f-24a1b189b086,9f6d5b2b-ac1c-4cc3-a7d1-7cedf98b7563
4e3f0afe-7ca6-4f07-a177-d4c762190853,6ca59447-c208-40e3-ab57-7edb01549cbf
b4b4d229-7d13-4d86-a5d8-9aa3a4f2088b,992ae373-a9bc-4ae6-9d74-7082cf0a4c12
b4b4d229-7d13-4d86-a5d8-9aa3a4f2088b,6ff9e82a-0eff-4a28-b5c4-68f943508bf2
bc978e0a-0207-4b2a-9afa-d364a3f16bd1,6ca59447-c208-40e3-ab57-7edb01549cbf
b7077d2a-3c88-4b78-a3db-bad4c63b7b65,9f6d5b2b-ac1c-4cc3-a7d1-7cedf98b7563
b7077d2a-3c88-4b78-a3db-bad4c63b7b65,d89699f6-85db-4def-8de6-14cb07eb2c43
4a346ee1-938f-43e6-b4b6-b373c2e413ff,6ca59447-c208-40e3-ab57-7edb01549cbf
9f77303d-170a-4e55-90fd-fab564f0fd35,992ae373-a9bc-4ae6-9d74-7082cf0a4c12
9f77303d-170a-4e55-90fd-fab564f0fd35,6ff9e82a-0eff-4a28-b5c4-68f943508bf2
ccc74652-ffed-486d-b6df-030c5e3aac47,f137d46d-5bac-404d-bfc9-d9fb8fc8a734
ccc74652-ffed-486d-b6df-030c5e3aac47,d89699f6-85db-4def-8de6-14cb07eb2c43
ccc74652-ffed-486d-b6df-030c5e3aac47,72f27659-ea6c-40a3-9f2d-dfe7d82c853b
6c6a95aa-8939-4a76-9eac-9bba302de059,6ca59447-c208-40e3-ab57-7edb01549cbf
de15b471-b7fc-49bf-bcef-ae4362d78ba0,992ae373-a9bc-4ae6-9d74-7082cf0a4c12
de15b471-b7fc-49bf-bcef-ae4362d78ba0,1f33d527-6045-4358-afd9-602ae8644b43
e12b46bc-98b5-43ca-a61d-bcf46ba1cf56,6ca59447-c208-40e3-ab57-7edb01549cbf
bf93d4fa-a532-47bf-8064-8226220e4f74,1f33d527-6045-4358-afd9-602ae8644b43
bf93d4fa-a532-47bf-8064-8226220e4f74,d89699f6-85db-4def-8de6-14cb07eb2c43
7f01433c-483a-4fe2-b14f-41ac8eff0c5b,21d8739d-25f6-48b7-a909-14d59848db24
9107482a-1896-40af-8ff7-d31effbf3d8f,6bdd587c-344f-4fb7-b1c6-d48b8b15a2d1
ffb9c218-930c-42e0-ab06-c283a0be14ce,3ede1470-2ccd-442a-9411-0f2f431639e4
ffb9c218-930c-42e0-ab06-c283a0be14ce,6e7ec579-d5fc-41c8-82f1-649532a23cb4
5b653810-c201-4418-946b-8c3f572e364d,0d262eed-551e-45d0-983c-bca05eabe980
aa2328a7-9fee-4dbe-a294-129c1d321799,6ca59447-c208-40e3-ab57-7edb01549cbf
b2f4decf-ac9f-45db-bd76-70050254a6c3,992ae373-a9bc-4ae6-9d74-7082cf0a4c12
b2f4decf-ac9f-45db-bd76-70050254a6c3,ae92de86-1329-4de8-bbcc-f478e9f8628b
03fffe4d-86e7-475f-99a3-e24cbfec7794,2a5e73d9-7acc-4ad2-8d42-61fdcc1b5c4d
ecb914b9-bdc6-4a19-9d4d-e75f2e494c9f,3b16b9a9-28b5-4421-a419-f2c0a580a622
83b33e9e-fdff-49d1-adbd-80c3c43e7a74,9e87af73-6ec7-473e-86b9-93fc8311efba
cd93632b-f022-497d-8936-01c00eaba48e,081dce13-ebde-49f5-95d1-a2de759b8a41
308916eb-f567-40fc-b173-03f2d7b9a912,6ca59447-c208-40e3-ab57-7edb01549cbf
a41100cb-b73c-4870-9e11-610c74fea2b4,d89699f6-85db-4def-8de6-14cb07eb2c43
a41100cb-b73c-4870-9e11-610c74fea2b4,0a2353ed-3482-4163-9ca4-46e6cf6ab717
99b231bc-3aa5-47dd-ab24-b4e408f2b06d,6b0712f7-178e-473d-8bc6-3ca8e50b9053
b2e9bb1b-e666-41c3-b67a-7eb63ae58cfd,50d749ed-12a3-48bb-88a9-ac8403bdc400
3e91f869-fe7c-41fe-8228-17127c394b9e,6bdd587c-344f-4fb7-b1c6-d48b8b15a2d1
e16cb63f-bc22-42e5-976e-cb379b1be14a,d89699f6-85db-4def-8de6-14cb07eb2c43
e16cb63f-bc22-42e5-976e-cb379b1be14a,1f33d527-6045-4358-afd9-602ae8644b43
0df7fe5c-b59f-4afb-af5d-303861eaccf4,6ca59447-c208-40e3-ab57-7edb01549cbf
223306a4-8b96-42b8-81ff-ed3c0eb29e98,992ae373-a9bc-4ae6-9d74-7082cf0a4c12
223306a4-8b96-42b8-81ff-ed3c0eb29e98,6ff9e82a-0eff-4a28-b5c4-68f943508bf2
4e4dc8ed-745d-44fa-b3eb-b36537aa1303,6ca59447-c208-40e3-ab57-7edb01549cbf
1817b748-b6e6-4e02-9b82-12f75ddc23c2,ae92de86-1329-4de8-bbcc-f478e9f8628b
1817b748-b6e6-4e02-9b82-12f75ddc23c2,72f27659-ea6c-40a3-9f2d-dfe7d82c853b
1817b748-b6e6-4e02-9b82-12f75ddc23c2,3ede1470-2ccd-442a-9411-0f2f431639e4
195bb869-1536-492d-80eb-a2f03d6f1210,fe5f9116-b18a-42bb-bead-1f0a20aae294
0bb3f347-01d1-4d45-8700-e480ddc2c837,ed75086e-ad87-42df-b512-6dba1ac50161
9b1f8ba5-e903-4b21-98c8-52d9c33e92d2,3b16b9a9-28b5-4421-a419-f2c0a580a622
469ae6df-1787-40c1-813f-ac3375ed5e9d,992ae373-a9bc-4ae6-9d74-7082cf0a4c12
469ae6df-1787-40c1-813f-ac3375ed5e9d,1f33d527-6045-4358-afd9-602ae8644b43
9b59b2c2-116d-4306-b89b-d0c61bedfea8,03361f27-53e9-4b05-8323-5824a02f071a
32a6f003-a33e-4d72-8576-b33efe7aa71d,20bc1485-d0c4-4b2b-b0b4-c282c203431a
8470cea5-90dc-447c-a44e-bb74807c8ee4,6bdd587c-344f-4fb7-b1c6-d48b8b15a2d1
aab8d68b-fbe1-40a5-8199-29f79942e8d2,1f33d527-6045-4358-afd9-602ae8644b43
aab8d68b-fbe1-40a5-8199-29f79942e8d2,1fa3719f-7f49-43d3-9416-c38e10968ac8
58b8ccd7-00b0-40ca-a0ae-182e83f26e81,643d43fe-baa8-4b50-937f-1afb03bd76e9
af1ea619-d230-44ba-bd98-2b221d00076f,6ca59447-c208-40e3-ab57-7edb01549cbf
18f33d54-db1f-461d-8574-13093df0a22a,d8552976-9336-4818-a952-a6ada26a3006
38718b86-1b65-4f75-8ed3-c9772ecdbd9b,cde9a632-6add-43ce-8de9-84ce69637125
ea25d20c-574d-46f7-8824-1fb3bc62c5a8,5fc091c1-fa87-45b5-878f-8deb38c39f5e
37138768-a627-4aaa-a5cc-0f1e62674691,eddb9f19-4025-4f9a-8d44-a9bf94cb562e
37138768-a627-4aaa-a5cc-0f1e62674691,992ae373-a9bc-4ae6-9d74-7082cf0a4c12
37138768-a627-4aaa-a5cc-0f1e62674691,ae92de86-1329-4de8-bbcc-f478e9f8628b
37138768-a627-4aaa-a5cc-0f1e62674691,1f33d527-6045-4358-afd9-602ae8644b43
8e1d06d3-2d15-4614-90b7-b2f392ee6c4a,6ca59447-c208-40e3-ab57-7edb01549cbf
5015a006-fe42-4411-afd0-7ec1d0213071,992ae373-a9bc-4ae6-9d74-7082cf0a4c12
92d1dfac-5b07-4545-bd55-3ab86fa02dc8,2407e3fc-726a-44f3-8344-0d8da811e1b8
d47e2bbc-a1c4-4a85-a1b4-a648dfe8c20e,b1938d90-e95c-4a12-87a3-4e4e3b8b4658
3dc013c6-9636-4abe-ad29-fe66fa1d5685,1fad2edd-83ee-4028-b2a6-4664d26552cd
ee04a93e-014f-4551-b854-1f4f931e7d66,1f33d527-6045-4358-afd9-602ae8644b43
ee04a93e-014f-4551-b854-1f4f931e7d66,9e87af73-6ec7-473e-86b9-93fc8311efba
6016b594-191e-4fea-8371-3aa133fee725,3b16b9a9-28b5-4421-a419-f2c0a580a622
5e20d083-b4d6-4430-87e4-b46a2696cd46,8e47f6b9-4a44-4ce0-98bf-f3e7356fa1d2
4afb6396-4db1-40c0-a4b8-61117767be2e,b4f75e2e-aded-4dd2-8b9c-740be0e9164d
7d6cb6ff-f85b-49a8-864b-3c7635d90042,d89699f6-85db-4def-8de6-14cb07eb2c43
7d6cb6ff-f85b-49a8-864b-3c7635d90042,9d902a90-2e2d-4921-9d40-b5c18c6fe7ec
7d6cb6ff-f85b-49a8-864b-3c7635d90042,69b294ca-7d15-4303-9762-216ec08f824e
4128a19d-4caa-4ba6-b94e-08d1b888d327,f413d6b6-6542-41fc-940c-6177cf5606aa
ba288481-4cc0-412f-9f79-3991cb227986,386c578b-2a53-4c3a-b910-a980fb1773c0
b0e051fd-faaa-47d6-b5a3-a4e2747a6bef,4c9945e5-4487-40d3-ac4d-0f39caa452c4
b0e051fd-faaa-47d6-b5a3-a4e2747a6bef,992ae373-a9bc-4ae6-9d74-7082cf0a4c12
1672bfbd-b0aa-494a-8705-6b49635c5f09,6ca59447-c208-40e3-ab57-7edb01549cbf
d96d8cfd-7589-46e5-b72f-5a2f5e45119c,992ae373-a9bc-4ae6-9d74-7082cf0a4c12
442e6b15-cac7-45d4-bc69-13d12a6e73c1,2baf988b-c09f-420d-b2f1-07c3f3cb565b
9106cfca-4db8-4ebf-b935-7c153c3ed532,20bc1485-d0c4-4b2b-b0b4-c282c203431a
892ed6d1-8356-4107-b136-aba0653c3d52,41d62f31-a92e-4ff2-9981-41f3cf46ebeb
498155ed-6ae8-415f-9a95-766d3fe60808,4519ffb7-82ab-4f7a-b4b6-5fab503a5663
6a24d237-7d42-43ee-b960-6d0cede8ff9a,89816960-209a-4338-98c2-15cd395dd76b
c3f85c1f-e638-461f-ba66-68eca8370e1b,28408059-9560-428c-be43-378a604ac3e8
63abc656-3e62-4ea3-930d-8e5297bfd2be,8d82500d-abce-4859-889f-991e369704e8
d4de6673-9ffd-4e68-8ce3-d53f36537233,41d62f31-a92e-4ff2-9981-41f3cf46ebeb
d4de6673-9ffd-4e68-8ce3-d53f36537233,8ccdb142-81ed-489d-94a0-4041bd04a46e
30bf6853-65b3-4ead-963d-fbc1360897f1,6ca59447-c208-40e3-ab57-7edb01549cbf
7e545d52-540c-4277-883d-1dd8cfbf1f2b,992ae373-a9bc-4ae6-9d74-7082cf0a4c12
7e545d52-540c-4277-883d-1dd8cfbf1f2b,9f6d5b2b-ac1c-4cc3-a7d1-7cedf98b7563
7e545d52-540c-4277-883d-1dd8cfbf1f2b,6ff9e82a-0eff-4a28-b5c4-68f943508bf2
0b61a014-ca36-4818-a99a-1df008362231,992ae373-a9bc-4ae6-9d74-7082cf0a4c12
0b61a014-ca36-4818-a99a-1df008362231,eddb9f19-4025-4f9a-8d44-a9bf94cb562e
360a3d51-a3c5-459d-bc95-ba2182ccfa0e,6ca59447-c208-40e3-ab57-7edb01549cbf
28fbfd01-1744-4838-b79e-a85c097bcab0,ca64a6a5-167f-4dc6-a828-596ec7fb7bcf
e65232bc-a98e-48bb-9148-4baf7b43357c,02257903-92fa-4ef4-8ba7-12758b989472
8305c00c-5667-4ded-9ff3-3159d5c710d5,d89699f6-85db-4def-8de6-14cb07eb2c43
8305c00c-5667-4ded-9ff3-3159d5c710d5,41d62f31-a92e-4ff2-9981-41f3cf46ebeb
fb5adba3-32ff-44a5-9adb-2d8b0b81a92b,5fc091c1-fa87-45b5-878f-8deb38c39f5e
3ada22f6-3654-46a3-b8ca-1cf8a5ff02ad,21d8739d-25f6-48b7-a909-14d59848db24
1e2f2697-61cb-40aa-9f39-490cccb5bd39,6bdd587c-344f-4fb7-b1c6-d48b8b15a2d1
815592f5-c060-4ba2-8c2f-b2b30734832c,1f33d527-6045-4358-afd9-602ae8644b43
76d18220-82e4-4af3-b925-03f781cc5ba3,0d262eed-551e-45d0-983c-bca05eabe980
90fa8340-de62-482c-9402-adfee3d33850,aef4dfc9-2813-4a22-a2e2-92b10b9e7d01
754a2938-2599-4366-b60a-f4e48ee653f1,eddb9f19-4025-4f9a-8d44-a9bf94cb562e
754a2938-2599-4366-b60a-f4e48ee653f1,0a2353ed-3482-4163-9ca4-46e6cf6ab717
754a2938-2599-4366-b60a-f4e48ee653f1,9d902a90-2e2d-4921-9d40-b5c18c6fe7ec
b71c6a39-aa7c-46a1-8bd9-75f1f28ae278,6fe661aa-ffec-44c5-8de9-c80eef106e6b
2ee8c2b9-acca-43a8-a541-336a38c784aa,f413d6b6-6542-41fc-940c-6177cf5606aa
9a3c098d-3d63-4447-9241-c71696c8135d,41d62f31-a92e-4ff2-9981-41f3cf46ebeb
9a3c098d-3d63-4447-9241-c71696c8135d,d89699f6-85db-4def-8de6-14cb07eb2c43
8caf7118-6614-4c3d-962d-2406a9a04316,386c578b-2a53-4c3a-b910-a980fb1773c0
b525e285-2494-4b97-95c9-6a6da0be2a30,1f33d527-6045-4358-afd9-602ae8644b43
e636322a-2a9d-4d1a-b7d5-0020e76fc8ec,6ca59447-c208-40e3-ab57-7edb01549cbf
3c7bbaf2-7932-4839-a175-245ae63fbeab,6ca59447-c208-40e3-ab57-7edb01549cbf
a8874d5e-5776-402d-bef1-45e182650474,fe8e1adf-281b-493b-a6ec-1b86629a19d7
89e8b285-0db6-42f8-a8f5-b56bd4a15898,02257903-92fa-4ef4-8ba7-12758b989472
b391b764-f1d2-4763-ac55-78a25c335e3b,ff41c6fa-d1d3-461e-bc14-61438d2fe7d4
58fa59d6-6af5-41fb-9dd7-3aba86411053,1fa3719f-7f49-43d3-9416-c38e10968ac8
58fa59d6-6af5-41fb-9dd7-3aba86411053,1f33d527-6045-4358-afd9-602ae8644b43
58fa59d6-6af5-41fb-9dd7-3aba86411053,5115a7f4-c481-4f49-bf54-506badb69a95
63a036ac-f591-4f54-979b-97ac9cd0252b,8e47f6b9-4a44-4ce0-98bf-f3e7356fa1d2
14fa2b39-640f-434f-95f4-5d911275ec77,af68b454-0781-4ba1-a037-4444038ef730
3be36dd2-5774-440a-bf5f-8059fc0ea173,6ca59447-c208-40e3-ab57-7edb01549cbf
58bba3b8-d784-4fea-9632-e5b4818d03e5,992ae373-a9bc-4ae6-9d74-7082cf0a4c12
c991ddc7-151a-46ae-8f7f-386e294fb1ef,6ca59447-c208-40e3-ab57-7edb01549cbf
89bd9f2e-e9b3-4683-8735-608fea8647d2,992ae373-a9bc-4ae6-9d74-7082cf0a4c12
89bd9f2e-e9b3-4683-8735-608fea8647d2,eddb9f19-4025-4f9a-8d44-a9bf94cb562e
89bd9f2e-e9b3-4683-8735-608fea8647d2,ae92de86-1329-4de8-bbcc-f478e9f8628b
8d45f8b5-bb25-4d12-b849-54712ca252bb,943fa8e9-69df-4f6e-8e47-3a81150d8b3d
6896b9bc-6620-42dc-bd5f-a469a3e45cd5,6bdd587c-344f-4fb7-b1c6-d48b8b15a2d1
c8d6e77b-aa32-45c0-9e38-e20eb29b00cc,41d62f31-a92e-4ff2-9981-41f3cf46ebeb
c8d6e77b-aa32-45c0-9e38-e20eb29b00cc,f4053f71-94b5-40b2-92bd-fb588127fe38
6896423a-6098-4732-8ba6-61d7c1cac8e7,3b16b9a9-28b5-4421-a419-f2c0a580a622
cdfa4f9a-07d6-4d0d-ae18-43b4deec34d8,6ca59447-c208-40e3-ab57-7edb01549cbf
58a4a6ef-c610-4693-a7b3-6b71b422a927,fe8e1adf-281b-493b-a6ec-1b86629a19d7
58a4a6ef-c610-4693-a7b3-6b71b422a927,eddb9f19-4025-4f9a-8d44-a9bf94cb562e
58a4a6ef-c610-4693-a7b3-6b71b422a927,992ae373-a9bc-4ae6-9d74-7082cf0a4c12
024ea684-9ee7-4744-98ef-ceb144768997,8e47f6b9-4a44-4ce0-98bf-f3e7356fa1d2
b0c2d97d-7fe2-4b13-afcc-b0edd1a169f9,b4f75e2e-aded-4dd2-8b9c-740be0e9164d
80ed66f6-0942-43af-8f39-723bded9f9ab,992ae373-a9bc-4ae6-9d74-7082cf0a4c12
80ed66f6-0942-43af-8f39-723bded9f9ab,6ff9e82a-0eff-4a28-b5c4-68f943508bf2
3e274fc4-95d1-4289-88eb-8d0b2f540964,af68b454-0781-4ba1-a037-4444038ef730
4a346468-3731-4477-a2e7-e07c0773b32c,1f33d527-6045-4358-afd9-602ae8644b43
4a346468-3731-4477-a2e7-e07c0773b32c,992ae373-a9bc-4ae6-9d74-7082cf0a4c12
a72edefd-496e-41e0-9bd6-ff866f19c78b,3b16b9a9-28b5-4421-a419-f2c0a580a622
4c097b2c-e83c-4a10-8f1d-d753821b7911,bf26bafb-f799-4174-bac0-40338f3e8851
83ca136e-3a98-4bed-aed2-b59d203d2f59,a1edce4a-f996-4933-88a9-fa36cb210a5e
d1253a74-8b50-4d0b-8267-48a8975a5834,3b16b9a9-28b5-4421-a419-f2c0a580a622
c5dbabe7-9a36-4af0-a782-924fda054ed3,1f33d527-6045-4358-afd9-602ae8644b43
afc80bac-fdfc-472b-b7de-6e8ed9194d3a,f413d6b6-6542-41fc-940c-6177cf5606aa
60129488-dd29-44ec-9ecd-3fa93fde79c3,d89699f6-85db-4def-8de6-14cb07eb2c43
60129488-dd29-44ec-9ecd-3fa93fde79c3,1f33d527-6045-4358-afd9-602ae8644b43
c5fd04c4-ae24-4eeb-b4fd-11a4d8238e44,386c578b-2a53-4c3a-b910-a980fb1773c0
710b8383-7024-473e-9cb8-ca3884a574af,6ca59447-c208-40e3-ab57-7edb01549cbf
850a3e6e-c528-4cdf-b634-0528e8d5719b,9e87af73-6ec7-473e-86b9-93fc8311efba
850a3e6e-c528-4cdf-b634-0528e8d5719b,0663a94d-7fc1-4427-9cdd-86e299c0fe86
72e7a44d-a969-4c85-bd61-aec11ae5f751,50d749ed-12a3-48bb-88a9-ac8403bdc400
b6e02a46-e81d-4d12-833b-fed96b3424d9,02257903-92fa-4ef4-8ba7-12758b989472
f628d354-92bc-4af4-8417-0b1ff22fc9ce,992ae373-a9bc-4ae6-9d74-7082cf0a4c12
f628d354-92bc-4af4-8417-0b1ff22fc9ce,0a2353ed-3482-4163-9ca4-46e6cf6ab717
3d26a312-e3c1-44c0-8d31-a1516caf1513,40193610-2542-4d28-a63f-078467cb7f0a
f4b87a22-8f4a-4834-945c-a53d15cf9157,cde9a632-6add-43ce-8de9-84ce69637125
1f8a9967-7a22-495c-beee-0a8e99eff8a1,5fc091c1-fa87-45b5-878f-8deb38c39f5e
cc44dad9-8b2c-45ab-ba58-e26a5c6a87c9,1f33d527-6045-4358-afd9-602ae8644b43
cc44dad9-8b2c-45ab-ba58-e26a5c6a87c9,992ae373-a9bc-4ae6-9d74-7082cf0a4c12
fd955777-5a23-4669-91d5-bf4c673fe0d6,992ae373-a9bc-4ae6-9d74-7082cf0a4c12
5c07aab0-b0d3-4a49-9eb1-0b6241ec6a91,6ca59447-c208-40e3-ab57-7edb01549cbf
b5b143c2-fa70-444c-a593-4cd28fa70f7a,e1f048ba-5b3e-4c91-9caf-28dca91525cf
fd57215d-2a45-482c-b42f-3de57a814da4,20bc1485-d0c4-4b2b-b0b4-c282c203431a
559752c9-ffe4-4dde-b2fd-d6cb32a290e2,1f33d527-6045-4358-afd9-602ae8644b43
a67ab749-0ef5-460e-8a44-edee14115a5d,3b16b9a9-28b5-4421-a419-f2c0a580a622
b54fb886-0619-48de-88f1-ca11f5adc8cf,c12e9df5-302b-490d-8ee4-c29cb2b55541
b54fb886-0619-48de-88f1-ca11f5adc8cf,0663a94d-7fc1-4427-9cdd-86e299c0fe86
b54fb886-0619-48de-88f1-ca11f5adc8cf,e334c6e9-8447-4396-84e4-87026fd0f189
1c30b549-9a11-4132-97fb-af0f7e23a451,6ca59447-c208-40e3-ab57-7edb01549cbf
ac18e76e-9eee-4847-89c7-c34702872f72,6ca59447-c208-40e3-ab57-7edb01549cbf
ed516eb9-1587-4a9e-98d1-8dacf912f7a7,0663a94d-7fc1-4427-9cdd-86e299c0fe86
c15d485a-7f55-4a31-a3d6-09c41ec6f215,d1c30f65-d081-40cd-91e8-193b4c51182a
2ddb12f6-f421-483b-af9f-6aae78710953,50d749ed-12a3-48bb-88a9-ac8403bdc400
89a5ae4e-72ae-48b5-941b-6217e0ed6a3e,50d749ed-12a3-48bb-88a9-ac8403bdc400
60d9f0e0-199a-4f53-9a4f-d8a78e1a0ec0,5fc091c1-fa87-45b5-878f-8deb38c39f5e
d9305c8f-533a-4a88-8356-96d5edb99c9e,1fa3719f-7f49-43d3-9416-c38e10968ac8
d9305c8f-533a-4a88-8356-96d5edb99c9e,1f33d527-6045-4358-afd9-602ae8644b43
779b46cb-b715-4fa1-ab4a-f75fd22e9348,52796119-3d9a-42c7-bbf9-82061c9bb95d
d4f38627-c4e2-4dcd-b4d6-516e726d87c4,46d4a1d1-c057-49ba-a879-db85b0cda4b9
906f3860-c530-4e3c-a40d-fafdd7100655,992ae373-a9bc-4ae6-9d74-7082cf0a4c12
906f3860-c530-4e3c-a40d-fafdd7100655,1f33d527-6045-4358-afd9-602ae8644b43
a655d801-90bc-48e9-9d8f-f6663d180d12,3b16b9a9-28b5-4421-a419-f2c0a580a622
da7aee05-1449-4916-a83c-79543b456014,992ae373-a9bc-4ae6-9d74-7082cf0a4c12
da7aee05-1449-4916-a83c-79543b456014,fc1941db-1098-4bd5-a9c7-d9fe8b94172d
88056b80-99a7-4684-8bf6-6fa812e4f022,6ca59447-c208-40e3-ab57-7edb01549cbf
703c8f72-36ad-4e19-85c7-167e4e663783,d8552976-9336-4818-a952-a6ada26a3006
703c8f72-36ad-4e19-85c7-167e4e663783,6ff9e82a-0eff-4a28-b5c4-68f943508bf2
74a1a6d3-2b09-4031-b27e-53f7629e3a2b,636ec317-4c7e-4140-949e-b81cdece4be4
4176337d-b9da-4180-9621-c83547dbdecc,20bc1485-d0c4-4b2b-b0b4-c282c203431a
a145fe23-dbbe-437e-9a37-cbd810096995,8ccdb142-81ed-489d-94a0-4041bd04a46e
a145fe23-dbbe-437e-9a37-cbd810096995,1f33d527-6045-4358-afd9-602ae8644b43
718ecb55-ddb7-494b-ae1b-4483be397e04,1ce37d28-4cb6-49c3-8d5b-21b9d23119e2
a3fe393e-656a-446f-a31b-bedb208a50a4,0ee9f564-1d84-4c16-8227-802613b88a09
f5bfffea-c75a-4951-beaa-3be53850fb0a,1e196050-b600-4580-be68-9b797e9f4849
b460552a-1316-4eef-897e-a049171962c1,9d902a90-2e2d-4921-9d40-b5c18c6fe7ec
b460552a-1316-4eef-897e-a049171962c1,eddb9f19-4025-4f9a-8d44-a9bf94cb562e
b460552a-1316-4eef-897e-a049171962c1,a558c676-742a-40c3-ab74-60a0f34d0c43
c1adc8fb-2de4-4f87-8846-e0a8071d2e30,6ca59447-c208-40e3-ab57-7edb01549cbf
4e7f73b5-3dc2-4b72-a2ba-eab92003117e,992ae373-a9bc-4ae6-9d74-7082cf0a4c12
ff843125-5b36-4914-a1db-8728a3ab35be,50d749ed-12a3-48bb-88a9-ac8403bdc400
8c5f1529-2933-4f95-b383-1a8cd720a029,33f12961-e353-4d14-a7bc-4f20ffad7f00
f4ac8b66-46aa-439b-8be7-6294b9fe1759,386c578b-2a53-4c3a-b910-a980fb1773c0
33f46569-eda3-414b-9c77-16e3fdb9d48f,1f33d527-6045-4358-afd9-602ae8644b43
33f46569-eda3-414b-9c77-16e3fdb9d48f,1fa3719f-7f49-43d3-9416-c38e10968ac8
33f46569-eda3-414b-9c77-16e3fdb9d48f,9d902a90-2e2d-4921-9d40-b5c18c6fe7ec
a3562154-85a2-4259-b609-7a14c67d4777,fdcf52f4-837d-4eb2-8b19-a40395d6034f
ceb65a89-1120-43ea-ba59-1d3767639e93,6ca59447-c208-40e3-ab57-7edb01549cbf
aa3ad096-68e5-4cc0-87d6-0c5478013fe2,992ae373-a9bc-4ae6-9d74-7082cf0a4c12
aa3ad096-68e5-4cc0-87d6-0c5478013fe2,6ff9e82a-0eff-4a28-b5c4-68f943508bf2
aa3ad096-68e5-4cc0-87d6-0c5478013fe2,eddb9f19-4025-4f9a-8d44-a9bf94cb562e
e3100c21-75ea-414d-a632-c91d51109439,3b16b9a9-28b5-4421-a419-f2c0a580a622
071a8def-cb5d-4b09-b946-2956566b6187,f413d6b6-6542-41fc-940c-6177cf5606aa
c19ab89d-7459-4fe7-936a-b1a0fbbec6c5,d89699f6-85db-4def-8de6-14cb07eb2c43
c19ab89d-7459-4fe7-936a-b1a0fbbec6c5,1f33d527-6045-4358-afd9-602ae8644b43
c19ab89d-7459-4fe7-936a-b1a0fbbec6c5,f4053f71-94b5-40b2-92bd-fb588127fe38
a3f99314-4902-4a8b-b3cf-e293bd8d8ff1,386c578b-2a53-4c3a-b910-a980fb1773c0
358a019a-18d5-4701-9816-316b86accbb3,b5489408-529d-4ff3-bc71-57bc4e093158
b6730c87-57ec-4c0a-94ad-ba7da7c96ced,b1938d90-e95c-4a12-87a3-4e4e3b8b4658
fe085750-2ca7-4e31-b52c-8322045040a9,1f33d527-6045-4358-afd9-602ae8644b43
fe085750-2ca7-4e31-b52c-8322045040a9,d89699f6-85db-4def-8de6-14cb07eb2c43
d50c9a42-3f1c-463d-85e2-cb762fdda877,f0bb5458-7dbd-465f-b961-41c32297788d
180e5cd9-a0b8-4fa7-96e6-45404cddb0b7,ff41c6fa-d1d3-461e-bc14-61438d2fe7d4
46d67ad8-4e4d-4177-8a1f-520e26cd48d4,3b16b9a9-28b5-4421-a419-f2c0a580a622
31810e3e-df0b-4bcf-ad00-14b631fde26b,9e87af73-6ec7-473e-86b9-93fc8311efba
31810e3e-df0b-4bcf-ad00-14b631fde26b,6e7ec579-d5fc-41c8-82f1-649532a23cb4
63d99108-d50c-4c73-8836-959e9c196964,48b92705-c8ea-4e8e-9bc2-439bf30ce746
6632459d-cb09-4acd-8be2-c76eeec80faf,6ccd09a6-df0b-427f-a639-7f3b30134426
3d104104-beed-4f67-bc0d-653ccbe2dfb9,5fc091c1-fa87-45b5-878f-8deb38c39f5e
3647bba7-83e0-4af3-bcd7-3eba5fd3aa5b,eddb9f19-4025-4f9a-8d44-a9bf94cb562e
3647bba7-83e0-4af3-bcd7-3eba5fd3aa5b,be94b64f-b472-4e9c-b1ad-2d63fb3f469d
cb02a1a4-ef18-4630-bd4b-86ccc484495a,cde9a632-6add-43ce-8de9-84ce69637125
1503dd19-0751-4d14-8d2a-ce66111bb843,5fc091c1-fa87-45b5-878f-8deb38c39f5e
eba9faf7-f8e9-4555-8d0a-b5fbbfb46820,1f33d527-6045-4358-afd9-602ae8644b43
eba9faf7-f8e9-4555-8d0a-b5fbbfb46820,6ff9e82a-0eff-4a28-b5c4-68f943508bf2
eba9faf7-f8e9-4555-8d0a-b5fbbfb46820,ae92de86-1329-4de8-bbcc-f478e9f8628b
7cc8f2c5-26dc-4eea-a27c-dedcf15698e5,6ca59447-c208-40e3-ab57-7edb01549cbf
dd5610c2-4638-4038-9678-5f9fc7ed5d79,992ae373-a9bc-4ae6-9d74-7082cf0a4c12
dd5610c2-4638-4038-9678-5f9fc7ed5d79,8ccdb142-81ed-489d-94a0-4041bd04a46e
dd5610c2-4638-4038-9678-5f9fc7ed5d79,72f27659-ea6c-40a3-9f2d-dfe7d82c853b
e03d9b31-bcd8-43ba-a314-83eb446c4963,6ca59447-c208-40e3-ab57-7edb01549cbf
97f3aee1-e5ad-49e1-bfa7-6ff07a44b007,eddb9f19-4025-4f9a-8d44-a9bf94cb562e
97f3aee1-e5ad-49e1-bfa7-6ff07a44b007,fe8e1adf-281b-493b-a6ec-1b86629a19d7
9e1bc22a-67aa-417c-ac3f-664860722da0,6ca59447-c208-40e3-ab57-7edb01549cbf
f9d5f330-87f2-440c-95cf-5f22396ac372,992ae373-a9bc-4ae6-9d74-7082cf0a4c12
f9d5f330-87f2-440c-95cf-5f22396ac372,c4cb37e8-fe1c-4d2b-b0b5-f04a69925d8f
f9d5f330-87f2-440c-95cf-5f22396ac372,0f795c5c-53c8-4974-a826-e83132dd5671
33ecbd6d-3b2d-488f-b371-1832dd93ca4d,6ca59447-c208-40e3-ab57-7edb01549cbf
5509fdee-3162-44f4-b4bd-2af37328a7a6,992ae373-a9bc-4ae6-9d74-7082cf0a4c12
d3a16b6b-7c41-455b-aa5d-95763b148657,6ca59447-c208-40e3-ab57-7edb01549cbf
050451bf-9053-405d-ad1f-97dc9ff4f61b,eddb9f19-4025-4f9a-8d44-a9bf94cb562e
050451bf-9053-405d-ad1f-97dc9ff4f61b,ae92de86-1329-4de8-bbcc-f478e9f8628b
050451bf-9053-405d-ad1f-97dc9ff4f61b,3ede1470-2ccd-442a-9411-0f2f431639e4
9f5abb02-b248-41d5-9c6b-b15dfcfc7744,91f5ef84-d09b-4a54-a729-b6abe973e128
817daf6e-7cdf-4c18-a10c-c31dbbde5d9a,ed75086e-ad87-42df-b512-6dba1ac50161
fdf8a129-e994-4c6e-ad77-01b58f49f580,5fc091c1-fa87-45b5-878f-8deb38c39f5e
9348c7b9-3078-4046-87fa-36c582ac09bf,1f33d527-6045-4358-afd9-602ae8644b43
155345be-1cec-4e36-96fa-1f4b4e499aab,f77c85d9-e35a-426d-a5eb-256816aafe9f
8ca1436a-c43f-4b7f-af8f-d81120b1c243,e8a36e12-37a4-483d-be2e-2abcbbbbc70c
675df5b1-3cf2-441e-a7db-a200fb88d82b,5fc091c1-fa87-45b5-878f-8deb38c39f5e
367c77ac-9cbc-4471-a6d3-cb4e12f240e7,6bdd587c-344f-4fb7-b1c6-d48b8b15a2d1
e7a33bec-56f0-4ade-8daa-4714660d8a61,1f33d527-6045-4358-afd9-602ae8644b43
e7a33bec-56f0-4ade-8daa-4714660d8a61,ae92de86-1329-4de8-bbcc-f478e9f8628b
72298089-5983-4167-8db2-17563558f250,6fe661aa-ffec-44c5-8de9-c80eef106e6b
1b830639-8e2f-4258-8fef-53c6f187a6ce,20bc1485-d0c4-4b2b-b0b4-c282c203431a
d655e306-77b1-4e92-8925-1035929356c2,6ff9e82a-0eff-4a28-b5c4-68f943508bf2
d655e306-77b1-4e92-8925-1035929356c2,eddb9f19-4025-4f9a-8d44-a9bf94cb562e
a1aca082-af99-4777-95e2-2d81b43e8e3e,992ae373-a9bc-4ae6-9d74-7082cf0a4c12
a1aca082-af99-4777-95e2-2d81b43e8e3e,6ff9e82a-0eff-4a28-b5c4-68f943508bf2
a1aca082-af99-4777-95e2-2d81b43e8e3e,1f33d527-6045-4358-afd9-602ae8644b43
259b8f1e-c48d-43f0-aa99-fd6c3691f909,8e47f6b9-4a44-4ce0-98bf-f3e7356fa1d2
63ef311b-a8c7-4253-803f-a7f6ebee312a,28408059-9560-428c-be43-378a604ac3e8
95676002-0641-4a7b-8f6a-4a8892e0228e,86ee7af8-32b3-4dea-ad35-ddeae2af469c
b741a9c0-0be9-4c50-91ea-1004fd4b0c04,6ccd09a6-df0b-427f-a639-7f3b30134426
f3c2b520-d42f-4b8f-a328-503bba3064ae,3b16b9a9-28b5-4421-a419-f2c0a580a622
ec5314a4-34dd-498a-9149-a1a0e2a529d5,6e7ec579-d5fc-41c8-82f1-649532a23cb4
ec5314a4-34dd-498a-9149-a1a0e2a529d5,9f6d5b2b-ac1c-4cc3-a7d1-7cedf98b7563
54f6c61d-47bc-40b4-83d7-b0ef0e2a686b,6ca59447-c208-40e3-ab57-7edb01549cbf
9b588a0f-5088-4bad-af13-6fa060736138,992ae373-a9bc-4ae6-9d74-7082cf0a4c12
9b588a0f-5088-4bad-af13-6fa060736138,6ff9e82a-0eff-4a28-b5c4-68f943508bf2
fc119414-0aa2-443d-af52-bdbb65d6c50b,6ca59447-c208-40e3-ab57-7edb01549cbf
14a94754-d246-4c73-988a-ea9a46b4bd68,992ae373-a9bc-4ae6-9d74-7082cf0a4c12
14a94754-d246-4c73-988a-ea9a46b4bd68,fc1941db-1098-4bd5-a9c7-d9fe8b94172d
89871345-33f5-4917-bb50-0ef008bfe150,992ae373-a9bc-4ae6-9d74-7082cf0a4c12
89871345-33f5-4917-bb50-0ef008bfe150,0a2353ed-3482-4163-9ca4-46e6cf6ab717
c1fb1f81-b70c-49c3-b831-4e4853d02382,6ca59447-c208-40e3-ab57-7edb01549cbf
7175fe4e-cf8c-4799-bc18-2de71471be35,6ca59447-c208-40e3-ab57-7edb01549cbf
9930338f-79e6-4634-b879-34a20089afea,4c9945e5-4487-40d3-ac4d-0f39caa452c4
9930338f-79e6-4634-b879-34a20089afea,6ff9e82a-0eff-4a28-b5c4-68f943508bf2
9930338f-79e6-4634-b879-34a20089afea,992ae373-a9bc-4ae6-9d74-7082cf0a4c12
368ed71b-3115-4e96-bf2d-622efa552ee8,3d947f3c-fa03-4667-b09a-25a8f2db2adb
8a8de239-4325-49ea-b168-7d8cb9af8402,6359b0bf-3af6-44e9-bf13-71c9fe0ead77
dfe2f8db-d317-432d-9332-e3538795ac26,992ae373-a9bc-4ae6-9d74-7082cf0a4c12
dfe2f8db-d317-432d-9332-e3538795ac26,eddb9f19-4025-4f9a-8d44-a9bf94cb562e
dfe2f8db-d317-432d-9332-e3538795ac26,1f33d527-6045-4358-afd9-602ae8644b43
dfe2f8db-d317-432d-9332-e3538795ac26,a935ba3a-86b5-400c-8948-e6375e9fc3fe
93d10006-5d09-42b9-a7d8-556049d9ab06,2a5e73d9-7acc-4ad2-8d42-61fdcc1b5c4d
f2cd7e48-95c3-4a1e-81cf-9d4360d15412,636ec317-4c7e-4140-949e-b81cdece4be4
9defc26c-f149-4840-8055-04dab364d101,386c578b-2a53-4c3a-b910-a980fb1773c0
7f918d58-4420-4684-bd4e-5e5299ac2c19,b1a2ab58-be0b-4572-9d93-c3e651bb5a97
7f918d58-4420-4684-bd4e-5e5299ac2c19,1f33d527-6045-4358-afd9-602ae8644b43
eea7c121-22bb-454e-b5ae-bf95db8112f6,0ee9f564-1d84-4c16-8227-802613b88a09
7aef90f8-0aba-4fc4-be94-3675a9c2035a,ed75086e-ad87-42df-b512-6dba1ac50161
22e80f0d-df39-4b20-aa37-95fb5c2e55e6,9d902a90-2e2d-4921-9d40-b5c18c6fe7ec
22e80f0d-df39-4b20-aa37-95fb5c2e55e6,efde0ce9-21df-44b4-ba54-c6d738ec2e64
22e80f0d-df39-4b20-aa37-95fb5c2e55e6,eddb9f19-4025-4f9a-8d44-a9bf94cb562e
22e80f0d-df39-4b20-aa37-95fb5c2e55e6,ae92de86-1329-4de8-bbcc-f478e9f8628b
a02b6d3a-01ce-4004-b0db-16c3a7ed854a,6ca59447-c208-40e3-ab57-7edb01549cbf
9bc8dda0-e4bb-4e9c-84b4-77c97f8b017b,6ca59447-c208-40e3-ab57-7edb01549cbf
b0287549-d2d0-468c-b567-7ad5ef701e89,992ae373-a9bc-4ae6-9d74-7082cf0a4c12
b0287549-d2d0-468c-b567-7ad5ef701e89,6ff9e82a-0eff-4a28-b5c4-68f943508bf2
58679873-6ec7-4376-bd90-e490d36ab8b1,2baf988b-c09f-420d-b2f1-07c3f3cb565b
e9bc9cf7-4700-43ef-a77f-63fdeacc782d,dca26f5a-6485-43d1-9b87-82b066477f04
1493b6df-de53-41d2-b459-cd223e959b2b,6e7ec579-d5fc-41c8-82f1-649532a23cb4
1493b6df-de53-41d2-b459-cd223e959b2b,f4053f71-94b5-40b2-92bd-fb588127fe38
b5105be3-d120-4a46-bc14-7a3d57a0f360,3b16b9a9-28b5-4421-a419-f2c0a580a622
98dbff8c-f780-4290-a9b6-601192d6b142,6ca59447-c208-40e3-ab57-7edb01549cbf
63205723-2065-4717-bb80-1408798d2999,992ae373-a9bc-4ae6-9d74-7082cf0a4c12
f77c159c-0261-420e-82df-7d3c4ee046cb,6ca59447-c208-40e3-ab57-7edb01549cbf
86af35e5-996a-4d4e-8236-dcf4bee97102,992ae373-a9bc-4ae6-9d74-7082cf0a4c12
86af35e5-996a-4d4e-8236-dcf4bee97102,72f27659-ea6c-40a3-9f2d-dfe7d82c853b
561fd22d-ae48-4347-9f8e-7f897c836e6a,f413d6b6-6542-41fc-940c-6177cf5606aa
2c2a6573-d295-4eff-806b-80bbb3d6f0b5,386c578b-2a53-4c3a-b910-a980fb1773c0
36559478-d6e6-4ef1-8162-17758863ce58,992ae373-a9bc-4ae6-9d74-7082cf0a4c12
36559478-d6e6-4ef1-8162-17758863ce58,9f6d5b2b-ac1c-4cc3-a7d1-7cedf98b7563
36559478-d6e6-4ef1-8162-17758863ce58,6ff9e82a-0eff-4a28-b5c4-68f943508bf2
5c7963cb-9940-41f4-97e6-51e617827477,fe5f9116-b18a-42bb-bead-1f0a20aae294
e2b773f6-f38f-4b5d-b2c7-ce773f3987ed,ff41c6fa-d1d3-461e-bc14-61438d2fe7d4
9d99c59b-1251-4c72-8a8b-a72c38ac188a,992ae373-a9bc-4ae6-9d74-7082cf0a4c12
9d99c59b-1251-4c72-8a8b-a72c38ac188a,b47cb9fd-b9c9-4d77-916d-93ed0c1a1879
e8b9ee43-09de-408f-83bd-3e0cce2af8de,6ca59447-c208-40e3-ab57-7edb01549cbf
821bee6d-fc3d-4f63-9253-20a3a70dfa96,6ff9e82a-0eff-4a28-b5c4-68f943508bf2
821bee6d-fc3d-4f63-9253-20a3a70dfa96,41d62f31-a92e-4ff2-9981-41f3cf46ebeb
ab4273b1-daf7-4170-b3d1-f93ff0c59030,fdcf52f4-837d-4eb2-8b19-a40395d6034f
faf9a595-977d-4316-ac27-ba6c6820d725,50d749ed-12a3-48bb-88a9-ac8403bdc400
02c5e0ea-8cbe-426f-88d2-856f159fc51d,ff41c6fa-d1d3-461e-bc14-61438d2fe7d4
a70b650c-a7be-4480-b70b-d66971af19fc,1fad2edd-83ee-4028-b2a6-4664d26552cd
18d8c0a7-e3de-48f6-95c6-5afa8476eeb3,1f33d527-6045-4358-afd9-602ae8644b43
18d8c0a7-e3de-48f6-95c6-5afa8476eeb3,eddb9f19-4025-4f9a-8d44-a9bf94cb562e
18d8c0a7-e3de-48f6-95c6-5afa8476eeb3,8ccdb142-81ed-489d-94a0-4041bd04a46e
ed2eb744-8715-4075-b931-6efb44199590,c7e9d8ec-9ba5-4048-82e7-c3d2ff02eb9b
ed3b1ef7-7dee-493a-95af-009880b2fc7c,38fb6d40-46f1-4b8f-8b19-6769e6e92687
e9ad96aa-fad0-4aba-b783-3e324d1e11f4,3b16b9a9-28b5-4421-a419-f2c0a580a622
f161a648-6b57-4269-907d-1fbe5f1671a4,eddb9f19-4025-4f9a-8d44-a9bf94cb562e
f161a648-6b57-4269-907d-1fbe5f1671a4,992ae373-a9bc-4ae6-9d74-7082cf0a4c12
d43fb455-0d6e-4b53-b3b3-b9d9e430ca52,6ca59447-c208-40e3-ab57-7edb01549cbf
e4d969ef-7fb3-47ac-b5ee-85dea404aea6,fc1941db-1098-4bd5-a9c7-d9fe8b94172d
e4d969ef-7fb3-47ac-b5ee-85dea404aea6,b47cb9fd-b9c9-4d77-916d-93ed0c1a1879
8743945b-a4d6-4a73-91f9-75cbfef3c40d,b41e3b3e-d27b-4705-b8c7-592b89508e12
632326bb-3126-4df0-9698-0881d9f01afb,8d82500d-abce-4859-889f-991e369704e8
81f7e471-287c-4f98-8390-3dff8c004d01,0a2353ed-3482-4163-9ca4-46e6cf6ab717
f357ab60-94d2-4b43-a7a5-a69b35731299,2baf988b-c09f-420d-b2f1-07c3f3cb565b
84f24975-27a7-4b2d-b92d-5be1dbd62cca,b41e3b3e-d27b-4705-b8c7-592b89508e12
ea7d764a-ae3d-4b51-b698-58e69b20d97e,992ae373-a9bc-4ae6-9d74-7082cf0a4c12
b3b3e244-2669-4c31-b644-e5e63cbee696,e47cd590-4bd7-4399-a7ec-b5c1838ed835
f241b6dd-f8f0-42cf-8068-082ee7a112a5,d1c30f65-d081-40cd-91e8-193b4c51182a
b5862343-122d-40f0-bc34-8a353202a4e9,6ca59447-c208-40e3-ab57-7edb01549cbf
cc459191-7f35-473f-b10a-0227dd7f6a0f,6e7ec579-d5fc-41c8-82f1-649532a23cb4
cc459191-7f35-473f-b10a-0227dd7f6a0f,9d902a90-2e2d-4921-9d40-b5c18c6fe7ec
0bb727fd-4b68-4f00-847a-6eb758a53b52,92a75c62-556e-4861-bd75-a29497ddf8cb
f6be524c-1713-42d1-b979-78083b7200df,b1938d90-e95c-4a12-87a3-4e4e3b8b4658
ee2df545-5228-4705-8665-b739a7bc1e45,d89699f6-85db-4def-8de6-14cb07eb2c43
ee2df545-5228-4705-8665-b739a7bc1e45,1f33d527-6045-4358-afd9-602ae8644b43
9b37ac88-10ff-489e-bb6b-80d3c35a0c6b,3b16b9a9-28b5-4421-a419-f2c0a580a622
d5f70c71-b083-4a98-bd3f-0bf34be679cb,6ca59447-c208-40e3-ab57-7edb01549cbf
20797c05-596f-48d6-a437-90d31bf2c9c5,992ae373-a9bc-4ae6-9d74-7082cf0a4c12
20797c05-596f-48d6-a437-90d31bf2c9c5,ae92de86-1329-4de8-bbcc-f478e9f8628b
43f1da20-66f3-4948-9dab-146d54c7c4d4,6ca59447-c208-40e3-ab57-7edb01549cbf
0ff876d8-96ef-4a9e-b23e-f4af8845d85f,992ae373-a9bc-4ae6-9d74-7082cf0a4c12
0ff876d8-96ef-4a9e-b23e-f4af8845d85f,ae92de86-1329-4de8-bbcc-f478e9f8628b
0ff876d8-96ef-4a9e-b23e-f4af8845d85f,fc1941db-1098-4bd5-a9c7-d9fe8b94172d
b938fa8a-43ab-47e2-9a6b-abbeac2915a0,6ca59447-c208-40e3-ab57-7edb01549cbf
e8d2f82f-4e54-4998-8752-81e2582dee27,992ae373-a9bc-4ae6-9d74-7082cf0a4c12
e8d2f82f-4e54-4998-8752-81e2582dee27,fc1941db-1098-4bd5-a9c7-d9fe8b94172d
e8d2f82f-4e54-4998-8752-81e2582dee27,0a2353ed-3482-4163-9ca4-46e6cf6ab717
d31801f8-8c71-4da2-93fd-d1d68e0f75ff,6ca59447-c208-40e3-ab57-7edb01549cbf
0978fb87-5a81-4abb-b468-460ce54c3028,d89699f6-85db-4def-8de6-14cb07eb2c43
0978fb87-5a81-4abb-b468-460ce54c3028,571bec87-75f4-4fbd-bda4-05d7e7c4546b
0978fb87-5a81-4abb-b468-460ce54c3028,9e87af73-6ec7-473e-86b9-93fc8311efba
5f8b24f0-2191-42e0-8fe4-9d8bf92c369d,6ca59447-c208-40e3-ab57-7edb01549cbf
67fb567e-29ec-4600-a02c-56b7c6821bae,992ae373-a9bc-4ae6-9d74-7082cf0a4c12
67fb567e-29ec-4600-a02c-56b7c6821bae,ae92de86-1329-4de8-bbcc-f478e9f8628b
67fb567e-29ec-4600-a02c-56b7c6821bae,9f6d5b2b-ac1c-4cc3-a7d1-7cedf98b7563
c43d0404-e819-4f0d-abac-e6fdf509192c,6ca59447-c208-40e3-ab57-7edb01549cbf
82bebcb8-8af9-4d61-8f01-21f017a3545c,fc1941db-1098-4bd5-a9c7-d9fe8b94172d
82bebcb8-8af9-4d61-8f01-21f017a3545c,992ae373-a9bc-4ae6-9d74-7082cf0a4c12
82bebcb8-8af9-4d61-8f01-21f017a3545c,9f6d5b2b-ac1c-4cc3-a7d1-7cedf98b7563
be02e861-50db-4923-a504-a1d8595706c2,6ca59447-c208-40e3-ab57-7edb01549cbf
cce15116-3001-4c14-91c0-6bd2bea8e8f3,0663a94d-7fc1-4427-9cdd-86e299c0fe86
cce15116-3001-4c14-91c0-6bd2bea8e8f3,f137d46d-5bac-404d-bfc9-d9fb8fc8a734
1e0102d8-1a94-4aa0-b013-9af9f3131571,6ca59447-c208-40e3-ab57-7edb01549cbf
84c61814-0636-4601-997c-703f03cf6716,992ae373-a9bc-4ae6-9d74-7082cf0a4c12
84c61814-0636-4601-997c-703f03cf6716,6ff9e82a-0eff-4a28-b5c4-68f943508bf2
74e40b86-cbd5-40a6-928c-e64082d7db0b,6ca59447-c208-40e3-ab57-7edb01549cbf
01c50c53-b424-421e-b116-e72a48966022,992ae373-a9bc-4ae6-9d74-7082cf0a4c12
01c50c53-b424-421e-b116-e72a48966022,ae92de86-1329-4de8-bbcc-f478e9f8628b
01c50c53-b424-421e-b116-e72a48966022,eddb9f19-4025-4f9a-8d44-a9bf94cb562e
668bf334-d49a-42b1-b198-6877df2d55bd,c7e9d8ec-9ba5-4048-82e7-c3d2ff02eb9b
91e80ba2-3594-4dd8-91ad-fbcdf312d12c,d1c30f65-d081-40cd-91e8-193b4c51182a
8dbd944e-f8e7-4dc1-b257-576ec010f741,992ae373-a9bc-4ae6-9d74-7082cf0a4c12
8dbd944e-f8e7-4dc1-b257-576ec010f741,ae92de86-1329-4de8-bbcc-f478e9f8628b
f4ef13ff-1a4d-4b70-a66a-e572872789a9,6ca59447-c208-40e3-ab57-7edb01549cbf
2b42e88e-0bea-41ee-b83e-3b13f0041bca,992ae373-a9bc-4ae6-9d74-7082cf0a4c12
2b42e88e-0bea-41ee-b83e-3b13f0041bca,ae92de86-1329-4de8-bbcc-f478e9f8628b
2b42e88e-0bea-41ee-b83e-3b13f0041bca,eddb9f19-4025-4f9a-8d44-a9bf94cb562e
e75c152f-aeea-49e0-94f8-972647bb12b1,6ca59447-c208-40e3-ab57-7edb01549cbf
0622c48a-0b19-4c0c-85c1-d9a3c1411770,992ae373-a9bc-4ae6-9d74-7082cf0a4c12
0622c48a-0b19-4c0c-85c1-d9a3c1411770,ae92de86-1329-4de8-bbcc-f478e9f8628b
0622c48a-0b19-4c0c-85c1-d9a3c1411770,9f6d5b2b-ac1c-4cc3-a7d1-7cedf98b7563
2df0c020-69b1-4291-a064-7246ea8d6578,6ca59447-c208-40e3-ab57-7edb01549cbf
d8b8d9a6-609b-45fb-a819-f13592368246,d89699f6-85db-4def-8de6-14cb07eb2c43
d8b8d9a6-609b-45fb-a819-f13592368246,6ff9e82a-0eff-4a28-b5c4-68f943508bf2
d8b8d9a6-609b-45fb-a819-f13592368246,c9f904db-1282-4b70-a753-596160a1136a
d8b8d9a6-609b-45fb-a819-f13592368246,eddb9f19-4025-4f9a-8d44-a9bf94cb562e
520947cc-b37c-4678-8b8e-dcf783e29e34,6ca59447-c208-40e3-ab57-7edb01549cbf
099123ab-ee44-489b-8ce4-31266f84d7a5,4c9945e5-4487-40d3-ac4d-0f39caa452c4
b31c5b42-a2cd-4460-9a6f-d9d59b753ba8,cde9a632-6add-43ce-8de9-84ce69637125
8125ea78-65a1-4c40-a097-6bad3ee5d0f6,5fc091c1-fa87-45b5-878f-8deb38c39f5e
682456c4-91aa-48f8-a565-18a2bbb6dafe,1f33d527-6045-4358-afd9-602ae8644b43
ed435b65-e4c9-4a65-9aca-7726d7a45a68,21d8739d-25f6-48b7-a909-14d59848db24
bff7aa2e-079c-462f-8bf9-621098f3cc59,386c578b-2a53-4c3a-b910-a980fb1773c0
e9f35eb2-c3db-4136-b6bf-f58b10ed1659,9e87af73-6ec7-473e-86b9-93fc8311efba
e9f35eb2-c3db-4136-b6bf-f58b10ed1659,a558c676-742a-40c3-ab74-60a0f34d0c43
663cb31d-6c1a-4038-8d36-0fb0928a1522,3d947f3c-fa03-4667-b09a-25a8f2db2adb
c8c96024-8973-4028-a759-05e01a33dcdc,6359b0bf-3af6-44e9-bf13-71c9fe0ead77
ed23d6aa-79e2-41a4-abe7-91338dec305d,992ae373-a9bc-4ae6-9d74-7082cf0a4c12
ed23d6aa-79e2-41a4-abe7-91338dec305d,1f33d527-6045-4358-afd9-602ae8644b43
3294c624-215c-4cdd-894e-c78ade460671,6ca59447-c208-40e3-ab57-7edb01549cbf
32281dc6-8ca1-4c78-b398-cca4dc9c234c,992ae373-a9bc-4ae6-9d74-7082cf0a4c12
4a07bb6d-c971-4e50-b187-34a689df3030,6ca59447-c208-40e3-ab57-7edb01549cbf
13c66b15-56f4-4f1b-ae2a-c9931c0de453,992ae373-a9bc-4ae6-9d74-7082cf0a4c12
13c66b15-56f4-4f1b-ae2a-c9931c0de453,6ff9e82a-0eff-4a28-b5c4-68f943508bf2
13c66b15-56f4-4f1b-ae2a-c9931c0de453,ae92de86-1329-4de8-bbcc-f478e9f8628b
13c66b15-56f4-4f1b-ae2a-c9931c0de453,9f6d5b2b-ac1c-4cc3-a7d1-7cedf98b7563
6a559ff5-d1f0-4638-a247-7c38460afa03,6ca59447-c208-40e3-ab57-7edb01549cbf
889a9f56-8c1f-4a6f-afdc-fdf2c8ee7647,992ae373-a9bc-4ae6-9d74-7082cf0a4c12
889a9f56-8c1f-4a6f-afdc-fdf2c8ee7647,fc1941db-1098-4bd5-a9c7-d9fe8b94172d
94cb0109-123a-4071-9085-b747b0f6a177,c7e9d8ec-9ba5-4048-82e7-c3d2ff02eb9b
3e350777-8a58-412f-b677-b5618119e399,d1c30f65-d081-40cd-91e8-193b4c51182a
f8070b2e-ab5c-410d-9a32-705f75256cb1,992ae373-a9bc-4ae6-9d74-7082cf0a4c12
f8070b2e-ab5c-410d-9a32-705f75256cb1,6ff9e82a-0eff-4a28-b5c4-68f943508bf2
f8070b2e-ab5c-410d-9a32-705f75256cb1,fc1941db-1098-4bd5-a9c7-d9fe8b94172d
f8070b2e-ab5c-410d-9a32-705f75256cb1,9f6d5b2b-ac1c-4cc3-a7d1-7cedf98b7563
06723310-5758-414f-bdd3-c7cc647837f5,992ae373-a9bc-4ae6-9d74-7082cf0a4c12
06723310-5758-414f-bdd3-c7cc647837f5,6ff9e82a-0eff-4a28-b5c4-68f943508bf2
b3fd9f9b-cdab-4b29-bd0a-cd3c5b0c3bb7,6ca59447-c208-40e3-ab57-7edb01549cbf
e103238a-b9b2-4f8a-b55b-4f5f52046e88,5fc091c1-fa87-45b5-878f-8deb38c39f5e
bcf6aa3c-fbf5-4895-8323-5a30ba094190,ae92de86-1329-4de8-bbcc-f478e9f8628b
bcf6aa3c-fbf5-4895-8323-5a30ba094190,992ae373-a9bc-4ae6-9d74-7082cf0a4c12
5bd5f39c-0493-4d2d-bc37-c21277496325,cde9a632-6add-43ce-8de9-84ce69637125
beb0d733-361a-4789-88c2-d5c2665fe447,6ca59447-c208-40e3-ab57-7edb01549cbf
9d2382fa-2024-4807-9478-832422ae4a3f,992ae373-a9bc-4ae6-9d74-7082cf0a4c12
79581e9a-6ab0-4171-a80f-264d2747c600,6ca59447-c208-40e3-ab57-7edb01549cbf
f3e49578-f4b7-490b-9a32-0766f2184c3a,fe8e1adf-281b-493b-a6ec-1b86629a19d7
58d67965-2606-428f-be71-d57f373ab07d,6ca59447-c208-40e3-ab57-7edb01549cbf
826082e5-f423-4892-be4d-33894295099e,d8552976-9336-4818-a952-a6ada26a3006
8d9627b8-4ab6-4105-a908-ac9f7437d7f8,6ca59447-c208-40e3-ab57-7edb01549cbf
6d8fbfad-dfa2-4b40-ae51-dacd505edf94,992ae373-a9bc-4ae6-9d74-7082cf0a4c12
6d8fbfad-dfa2-4b40-ae51-dacd505edf94,72f27659-ea6c-40a3-9f2d-dfe7d82c853b
6d8fbfad-dfa2-4b40-ae51-dacd505edf94,f137d46d-5bac-404d-bfc9-d9fb8fc8a734
b18007b4-1cdf-42af-8b75-7f0ff1741689,1fad2edd-83ee-4028-b2a6-4664d26552cd
ee15fb2b-4b09-4634-93c7-674cd877e6fe,386c578b-2a53-4c3a-b910-a980fb1773c0
3e026721-fde5-4924-8111-8f72f1c2c62c,eddb9f19-4025-4f9a-8d44-a9bf94cb562e
3e026721-fde5-4924-8111-8f72f1c2c62c,1f33d527-6045-4358-afd9-602ae8644b43
8db1569f-4e45-4b82-ad75-01be59bf6615,fe5f9116-b18a-42bb-bead-1f0a20aae294
cdb0fc0e-febe-4b2e-a3e8-c0646dd10b7f,6ca59447-c208-40e3-ab57-7edb01549cbf
fe126ed6-d21e-46c8-b7fc-794b90769681,9e87af73-6ec7-473e-86b9-93fc8311efba
fe126ed6-d21e-46c8-b7fc-794b90769681,fe8e1adf-281b-493b-a6ec-1b86629a19d7
fe126ed6-d21e-46c8-b7fc-794b90769681,e334c6e9-8447-4396-84e4-87026fd0f189
fe126ed6-d21e-46c8-b7fc-794b90769681,699d7ffa-f9bd-4d11-b747-06d3ff40f7be
9a38a2d4-4ead-4916-9460-f9349b8f19c5,6ca59447-c208-40e3-ab57-7edb01549cbf
feceaa71-0fc2-4415-a46f-b1694f2e4018,ae92de86-1329-4de8-bbcc-f478e9f8628b
feceaa71-0fc2-4415-a46f-b1694f2e4018,9f6d5b2b-ac1c-4cc3-a7d1-7cedf98b7563
feceaa71-0fc2-4415-a46f-b1694f2e4018,992ae373-a9bc-4ae6-9d74-7082cf0a4c12
13ddc789-df32-4a44-9a1d-f28a85815d07,6ca59447-c208-40e3-ab57-7edb01549cbf
b85a7ec4-315b-4345-8718-1dbac5cbdf9e,1f33d527-6045-4358-afd9-602ae8644b43
b85a7ec4-315b-4345-8718-1dbac5cbdf9e,6ff9e82a-0eff-4a28-b5c4-68f943508bf2
80093a4b-6dc8-40eb-a8ea-b9aff479f7f7,bf26bafb-f799-4174-bac0-40338f3e8851
2b0c346e-9ce0-4ce9-9fbe-375c50638c4b,ae92de86-1329-4de8-bbcc-f478e9f8628b
3a3a7e04-f1d5-4a38-8847-c9d65e5c0573,2a5e73d9-7acc-4ad2-8d42-61fdcc1b5c4d
735a3684-3c84-4848-ae8f-ff8f50467072,6ca59447-c208-40e3-ab57-7edb01549cbf
4991e5be-b1a5-442b-b4a2-0105ff4bef23,992ae373-a9bc-4ae6-9d74-7082cf0a4c12
4991e5be-b1a5-442b-b4a2-0105ff4bef23,1f33d527-6045-4358-afd9-602ae8644b43
fd2b0937-1ee2-4fd1-81e1-b1281b4bdc7d,6ca59447-c208-40e3-ab57-7edb01549cbf
d07724ea-6702-4e5a-b851-2c09a2362f53,992ae373-a9bc-4ae6-9d74-7082cf0a4c12
d07724ea-6702-4e5a-b851-2c09a2362f53,ae92de86-1329-4de8-bbcc-f478e9f8628b
d93fbd10-5268-44f6-a960-bfac50203efb,992ae373-a9bc-4ae6-9d74-7082cf0a4c12
d93fbd10-5268-44f6-a960-bfac50203efb,ae92de86-1329-4de8-bbcc-f478e9f8628b
86c7480c-78ef-4489-b13d-8667a3e9dc07,6ca59447-c208-40e3-ab57-7edb01549cbf
bf91a52a-ffa3-4b47-a452-4d7556dcf7de,992ae373-a9bc-4ae6-9d74-7082cf0a4c12
bf91a52a-ffa3-4b47-a452-4d7556dcf7de,fc1941db-1098-4bd5-a9c7-d9fe8b94172d
8c9a4ce2-d290-41e5-a79f-240dc2aefa12,992ae373-a9bc-4ae6-9d74-7082cf0a4c12
e265685b-3c27-4a09-9d84-79bd8faac24f,6ca59447-c208-40e3-ab57-7edb01549cbf
e2021709-f388-4edc-ab47-d3220290e8e5,02257903-92fa-4ef4-8ba7-12758b989472
83d8928e-e3b5-4843-a1b3-6a76d82df8b8,992ae373-a9bc-4ae6-9d74-7082cf0a4c12
83d8928e-e3b5-4843-a1b3-6a76d82df8b8,1f33d527-6045-4358-afd9-602ae8644b43
a98a0f4e-9258-4ce6-85b1-d96c2d073614,52d84173-882a-48bc-98c2-da35a45c13c1
f7b73112-99f8-421b-bcb8-a888fbc4abf5,c28dbac1-24bb-4e49-8ccc-6360d439be7d
58ea79c6-d4a2-41f3-8442-64702178c15e,41d62f31-a92e-4ff2-9981-41f3cf46ebeb
58ea79c6-d4a2-41f3-8442-64702178c15e,f4053f71-94b5-40b2-92bd-fb588127fe38
45fa7c49-67d2-4397-a9d5-7b9cd4273279,1fad2edd-83ee-4028-b2a6-4664d26552cd
01526d40-2b7c-4ad6-89d9-71d61fc4c1e7,52d84173-882a-48bc-98c2-da35a45c13c1
1a5c69cd-4dcd-4b59-87e3-f05983dd8397,6ca59447-c208-40e3-ab57-7edb01549cbf
d72ab627-e639-4545-b5ac-d88ccef9cdf9,992ae373-a9bc-4ae6-9d74-7082cf0a4c12
d72ab627-e639-4545-b5ac-d88ccef9cdf9,9f6d5b2b-ac1c-4cc3-a7d1-7cedf98b7563
736483b7-1378-4378-b57b-cb1e8b8f049d,12e1702a-7623-4b11-a224-44601b67328c
5bd461e2-f04c-4be1-bf3f-87ed9c86ae4a,7a8e0e9d-28f2-40d7-8696-9db0a75a628d
ddc7d377-13e0-4309-a91f-5fd7dac1bbf4,20bc1485-d0c4-4b2b-b0b4-c282c203431a
29bfd2b0-6089-4f94-9b8e-7f2cf4b41b59,992ae373-a9bc-4ae6-9d74-7082cf0a4c12
3b3ac6e7-7e52-4968-9624-866942e712c1,af68b454-0781-4ba1-a037-4444038ef730
84106314-a3a6-4e37-adfc-8bf82ce04f90,3b16b9a9-28b5-4421-a419-f2c0a580a622
05952fe8-9cac-409d-a288-2b127d0e272f,992ae373-a9bc-4ae6-9d74-7082cf0a4c12
05952fe8-9cac-409d-a288-2b127d0e272f,ae92de86-1329-4de8-bbcc-f478e9f8628b
05952fe8-9cac-409d-a288-2b127d0e272f,eddb9f19-4025-4f9a-8d44-a9bf94cb562e
a1984712-6dd6-41cd-bdb4-5cf96e4fbc1c,ca64a6a5-167f-4dc6-a828-596ec7fb7bcf
4a5c4bbb-0482-4414-8cf8-40cbfd77b0f6,d89699f6-85db-4def-8de6-14cb07eb2c43
4a5c4bbb-0482-4414-8cf8-40cbfd77b0f6,41d62f31-a92e-4ff2-9981-41f3cf46ebeb
733dc9a3-3920-418a-a65a-08dcae82c8ff,50d749ed-12a3-48bb-88a9-ac8403bdc400
c2233ad7-f924-469a-9e55-6825dca6af58,c0616b1c-7741-4f55-9da3-7b115b34481c
7444405d-b9bb-4558-9bf7-c38ae979643b,c0616b1c-7741-4f55-9da3-7b115b34481c
fada16e3-a639-4b20-a5b6-1e904d23bd5b,992ae373-a9bc-4ae6-9d74-7082cf0a4c12
fada16e3-a639-4b20-a5b6-1e904d23bd5b,0a2353ed-3482-4163-9ca4-46e6cf6ab717
fada16e3-a639-4b20-a5b6-1e904d23bd5b,8ccdb142-81ed-489d-94a0-4041bd04a46e
fada16e3-a639-4b20-a5b6-1e904d23bd5b,1f33d527-6045-4358-afd9-602ae8644b43
4c878cdc-bb91-416e-bd1f-40d08112f1a3,c7e9d8ec-9ba5-4048-82e7-c3d2ff02eb9b
1dc97e26-736a-4d5a-a4ed-bf2bb1948457,d1c30f65-d081-40cd-91e8-193b4c51182a
2f078c8a-3dc6-4461-bc06-a30c6d808689,1f33d527-6045-4358-afd9-602ae8644b43
2f078c8a-3dc6-4461-bc06-a30c6d808689,5115a7f4-c481-4f49-bf54-506badb69a95
761d9d76-b447-49e3-9249-4936d94101a6,992ae373-a9bc-4ae6-9d74-7082cf0a4c12
761d9d76-b447-49e3-9249-4936d94101a6,d89699f6-85db-4def-8de6-14cb07eb2c43
728b77ea-be3d-47fd-bae1-e047497c57a7,943fa8e9-69df-4f6e-8e47-3a81150d8b3d
33b82eb3-cc5f-48c1-9222-bacae6af96c9,dca26f5a-6485-43d1-9b87-82b066477f04
64d65c04-728c-4f7d-9d34-cdeb9f0650e7,c7e9d8ec-9ba5-4048-82e7-c3d2ff02eb9b
92918939-eb05-46e5-8512-345122743fee,d1c30f65-d081-40cd-91e8-193b4c51182a
9d45a943-733b-4944-8269-7cace13a6b67,0663a94d-7fc1-4427-9cdd-86e299c0fe86
44470de6-c312-4dc5-9274-6c05c88d6800,6ca59447-c208-40e3-ab57-7edb01549cbf
027329b4-5ff3-48a4-b655-da695d637789,992ae373-a9bc-4ae6-9d74-7082cf0a4c12
027329b4-5ff3-48a4-b655-da695d637789,1f33d527-6045-4358-afd9-602ae8644b43
e01e06e7-96d3-4db0-b158-a068891d2720,8e47f6b9-4a44-4ce0-98bf-f3e7356fa1d2
9a28541f-cba3-4228-98a6-2646a9711e9d,b4f75e2e-aded-4dd2-8b9c-740be0e9164d
e2f51943-3edb-44fb-8d87-edb446db8870,992ae373-a9bc-4ae6-9d74-7082cf0a4c12
e2f51943-3edb-44fb-8d87-edb446db8870,1f33d527-6045-4358-afd9-602ae8644b43
2deb6097-2b52-4abc-afa5-86eaa21ba449,1ce37d28-4cb6-49c3-8d5b-21b9d23119e2
b5497863-032c-43e2-9d76-32f3eacb3f55,aa5350c6-5532-4604-b95c-938b8f7cb95c
af7ab0dd-c5f2-43ed-b700-8ea4b48b21ea,3b16b9a9-28b5-4421-a419-f2c0a580a622
83f32a7e-1aa3-4900-94a5-3d66f71d6d1a,6e7ec579-d5fc-41c8-82f1-649532a23cb4
83f32a7e-1aa3-4900-94a5-3d66f71d6d1a,f4053f71-94b5-40b2-92bd-fb588127fe38
79651bf8-3d26-4fd6-b3e9-e5b9b54cbef7,ff41c6fa-d1d3-461e-bc14-61438d2fe7d4
7b91eaf7-6f02-42cb-a5d8-264a52014ce4,3b16b9a9-28b5-4421-a419-f2c0a580a622
cea21766-349b-4003-a654-f8e706ed99d7,1f33d527-6045-4358-afd9-602ae8644b43
cea21766-349b-4003-a654-f8e706ed99d7,eddb9f19-4025-4f9a-8d44-a9bf94cb562e
cea21766-349b-4003-a654-f8e706ed99d7,a558c676-742a-40c3-ab74-60a0f34d0c43
44fbd301-d1dc-490f-ada9-cbdcd5099737,ac2f7cb8-fe85-4eec-9dbd-11aab73b200d
9e40b89c-d4c7-40b3-8453-bca3f710e044,7a8e0e9d-28f2-40d7-8696-9db0a75a628d
e3226a26-016e-44ce-9407-e1872dd5fc91,3d947f3c-fa03-4667-b09a-25a8f2db2adb
759b1a7a-153d-4687-aa74-45176b4cf9bb,1bcd244a-c2a5-4a4e-8572-b7459305a8b1
f312a629-ff8a-4525-adda-cec05bcaf58b,386c578b-2a53-4c3a-b910-a980fb1773c0
41274bea-04e2-42d7-9d73-00079f7a3d80,1fa3719f-7f49-43d3-9416-c38e10968ac8
41274bea-04e2-42d7-9d73-00079f7a3d80,1f33d527-6045-4358-afd9-602ae8644b43
c6232868-f8c1-4d49-9e8d-75412b40ae85,12e1702a-7623-4b11-a224-44601b67328c
ce1222f9-9e46-4b91-bdfd-7db80b81158e,28408059-9560-428c-be43-378a604ac3e8
ca471cc8-5d77-4284-9907-f532a5bb0c9e,6bdd587c-344f-4fb7-b1c6-d48b8b15a2d1
b87a575b-75a8-4c91-829e-b065b39aba92,1f33d527-6045-4358-afd9-602ae8644b43
b87a575b-75a8-4c91-829e-b065b39aba92,f4053f71-94b5-40b2-92bd-fb588127fe38
01cbbbd2-2d59-4522-bf0e-835cd16ea0c5,4519ffb7-82ab-4f7a-b4b6-5fab503a5663
cbef4ad1-1de0-40db-85ad-550ce8fd7f9e,f413d6b6-6542-41fc-940c-6177cf5606aa
ec9bac2c-6795-4551-bb73-5665c064e921,386c578b-2a53-4c3a-b910-a980fb1773c0
71d05a25-afdd-4239-a54d-2044e99538db,4c9945e5-4487-40d3-ac4d-0f39caa452c4
71d05a25-afdd-4239-a54d-2044e99538db,402d7328-f91d-488a-ad1c-53ecfd349095
3b1327d4-b05d-4eb4-86be-4a21bd86ceee,6ca59447-c208-40e3-ab57-7edb01549cbf
65c6c186-5e31-4733-aeea-2c9aef0416d9,efde0ce9-21df-44b4-ba54-c6d738ec2e64
65c6c186-5e31-4733-aeea-2c9aef0416d9,1fa3719f-7f49-43d3-9416-c38e10968ac8
65c6c186-5e31-4733-aeea-2c9aef0416d9,1f33d527-6045-4358-afd9-602ae8644b43
65c6c186-5e31-4733-aeea-2c9aef0416d9,992ae373-a9bc-4ae6-9d74-7082cf0a4c12
140fe4aa-aebb-4d1e-a564-5a17b6e21ceb,cde9a632-6add-43ce-8de9-84ce69637125
d6743500-b602-491c-93cb-eca43feceb7b,5fc091c1-fa87-45b5-878f-8deb38c39f5e
da75c5e4-53ce-4edc-8f32-bcf35c4b693c,1f33d527-6045-4358-afd9-602ae8644b43
881aca8a-af69-476a-95a7-323de7a15cf0,6ca59447-c208-40e3-ab57-7edb01549cbf
ceedc870-15e5-4e4c-b143-1fe7be062f3a,3ede1470-2ccd-442a-9411-0f2f431639e4
ceedc870-15e5-4e4c-b143-1fe7be062f3a,c4cb37e8-fe1c-4d2b-b0b5-f04a69925d8f
ceedc870-15e5-4e4c-b143-1fe7be062f3a,4233781b-0b6c-49b5-a398-eef49e34cd7c
9844d023-7bbf-4675-b8e1-2a03df9758cb,f413d6b6-6542-41fc-940c-6177cf5606aa
0a20b58a-2839-4cb8-9feb-eb16617612e6,386c578b-2a53-4c3a-b910-a980fb1773c0
695dc60e-ff43-4956-8002-d37d20eb5594,992ae373-a9bc-4ae6-9d74-7082cf0a4c12
695dc60e-ff43-4956-8002-d37d20eb5594,6e7ec579-d5fc-41c8-82f1-649532a23cb4
4331efb8-1e99-4f06-b460-6eddef3a9eb7,c0616b1c-7741-4f55-9da3-7b115b34481c
db114b9f-e941-4dad-9ee7-8c649de00979,6ca59447-c208-40e3-ab57-7edb01549cbf
3f40e4f5-2286-433c-9acd-006b842b0465,992ae373-a9bc-4ae6-9d74-7082cf0a4c12
3f40e4f5-2286-433c-9acd-006b842b0465,b47cb9fd-b9c9-4d77-916d-93ed0c1a1879
91e71cf0-8f00-482c-a9ab-2414e0163f56,6ca59447-c208-40e3-ab57-7edb01549cbf
03c48688-bd23-4055-9e74-ad407a129c7c,992ae373-a9bc-4ae6-9d74-7082cf0a4c12
03c48688-bd23-4055-9e74-ad407a129c7c,72f27659-ea6c-40a3-9f2d-dfe7d82c853b
03c48688-bd23-4055-9e74-ad407a129c7c,eddb9f19-4025-4f9a-8d44-a9bf94cb562e
03c48688-bd23-4055-9e74-ad407a129c7c,ae92de86-1329-4de8-bbcc-f478e9f8628b
d85f16c7-3dd2-4e60-8d6f-104e1ba1455a,6ca59447-c208-40e3-ab57-7edb01549cbf
cc1b7872-5780-4127-ac7b-0188799dd537,eddb9f19-4025-4f9a-8d44-a9bf94cb562e
cc1b7872-5780-4127-ac7b-0188799dd537,6e7ec579-d5fc-41c8-82f1-649532a23cb4
aecb5966-5107-47c2-bb88-0218a4ce2713,6ca59447-c208-40e3-ab57-7edb01549cbf
2eb861f7-d52d-439c-bf63-16afa49fbbac,992ae373-a9bc-4ae6-9d74-7082cf0a4c12
2eb861f7-d52d-439c-bf63-16afa49fbbac,9f6d5b2b-ac1c-4cc3-a7d1-7cedf98b7563
fc0e1295-878b-44f1-979e-f7cc2ee06054,6ca59447-c208-40e3-ab57-7edb01549cbf
86f49a69-7568-4be1-b762-ab911e06d148,992ae373-a9bc-4ae6-9d74-7082cf0a4c12
86f49a69-7568-4be1-b762-ab911e06d148,ae92de86-1329-4de8-bbcc-f478e9f8628b
86f49a69-7568-4be1-b762-ab911e06d148,fc1941db-1098-4bd5-a9c7-d9fe8b94172d
b7280b17-eab9-4fde-acd1-0a33ccdf1fd5,02257903-92fa-4ef4-8ba7-12758b989472
c186abda-d2c6-4630-a8c7-4b9d67982b8e,992ae373-a9bc-4ae6-9d74-7082cf0a4c12
c186abda-d2c6-4630-a8c7-4b9d67982b8e,eddb9f19-4025-4f9a-8d44-a9bf94cb562e
30b109c2-475d-4be0-86ae-3e90d0c36b0e,52d84173-882a-48bc-98c2-da35a45c13c1
cb387414-1f99-461f-9594-2ce3d12cda99,6ca59447-c208-40e3-ab57-7edb01549cbf
c70b4cd3-4562-4b92-ba2d-2369899a680c,0663a94d-7fc1-4427-9cdd-86e299c0fe86
0e3d7d05-b92e-4500-b28e-22491eb307e4,6ca59447-c208-40e3-ab57-7edb01549cbf
ac4cf534-ab89-4345-b5b3-be4d7d7bc11c,cde9a632-6add-43ce-8de9-84ce69637125
a3acf520-bacf-43e1-a48e-4a903a30492e,5fc091c1-fa87-45b5-878f-8deb38c39f5e
2a3bb386-3292-49df-bf9f-e6dc24f67f77,d89699f6-85db-4def-8de6-14cb07eb2c43
2a3bb386-3292-49df-bf9f-e6dc24f67f77,9f6d5b2b-ac1c-4cc3-a7d1-7cedf98b7563
2a3bb386-3292-49df-bf9f-e6dc24f67f77,6e7ec579-d5fc-41c8-82f1-649532a23cb4
e1e79a6e-7e3b-464f-b322-09ee0ed71bb4,52d84173-882a-48bc-98c2-da35a45c13c1
21d84eca-d961-416e-a1c6-8202bb33cb3e,02257903-92fa-4ef4-8ba7-12758b989472
96956fdb-4224-4206-a060-3f44883690cf,1f33d527-6045-4358-afd9-602ae8644b43
1436626e-592c-480c-88f9-928e676fa299,6359b0bf-3af6-44e9-bf13-71c9fe0ead77
099d24a0-caa7-4f39-8848-0137f3c45ce0,3d947f3c-fa03-4667-b09a-25a8f2db2adb
1fc37e76-0b91-4ee8-a134-bb4f275e873b,992ae373-a9bc-4ae6-9d74-7082cf0a4c12
7781082a-00a8-4859-8a93-5ac2f70d031d,f5ae86d6-7b29-42fb-b3b0-3b474b2978f5
f33b9bd4-85bf-4e97-a630-319dff733ca3,21d8739d-25f6-48b7-a909-14d59848db24
73b80865-b1c2-4b0c-8d1f-8c2ef1dc2111,20bc1485-d0c4-4b2b-b0b4-c282c203431a
8c8cb6f1-25b1-4508-93dd-7183b8ed2b8a,20bc1485-d0c4-4b2b-b0b4-c282c203431a
5d6a08bd-551d-46d7-a941-b0c5c22ce2d1,eddb9f19-4025-4f9a-8d44-a9bf94cb562e
5d6a08bd-551d-46d7-a941-b0c5c22ce2d1,1f33d527-6045-4358-afd9-602ae8644b43
59c9394f-e001-4057-906d-e5fcb42ac426,992ae373-a9bc-4ae6-9d74-7082cf0a4c12
59c9394f-e001-4057-906d-e5fcb42ac426,6ff9e82a-0eff-4a28-b5c4-68f943508bf2
59c9394f-e001-4057-906d-e5fcb42ac426,064e5945-259b-41b9-8d45-ac3fad89f5ff
fa595dd6-a1f6-4e60-a603-a4027a001292,6ca59447-c208-40e3-ab57-7edb01549cbf
11ea2148-5094-469d-8bc7-885ae20ea276,b4f75e2e-aded-4dd2-8b9c-740be0e9164d
4bccfdb0-acd8-40b8-9855-284225db8c59,e8a36e12-37a4-483d-be2e-2abcbbbbc70c
1a379de6-1547-4130-8159-c55a82f61e45,a0ec4670-47c0-48d5-a9a0-c2012e886b58
ffbb86d1-36e9-46eb-bb90-079d12c7953e,a558c676-742a-40c3-ab74-60a0f34d0c43
ffbb86d1-36e9-46eb-bb90-079d12c7953e,1f33d527-6045-4358-afd9-602ae8644b43
a53aa9a5-f902-471b-8de9-a49ff2e4f4ec,6bdd587c-344f-4fb7-b1c6-d48b8b15a2d1
3964aa15-b71d-4ae7-9757-f2f2add20f7d,ec2041c0-abc0-43e0-b203-b9c87571eacb
343c8644-5591-45cb-a11a-3d7b5123c629,a0ec4670-47c0-48d5-a9a0-c2012e886b58
5902e5cc-6900-4bd4-8a20-2dab03a41686,6bdd587c-344f-4fb7-b1c6-d48b8b15a2d1
797ea951-a4e1-42cb-a69d-2086d0a169d3,d89699f6-85db-4def-8de6-14cb07eb2c43
797ea951-a4e1-42cb-a69d-2086d0a169d3,9e87af73-6ec7-473e-86b9-93fc8311efba
552b6ff6-f582-4d49-9db7-8a6ef936db0f,c0616b1c-7741-4f55-9da3-7b115b34481c
a45fdac5-8536-4de8-af12-02b8fdf2d03d,1f33d527-6045-4358-afd9-602ae8644b43
a45fdac5-8536-4de8-af12-02b8fdf2d03d,992ae373-a9bc-4ae6-9d74-7082cf0a4c12
a0055118-8aa6-4096-96e4-71672222a256,ac2f7cb8-fe85-4eec-9dbd-11aab73b200d
f179ddc7-7a63-4582-9878-9d8618a43356,40193610-2542-4d28-a63f-078467cb7f0a
a9d333f0-5d17-4197-b1da-36b6d8168d26,d8552976-9336-4818-a952-a6ada26a3006
394e30fc-9607-44e7-b999-9877e6883827,f413d6b6-6542-41fc-940c-6177cf5606aa
375de5c4-e744-4bc1-87b8-22dfe2fb405a,386c578b-2a53-4c3a-b910-a980fb1773c0
6d6e9ff0-01a8-40f9-8c36-ed670310b185,6ff9e82a-0eff-4a28-b5c4-68f943508bf2
387571ed-8ce8-44aa-9f83-389cf4c6279d,0d262eed-551e-45d0-983c-bca05eabe980
4aca3f25-5848-4d66-a182-c67d6ca4c58f,21d8739d-25f6-48b7-a909-14d59848db24
2b8fae11-f665-470a-ad2d-2613fc4e5a51,3b16b9a9-28b5-4421-a419-f2c0a580a622
7bb883d3-3f7d-45e9-98f5-d04104fac416,992ae373-a9bc-4ae6-9d74-7082cf0a4c12
7bb883d3-3f7d-45e9-98f5-d04104fac416,41d62f31-a92e-4ff2-9981-41f3cf46ebeb
7bb883d3-3f7d-45e9-98f5-d04104fac416,9e0438e5-793f-4371-97f4-f9db8f2c3bbc
a121364f-ac94-4bb9-bf14-292f92b1f4b7,8d82500d-abce-4859-889f-991e369704e8
7e7097b9-8291-4b09-aa20-ce214df8b566,6ca59447-c208-40e3-ab57-7edb01549cbf
f56c2b87-1573-425d-b5a4-988688001d32,b213ee87-7a56-4876-ab1a-677ef56efede
66bf8799-9dff-4ec1-8a17-58800c2e543e,3d947f3c-fa03-4667-b09a-25a8f2db2adb
c683a0af-7659-477c-bbc1-39b47120a87f,efde0ce9-21df-44b4-ba54-c6d738ec2e64
c683a0af-7659-477c-bbc1-39b47120a87f,41d62f31-a92e-4ff2-9981-41f3cf46ebeb
c683a0af-7659-477c-bbc1-39b47120a87f,992ae373-a9bc-4ae6-9d74-7082cf0a4c12
5e217a48-8673-4e99-8a9a-d2f75df4fb51,1bcd244a-c2a5-4a4e-8572-b7459305a8b1
457f6d37-ae42-4740-a07c-88cbee7eefc7,386c578b-2a53-4c3a-b910-a980fb1773c0
118da559-a5b1-4a44-8c12-4b2e57ee3c7c,207fe291-5f03-43cd-b528-0e897e3a3159
2f59fcea-cbfb-40b1-9575-75b7f41def3e,992ae373-a9bc-4ae6-9d74-7082cf0a4c12
2f59fcea-cbfb-40b1-9575-75b7f41def3e,eddb9f19-4025-4f9a-8d44-a9bf94cb562e
62143905-5678-4b7f-84af-acc0d17a155d,52796119-3d9a-42c7-bbf9-82061c9bb95d
86fb94c6-d3ae-4811-b472-1e018501bac1,6ca59447-c208-40e3-ab57-7edb01549cbf
f1e34eac-494a-42fe-a63b-4b832feb84aa,992ae373-a9bc-4ae6-9d74-7082cf0a4c12
435a2246-8589-4580-be6a-302befd65452,d1c30f65-d081-40cd-91e8-193b4c51182a
75b7f84b-0f71-419e-8579-229cfabc5ca3,7a8e0e9d-28f2-40d7-8696-9db0a75a628d
40a3798c-e8fc-4049-aa8a-b75b789dc158,3b16b9a9-28b5-4421-a419-f2c0a580a622
d2e23bcb-793b-49bb-b9c2-d560bf458b04,d89699f6-85db-4def-8de6-14cb07eb2c43
d2e23bcb-793b-49bb-b9c2-d560bf458b04,9e87af73-6ec7-473e-86b9-93fc8311efba
d2e23bcb-793b-49bb-b9c2-d560bf458b04,1f33d527-6045-4358-afd9-602ae8644b43
5e032c60-2db4-49d9-b0c7-164cdf7036e5,d1c30f65-d081-40cd-91e8-193b4c51182a
b521d4ff-b326-4603-9219-c1ce8e98a27c,643d43fe-baa8-4b50-937f-1afb03bd76e9
ed7182d6-ca97-4a17-afaf-6805cf87cc3c,21d8739d-25f6-48b7-a909-14d59848db24
d84ce3d0-01f3-48e9-9ea9-06948dff1242,6359b0bf-3af6-44e9-bf13-71c9fe0ead77
6abacc46-628c-421e-8fac-7924d330cc87,dca26f5a-6485-43d1-9b87-82b066477f04
0949e262-28bb-42fd-b3a5-937cf4efdc31,1f33d527-6045-4358-afd9-602ae8644b43
4c060d3d-3e86-4b95-bc71-56332d922bf7,05189b57-cd02-4472-9e21-bd3b54ab5dd6
12ddd397-121a-4f5b-b7d2-f111bf69533a,5fc091c1-fa87-45b5-878f-8deb38c39f5e
93e27883-57f3-405b-b54c-fe48c376873e,3b16b9a9-28b5-4421-a419-f2c0a580a622
71118553-9a96-4c07-961c-552650ba0f28,41d62f31-a92e-4ff2-9981-41f3cf46ebeb
035410fa-0585-48b0-a054-bf76059bba7b,992ae373-a9bc-4ae6-9d74-7082cf0a4c12
035410fa-0585-48b0-a054-bf76059bba7b,1f33d527-6045-4358-afd9-602ae8644b43
133b7ac2-7bc6-4442-b999-64eeb98d1b13,6ca59447-c208-40e3-ab57-7edb01549cbf
0fd29006-8f42-48fa-87ca-7f14ea24ce93,6ca59447-c208-40e3-ab57-7edb01549cbf
b5780f7d-11ee-4bec-a81b-ac5041e37676,992ae373-a9bc-4ae6-9d74-7082cf0a4c12
b5780f7d-11ee-4bec-a81b-ac5041e37676,ae92de86-1329-4de8-bbcc-f478e9f8628b
f2c0bda5-9605-40e4-8d7f-5047b98845e6,6ca59447-c208-40e3-ab57-7edb01549cbf
8cde8122-681c-469d-8223-93cbafc0774d,1f33d527-6045-4358-afd9-602ae8644b43
79855f00-c088-4667-a699-5da8d0c0704f,6ca59447-c208-40e3-ab57-7edb01549cbf
1a659930-75eb-4365-a53a-9ab7715e46e3,992ae373-a9bc-4ae6-9d74-7082cf0a4c12
1a659930-75eb-4365-a53a-9ab7715e46e3,f137d46d-5bac-404d-bfc9-d9fb8fc8a734
8cf9ca9b-b534-4b8c-96c7-f44e5c6d2b14,6ca59447-c208-40e3-ab57-7edb01549cbf
60119474-1411-4ede-b17a-761786beb6ad,8ccdb142-81ed-489d-94a0-4041bd04a46e
60119474-1411-4ede-b17a-761786beb6ad,0a2353ed-3482-4163-9ca4-46e6cf6ab717
777c66f0-b9b1-417e-b7c6-06cb9a7465d7,6ca59447-c208-40e3-ab57-7edb01549cbf
79dace8b-957a-4d9b-8f48-5836f6f6e51d,1f33d527-6045-4358-afd9-602ae8644b43
928cbc46-0f25-4c4a-9acd-c4a282adbe36,6ca59447-c208-40e3-ab57-7edb01549cbf
16a68d5f-21b7-4b46-bd37-c7351b2def51,1f33d527-6045-4358-afd9-602ae8644b43
16a68d5f-21b7-4b46-bd37-c7351b2def51,992ae373-a9bc-4ae6-9d74-7082cf0a4c12
16a68d5f-21b7-4b46-bd37-c7351b2def51,fc1941db-1098-4bd5-a9c7-d9fe8b94172d
32ef83e7-383a-4ee9-8892-23b91c50ecd3,643d43fe-baa8-4b50-937f-1afb03bd76e9
6d2ffce2-9afb-40a8-abfc-a9183313cfe4,7a8e0e9d-28f2-40d7-8696-9db0a75a628d
588e2ef4-8fe6-42ba-b9b4-5d7d270080ea,6359b0bf-3af6-44e9-bf13-71c9fe0ead77
f7b3b98e-0c20-46e8-9efe-3ba4a12d0eea,eddb9f19-4025-4f9a-8d44-a9bf94cb562e
f7b3b98e-0c20-46e8-9efe-3ba4a12d0eea,1fa3719f-7f49-43d3-9416-c38e10968ac8
f7b3b98e-0c20-46e8-9efe-3ba4a12d0eea,41d62f31-a92e-4ff2-9981-41f3cf46ebeb
64c03412-a378-4b3f-9ff9-96fbc93bb6d0,6ca59447-c208-40e3-ab57-7edb01549cbf
6c22aed3-2852-4285-a49b-2d232cdc9fa9,ae92de86-1329-4de8-bbcc-f478e9f8628b
6c22aed3-2852-4285-a49b-2d232cdc9fa9,d8552976-9336-4818-a952-a6ada26a3006
b0bd2d52-a0c6-4828-bd33-464a76f47333,8d82500d-abce-4859-889f-991e369704e8
b6792111-6781-469e-a94c-92b38eb11640,c1615e31-4a06-4e33-8d90-0d9273fbce91
6cebe007-d59b-4071-8797-7042a22c4eda,1f33d527-6045-4358-afd9-602ae8644b43
6cebe007-d59b-4071-8797-7042a22c4eda,f4053f71-94b5-40b2-92bd-fb588127fe38
aee6f533-b4e5-4436-903f-9116606d7197,6ca59447-c208-40e3-ab57-7edb01549cbf
ca3525e0-07b8-4e70-96fe-0272ef7829c8,0663a94d-7fc1-4427-9cdd-86e299c0fe86
a11d05dc-9849-4b4b-b4fd-b06fd3a0c149,c7e9d8ec-9ba5-4048-82e7-c3d2ff02eb9b
23df2f30-1cfb-47bc-9858-7b456481b31f,d1c30f65-d081-40cd-91e8-193b4c51182a
e316b310-9bac-49c2-8c51-5b7156746eb1,3ede1470-2ccd-442a-9411-0f2f431639e4
b676a8f9-061b-4a6d-8475-02e25294a181,6ca59447-c208-40e3-ab57-7edb01549cbf
c7519834-72a3-4911-a1cc-119b54a22178,992ae373-a9bc-4ae6-9d74-7082cf0a4c12
c7519834-72a3-4911-a1cc-119b54a22178,72f27659-ea6c-40a3-9f2d-dfe7d82c853b
c7519834-72a3-4911-a1cc-119b54a22178,f137d46d-5bac-404d-bfc9-d9fb8fc8a734
fc73cd04-bd6a-4353-af78-dae9e075c719,6ca59447-c208-40e3-ab57-7edb01549cbf
786087b1-a254-44f6-bcc8-41871a8f4b7c,6ff9e82a-0eff-4a28-b5c4-68f943508bf2
786087b1-a254-44f6-bcc8-41871a8f4b7c,9f6d5b2b-ac1c-4cc3-a7d1-7cedf98b7563
786087b1-a254-44f6-bcc8-41871a8f4b7c,ae92de86-1329-4de8-bbcc-f478e9f8628b
357642b4-c043-4534-b387-cdbaa499b906,6ca59447-c208-40e3-ab57-7edb01549cbf
8efadcde-9b99-4591-b983-6c2daea76dad,6ff9e82a-0eff-4a28-b5c4-68f943508bf2
8efadcde-9b99-4591-b983-6c2daea76dad,402d7328-f91d-488a-ad1c-53ecfd349095
a301d06d-73a9-451b-87af-d86b38c7d48a,6ca59447-c208-40e3-ab57-7edb01549cbf
77f9be0b-80fd-45c2-ba6c-d589deabfda6,6ff9e82a-0eff-4a28-b5c4-68f943508bf2
77f9be0b-80fd-45c2-ba6c-d589deabfda6,9d902a90-2e2d-4921-9d40-b5c18c6fe7ec
93d5058d-7bc3-4729-8904-9213cad176a0,ac2f7cb8-fe85-4eec-9dbd-11aab73b200d
57905166-74d9-4587-a9a9-bbeb5cf114e4,e47cd590-4bd7-4399-a7ec-b5c1838ed835
0621b748-23b5-43f8-bbe6-f38cb992f3e8,03361f27-53e9-4b05-8323-5824a02f071a
50db555c-9720-4475-8210-bacc2a51494a,dca26f5a-6485-43d1-9b87-82b066477f04
caccbe59-a1f2-4a75-8c9c-faf1c8117183,1f33d527-6045-4358-afd9-602ae8644b43
0534bd8d-a4be-4422-9602-171e44f89373,992ae373-a9bc-4ae6-9d74-7082cf0a4c12
8c11b0b1-ac7e-4b82-a901-3f40e4e0ac69,6ca59447-c208-40e3-ab57-7edb01549cbf
c10db372-053d-426c-a9ce-8e5d1270bd69,6ff9e82a-0eff-4a28-b5c4-68f943508bf2
c10db372-053d-426c-a9ce-8e5d1270bd69,94d3c2e4-6c9d-45de-9663-14be2dcabf8d
13188df8-3362-4b3c-8762-adf450849ded,1f33d527-6045-4358-afd9-602ae8644b43
b0e7a9bd-7f81-4eb7-90e8-88f42bdd2afd,6ca59447-c208-40e3-ab57-7edb01549cbf
64dee3eb-5bc3-40c7-9439-1000d32ca504,c0616b1c-7741-4f55-9da3-7b115b34481c
51130c29-2713-44b9-8b28-c1738561af12,992ae373-a9bc-4ae6-9d74-7082cf0a4c12
51130c29-2713-44b9-8b28-c1738561af12,6ff9e82a-0eff-4a28-b5c4-68f943508bf2
eab0fee8-1aeb-48b6-b64b-a2a04ea42b09,c0616b1c-7741-4f55-9da3-7b115b34481c
d7c10f5f-1156-42dd-968e-50732efa826c,6bdd587c-344f-4fb7-b1c6-d48b8b15a2d1
a0b89844-a89d-40c3-b7d7-a33afc834f29,3ede1470-2ccd-442a-9411-0f2f431639e4
a0b89844-a89d-40c3-b7d7-a33afc834f29,d89699f6-85db-4def-8de6-14cb07eb2c43
a0b89844-a89d-40c3-b7d7-a33afc834f29,6e7ec579-d5fc-41c8-82f1-649532a23cb4
1f1a820c-57d4-4c17-81b7-cfbc465e7e41,12e1702a-7623-4b11-a224-44601b67328c
1f5b0e11-1523-4d38-89f9-fd00cde4771e,28408059-9560-428c-be43-378a604ac3e8
b9a8f020-0437-4fdd-a5e2-b7e005bf0996,6ca59447-c208-40e3-ab57-7edb01549cbf
4a5b9914-c49e-4e5d-9617-3b6ea25cc821,3ede1470-2ccd-442a-9411-0f2f431639e4
4a5b9914-c49e-4e5d-9617-3b6ea25cc821,9f6d5b2b-ac1c-4cc3-a7d1-7cedf98b7563
36f47c3e-ca7c-4e85-aed9-6fc26fa8f86d,6ca59447-c208-40e3-ab57-7edb01549cbf
06985609-296a-4770-a412-ab6a5e8a85ad,992ae373-a9bc-4ae6-9d74-7082cf0a4c12
06985609-296a-4770-a412-ab6a5e8a85ad,72f27659-ea6c-40a3-9f2d-dfe7d82c853b
e316b310-9bac-49c2-8c51-5b7156746eb1,d89699f6-85db-4def-8de6-14cb07eb2c43
213c2807-e211-4698-b807-16c5a7046a09,6ca59447-c208-40e3-ab57-7edb01549cbf
dcdba8b3-c765-4549-ab30-740ecdc18877,992ae373-a9bc-4ae6-9d74-7082cf0a4c12
dcdba8b3-c765-4549-ab30-740ecdc18877,fc1941db-1098-4bd5-a9c7-d9fe8b94172d
5ae26a04-4308-45f1-af8f-a66c0a11ce5b,c28dbac1-24bb-4e49-8ccc-6360d439be7d
7f32ebea-c1bb-4707-8419-1fe86ac6353b,1fad2edd-83ee-4028-b2a6-4664d26552cd
4f9ebee2-535d-4647-84d4-4900d300c48e,d89699f6-85db-4def-8de6-14cb07eb2c43
d03ba6d7-8ff3-4310-9c5f-b7a3a69d7ac8,6ca59447-c208-40e3-ab57-7edb01549cbf
057338cc-845c-4f60-8ca7-bc417400d80e,f137d46d-5bac-404d-bfc9-d9fb8fc8a734
057338cc-845c-4f60-8ca7-bc417400d80e,72f27659-ea6c-40a3-9f2d-dfe7d82c853b
0b9dd10d-5e81-4b87-b67e-a6e7ba95a653,6ca59447-c208-40e3-ab57-7edb01549cbf
8c58a811-bc25-4771-a1fb-baab37ca4cc6,992ae373-a9bc-4ae6-9d74-7082cf0a4c12
8c58a811-bc25-4771-a1fb-baab37ca4cc6,1f33d527-6045-4358-afd9-602ae8644b43
797caf5d-b9d1-4fca-abfd-eb8f5a30dc3f,af68b454-0781-4ba1-a037-4444038ef730
6fb1744a-1852-4121-ad53-d4e603b3a8cb,1f33d527-6045-4358-afd9-602ae8644b43
6fb1744a-1852-4121-ad53-d4e603b3a8cb,f4053f71-94b5-40b2-92bd-fb588127fe38
be3b3678-2c0b-45f4-b41b-dfe695b80a3c,3b16b9a9-28b5-4421-a419-f2c0a580a622
78578aa4-e6ba-43f3-b3b0-2a398d85a5e8,386c578b-2a53-4c3a-b910-a980fb1773c0
af9c17f2-88f0-43b1-8cb7-eafebdef1fd8,6ff9e82a-0eff-4a28-b5c4-68f943508bf2
c7dd848b-1cba-4929-82ab-61e95b1a63a0,f413d6b6-6542-41fc-940c-6177cf5606aa
ef7da326-5623-4681-9727-8c0777853805,cde9a632-6add-43ce-8de9-84ce69637125
0b260055-a5a4-4a76-881d-2d905379c12d,5fc091c1-fa87-45b5-878f-8deb38c39f5e
568372fe-2958-4294-998e-ac9299f40abe,1f33d527-6045-4358-afd9-602ae8644b43
94349b47-b3b3-4507-bd52-d08d8c297263,6ca59447-c208-40e3-ab57-7edb01549cbf
eb6a8164-5b6d-4a28-9808-509af06f7364,fc1941db-1098-4bd5-a9c7-d9fe8b94172d
eb6a8164-5b6d-4a28-9808-509af06f7364,0a2353ed-3482-4163-9ca4-46e6cf6ab717
eb6a8164-5b6d-4a28-9808-509af06f7364,4c9945e5-4487-40d3-ac4d-0f39caa452c4
1a659930-75eb-4365-a53a-9ab7715e46e3,fc1941db-1098-4bd5-a9c7-d9fe8b94172d
1a659930-75eb-4365-a53a-9ab7715e46e3,6ff9e82a-0eff-4a28-b5c4-68f943508bf2
7bc48774-9d59-46be-8268-5ebc255f67bb,6ca59447-c208-40e3-ab57-7edb01549cbf
6a0a5132-9117-423e-a412-493772e31b12,992ae373-a9bc-4ae6-9d74-7082cf0a4c12
6a0a5132-9117-423e-a412-493772e31b12,1f33d527-6045-4358-afd9-602ae8644b43
6a0a5132-9117-423e-a412-493772e31b12,8ccdb142-81ed-489d-94a0-4041bd04a46e
04c9122b-3d13-4dbc-9c18-c8fc0b9d13a7,3b16b9a9-28b5-4421-a419-f2c0a580a622
d95212cd-9d13-42ce-9c67-0bf7dc238b1b,af68b454-0781-4ba1-a037-4444038ef730
f090b736-fd94-471a-9c11-66d88c1a2708,571bec87-75f4-4fbd-bda4-05d7e7c4546b
f090b736-fd94-471a-9c11-66d88c1a2708,d89699f6-85db-4def-8de6-14cb07eb2c43
f090b736-fd94-471a-9c11-66d88c1a2708,6e7ec579-d5fc-41c8-82f1-649532a23cb4
3425aec4-e61c-4ee1-8ea3-90b52f8daf3e,6ca59447-c208-40e3-ab57-7edb01549cbf
ead06608-aa4e-415f-b61c-9febb4952114,6e7ec579-d5fc-41c8-82f1-649532a23cb4
ead06608-aa4e-415f-b61c-9febb4952114,992ae373-a9bc-4ae6-9d74-7082cf0a4c12
ead06608-aa4e-415f-b61c-9febb4952114,f137d46d-5bac-404d-bfc9-d9fb8fc8a734
62d20b30-5743-456e-b69e-7b75f33984a9,6ca59447-c208-40e3-ab57-7edb01549cbf
27fafee1-f622-483d-b781-4ca470aa6e13,992ae373-a9bc-4ae6-9d74-7082cf0a4c12
27fafee1-f622-483d-b781-4ca470aa6e13,ae92de86-1329-4de8-bbcc-f478e9f8628b
0aa28de7-3a7a-4640-bb9c-032244abe453,f413d6b6-6542-41fc-940c-6177cf5606aa
da3f86c1-145c-4e22-968b-1fa68b28fb5e,386c578b-2a53-4c3a-b910-a980fb1773c0
56e6e455-8ca2-424a-992e-d2d33740ca3f,eddb9f19-4025-4f9a-8d44-a9bf94cb562e
56e6e455-8ca2-424a-992e-d2d33740ca3f,1f33d527-6045-4358-afd9-602ae8644b43
3afa6c56-7245-439d-b88c-e713fd7e5f68,50d749ed-12a3-48bb-88a9-ac8403bdc400
82a562ae-3325-432d-b9db-2cbcfdb1ea69,ff41c6fa-d1d3-461e-bc14-61438d2fe7d4
c0ef1e9c-c850-45ae-9d14-27e1c002fbb4,1f33d527-6045-4358-afd9-602ae8644b43
e01a7eed-fec7-4b7b-bc88-18c18380f994,8e47f6b9-4a44-4ce0-98bf-f3e7356fa1d2
0d3b80d2-2b4a-434b-809e-bd78d111720c,b4f75e2e-aded-4dd2-8b9c-740be0e9164d
72aae4a4-f717-47eb-a9c8-2b17f9eefd45,eddb9f19-4025-4f9a-8d44-a9bf94cb562e
72aae4a4-f717-47eb-a9c8-2b17f9eefd45,992ae373-a9bc-4ae6-9d74-7082cf0a4c12
1b0c741c-eb08-4c23-962e-7e8f5e70f09a,8e47f6b9-4a44-4ce0-98bf-f3e7356fa1d2
de513e8d-fa72-4af9-92cb-649aa559cf43,b4f75e2e-aded-4dd2-8b9c-740be0e9164d
096a8191-7ce2-4838-a1cd-6804c7d0ca8d,992ae373-a9bc-4ae6-9d74-7082cf0a4c12
096a8191-7ce2-4838-a1cd-6804c7d0ca8d,0663a94d-7fc1-4427-9cdd-86e299c0fe86
17431244-5de6-4a7a-afbf-39abfc5fe900,6ca59447-c208-40e3-ab57-7edb01549cbf
d7cb09bb-cff4-4fe4-8b8d-bcc649e86f19,9e87af73-6ec7-473e-86b9-93fc8311efba
d7cb09bb-cff4-4fe4-8b8d-bcc649e86f19,a558c676-742a-40c3-ab74-60a0f34d0c43
d7cb09bb-cff4-4fe4-8b8d-bcc649e86f19,1f33d527-6045-4358-afd9-602ae8644b43
d7cb09bb-cff4-4fe4-8b8d-bcc649e86f19,0a2353ed-3482-4163-9ca4-46e6cf6ab717
26948c03-fd0e-49a6-98b4-07758b224c8d,6ca59447-c208-40e3-ab57-7edb01549cbf
fcbb9aaf-7f78-47d9-8c40-0f299bda9cd4,d89699f6-85db-4def-8de6-14cb07eb2c43
f2428de2-9ab3-4cc8-8f47-40c0915aeda0,6ca59447-c208-40e3-ab57-7edb01549cbf
9d8b3d3d-b04b-4217-989e-9c9546058923,6ff9e82a-0eff-4a28-b5c4-68f943508bf2
06985609-296a-4770-a412-ab6a5e8a85ad,f137d46d-5bac-404d-bfc9-d9fb8fc8a734
e3dc6210-4298-49f9-a155-d13c89069185,b5489408-529d-4ff3-bc71-57bc4e093158
ad3be6d1-44bc-413f-bc04-7e0237f4604a,abc6c08b-0d8b-4b68-9a5e-18e8122308ca
83a96fa6-3fc8-4208-b3cb-2a119f5f6e30,6bdd587c-344f-4fb7-b1c6-d48b8b15a2d1
a42f6047-feef-445a-85b6-5400db7a979f,9e87af73-6ec7-473e-86b9-93fc8311efba
a42f6047-feef-445a-85b6-5400db7a979f,1f33d527-6045-4358-afd9-602ae8644b43
0184e6e7-84da-4717-92c8-e8748fefc123,6ca59447-c208-40e3-ab57-7edb01549cbf
52ee3e0b-1653-4a4f-b0fe-44df9fd4f9e6,d89699f6-85db-4def-8de6-14cb07eb2c43
52ee3e0b-1653-4a4f-b0fe-44df9fd4f9e6,1f33d527-6045-4358-afd9-602ae8644b43
e0d614d6-7d3b-49a6-ac2d-992675dd9f22,c0cdd49a-91fd-4557-95e5-236e2a601286
cc4a652e-cc16-40db-a6c3-918acb80e413,6bdd587c-344f-4fb7-b1c6-d48b8b15a2d1
ab4408e9-6232-48b4-9df5-17ec263415b8,41d62f31-a92e-4ff2-9981-41f3cf46ebeb
66bce50c-d6e6-4f2e-90d5-e74e4a3919ab,6ca59447-c208-40e3-ab57-7edb01549cbf
7c2ab46c-a7ac-4efd-9cdd-394c0d98cdc9,72f27659-ea6c-40a3-9f2d-dfe7d82c853b
554b4583-1fdf-4cdb-bb42-c83599cc2509,992ae373-a9bc-4ae6-9d74-7082cf0a4c12
554b4583-1fdf-4cdb-bb42-c83599cc2509,1f33d527-6045-4358-afd9-602ae8644b43
d734ab70-efd2-40db-a9dd-7bd91899d944,ac2f7cb8-fe85-4eec-9dbd-11aab73b200d
e9f2f469-762d-4179-9643-c3508bfced81,40193610-2542-4d28-a63f-078467cb7f0a
20a210b3-21b6-4d5b-a4c8-cf20049ee774,386c578b-2a53-4c3a-b910-a980fb1773c0
f8248c23-f3ef-4f2f-9640-b55b0f8155b6,f413d6b6-6542-41fc-940c-6177cf5606aa
3bc14bd4-269a-402e-8395-7b1883c2127e,f4053f71-94b5-40b2-92bd-fb588127fe38
3bc14bd4-269a-402e-8395-7b1883c2127e,6e7ec579-d5fc-41c8-82f1-649532a23cb4
4df3e844-dde6-40a1-b9ed-46351560a88b,b5489408-529d-4ff3-bc71-57bc4e093158
895cb64a-e1c5-4932-b78c-cdb674660e4f,0d89cd97-9e1b-4cb3-89fc-6773540db9e8
743a9d4f-910f-47d0-9c1a-2e14752b42b5,8d82500d-abce-4859-889f-991e369704e8
6345e9cb-6f87-4455-9553-124aa39702f0,6e7ec579-d5fc-41c8-82f1-649532a23cb4
6345e9cb-6f87-4455-9553-124aa39702f0,d89699f6-85db-4def-8de6-14cb07eb2c43
06b8fb6c-1f27-41e1-8d3e-b61776c9f774,6ca59447-c208-40e3-ab57-7edb01549cbf
4749f75a-676e-4087-9772-b2de26de613c,992ae373-a9bc-4ae6-9d74-7082cf0a4c12
18847325-034f-417e-b6c3-a6c21ad26aa8,ca64a6a5-167f-4dc6-a828-596ec7fb7bcf
b5cea92d-b27f-45e6-b0ad-03ae37dc2fd4,0d89cd97-9e1b-4cb3-89fc-6773540db9e8
14f12d74-502b-46fc-aa6f-0c1efd221f3f,3b16b9a9-28b5-4421-a419-f2c0a580a622
2506262a-3095-4c67-8a32-033296b13cb1,992ae373-a9bc-4ae6-9d74-7082cf0a4c12
2506262a-3095-4c67-8a32-033296b13cb1,1f33d527-6045-4358-afd9-602ae8644b43
bc7a2390-385d-47bb-979a-649e93b7b863,3b16b9a9-28b5-4421-a419-f2c0a580a622
8d136a07-e062-4744-85fc-66de2880658b,ca64a6a5-167f-4dc6-a828-596ec7fb7bcf
72e5495b-bf7e-4944-bbdb-8e72bc3ece25,50d749ed-12a3-48bb-88a9-ac8403bdc400
866e80af-b5e7-46c6-a706-f1972f6f6429,992ae373-a9bc-4ae6-9d74-7082cf0a4c12
866e80af-b5e7-46c6-a706-f1972f6f6429,fc1941db-1098-4bd5-a9c7-d9fe8b94172d
0398f236-94fa-4816-9fd0-ce874e3659d5,35501750-04e3-48bd-bfe4-3aa7d22e3baa
d5231c4c-7710-4a5f-b6c5-766326053e97,abc6c08b-0d8b-4b68-9a5e-18e8122308ca
f2c0220c-302f-451d-8e8e-b86284bc5112,992ae373-a9bc-4ae6-9d74-7082cf0a4c12
f2c0220c-302f-451d-8e8e-b86284bc5112,1f33d527-6045-4358-afd9-602ae8644b43
07da02ab-44c2-4db5-8506-28d9643d2fa8,d1c30f65-d081-40cd-91e8-193b4c51182a
8c5d2f8b-a8ac-4d3f-b5ff-c7bec72a42d7,ff41c6fa-d1d3-461e-bc14-61438d2fe7d4
cd6e8a63-41cb-4930-a477-47dff34464fc,ff41c6fa-d1d3-461e-bc14-61438d2fe7d4
f3f262fd-3681-41ba-8487-183453d6d793,1f33d527-6045-4358-afd9-602ae8644b43
f3f262fd-3681-41ba-8487-183453d6d793,eddb9f19-4025-4f9a-8d44-a9bf94cb562e
e6890d78-f984-47d8-b536-c37a3866a2b8,d1c30f65-d081-40cd-91e8-193b4c51182a
9063f4cd-f892-4797-a96e-ba900d0500fe,0ee9f564-1d84-4c16-8227-802613b88a09
64ad8d10-f8ed-423c-8e2a-1f288cba1d3e,5fc091c1-fa87-45b5-878f-8deb38c39f5e
3b3a68f0-c1e3-4927-a0be-2698a05e065d,28408059-9560-428c-be43-378a604ac3e8
ee51143d-8ec3-4ce9-b7b1-8c2e84ed9a05,9e87af73-6ec7-473e-86b9-93fc8311efba
ee51143d-8ec3-4ce9-b7b1-8c2e84ed9a05,a558c676-742a-40c3-ab74-60a0f34d0c43
389797d1-d3a1-4199-82f4-8141b036ab05,af68b454-0781-4ba1-a037-4444038ef730
c0396c36-9cd6-4978-8e45-35fc6235683a,3b16b9a9-28b5-4421-a419-f2c0a580a622
cbb02108-406e-460a-b658-3b17fa2d9e87,992ae373-a9bc-4ae6-9d74-7082cf0a4c12
cbb02108-406e-460a-b658-3b17fa2d9e87,41d62f31-a92e-4ff2-9981-41f3cf46ebeb
9d05d874-506d-48aa-9eca-f25b9701fa28,6ca59447-c208-40e3-ab57-7edb01549cbf
fbd06dd8-b8df-43cc-990d-060840081aac,6ff9e82a-0eff-4a28-b5c4-68f943508bf2
8c5f3822-0ac7-4d02-ae93-de8d99f47414,6ca59447-c208-40e3-ab57-7edb01549cbf
5ee8e622-60bd-4d60-bdab-1d03b6e2bb41,992ae373-a9bc-4ae6-9d74-7082cf0a4c12
316b679c-7f71-416a-aab3-7de5a6ef4a75,6ca59447-c208-40e3-ab57-7edb01549cbf
3a2d419b-d513-46f4-99fb-a82b45d20136,c4cb37e8-fe1c-4d2b-b0b5-f04a69925d8f
3a2d419b-d513-46f4-99fb-a82b45d20136,0f795c5c-53c8-4974-a826-e83132dd5671
3a2d419b-d513-46f4-99fb-a82b45d20136,992ae373-a9bc-4ae6-9d74-7082cf0a4c12
84d0c878-d912-40d8-85bb-c2272e22bd62,6ca59447-c208-40e3-ab57-7edb01549cbf
ba0041aa-ad74-4fe8-a740-c71c4729dff1,992ae373-a9bc-4ae6-9d74-7082cf0a4c12
ba0041aa-ad74-4fe8-a740-c71c4729dff1,6ff9e82a-0eff-4a28-b5c4-68f943508bf2
ba0041aa-ad74-4fe8-a740-c71c4729dff1,9d902a90-2e2d-4921-9d40-b5c18c6fe7ec
a08b0297-137a-431d-b565-88e0f260b4f3,6ca59447-c208-40e3-ab57-7edb01549cbf
02b1eb0b-4f3b-4dc6-9282-f2893589e0c9,d8552976-9336-4818-a952-a6ada26a3006
5cf35125-d52b-4147-899c-d67f231d5f12,0956065f-f830-46ce-8db3-7c82b0df46c0
b58d16dc-ad3d-430c-9399-f09ddbcecd02,33f12961-e353-4d14-a7bc-4f20ffad7f00
7f850a48-46fb-4d4e-8cff-847a4f43315d,41d62f31-a92e-4ff2-9981-41f3cf46ebeb
7f850a48-46fb-4d4e-8cff-847a4f43315d,d8552976-9336-4818-a952-a6ada26a3006
262bc1b5-228e-417e-86e6-3a0ff78045a4,6bdd587c-344f-4fb7-b1c6-d48b8b15a2d1
95d3e066-0478-43c9-8878-5944f9b56061,c0616b1c-7741-4f55-9da3-7b115b34481c
59eb52c2-246f-4c17-bbfe-efc0eacc96ec,c0616b1c-7741-4f55-9da3-7b115b34481c
6ebb9da1-17a8-406a-9f5f-fe8d8ea73d49,eddb9f19-4025-4f9a-8d44-a9bf94cb562e
6ebb9da1-17a8-406a-9f5f-fe8d8ea73d49,992ae373-a9bc-4ae6-9d74-7082cf0a4c12
6ebb9da1-17a8-406a-9f5f-fe8d8ea73d49,1f33d527-6045-4358-afd9-602ae8644b43
8167cb9c-08fe-422f-9e3f-8798d5bd9ad1,6ca59447-c208-40e3-ab57-7edb01549cbf
5962c15e-5a06-4534-a2ec-db3131ad82e4,992ae373-a9bc-4ae6-9d74-7082cf0a4c12
5962c15e-5a06-4534-a2ec-db3131ad82e4,ae92de86-1329-4de8-bbcc-f478e9f8628b
3944f94d-d77b-4a8b-8b4e-21eb1f7289d7,ca64a6a5-167f-4dc6-a828-596ec7fb7bcf
42618b6c-458c-4e76-87b5-2619e8a5f670,02257903-92fa-4ef4-8ba7-12758b989472
98b62323-fbc6-4c67-9f44-31069f5d2e1f,5fc091c1-fa87-45b5-878f-8deb38c39f5e
36241a34-9ff8-402d-95a3-b42c9006f7f9,992ae373-a9bc-4ae6-9d74-7082cf0a4c12
36241a34-9ff8-402d-95a3-b42c9006f7f9,41d62f31-a92e-4ff2-9981-41f3cf46ebeb
36241a34-9ff8-402d-95a3-b42c9006f7f9,5115a7f4-c481-4f49-bf54-506badb69a95
03d7ae0f-c38c-4eb4-9a07-11f8d73cd242,6ca59447-c208-40e3-ab57-7edb01549cbf
6d40cc5b-5059-431e-ac0d-69d1d3ee6b77,402d7328-f91d-488a-ad1c-53ecfd349095
fed8b25e-3853-4ee0-9301-493020a5a4c5,6ca59447-c208-40e3-ab57-7edb01549cbf
4823d6bc-3451-46ec-a4f4-6a21310e05f9,992ae373-a9bc-4ae6-9d74-7082cf0a4c12
4823d6bc-3451-46ec-a4f4-6a21310e05f9,9d902a90-2e2d-4921-9d40-b5c18c6fe7ec
f84f7364-516f-4c46-bb04-81b545728ae6,6ca59447-c208-40e3-ab57-7edb01549cbf
8c5741ed-faef-4cba-954e-a00a8dea145b,d8552976-9336-4818-a952-a6ada26a3006
609c68da-6f56-4802-b5ed-8b6cba749b63,35501750-04e3-48bd-bfe4-3aa7d22e3baa
d630b5af-646c-46c7-8160-e4f41398fa71,6359b0bf-3af6-44e9-bf13-71c9fe0ead77
58a9fa75-b406-4e31-888a-16ffb9414141,1f33d527-6045-4358-afd9-602ae8644b43
58a9fa75-b406-4e31-888a-16ffb9414141,3bf75b18-e479-43ff-b40e-b33f5996a5c4
029a779f-c1c4-48a0-b19e-be97350a406d,386c578b-2a53-4c3a-b910-a980fb1773c0
af6924b1-76da-41fe-bb6c-c0967e951d96,6ca59447-c208-40e3-ab57-7edb01549cbf
3fdb8181-6cea-42dc-8524-2a9466152fc3,992ae373-a9bc-4ae6-9d74-7082cf0a4c12
3fdb8181-6cea-42dc-8524-2a9466152fc3,6ff9e82a-0eff-4a28-b5c4-68f943508bf2
92365da4-933e-47b4-99f6-d0c63f886a73,6ccd09a6-df0b-427f-a639-7f3b30134426
82092e2d-3448-4e77-92e3-995f7ee54fa6,5fc091c1-fa87-45b5-878f-8deb38c39f5e
e373e3bf-9829-447b-a7cb-83e9c9c970fa,3b16b9a9-28b5-4421-a419-f2c0a580a622
f92f89a4-cc11-4926-82f6-bd8928254e15,1f33d527-6045-4358-afd9-602ae8644b43
f92f89a4-cc11-4926-82f6-bd8928254e15,6ff9e82a-0eff-4a28-b5c4-68f943508bf2
b220d3a2-d50c-4428-bbf5-5255aadfecd9,ac2f7cb8-fe85-4eec-9dbd-11aab73b200d
be3f9b48-8f98-4206-9350-6732cb28cc36,33f12961-e353-4d14-a7bc-4f20ffad7f00
5f7e92a7-2627-417f-9142-01032faefa51,f5ae86d6-7b29-42fb-b3b0-3b474b2978f5
be36cecd-116e-4c6a-81f7-c230fcf8e2ae,02257903-92fa-4ef4-8ba7-12758b989472
799704b5-72c5-4db3-8245-10bf17ca0c56,636ec317-4c7e-4140-949e-b81cdece4be4
b5931042-a2c5-4376-bb27-9812ec3eaee6,386c578b-2a53-4c3a-b910-a980fb1773c0
3c5d74ef-dae1-4619-9892-392116bc5bb7,41d62f31-a92e-4ff2-9981-41f3cf46ebeb
9072e227-b92c-477a-8caf-cbbaae2dfb13,6ca59447-c208-40e3-ab57-7edb01549cbf
ae16aa2c-24f1-49d1-846d-ec13bbc40620,6ff9e82a-0eff-4a28-b5c4-68f943508bf2
ae16aa2c-24f1-49d1-846d-ec13bbc40620,c9f904db-1282-4b70-a753-596160a1136a
b889704e-a5a2-48fa-9959-f24a16511a0b,943fa8e9-69df-4f6e-8e47-3a81150d8b3d
e013ab98-925b-4041-b380-b5bbf6233591,386c578b-2a53-4c3a-b910-a980fb1773c0
37696e42-9055-420c-b55d-f80c539329f4,386c578b-2a53-4c3a-b910-a980fb1773c0
3b3b54fe-59f0-4da9-94dd-97e4e5d6e62d,9e87af73-6ec7-473e-86b9-93fc8311efba
3b3b54fe-59f0-4da9-94dd-97e4e5d6e62d,eddb9f19-4025-4f9a-8d44-a9bf94cb562e
9675e540-a656-4624-be50-4ee7b8ad8e22,b5489408-529d-4ff3-bc71-57bc4e093158
e2914a59-0186-4062-ac34-39a9ed963bce,02257903-92fa-4ef4-8ba7-12758b989472
dd7a111d-2f04-48a8-a388-f3aac9c0af7b,1f33d527-6045-4358-afd9-602ae8644b43
a545af1e-4204-4212-8a32-ab70187d8793,3b16b9a9-28b5-4421-a419-f2c0a580a622
0f31ce8e-a831-47e0-a44e-a2edbb137327,6ca59447-c208-40e3-ab57-7edb01549cbf
bf2e4867-2370-4e00-ae5c-54b1a2205a56,1f33d527-6045-4358-afd9-602ae8644b43
bf2e4867-2370-4e00-ae5c-54b1a2205a56,c12e9df5-302b-490d-8ee4-c29cb2b55541
d0b5f261-933e-42b1-81a9-dd1ee968ba8a,6ca59447-c208-40e3-ab57-7edb01549cbf
e50d05d1-6e30-4d1d-ac74-cada9f6eda5e,1f33d527-6045-4358-afd9-602ae8644b43
e50d05d1-6e30-4d1d-ac74-cada9f6eda5e,d8552976-9336-4818-a952-a6ada26a3006
8f45cefa-fc4f-4516-a97d-c517f1c65934,6ca59447-c208-40e3-ab57-7edb01549cbf
69b0eb6d-df90-4997-bdcf-514249ffef2a,992ae373-a9bc-4ae6-9d74-7082cf0a4c12
69b0eb6d-df90-4997-bdcf-514249ffef2a,9f6d5b2b-ac1c-4cc3-a7d1-7cedf98b7563
69b0eb6d-df90-4997-bdcf-514249ffef2a,ae92de86-1329-4de8-bbcc-f478e9f8628b
69b0eb6d-df90-4997-bdcf-514249ffef2a,fc1941db-1098-4bd5-a9c7-d9fe8b94172d
d620aa7e-fc2e-4422-8dee-44e0f32fe244,b9f30bc7-6fe4-42ff-81ef-6b73634f7220
c4d249f7-5ec7-4971-a72b-45f3475c99b0,a1edce4a-f996-4933-88a9-fa36cb210a5e
1875b835-f2b0-4f72-861d-986826d4baae,8ccdb142-81ed-489d-94a0-4041bd04a46e
a7db9780-7e82-49fb-9897-3c310c94bf43,02257903-92fa-4ef4-8ba7-12758b989472
01e71f58-1fa0-4199-a1ec-cd1fccb8f7a8,6359b0bf-3af6-44e9-bf13-71c9fe0ead77
c56edb0d-7dbf-4250-aa40-801cc3838bb4,6359b0bf-3af6-44e9-bf13-71c9fe0ead77
5862eb36-03a5-4114-8976-24501745da73,1f33d527-6045-4358-afd9-602ae8644b43
5862eb36-03a5-4114-8976-24501745da73,eddb9f19-4025-4f9a-8d44-a9bf94cb562e
72c27f46-db7f-4ef6-b3c6-ac361d11b8c3,50d749ed-12a3-48bb-88a9-ac8403bdc400
d8183985-649e-49d4-bf8f-edc29f63080d,c7e9d8ec-9ba5-4048-82e7-c3d2ff02eb9b
88661b4b-ef16-4333-aa2b-0e70da90a490,207fe291-5f03-43cd-b528-0e897e3a3159
c19f2427-b52b-4ef1-8585-b466ae176664,d89699f6-85db-4def-8de6-14cb07eb2c43
c19f2427-b52b-4ef1-8585-b466ae176664,1f33d527-6045-4358-afd9-602ae8644b43
b9eed9ee-d195-4d31-9d47-d9f21bbb4818,6bdd587c-344f-4fb7-b1c6-d48b8b15a2d1
d4225d5f-4e17-49a3-92b6-9ed186dd480e,6ca59447-c208-40e3-ab57-7edb01549cbf
1ecdd025-b143-438f-8377-4e23afb125f3,9e87af73-6ec7-473e-86b9-93fc8311efba
1ecdd025-b143-438f-8377-4e23afb125f3,fe8e1adf-281b-493b-a6ec-1b86629a19d7
9158e11a-b972-421d-90d3-a32702f35f18,992ae373-a9bc-4ae6-9d74-7082cf0a4c12
9158e11a-b972-421d-90d3-a32702f35f18,fc1941db-1098-4bd5-a9c7-d9fe8b94172d
418ad2d9-8323-4ec9-a307-1fd21e736c2c,6ca59447-c208-40e3-ab57-7edb01549cbf
495fe79d-da1a-46c5-bb3a-01651431cf02,6ca59447-c208-40e3-ab57-7edb01549cbf
9a09a898-5afe-4047-b70a-100575eb7ed1,992ae373-a9bc-4ae6-9d74-7082cf0a4c12
9a09a898-5afe-4047-b70a-100575eb7ed1,72f27659-ea6c-40a3-9f2d-dfe7d82c853b
9a09a898-5afe-4047-b70a-100575eb7ed1,f137d46d-5bac-404d-bfc9-d9fb8fc8a734
c1ea72a4-b37d-4277-a198-a735133a7786,6ca59447-c208-40e3-ab57-7edb01549cbf
0855cbaa-6430-4718-b77c-ee60b9b6b0f5,992ae373-a9bc-4ae6-9d74-7082cf0a4c12
eaf9a975-3759-41a2-8f0d-5c345830fc00,6ca59447-c208-40e3-ab57-7edb01549cbf
50fefb15-2e56-47d3-8260-706906cbefac,a935ba3a-86b5-400c-8948-e6375e9fc3fe
50fefb15-2e56-47d3-8260-706906cbefac,d89699f6-85db-4def-8de6-14cb07eb2c43
50fefb15-2e56-47d3-8260-706906cbefac,732d99fe-5806-481a-9bb4-8dff7085bfd4
3512e3e2-0da4-472c-a293-29a9645444c9,386c578b-2a53-4c3a-b910-a980fb1773c0
e6a0e2f4-1608-4163-8c6e-7707a85f7dfb,8ccdb142-81ed-489d-94a0-4041bd04a46e
d116c48f-0a5d-4294-8042-c6b013de3e33,0d262eed-551e-45d0-983c-bca05eabe980
0d76f8a2-a378-43c4-866a-7787af3e2430,abc6c08b-0d8b-4b68-9a5e-18e8122308ca
cc02a503-9f7d-4468-9912-2c3f0a2afea0,5fc091c1-fa87-45b5-878f-8deb38c39f5e
8410940e-f74b-45b6-ab01-abd6e0a2e01b,6ca59447-c208-40e3-ab57-7edb01549cbf
5a1f9c93-fd5c-46da-8ae1-5372b98ae2f6,992ae373-a9bc-4ae6-9d74-7082cf0a4c12
5a1f9c93-fd5c-46da-8ae1-5372b98ae2f6,72f27659-ea6c-40a3-9f2d-dfe7d82c853b
5a1f9c93-fd5c-46da-8ae1-5372b98ae2f6,ae92de86-1329-4de8-bbcc-f478e9f8628b
6bae4a44-9884-4920-b27a-62399e4dfd99,3b16b9a9-28b5-4421-a419-f2c0a580a622
1318e0ec-5991-48b0-aede-762996f67d2e,af68b454-0781-4ba1-a037-4444038ef730
cf9ae7fd-c753-4f29-bd98-a17f45f99e2d,d89699f6-85db-4def-8de6-14cb07eb2c43
cf9ae7fd-c753-4f29-bd98-a17f45f99e2d,0663a94d-7fc1-4427-9cdd-86e299c0fe86
51ced610-e80f-4fc5-b1bb-c664324ad11a,6ca59447-c208-40e3-ab57-7edb01549cbf
c5c3c650-08d2-45c5-9aed-5e10a889bd2d,fe8e1adf-281b-493b-a6ec-1b86629a19d7
13145823-6f03-479e-b19f-6d4e9ad1bf8f,6ca59447-c208-40e3-ab57-7edb01549cbf
28e68001-d266-44cf-b5bf-dd5f676c0f9f,992ae373-a9bc-4ae6-9d74-7082cf0a4c12
28e68001-d266-44cf-b5bf-dd5f676c0f9f,1f33d527-6045-4358-afd9-602ae8644b43
f741a0d7-b02a-42ae-a8dc-8b49fcf1ff29,cde9a632-6add-43ce-8de9-84ce69637125
748823f9-d256-4aa4-9822-478927d26c44,5fc091c1-fa87-45b5-878f-8deb38c39f5e
e8b86e38-f3d7-4e68-ad49-eac5ff04ddc5,992ae373-a9bc-4ae6-9d74-7082cf0a4c12
e8b86e38-f3d7-4e68-ad49-eac5ff04ddc5,1f33d527-6045-4358-afd9-602ae8644b43
e8b86e38-f3d7-4e68-ad49-eac5ff04ddc5,eddb9f19-4025-4f9a-8d44-a9bf94cb562e
6d398919-c6fa-4eb4-a47b-e687621ab6c2,6ca59447-c208-40e3-ab57-7edb01549cbf
f34ae69f-92fa-448c-9364-84f424cd7e9e,9e87af73-6ec7-473e-86b9-93fc8311efba
41441465-ecb0-462c-ab2c-e203d3af2a68,6ca59447-c208-40e3-ab57-7edb01549cbf
bd2bd165-4bf3-43ab-b600-77cab9925a12,992ae373-a9bc-4ae6-9d74-7082cf0a4c12
8afa562c-3745-4c20-a960-5283402c85cd,6ca59447-c208-40e3-ab57-7edb01549cbf
835e8e47-356b-4079-8e44-ee79767b82e9,992ae373-a9bc-4ae6-9d74-7082cf0a4c12
835e8e47-356b-4079-8e44-ee79767b82e9,ae92de86-1329-4de8-bbcc-f478e9f8628b
4c50a0d2-0855-4345-a445-ff4fa62b43af,6ca59447-c208-40e3-ab57-7edb01549cbf
a7f65248-0cab-411a-9d6a-01a97ecfa8b6,d8552976-9336-4818-a952-a6ada26a3006
47b11e9d-5ee9-4f76-b405-5a688f357f73,6ca59447-c208-40e3-ab57-7edb01549cbf
ba1332f6-4f6f-4a36-b918-91a2bbe9e5c8,3d947f3c-fa03-4667-b09a-25a8f2db2adb
bc6f2b04-c846-4d41-acf6-dd164b361952,aa5350c6-5532-4604-b95c-938b8f7cb95c
65136535-bb46-41b4-b026-400dba072467,1f33d527-6045-4358-afd9-602ae8644b43
65136535-bb46-41b4-b026-400dba072467,baa714b6-c3eb-4ed5-bca3-63d80d0d031e
07af9444-91b7-49f4-b971-4cfb1bb52aa0,6bdd587c-344f-4fb7-b1c6-d48b8b15a2d1
de8a3ccd-b778-445f-aa23-80e7ee0e9114,b4f75e2e-aded-4dd2-8b9c-740be0e9164d
e3e23fb0-964c-4dbf-9260-bb63f642a9e9,d1c30f65-d081-40cd-91e8-193b4c51182a
23e6e996-cf36-4f6d-8051-1e4c26d544d6,ff41c6fa-d1d3-461e-bc14-61438d2fe7d4
b5305602-52a3-4d2d-9935-a701f19c0802,636ec317-4c7e-4140-949e-b81cdece4be4
524e3c52-97fa-4542-aa16-839e2efcaca9,1f33d527-6045-4358-afd9-602ae8644b43
524e3c52-97fa-4542-aa16-839e2efcaca9,9d902a90-2e2d-4921-9d40-b5c18c6fe7ec
11e73920-3770-4dab-a4ca-28c2bd2ef0d6,6ca59447-c208-40e3-ab57-7edb01549cbf
22870884-ff6c-463c-a29a-43f9f563e67a,b213ee87-7a56-4876-ab1a-677ef56efede
4676ccdf-403e-4221-812a-c90152a7c158,02257903-92fa-4ef4-8ba7-12758b989472
694e95f2-5909-439b-a098-106bfef21df7,02257903-92fa-4ef4-8ba7-12758b989472
0e77954a-3b98-4318-8567-ffc23899ce3f,1f33d527-6045-4358-afd9-602ae8644b43
7a14b65d-2290-46fa-8daf-debeb0356e14,c0616b1c-7741-4f55-9da3-7b115b34481c
dca257f7-94f1-41d8-93cc-8b9964d647bd,6e7ec579-d5fc-41c8-82f1-649532a23cb4
dca257f7-94f1-41d8-93cc-8b9964d647bd,0a2353ed-3482-4163-9ca4-46e6cf6ab717
c573a6bf-194c-41d8-9a52-a7a63077bde2,c7e9d8ec-9ba5-4048-82e7-c3d2ff02eb9b
b3c533ba-25fc-4599-b710-f0b393883f02,50d749ed-12a3-48bb-88a9-ac8403bdc400
df8793b0-4746-4e61-989d-3e787e92fa41,8e47f6b9-4a44-4ce0-98bf-f3e7356fa1d2
195669a1-cf7b-4ff5-afca-0a34335cb763,b4f75e2e-aded-4dd2-8b9c-740be0e9164d
7094dfc6-92c7-41aa-8d79-493f6d2c150b,992ae373-a9bc-4ae6-9d74-7082cf0a4c12
7094dfc6-92c7-41aa-8d79-493f6d2c150b,0a2353ed-3482-4163-9ca4-46e6cf6ab717
3da3206d-0337-4c08-8461-8110c600afe7,0956065f-f830-46ce-8db3-7c82b0df46c0
25fcd0b6-5a38-4f59-b95a-a8e9a23d66bc,1bcd244a-c2a5-4a4e-8572-b7459305a8b1
0e6e208b-1cff-42ff-b680-f8508a12932c,a1edce4a-f996-4933-88a9-fa36cb210a5e
499177bb-cc73-4268-adf1-f09daaa2afe1,1f33d527-6045-4358-afd9-602ae8644b43
a34a7993-96ab-4afe-ac2c-d0a860a80c05,3b16b9a9-28b5-4421-a419-f2c0a580a622
4a923d18-b074-4a51-b192-7afde0b1d7eb,6ca59447-c208-40e3-ab57-7edb01549cbf
e763c066-4f3d-43d1-8977-855b467ae527,6ff9e82a-0eff-4a28-b5c4-68f943508bf2
e763c066-4f3d-43d1-8977-855b467ae527,992ae373-a9bc-4ae6-9d74-7082cf0a4c12
886978b8-b13c-4312-a1ef-aa8fca5f14fb,9e81cd13-e8cd-4e2a-93bc-7ab8e87c20d9
e0ee2750-b1f5-46cb-b456-07d75bf7c1b1,10ff94b7-bad0-4bf5-a0cd-921c05b38863
2aac2686-8f02-42cd-a036-65f73250aa19,d89699f6-85db-4def-8de6-14cb07eb2c43
1cc80267-20c9-44a6-920a-81323cad85bf,6ca59447-c208-40e3-ab57-7edb01549cbf
74c18b42-e193-4def-8c2b-15a94708121d,9d902a90-2e2d-4921-9d40-b5c18c6fe7ec
d4dd8fe2-ec6b-4ba9-a015-1b02f92ff3ff,e47cd590-4bd7-4399-a7ec-b5c1838ed835
abb1f79c-b6dc-4597-8aa9-98560dfe81c8,abc6c08b-0d8b-4b68-9a5e-18e8122308ca
542f3d7b-6036-42a9-bc87-0d2807c39edc,cc81e6bc-9247-4f0e-9eb4-ca3900ac7217
bc1b8c6d-cc41-41d0-bb8e-a7eb0682635d,d8552976-9336-4818-a952-a6ada26a3006
bc1b8c6d-cc41-41d0-bb8e-a7eb0682635d,eddb9f19-4025-4f9a-8d44-a9bf94cb562e
a231e9de-5215-446a-ab98-04f32f203094,33f12961-e353-4d14-a7bc-4f20ffad7f00
aa8c373a-fa21-479f-8ccf-563097101680,a1edce4a-f996-4933-88a9-fa36cb210a5e
f1e3cbcb-6159-432d-92cc-e2755dc4018f,386c578b-2a53-4c3a-b910-a980fb1773c0
675c0695-306d-4241-84a9-8051e031d928,1f33d527-6045-4358-afd9-602ae8644b43
f192a1c5-a80d-40bd-a086-a8e856408b15,12e1702a-7623-4b11-a224-44601b67328c
a6bb3ce6-9ca6-41ba-98fc-301f91bc084c,e1f048ba-5b3e-4c91-9caf-28dca91525cf
78faa9b2-86b4-4f74-b697-9905b96e06f5,20bc1485-d0c4-4b2b-b0b4-c282c203431a
a673ce53-1712-4611-bf7f-7546814fe8f9,3b16b9a9-28b5-4421-a419-f2c0a580a622
c71af17f-8176-491b-b23a-a91db98bc0ec,1f33d527-6045-4358-afd9-602ae8644b43
c71af17f-8176-491b-b23a-a91db98bc0ec,992ae373-a9bc-4ae6-9d74-7082cf0a4c12
835e8e47-356b-4079-8e44-ee79767b82e9,1f33d527-6045-4358-afd9-602ae8644b43
e7bd597f-bac6-43e7-ac51-5936de8c3113,6ca59447-c208-40e3-ab57-7edb01549cbf
2a2a29ff-28f5-4dd8-ac3c-a7ba71095048,992ae373-a9bc-4ae6-9d74-7082cf0a4c12
2a2a29ff-28f5-4dd8-ac3c-a7ba71095048,ae92de86-1329-4de8-bbcc-f478e9f8628b
2a2a29ff-28f5-4dd8-ac3c-a7ba71095048,4c9945e5-4487-40d3-ac4d-0f39caa452c4
a4ecd0a9-6e81-42df-bc4c-fa169ffa1d3c,6ca59447-c208-40e3-ab57-7edb01549cbf
da8eb691-3618-4710-abd7-b7a29ec1192f,992ae373-a9bc-4ae6-9d74-7082cf0a4c12
da8eb691-3618-4710-abd7-b7a29ec1192f,94d3c2e4-6c9d-45de-9663-14be2dcabf8d
5b80cb17-39ee-483b-8a9a-6231b1b45961,d1c30f65-d081-40cd-91e8-193b4c51182a
d9c42ddc-cccf-42d6-a840-33e5fdd273ad,992ae373-a9bc-4ae6-9d74-7082cf0a4c12
d9c42ddc-cccf-42d6-a840-33e5fdd273ad,b47cb9fd-b9c9-4d77-916d-93ed0c1a1879
1c16d3ae-25a6-4c9a-9ad9-8516a713cd34,c7e9d8ec-9ba5-4048-82e7-c3d2ff02eb9b
26c9999b-900f-4fcc-8601-a858e411733b,6ca59447-c208-40e3-ab57-7edb01549cbf
25531a8d-84e7-48c8-a2e0-d564872b696a,d89699f6-85db-4def-8de6-14cb07eb2c43
25531a8d-84e7-48c8-a2e0-d564872b696a,69b294ca-7d15-4303-9762-216ec08f824e
790d52ec-60d8-4f45-9593-fca7e956d68e,6ca59447-c208-40e3-ab57-7edb01549cbf
dbeed139-6984-4f5d-9cd8-d521c6ad630a,9f6d5b2b-ac1c-4cc3-a7d1-7cedf98b7563
dbeed139-6984-4f5d-9cd8-d521c6ad630a,6ff9e82a-0eff-4a28-b5c4-68f943508bf2
cc95f1a2-5800-4c75-a101-d47b6e44d497,6ca59447-c208-40e3-ab57-7edb01549cbf
c28ead8f-dcb3-448c-acd3-80298e92e45c,0663a94d-7fc1-4427-9cdd-86e299c0fe86
46dceba2-19db-452d-8475-15053e58cb5b,e47cd590-4bd7-4399-a7ec-b5c1838ed835
92c44848-f26a-4cfe-a36a-31d154186421,1e0f1986-faed-4875-a21d-c3454979c0ff
e130c6ca-4353-4956-b00d-c53d594ae204,1f33d527-6045-4358-afd9-602ae8644b43
e130c6ca-4353-4956-b00d-c53d594ae204,8ccdb142-81ed-489d-94a0-4041bd04a46e
c6b2db9f-1b69-444a-b2a9-402af0cb6e84,c0616b1c-7741-4f55-9da3-7b115b34481c
72aa301a-f282-4bc6-a02b-2996bee7ff1e,aef4dfc9-2813-4a22-a2e2-92b10b9e7d01
5fa6672b-02d2-4eb0-b116-dfe07eb83691,6e7ec579-d5fc-41c8-82f1-649532a23cb4
5fa6672b-02d2-4eb0-b116-dfe07eb83691,9e87af73-6ec7-473e-86b9-93fc8311efba
5fa6672b-02d2-4eb0-b116-dfe07eb83691,d89699f6-85db-4def-8de6-14cb07eb2c43
5de400c3-1843-4d01-94c9-ca8803ee8c1f,386c578b-2a53-4c3a-b910-a980fb1773c0
a378be6d-1a21-4190-9dd8-5b46780cb6cc,ae92de86-1329-4de8-bbcc-f478e9f8628b
938e5bba-ce4e-4e35-aba0-43b905bb679c,6ca59447-c208-40e3-ab57-7edb01549cbf
98a75146-7fd4-4d19-9235-4a45d5b0ad60,cde9a632-6add-43ce-8de9-84ce69637125
5aad56bb-440e-4fca-9785-2a0f58d0d84f,5fc091c1-fa87-45b5-878f-8deb38c39f5e
8d5f66f5-5f83-4d4d-ba3a-be39795e7a2a,eddb9f19-4025-4f9a-8d44-a9bf94cb562e
8d5f66f5-5f83-4d4d-ba3a-be39795e7a2a,a558c676-742a-40c3-ab74-60a0f34d0c43
5caa01d8-b0b0-4d4e-ba1b-d9ca78709b59,6ca59447-c208-40e3-ab57-7edb01549cbf
79e0b776-5689-4108-a9e3-c45ab261706f,eddb9f19-4025-4f9a-8d44-a9bf94cb562e
949dfbef-6fea-4e78-9e60-e0f3297ed7c5,c7e9d8ec-9ba5-4048-82e7-c3d2ff02eb9b
9efdccee-25b6-4e0c-996d-5da7d70d3562,d1c30f65-d081-40cd-91e8-193b4c51182a
02afa2c7-1a19-451c-9825-4a67311bbbfb,f137d46d-5bac-404d-bfc9-d9fb8fc8a734
02afa2c7-1a19-451c-9825-4a67311bbbfb,72f27659-ea6c-40a3-9f2d-dfe7d82c853b
02afa2c7-1a19-451c-9825-4a67311bbbfb,3ede1470-2ccd-442a-9411-0f2f431639e4
08a2f897-1fe4-490f-ba75-333c2a3217e0,6ca59447-c208-40e3-ab57-7edb01549cbf
2832a31f-1877-4156-accf-a2485c9b60c8,a935ba3a-86b5-400c-8948-e6375e9fc3fe
2832a31f-1877-4156-accf-a2485c9b60c8,6ff9e82a-0eff-4a28-b5c4-68f943508bf2
2832a31f-1877-4156-accf-a2485c9b60c8,ae92de86-1329-4de8-bbcc-f478e9f8628b
011d11c5-65d1-4da6-b697-0621c015de22,6ca59447-c208-40e3-ab57-7edb01549cbf
37c87730-8f3e-437f-9cf2-3d3a9685e3a8,eddb9f19-4025-4f9a-8d44-a9bf94cb562e
76edba28-d758-403b-95ec-52e0c754234e,f0bb5458-7dbd-465f-b961-41c32297788d
be7867f7-5c44-4a50-98ce-740688590262,ff41c6fa-d1d3-461e-bc14-61438d2fe7d4
c9d97ffa-dcbb-460a-8c5a-9dd6b3d6e0b9,1f33d527-6045-4358-afd9-602ae8644b43
3ae0066a-3408-41cb-8f10-21155c845223,3b16b9a9-28b5-4421-a419-f2c0a580a622
8ad63542-9d4f-417e-883d-77f41eb60c16,c0cdd49a-91fd-4557-95e5-236e2a601286
6438b1f8-17b7-4e91-b430-9f75342a3f8c,3b16b9a9-28b5-4421-a419-f2c0a580a622
d8824fe0-2189-4f38-af0c-86a2fb4f87a0,1f33d527-6045-4358-afd9-602ae8644b43
d43c47f2-6106-4556-9d36-836a5fd95917,3b16b9a9-28b5-4421-a419-f2c0a580a622
3059700e-502c-4f1b-8af2-3bdbedbacaef,0d262eed-551e-45d0-983c-bca05eabe980
9d4513c8-3669-43e3-9634-e371422a79c8,0d89cd97-9e1b-4cb3-89fc-6773540db9e8
bfb25c75-739b-4824-bc0c-bb5cd5c24580,1f33d527-6045-4358-afd9-602ae8644b43
738621e5-fdb9-4e7e-9a58-93eb370db101,0d262eed-551e-45d0-983c-bca05eabe980
951bc733-ab32-4a9f-a624-6ddfa938e26b,33f12961-e353-4d14-a7bc-4f20ffad7f00
44130633-72c9-4fc1-bb1a-8104497564ba,3b16b9a9-28b5-4421-a419-f2c0a580a622
1a9f914d-a08d-48a9-a792-18f801630e68,1f33d527-6045-4358-afd9-602ae8644b43
a14e41d9-ffc4-4e40-87f4-9e2b02a22ca5,6ca59447-c208-40e3-ab57-7edb01549cbf
52cfe80c-017c-4af5-844b-0606873d5249,4c9945e5-4487-40d3-ac4d-0f39caa452c4
b9b82bcb-70f6-42bb-bcb4-1746f3569707,d4dbb265-4812-4b6c-a0fd-bab873e1106b
71882962-dd23-4b93-b791-bb3fcc73fdb9,02257903-92fa-4ef4-8ba7-12758b989472
8a6f3d1a-e141-44ad-bc39-58dabe745fe1,b41e3b3e-d27b-4705-b8c7-592b89508e12
eb368b44-1d59-4cae-9e15-0733d87fd178,41d62f31-a92e-4ff2-9981-41f3cf46ebeb
eb368b44-1d59-4cae-9e15-0733d87fd178,ae92de86-1329-4de8-bbcc-f478e9f8628b
eb368b44-1d59-4cae-9e15-0733d87fd178,992ae373-a9bc-4ae6-9d74-7082cf0a4c12
46ce7084-e660-4fcd-af57-abdd538d6734,e1f048ba-5b3e-4c91-9caf-28dca91525cf
52312936-7357-4982-ba88-a23aa8f4dfd6,636ec317-4c7e-4140-949e-b81cdece4be4
e9b35b24-6c13-47be-8f8e-d6751494a16e,f137d46d-5bac-404d-bfc9-d9fb8fc8a734
d3a9d33b-1f3b-4ac5-b1fe-7d7fff9dd158,c0616b1c-7741-4f55-9da3-7b115b34481c
28ea8752-5e3b-467f-9ae6-9c7175d6628c,d1c30f65-d081-40cd-91e8-193b4c51182a
a83c95bc-0095-41e7-964f-f9d2f5ee65cf,ff41c6fa-d1d3-461e-bc14-61438d2fe7d4
e559ed69-58ed-4a78-939d-0877f11504a1,9e87af73-6ec7-473e-86b9-93fc8311efba
e559ed69-58ed-4a78-939d-0877f11504a1,f137d46d-5bac-404d-bfc9-d9fb8fc8a734
ee221410-b6cd-43e4-bd93-c5db374d7c69,6ca59447-c208-40e3-ab57-7edb01549cbf
1ad3580a-3a08-4b93-b097-e531c9376499,992ae373-a9bc-4ae6-9d74-7082cf0a4c12
1ad3580a-3a08-4b93-b097-e531c9376499,6ff9e82a-0eff-4a28-b5c4-68f943508bf2
82ca789e-05c8-47f3-b67c-d816174c38cd,6ca59447-c208-40e3-ab57-7edb01549cbf
70668484-fcad-42a1-b99f-4959a1bc7b9a,992ae373-a9bc-4ae6-9d74-7082cf0a4c12
2eec1a6f-894a-4fa5-846d-f5e625a35fa8,7a8e0e9d-28f2-40d7-8696-9db0a75a628d
ab720093-b5fb-429e-9c4d-523fed3e53d5,cc81e6bc-9247-4f0e-9eb4-ca3900ac7217
7699c503-530a-4363-a807-165434842c7b,9e87af73-6ec7-473e-86b9-93fc8311efba
7699c503-530a-4363-a807-165434842c7b,c12e9df5-302b-490d-8ee4-c29cb2b55541
71d79377-9f4c-40ae-a5de-fec10f4bcb63,6fe661aa-ffec-44c5-8de9-c80eef106e6b
0ba71b6f-7aaa-4368-85e4-6567cec4c2b8,ac2f7cb8-fe85-4eec-9dbd-11aab73b200d
332dc132-eba4-48c1-a77b-ed18391d8d53,40193610-2542-4d28-a63f-078467cb7f0a
a8bd6676-76ba-4069-bbf1-f1ff02645184,992ae373-a9bc-4ae6-9d74-7082cf0a4c12
4f8b7b31-1495-4d8d-96e8-2c66717d3050,6ca59447-c208-40e3-ab57-7edb01549cbf
e4d1ed23-e504-4485-aeda-5e8a1e9999b1,1f33d527-6045-4358-afd9-602ae8644b43
e925c4c4-b474-4d6a-aa61-3ca604ff976a,5fc091c1-fa87-45b5-878f-8deb38c39f5e
ee8dc2fc-09b8-4739-ac46-23c82d12c134,6e7ec579-d5fc-41c8-82f1-649532a23cb4
bb793cc3-cba9-4102-991b-3ef4756593ff,cde9a632-6add-43ce-8de9-84ce69637125
39a54254-de07-4082-8984-e9e1c9b64eda,20bc1485-d0c4-4b2b-b0b4-c282c203431a
65d7804d-10b2-450c-91d2-f2af812e6df5,386c578b-2a53-4c3a-b910-a980fb1773c0
5f33f129-5ad1-40e0-bb83-a51b6038e63c,6ca59447-c208-40e3-ab57-7edb01549cbf
6960e0f9-99a9-4a60-973c-c71d8894bdb9,992ae373-a9bc-4ae6-9d74-7082cf0a4c12
6960e0f9-99a9-4a60-973c-c71d8894bdb9,0a2353ed-3482-4163-9ca4-46e6cf6ab717
a042a774-eed9-4264-8115-cce462dad275,6ca59447-c208-40e3-ab57-7edb01549cbf
6fb3c11a-091a-44ad-8325-7bf8815b2e2b,0663a94d-7fc1-4427-9cdd-86e299c0fe86
11c4669b-f866-46a7-953d-97dd539697ff,6ca59447-c208-40e3-ab57-7edb01549cbf
22047d85-cfd3-4645-8382-b28f31dca5c3,9e87af73-6ec7-473e-86b9-93fc8311efba
22047d85-cfd3-4645-8382-b28f31dca5c3,6e7ec579-d5fc-41c8-82f1-649532a23cb4
c031f846-d1d4-4d96-b780-1418765bdc3e,6ca59447-c208-40e3-ab57-7edb01549cbf
c6e7a769-adcb-49fa-9670-788568012317,992ae373-a9bc-4ae6-9d74-7082cf0a4c12
c6e7a769-adcb-49fa-9670-788568012317,eddb9f19-4025-4f9a-8d44-a9bf94cb562e
c6e7a769-adcb-49fa-9670-788568012317,72f27659-ea6c-40a3-9f2d-dfe7d82c853b
c6e7a769-adcb-49fa-9670-788568012317,ae92de86-1329-4de8-bbcc-f478e9f8628b
60b24b72-d268-46a6-8627-760730b18a3b,6ca59447-c208-40e3-ab57-7edb01549cbf
785debf4-d3cc-442f-8439-fba8bdf8105a,992ae373-a9bc-4ae6-9d74-7082cf0a4c12
785debf4-d3cc-442f-8439-fba8bdf8105a,eddb9f19-4025-4f9a-8d44-a9bf94cb562e
785debf4-d3cc-442f-8439-fba8bdf8105a,72f27659-ea6c-40a3-9f2d-dfe7d82c853b
350be1a5-d949-4093-a8ef-2b5f231248c0,9f6d5b2b-ac1c-4cc3-a7d1-7cedf98b7563
291c8868-e851-40c0-a718-c1c4e2462ee3,6ca59447-c208-40e3-ab57-7edb01549cbf
afc6d0fb-d2dd-4d79-9377-9e46bdfc4b87,6ca59447-c208-40e3-ab57-7edb01549cbf
7e75eebf-521a-4eb7-a404-fe755cd6eb6d,992ae373-a9bc-4ae6-9d74-7082cf0a4c12
7e75eebf-521a-4eb7-a404-fe755cd6eb6d,ae92de86-1329-4de8-bbcc-f478e9f8628b
7e75eebf-521a-4eb7-a404-fe755cd6eb6d,fc1941db-1098-4bd5-a9c7-d9fe8b94172d
1d3957f3-99dd-44c5-9126-5e7a8f731a17,6ca59447-c208-40e3-ab57-7edb01549cbf
a202a9e4-5575-4709-ae8f-a20046bde932,992ae373-a9bc-4ae6-9d74-7082cf0a4c12
a202a9e4-5575-4709-ae8f-a20046bde932,6ff9e82a-0eff-4a28-b5c4-68f943508bf2
bafc34e0-97c7-483d-b736-c4a414dc614a,ca64a6a5-167f-4dc6-a828-596ec7fb7bcf
11f09a59-aa7e-413f-9f5b-6f1921265873,50d749ed-12a3-48bb-88a9-ac8403bdc400
5792292d-dd81-41d2-ad39-1d258988e23c,d89699f6-85db-4def-8de6-14cb07eb2c43
5792292d-dd81-41d2-ad39-1d258988e23c,992ae373-a9bc-4ae6-9d74-7082cf0a4c12
86483d2a-70e7-40cb-806a-b472d1118f2d,6ca59447-c208-40e3-ab57-7edb01549cbf
4df5561e-8c23-4a06-9650-1ed90b7152ba,992ae373-a9bc-4ae6-9d74-7082cf0a4c12
4df5561e-8c23-4a06-9650-1ed90b7152ba,72f27659-ea6c-40a3-9f2d-dfe7d82c853b
4df5561e-8c23-4a06-9650-1ed90b7152ba,f137d46d-5bac-404d-bfc9-d9fb8fc8a734
e967ee68-19c8-417d-8fb9-8544ef8f9860,6ca59447-c208-40e3-ab57-7edb01549cbf
b00e4fc5-f697-41c2-ae68-e2968b59cb70,992ae373-a9bc-4ae6-9d74-7082cf0a4c12
b00e4fc5-f697-41c2-ae68-e2968b59cb70,9f6d5b2b-ac1c-4cc3-a7d1-7cedf98b7563
96be615b-855e-4d12-9b61-35d8f58ef943,50d749ed-12a3-48bb-88a9-ac8403bdc400
5be335c3-96b5-4e3d-9e67-167489341263,9297f5e2-06f8-43dc-9765-87beb4350755
312259ae-973a-48cf-9053-1b43f23e4c98,636ec317-4c7e-4140-949e-b81cdece4be4
0e63b773-08e0-4330-81ba-d535cb4ab3ee,9d902a90-2e2d-4921-9d40-b5c18c6fe7ec
0e63b773-08e0-4330-81ba-d535cb4ab3ee,eddb9f19-4025-4f9a-8d44-a9bf94cb562e
294de302-0fbd-4a00-98e9-0873c27aa2f9,e5c050af-918f-4377-8516-d61383dd7eeb
78c2bc9f-7fbb-4481-9623-e00723c24e0f,6ca59447-c208-40e3-ab57-7edb01549cbf
f37867de-ce55-40ee-9e85-7fc8892c2422,992ae373-a9bc-4ae6-9d74-7082cf0a4c12
f37867de-ce55-40ee-9e85-7fc8892c2422,ae92de86-1329-4de8-bbcc-f478e9f8628b
f37867de-ce55-40ee-9e85-7fc8892c2422,6ff9e82a-0eff-4a28-b5c4-68f943508bf2
f37867de-ce55-40ee-9e85-7fc8892c2422,69b294ca-7d15-4303-9762-216ec08f824e
540f6780-e2a3-45b5-b89d-9e193d2f1c3c,1f33d527-6045-4358-afd9-602ae8644b43
498cb97a-f7b2-4f96-81f5-5d684b362fbf,bf26bafb-f799-4174-bac0-40338f3e8851
4a3f26bf-b001-4515-bf71-48c0b6b9d8d8,7a8e0e9d-28f2-40d7-8696-9db0a75a628d
18cb1afc-e36a-4e7f-8177-00680228d0dd,0d89cd97-9e1b-4cb3-89fc-6773540db9e8
594251a7-21ad-4ed2-bc20-7d7fc0923c99,a1edce4a-f996-4933-88a9-fa36cb210a5e
5e3a9059-1934-42af-becc-1ed361361021,386c578b-2a53-4c3a-b910-a980fb1773c0
30e85395-13aa-461f-96e7-7f9506a78231,91f5ef84-d09b-4a54-a729-b6abe973e128
788e4e6b-94fe-4be5-ac89-b9401bb5d9a5,0a2353ed-3482-4163-9ca4-46e6cf6ab717
788e4e6b-94fe-4be5-ac89-b9401bb5d9a5,fc1941db-1098-4bd5-a9c7-d9fe8b94172d
788e4e6b-94fe-4be5-ac89-b9401bb5d9a5,1f33d527-6045-4358-afd9-602ae8644b43
fb267eef-637f-459e-b12a-252d07d065e3,992ae373-a9bc-4ae6-9d74-7082cf0a4c12
fb267eef-637f-459e-b12a-252d07d065e3,ae92de86-1329-4de8-bbcc-f478e9f8628b
30775557-d7ba-4e5a-ade9-fe7263933e20,6ca59447-c208-40e3-ab57-7edb01549cbf
9f7aef19-19fd-49c3-a6cc-1a315030ddc5,6ca59447-c208-40e3-ab57-7edb01549cbf
ddf612b3-2120-4f65-a63d-fbc65433e494,992ae373-a9bc-4ae6-9d74-7082cf0a4c12
ddf612b3-2120-4f65-a63d-fbc65433e494,fc1941db-1098-4bd5-a9c7-d9fe8b94172d
ddf612b3-2120-4f65-a63d-fbc65433e494,ae92de86-1329-4de8-bbcc-f478e9f8628b
468db0fb-26a0-46a7-9fe9-a6992cbfc4cf,aa5350c6-5532-4604-b95c-938b8f7cb95c
eb68cafd-1607-4657-9afb-dd9bfec6f97c,8d82500d-abce-4859-889f-991e369704e8
588fd2b3-2133-4be7-a837-db7c058a8ef8,8d82500d-abce-4859-889f-991e369704e8
458b40da-ed08-4b06-82fa-5f3674d102b8,992ae373-a9bc-4ae6-9d74-7082cf0a4c12
458b40da-ed08-4b06-82fa-5f3674d102b8,9d902a90-2e2d-4921-9d40-b5c18c6fe7ec
458b40da-ed08-4b06-82fa-5f3674d102b8,1f33d527-6045-4358-afd9-602ae8644b43
6f2180e6-c6a6-4f87-9772-c555e80e92ce,1ce37d28-4cb6-49c3-8d5b-21b9d23119e2
4c7e9219-16af-415a-b70a-bc14deef863b,6359b0bf-3af6-44e9-bf13-71c9fe0ead77
74b7cbd5-d266-4559-b302-171700149a3d,dca26f5a-6485-43d1-9b87-82b066477f04
1a67dce0-9c67-48d2-bea1-5868732f8a45,d89699f6-85db-4def-8de6-14cb07eb2c43
80b983f6-2bde-4252-a305-bf72ab24bcba,719913bd-dde4-4607-86ee-4f918d35794f
4c6af1f8-8661-49b7-bcea-b26305850305,6359b0bf-3af6-44e9-bf13-71c9fe0ead77
fc35e354-ab59-43cf-8742-a2354d89b461,40193610-2542-4d28-a63f-078467cb7f0a
01974b34-e0fc-452c-8c21-445cbbea478e,eddb9f19-4025-4f9a-8d44-a9bf94cb562e
d6046f51-2e68-4ac8-a471-de7f1da7b811,ac2f7cb8-fe85-4eec-9dbd-11aab73b200d
53260667-22c7-4f14-bb19-7cc9207d6eda,6ca59447-c208-40e3-ab57-7edb01549cbf
8591159d-1b31-48c4-97d3-17c0012a27d1,992ae373-a9bc-4ae6-9d74-7082cf0a4c12
8591159d-1b31-48c4-97d3-17c0012a27d1,f137d46d-5bac-404d-bfc9-d9fb8fc8a734
8591159d-1b31-48c4-97d3-17c0012a27d1,6ff9e82a-0eff-4a28-b5c4-68f943508bf2
8591159d-1b31-48c4-97d3-17c0012a27d1,0a2353ed-3482-4163-9ca4-46e6cf6ab717
ebc50f01-9c6e-422f-961d-fac081ef0f9d,6ca59447-c208-40e3-ab57-7edb01549cbf
c51131c7-2ead-4cfc-b760-030592d85bf5,9d902a90-2e2d-4921-9d40-b5c18c6fe7ec
c51131c7-2ead-4cfc-b760-030592d85bf5,992ae373-a9bc-4ae6-9d74-7082cf0a4c12
7fea1b98-3a4b-43d1-ae9e-8aaf90620f58,6ca59447-c208-40e3-ab57-7edb01549cbf
784bebfe-78dc-472d-9617-1c6c0e73ba4f,6ff9e82a-0eff-4a28-b5c4-68f943508bf2
ba751bab-3f16-4bc9-ae5c-89c7b80f7656,3d947f3c-fa03-4667-b09a-25a8f2db2adb
87a4329c-01be-462b-98ca-2a8850f13f99,a0ec4670-47c0-48d5-a9a0-c2012e886b58
462c04d5-9ae8-408b-9681-182100f05f90,992ae373-a9bc-4ae6-9d74-7082cf0a4c12
462c04d5-9ae8-408b-9681-182100f05f90,1f33d527-6045-4358-afd9-602ae8644b43
462c04d5-9ae8-408b-9681-182100f05f90,f4053f71-94b5-40b2-92bd-fb588127fe38
9c814eae-fdab-4875-9a7b-f3b3a5743019,8d82500d-abce-4859-889f-991e369704e8
6e9fca88-e4ef-4fc4-9c7b-bdc25d113797,6ca59447-c208-40e3-ab57-7edb01549cbf
16ece7c4-74db-426d-97b3-fe4153d90b55,992ae373-a9bc-4ae6-9d74-7082cf0a4c12
16ece7c4-74db-426d-97b3-fe4153d90b55,fc1941db-1098-4bd5-a9c7-d9fe8b94172d
708feb2c-f4e0-4682-9114-7de9b885e368,992ae373-a9bc-4ae6-9d74-7082cf0a4c12
1bb8e265-986c-4225-b1a2-c857983a77e3,6ca59447-c208-40e3-ab57-7edb01549cbf
9c5995d5-c4f2-499c-a139-c302a5910ad2,6ca59447-c208-40e3-ab57-7edb01549cbf
2c2ada80-6934-4200-8d7d-9c9c8e6b04a3,992ae373-a9bc-4ae6-9d74-7082cf0a4c12
2c2ada80-6934-4200-8d7d-9c9c8e6b04a3,72f27659-ea6c-40a3-9f2d-dfe7d82c853b
2c2ada80-6934-4200-8d7d-9c9c8e6b04a3,f137d46d-5bac-404d-bfc9-d9fb8fc8a734
7fd6c7f3-3da6-4e5d-acd8-af9d81677779,6ca59447-c208-40e3-ab57-7edb01549cbf
daedd2b8-91b8-453b-803e-111861089a4a,9f6d5b2b-ac1c-4cc3-a7d1-7cedf98b7563
18c483b5-11f8-45b5-b336-98b1fc980011,38fb6d40-46f1-4b8f-8b19-6769e6e92687
c57f1496-3310-47c0-8147-2816fdb62f3b,992ae373-a9bc-4ae6-9d74-7082cf0a4c12
c57f1496-3310-47c0-8147-2816fdb62f3b,72f27659-ea6c-40a3-9f2d-dfe7d82c853b
c57f1496-3310-47c0-8147-2816fdb62f3b,1f33d527-6045-4358-afd9-602ae8644b43
7bc1d40f-920a-4ebe-936f-822f2e55e5de,89816960-209a-4338-98c2-15cd395dd76b
24c3dda8-bfdd-4b84-8f4a-4f450042fa67,643d43fe-baa8-4b50-937f-1afb03bd76e9
69049432-b726-41ef-87c8-54853c1df377,f77c85d9-e35a-426d-a5eb-256816aafe9f
c7f89cfa-c87e-4fe0-823a-bdcebf7da166,992ae373-a9bc-4ae6-9d74-7082cf0a4c12
c7f89cfa-c87e-4fe0-823a-bdcebf7da166,eddb9f19-4025-4f9a-8d44-a9bf94cb562e
c7f89cfa-c87e-4fe0-823a-bdcebf7da166,1f33d527-6045-4358-afd9-602ae8644b43
41556542-2c96-450b-bdd6-29e70c6e1873,f413d6b6-6542-41fc-940c-6177cf5606aa
450fe9b8-95c9-450c-8df2-9bcad2792116,386c578b-2a53-4c3a-b910-a980fb1773c0
37ea5987-12cc-402d-a579-d56a7ac53f2f,fc1941db-1098-4bd5-a9c7-d9fe8b94172d
37ea5987-12cc-402d-a579-d56a7ac53f2f,254b263b-b58f-4212-b381-33c85da3e4c9
ab3be98d-33a7-43f9-9769-69fafe9521b0,6ca59447-c208-40e3-ab57-7edb01549cbf
ebab7f84-d108-4c6c-abe2-5b66de76935c,4c9945e5-4487-40d3-ac4d-0f39caa452c4
ebab7f84-d108-4c6c-abe2-5b66de76935c,9e87af73-6ec7-473e-86b9-93fc8311efba
77152c28-dd4e-4991-bb18-1cac8248c0b6,6ff9e82a-0eff-4a28-b5c4-68f943508bf2
77152c28-dd4e-4991-bb18-1cac8248c0b6,4c9945e5-4487-40d3-ac4d-0f39caa452c4
d966c648-4dd7-4b4d-87cb-878462298635,6ca59447-c208-40e3-ab57-7edb01549cbf
b091afc6-3e0d-435f-be55-bc3a2dc49b99,943fa8e9-69df-4f6e-8e47-3a81150d8b3d
49eabb09-075b-4c5a-a596-8b13fa3ee800,dca26f5a-6485-43d1-9b87-82b066477f04
fd200352-5377-4812-aff4-2d011bdadae7,6ff9e82a-0eff-4a28-b5c4-68f943508bf2
fd200352-5377-4812-aff4-2d011bdadae7,992ae373-a9bc-4ae6-9d74-7082cf0a4c12
fd200352-5377-4812-aff4-2d011bdadae7,1f33d527-6045-4358-afd9-602ae8644b43
9b0a749d-9bfb-41e4-a675-698e92012ce7,af68b454-0781-4ba1-a037-4444038ef730
a182b3e3-3884-4ccd-93da-37a15af64468,f4053f71-94b5-40b2-92bd-fb588127fe38
a182b3e3-3884-4ccd-93da-37a15af64468,1f33d527-6045-4358-afd9-602ae8644b43
0610063f-75d2-458f-acf7-ba9f843eef4c,3b16b9a9-28b5-4421-a419-f2c0a580a622
1ae3716a-1d8a-48b3-b641-304d08a7145f,6ca59447-c208-40e3-ab57-7edb01549cbf
7735e375-3ed1-4f73-b3a5-aaddb064eaa7,992ae373-a9bc-4ae6-9d74-7082cf0a4c12
7735e375-3ed1-4f73-b3a5-aaddb064eaa7,eddb9f19-4025-4f9a-8d44-a9bf94cb562e
1a2429f9-83ec-456b-af1a-66ef40b7dc36,c0616b1c-7741-4f55-9da3-7b115b34481c
562c3d68-e1fe-4741-b26d-ab62e7ddedd7,c0616b1c-7741-4f55-9da3-7b115b34481c
5906e4cb-6511-4288-9336-25396f73ae4c,1f33d527-6045-4358-afd9-602ae8644b43
5906e4cb-6511-4288-9336-25396f73ae4c,ae92de86-1329-4de8-bbcc-f478e9f8628b
91f0bbd6-43da-472e-bb7c-efd8118c51d7,c0616b1c-7741-4f55-9da3-7b115b34481c
190d9792-22ba-4012-ba88-11aa0bbd9a58,c0616b1c-7741-4f55-9da3-7b115b34481c
a8346221-32b5-4446-9eb2-d87d8b3dd2d3,d89699f6-85db-4def-8de6-14cb07eb2c43
a8346221-32b5-4446-9eb2-d87d8b3dd2d3,992ae373-a9bc-4ae6-9d74-7082cf0a4c12
8646215d-9c06-400b-bbb9-6d63528b3e4a,6ca59447-c208-40e3-ab57-7edb01549cbf
0eca28cb-9a47-4d79-ba11-c864e52c5dc2,992ae373-a9bc-4ae6-9d74-7082cf0a4c12
0eca28cb-9a47-4d79-ba11-c864e52c5dc2,efde0ce9-21df-44b4-ba54-c6d738ec2e64
0eca28cb-9a47-4d79-ba11-c864e52c5dc2,ae92de86-1329-4de8-bbcc-f478e9f8628b
2bffe5e1-563e-4f27-92ab-4889223a95fe,6ca59447-c208-40e3-ab57-7edb01549cbf
db51a3f3-8554-4fe2-82de-0bc1e7e37b28,9f6d5b2b-ac1c-4cc3-a7d1-7cedf98b7563
db51a3f3-8554-4fe2-82de-0bc1e7e37b28,ae92de86-1329-4de8-bbcc-f478e9f8628b
c21ac625-deca-456c-a043-823c97ff53f4,6ca59447-c208-40e3-ab57-7edb01549cbf
f2b2fd98-8304-4507-acfe-3808be8e7384,ae92de86-1329-4de8-bbcc-f478e9f8628b
c89eeaa5-c118-41c4-879e-a989f52f01f3,0956065f-f830-46ce-8db3-7c82b0df46c0
afb79b2c-569c-4c33-ac25-8bac1de3dd67,6bdd587c-344f-4fb7-b1c6-d48b8b15a2d1
3a178187-7c57-4f24-8ce0-3444581b74d3,33f12961-e353-4d14-a7bc-4f20ffad7f00
c1617139-3d67-4aee-9228-e93ad44a24c4,1f33d527-6045-4358-afd9-602ae8644b43
b1c1effe-b060-4582-829f-d4773fa2de87,c7e9d8ec-9ba5-4048-82e7-c3d2ff02eb9b
1a792d66-61f2-4b61-b0f6-6ed138a779c3,38fb6d40-46f1-4b8f-8b19-6769e6e92687
0d6cf384-2dd1-4fb3-9085-ba30fcc54d79,3b16b9a9-28b5-4421-a419-f2c0a580a622
2b34172e-84de-4f03-8471-bf536e362905,d89699f6-85db-4def-8de6-14cb07eb2c43
2b34172e-84de-4f03-8471-bf536e362905,992ae373-a9bc-4ae6-9d74-7082cf0a4c12
e777bb42-1192-40c9-a473-196992702a5f,6ca59447-c208-40e3-ab57-7edb01549cbf
ace44238-d6b4-4b87-bdb9-ca7d76acae93,d8552976-9336-4818-a952-a6ada26a3006
ace44238-d6b4-4b87-bdb9-ca7d76acae93,a935ba3a-86b5-400c-8948-e6375e9fc3fe
ace44238-d6b4-4b87-bdb9-ca7d76acae93,732d99fe-5806-481a-9bb4-8dff7085bfd4
daedd2b8-91b8-453b-803e-111861089a4a,6ff9e82a-0eff-4a28-b5c4-68f943508bf2
4f1c0ffc-c4e7-432e-9ca7-5cce9e264745,4c9945e5-4487-40d3-ac4d-0f39caa452c4
03843d60-37f9-4025-a58a-525bcfb1aae1,6ca59447-c208-40e3-ab57-7edb01549cbf
06fe1833-e7ee-4015-8a26-143ce6b0c168,b41e3b3e-d27b-4705-b8c7-592b89508e12
0f2615e6-7bfe-48d4-a185-e11381c36167,1f33d527-6045-4358-afd9-602ae8644b43
0f2615e6-7bfe-48d4-a185-e11381c36167,6ff9e82a-0eff-4a28-b5c4-68f943508bf2
0f2615e6-7bfe-48d4-a185-e11381c36167,eddb9f19-4025-4f9a-8d44-a9bf94cb562e
57adc837-ee63-4781-88bb-eae0c438d7be,05189b57-cd02-4472-9e21-bd3b54ab5dd6
3ca3f0f3-e626-497d-b792-c2ae688ef646,6ca59447-c208-40e3-ab57-7edb01549cbf
c2edfbe6-c313-4883-af54-5b358ab2d4e0,992ae373-a9bc-4ae6-9d74-7082cf0a4c12
c2edfbe6-c313-4883-af54-5b358ab2d4e0,d8552976-9336-4818-a952-a6ada26a3006
9b6b3b50-9d7f-4b30-84f0-73054bfa4522,6ca59447-c208-40e3-ab57-7edb01549cbf
4b1d3d36-aa56-4faa-9592-4fbea6b6283c,992ae373-a9bc-4ae6-9d74-7082cf0a4c12
6521328d-1302-43ee-a67c-80d8044cb4b8,6ca59447-c208-40e3-ab57-7edb01549cbf
da9533f6-f4aa-4b81-8529-261b50fecbda,6ff9e82a-0eff-4a28-b5c4-68f943508bf2
da9533f6-f4aa-4b81-8529-261b50fecbda,eddb9f19-4025-4f9a-8d44-a9bf94cb562e
198f4cca-360b-4350-b33d-76312f384e91,af68b454-0781-4ba1-a037-4444038ef730
96337190-0422-48aa-9e9a-fdfdee233338,1f33d527-6045-4358-afd9-602ae8644b43
96337190-0422-48aa-9e9a-fdfdee233338,992ae373-a9bc-4ae6-9d74-7082cf0a4c12
a48baaf5-e50d-4f57-8c4e-31220e8fd9b4,3b16b9a9-28b5-4421-a419-f2c0a580a622
76a71e4c-5f0e-48f2-9014-51e7f217e2b6,6ca59447-c208-40e3-ab57-7edb01549cbf
b0e673a8-07f9-4b0f-b29f-3675a454f5a6,1f33d527-6045-4358-afd9-602ae8644b43
b0e673a8-07f9-4b0f-b29f-3675a454f5a6,992ae373-a9bc-4ae6-9d74-7082cf0a4c12
079a6271-d804-45b2-81f7-47057fe53627,0ee9f564-1d84-4c16-8227-802613b88a09
83851f6b-3f00-4f7b-9369-efdfc335616e,992ae373-a9bc-4ae6-9d74-7082cf0a4c12
83851f6b-3f00-4f7b-9369-efdfc335616e,fc1941db-1098-4bd5-a9c7-d9fe8b94172d
cc504009-0e94-4af8-8d96-463248ef8b81,1e196050-b600-4580-be68-9b797e9f4849
a27493cb-0401-4ed2-8869-03c6cffe6355,6bdd587c-344f-4fb7-b1c6-d48b8b15a2d1
a26d36b8-09a6-4427-844f-f12446bada52,1f33d527-6045-4358-afd9-602ae8644b43
f7c21756-76a3-4202-a274-863f9e9b8495,0d262eed-551e-45d0-983c-bca05eabe980
11098755-6137-4311-b320-fd205ce35e65,21d8739d-25f6-48b7-a909-14d59848db24
55d7718d-d438-454e-ab0a-084225b41b14,6ca59447-c208-40e3-ab57-7edb01549cbf
5c4c614d-f9d9-4862-b989-68629e5c7bf0,eddb9f19-4025-4f9a-8d44-a9bf94cb562e
8dbbf79f-1001-467e-b725-55ab13b1bcd9,6ca59447-c208-40e3-ab57-7edb01549cbf
8a00dfea-a12c-41d2-b0d8-dcb393d99f57,d8552976-9336-4818-a952-a6ada26a3006
8a00dfea-a12c-41d2-b0d8-dcb393d99f57,fc1941db-1098-4bd5-a9c7-d9fe8b94172d
6cdcd7ca-b88f-4aa6-8723-107170a2b42c,3d947f3c-fa03-4667-b09a-25a8f2db2adb
ff6f2dbd-b10c-435f-8832-fd09ee0e4267,6359b0bf-3af6-44e9-bf13-71c9fe0ead77
15af3068-7414-4349-b55b-0ba13560009e,1f33d527-6045-4358-afd9-602ae8644b43
15af3068-7414-4349-b55b-0ba13560009e,eddb9f19-4025-4f9a-8d44-a9bf94cb562e
953d23e7-c7e5-4a29-962b-1231489af765,6ca59447-c208-40e3-ab57-7edb01549cbf
42649938-6505-466a-bb7f-8a0983b3ae2a,d89699f6-85db-4def-8de6-14cb07eb2c43
e4003ac7-24bb-4847-8950-fd7f95eac198,cde9a632-6add-43ce-8de9-84ce69637125
0b295e91-359f-480c-8554-ba9bba90b797,5fc091c1-fa87-45b5-878f-8deb38c39f5e
e7fa314d-7d17-460a-87a2-288cf3e41971,1f33d527-6045-4358-afd9-602ae8644b43
e7fa314d-7d17-460a-87a2-288cf3e41971,6ff9e82a-0eff-4a28-b5c4-68f943508bf2
3ef1bed9-57b2-4fef-ac43-e4300e96e923,6ca59447-c208-40e3-ab57-7edb01549cbf
9008af26-dfde-4a48-bd37-b24fe7a5ce30,992ae373-a9bc-4ae6-9d74-7082cf0a4c12
9008af26-dfde-4a48-bd37-b24fe7a5ce30,1f33d527-6045-4358-afd9-602ae8644b43
9008af26-dfde-4a48-bd37-b24fe7a5ce30,eddb9f19-4025-4f9a-8d44-a9bf94cb562e
520c9aa4-f82d-4faa-be36-1a8c006bea87,6ca59447-c208-40e3-ab57-7edb01549cbf
cdb2eab5-e678-4bad-b9c7-3f75099d84ca,d89699f6-85db-4def-8de6-14cb07eb2c43
cdb2eab5-e678-4bad-b9c7-3f75099d84ca,c4cb37e8-fe1c-4d2b-b0b5-f04a69925d8f
6cae23f7-cc7f-4856-893c-d247a7982a1f,6ca59447-c208-40e3-ab57-7edb01549cbf
900d1113-b6ed-4c86-8db3-b8b5927330ff,992ae373-a9bc-4ae6-9d74-7082cf0a4c12
900d1113-b6ed-4c86-8db3-b8b5927330ff,6ff9e82a-0eff-4a28-b5c4-68f943508bf2
900d1113-b6ed-4c86-8db3-b8b5927330ff,fc1941db-1098-4bd5-a9c7-d9fe8b94172d
e09f1b80-1823-41c8-b7c7-163cd58d60df,5fc091c1-fa87-45b5-878f-8deb38c39f5e
2bb3c970-1127-494f-ac84-4948013c9135,efde0ce9-21df-44b4-ba54-c6d738ec2e64
2bb3c970-1127-494f-ac84-4948013c9135,992ae373-a9bc-4ae6-9d74-7082cf0a4c12
1cf34589-b7b1-402a-9c89-414d485d045c,cde9a632-6add-43ce-8de9-84ce69637125
a1cb32fe-ba13-4ebb-9b9d-659711a16c5b,c0616b1c-7741-4f55-9da3-7b115b34481c
901c58e8-3065-4b0d-bc6f-706f43565bb5,c0616b1c-7741-4f55-9da3-7b115b34481c
82cf298d-1cd5-4548-9749-6d49ef6d7fc1,41d62f31-a92e-4ff2-9981-41f3cf46ebeb
82cf298d-1cd5-4548-9749-6d49ef6d7fc1,992ae373-a9bc-4ae6-9d74-7082cf0a4c12
82cf298d-1cd5-4548-9749-6d49ef6d7fc1,fc1941db-1098-4bd5-a9c7-d9fe8b94172d
d10d67a5-2899-4d34-92e1-6fdd8c7524f0,992ae373-a9bc-4ae6-9d74-7082cf0a4c12
d10d67a5-2899-4d34-92e1-6fdd8c7524f0,6ff9e82a-0eff-4a28-b5c4-68f943508bf2
7386c9de-042b-4f20-9851-485dff9138e9,6ca59447-c208-40e3-ab57-7edb01549cbf
de2983a1-a83e-4d54-82a4-9f3857bb0b49,8e47f6b9-4a44-4ce0-98bf-f3e7356fa1d2
0d4ad40c-21c3-401b-8417-97a32647422a,b4f75e2e-aded-4dd2-8b9c-740be0e9164d
751e2131-99a2-4417-b38e-ecf9aef29b4d,992ae373-a9bc-4ae6-9d74-7082cf0a4c12
751e2131-99a2-4417-b38e-ecf9aef29b4d,f137d46d-5bac-404d-bfc9-d9fb8fc8a734
323936eb-8fde-4a3e-b55e-dd51587ad36f,c0616b1c-7741-4f55-9da3-7b115b34481c
92999a1f-4500-4294-b9cb-62a9fe0acdd9,c0616b1c-7741-4f55-9da3-7b115b34481c
de19ac2c-ab28-4cfa-af45-bc21d7784e92,992ae373-a9bc-4ae6-9d74-7082cf0a4c12
de19ac2c-ab28-4cfa-af45-bc21d7784e92,eddb9f19-4025-4f9a-8d44-a9bf94cb562e
de19ac2c-ab28-4cfa-af45-bc21d7784e92,6ff9e82a-0eff-4a28-b5c4-68f943508bf2
de19ac2c-ab28-4cfa-af45-bc21d7784e92,1f33d527-6045-4358-afd9-602ae8644b43
de19ac2c-ab28-4cfa-af45-bc21d7784e92,fc1941db-1098-4bd5-a9c7-d9fe8b94172d
28f51c83-5020-4d01-8f4e-b7b34f4c1b3b,6ca59447-c208-40e3-ab57-7edb01549cbf
09d7ce26-2fac-4657-8c38-f700748a01bc,992ae373-a9bc-4ae6-9d74-7082cf0a4c12
09d7ce26-2fac-4657-8c38-f700748a01bc,6ff9e82a-0eff-4a28-b5c4-68f943508bf2
09d7ce26-2fac-4657-8c38-f700748a01bc,69b294ca-7d15-4303-9762-216ec08f824e
09d7ce26-2fac-4657-8c38-f700748a01bc,9d902a90-2e2d-4921-9d40-b5c18c6fe7ec
58571678-8935-4ba5-b5fb-64f75af59bb7,0d262eed-551e-45d0-983c-bca05eabe980
e5a36299-cb2b-4c4b-a90a-c4027a2681c1,21d8739d-25f6-48b7-a909-14d59848db24
9252a44e-536b-4b4d-b33b-07abea9b2063,3b16b9a9-28b5-4421-a419-f2c0a580a622
f9f9f7af-dae7-490d-9f30-ffdb8cde7cf3,992ae373-a9bc-4ae6-9d74-7082cf0a4c12
f9f9f7af-dae7-490d-9f30-ffdb8cde7cf3,41d62f31-a92e-4ff2-9981-41f3cf46ebeb
f9f9f7af-dae7-490d-9f30-ffdb8cde7cf3,9e0438e5-793f-4371-97f4-f9db8f2c3bbc
b578e0d4-1be4-4912-850e-a388249c92a2,8d82500d-abce-4859-889f-991e369704e8
0ae751f1-6ede-4dc4-ac5a-01246ce64efd,ac2f7cb8-fe85-4eec-9dbd-11aab73b200d
717c8bff-c019-4f89-a846-9c35f37acf0b,40193610-2542-4d28-a63f-078467cb7f0a
0f81d520-89ff-4d7c-ad80-235654704557,992ae373-a9bc-4ae6-9d74-7082cf0a4c12
0f81d520-89ff-4d7c-ad80-235654704557,1f33d527-6045-4358-afd9-602ae8644b43
ab4063a5-46d1-497e-9c68-9b91a46fe207,af68b454-0781-4ba1-a037-4444038ef730
6bbc3cf8-5610-46df-a1c1-91f2fc62f62d,3b16b9a9-28b5-4421-a419-f2c0a580a622
b289cea7-5a93-44f4-a85e-66e333d1f0a1,9e87af73-6ec7-473e-86b9-93fc8311efba
b289cea7-5a93-44f4-a85e-66e333d1f0a1,6e7ec579-d5fc-41c8-82f1-649532a23cb4
b289cea7-5a93-44f4-a85e-66e333d1f0a1,f4053f71-94b5-40b2-92bd-fb588127fe38
c43169c4-4fcb-47f7-93c7-4020dc9ec244,6ca59447-c208-40e3-ab57-7edb01549cbf
2b87a96e-119a-4b11-bdb5-844949b8bea2,992ae373-a9bc-4ae6-9d74-7082cf0a4c12
2b87a96e-119a-4b11-bdb5-844949b8bea2,72f27659-ea6c-40a3-9f2d-dfe7d82c853b
2b87a96e-119a-4b11-bdb5-844949b8bea2,eddb9f19-4025-4f9a-8d44-a9bf94cb562e
571ba693-6412-4a95-aeb2-e0ea6b8c0f9f,6ca59447-c208-40e3-ab57-7edb01549cbf
0ac78a0d-5e6b-4702-b8b1-bd1f69979bef,992ae373-a9bc-4ae6-9d74-7082cf0a4c12
0ac78a0d-5e6b-4702-b8b1-bd1f69979bef,6ff9e82a-0eff-4a28-b5c4-68f943508bf2
b0d36dc4-9821-4751-bfe3-11eff4b5e1e3,3d947f3c-fa03-4667-b09a-25a8f2db2adb
2aa9b549-47ad-4efe-a1d7-b2b4985855db,6359b0bf-3af6-44e9-bf13-71c9fe0ead77
c4b32b6c-1d9e-448e-90a6-b9feb7d965a3,992ae373-a9bc-4ae6-9d74-7082cf0a4c12
c4b32b6c-1d9e-448e-90a6-b9feb7d965a3,1f33d527-6045-4358-afd9-602ae8644b43
c4b32b6c-1d9e-448e-90a6-b9feb7d965a3,1fa3719f-7f49-43d3-9416-c38e10968ac8
9227445c-096f-4cfd-9b65-baa4ba0f3f62,6ca59447-c208-40e3-ab57-7edb01549cbf
b20e7bc2-fda9-4e41-a1a1-c384c7cb6037,d89699f6-85db-4def-8de6-14cb07eb2c43
b20e7bc2-fda9-4e41-a1a1-c384c7cb6037,6ff9e82a-0eff-4a28-b5c4-68f943508bf2
b20e7bc2-fda9-4e41-a1a1-c384c7cb6037,c9f904db-1282-4b70-a753-596160a1136a
c32eef78-3fb1-4015-980a-c9c53a94cf73,3d947f3c-fa03-4667-b09a-25a8f2db2adb
79b377ae-f730-4e9b-ab49-6352a9773616,6359b0bf-3af6-44e9-bf13-71c9fe0ead77
7f56b765-72fb-4a7e-8140-5eb752beb111,1f33d527-6045-4358-afd9-602ae8644b43
7f56b765-72fb-4a7e-8140-5eb752beb111,eddb9f19-4025-4f9a-8d44-a9bf94cb562e
aea5963a-52e8-432b-a261-b2f52d0ff4e9,6ca59447-c208-40e3-ab57-7edb01549cbf
2038c35f-a29d-4cab-885d-045f15495c0d,992ae373-a9bc-4ae6-9d74-7082cf0a4c12
2038c35f-a29d-4cab-885d-045f15495c0d,6ff9e82a-0eff-4a28-b5c4-68f943508bf2
2038c35f-a29d-4cab-885d-045f15495c0d,9d902a90-2e2d-4921-9d40-b5c18c6fe7ec
061f85b2-6ee6-4fb5-ac9c-3d49b17d465b,6ca59447-c208-40e3-ab57-7edb01549cbf
36e1ec3a-8013-4052-a84e-e746ac7629e4,992ae373-a9bc-4ae6-9d74-7082cf0a4c12
36e1ec3a-8013-4052-a84e-e746ac7629e4,ae92de86-1329-4de8-bbcc-f478e9f8628b
36e1ec3a-8013-4052-a84e-e746ac7629e4,72f27659-ea6c-40a3-9f2d-dfe7d82c853b
36e1ec3a-8013-4052-a84e-e746ac7629e4,eddb9f19-4025-4f9a-8d44-a9bf94cb562e
3267c78d-565a-44ba-84dc-cd83eb9eeff9,6ca59447-c208-40e3-ab57-7edb01549cbf
121cf251-1495-4c80-8bd5-b0e2b1b97c43,992ae373-a9bc-4ae6-9d74-7082cf0a4c12
121cf251-1495-4c80-8bd5-b0e2b1b97c43,fc1941db-1098-4bd5-a9c7-d9fe8b94172d
05260b4f-417c-4afc-aebc-9596dbdf7ec4,bf26bafb-f799-4174-bac0-40338f3e8851
ebe08ad8-498e-4513-9129-96e1429d8334,a1edce4a-f996-4933-88a9-fa36cb210a5e
500b16a1-cb73-4849-a682-7e9d97dc9404,d89699f6-85db-4def-8de6-14cb07eb2c43
500b16a1-cb73-4849-a682-7e9d97dc9404,1f33d527-6045-4358-afd9-602ae8644b43
0e811875-4231-4ec2-9413-97a9f1020906,3b16b9a9-28b5-4421-a419-f2c0a580a622
4e3530b0-bca5-412a-8979-7c96ec4ffe4d,6ca59447-c208-40e3-ab57-7edb01549cbf
dfa841d9-6bdf-47cc-be2f-6210cfdf07d5,fc1941db-1098-4bd5-a9c7-d9fe8b94172d
dfa841d9-6bdf-47cc-be2f-6210cfdf07d5,ae92de86-1329-4de8-bbcc-f478e9f8628b
dfa841d9-6bdf-47cc-be2f-6210cfdf07d5,064e5945-259b-41b9-8d45-ac3fad89f5ff
afb766f9-c6b1-442c-a73c-9c03010a9de1,6ca59447-c208-40e3-ab57-7edb01549cbf
2ebf2d4e-1177-4cc5-b8b2-43119d0265cf,992ae373-a9bc-4ae6-9d74-7082cf0a4c12
2ebf2d4e-1177-4cc5-b8b2-43119d0265cf,6ff9e82a-0eff-4a28-b5c4-68f943508bf2
2ebf2d4e-1177-4cc5-b8b2-43119d0265cf,fc1941db-1098-4bd5-a9c7-d9fe8b94172d
44bc790c-820a-41c2-97e5-542a5d001d1d,41d62f31-a92e-4ff2-9981-41f3cf46ebeb
44bc790c-820a-41c2-97e5-542a5d001d1d,f4053f71-94b5-40b2-92bd-fb588127fe38
5791dca1-32d5-4e1d-a8c5-e0def8df2cb1,943fa8e9-69df-4f6e-8e47-3a81150d8b3d
962008ce-f263-4f16-8fac-a0d1f7def02a,6bdd587c-344f-4fb7-b1c6-d48b8b15a2d1
9b1ae1e8-6271-420e-b570-a1859e8b77d0,9e87af73-6ec7-473e-86b9-93fc8311efba
9b1ae1e8-6271-420e-b570-a1859e8b77d0,1f33d527-6045-4358-afd9-602ae8644b43
dccec722-03bb-479b-8526-0746ca1a8cfa,3b16b9a9-28b5-4421-a419-f2c0a580a622
7b76f399-9810-49d9-b87c-fc8affd31131,6ca59447-c208-40e3-ab57-7edb01549cbf
e9bbdceb-a99e-4f03-bc74-577016db8712,6ff9e82a-0eff-4a28-b5c4-68f943508bf2
e9bbdceb-a99e-4f03-bc74-577016db8712,992ae373-a9bc-4ae6-9d74-7082cf0a4c12
d4ef8059-fdff-4dbe-b810-cc26995650c3,c1615e31-4a06-4e33-8d90-0d9273fbce91
e39a09a7-0c90-4395-8775-ce597ab6c5e7,8d82500d-abce-4859-889f-991e369704e8
61ec9066-001a-4870-ad6f-78924f7d7ed1,9e87af73-6ec7-473e-86b9-93fc8311efba
61ec9066-001a-4870-ad6f-78924f7d7ed1,0663a94d-7fc1-4427-9cdd-86e299c0fe86
be41e289-686c-4369-8250-c008d5e9e40a,6ca59447-c208-40e3-ab57-7edb01549cbf
bd11f0a4-9985-477c-8ed2-455782419b94,992ae373-a9bc-4ae6-9d74-7082cf0a4c12
bd11f0a4-9985-477c-8ed2-455782419b94,fc1941db-1098-4bd5-a9c7-d9fe8b94172d
a512f862-7307-4fcf-926a-053ec9d044f5,6ca59447-c208-40e3-ab57-7edb01549cbf
39a49a21-f9bb-44c1-be6e-19de7548822b,992ae373-a9bc-4ae6-9d74-7082cf0a4c12
39a49a21-f9bb-44c1-be6e-19de7548822b,ae92de86-1329-4de8-bbcc-f478e9f8628b
39a49a21-f9bb-44c1-be6e-19de7548822b,9f6d5b2b-ac1c-4cc3-a7d1-7cedf98b7563
76ded7d8-5998-4cad-b318-433fd61a734a,6ca59447-c208-40e3-ab57-7edb01549cbf
8e33e744-1355-4abc-b989-ae33505370fe,992ae373-a9bc-4ae6-9d74-7082cf0a4c12
8e33e744-1355-4abc-b989-ae33505370fe,4c9945e5-4487-40d3-ac4d-0f39caa452c4
6d7ca31a-873d-4d76-8e71-995e64783bc6,6ca59447-c208-40e3-ab57-7edb01549cbf
32018b25-0bf8-43d2-9bbf-d2d23ef1c172,72f27659-ea6c-40a3-9f2d-dfe7d82c853b
32018b25-0bf8-43d2-9bbf-d2d23ef1c172,3ede1470-2ccd-442a-9411-0f2f431639e4
32018b25-0bf8-43d2-9bbf-d2d23ef1c172,ae92de86-1329-4de8-bbcc-f478e9f8628b
239d1eea-5c25-4c21-b02a-a103f7c896a9,6ca59447-c208-40e3-ab57-7edb01549cbf
d5c08d23-d847-4e40-9222-b2ad34a91267,992ae373-a9bc-4ae6-9d74-7082cf0a4c12
bae0b2e8-40b9-491c-b674-592fc714f301,6ca59447-c208-40e3-ab57-7edb01549cbf
712ca996-9ded-4aa3-94d2-9bef414c2822,fe8e1adf-281b-493b-a6ec-1b86629a19d7
f27cc2c9-5b45-4967-8be7-d24b060dab95,c7e9d8ec-9ba5-4048-82e7-c3d2ff02eb9b
0f47628e-13f4-4229-bc15-51cce3f02d4b,d1c30f65-d081-40cd-91e8-193b4c51182a
9f1feecb-1c65-4ffd-a0f7-8bbc6b1976b5,0f795c5c-53c8-4974-a826-e83132dd5671
9f1feecb-1c65-4ffd-a0f7-8bbc6b1976b5,d8552976-9336-4818-a952-a6ada26a3006
9100e126-b749-4b39-8e2a-4aa1f1b63e98,6ca59447-c208-40e3-ab57-7edb01549cbf
55d9b150-df09-4976-b866-9bd1571c3853,eddb9f19-4025-4f9a-8d44-a9bf94cb562e
2b63852d-f592-41d6-b128-403608e457d2,c0616b1c-7741-4f55-9da3-7b115b34481c
714840e5-1289-4b75-90c7-47dd2efe5d14,992ae373-a9bc-4ae6-9d74-7082cf0a4c12
94660439-2f7d-4a29-8dbe-8c02c3a6a8d3,c0616b1c-7741-4f55-9da3-7b115b34481c
7442d1f9-36a6-43b2-9236-4fd76608c707,6ca59447-c208-40e3-ab57-7edb01549cbf
8051033a-e124-42ac-920b-e9112f678956,6e7ec579-d5fc-41c8-82f1-649532a23cb4
bee3f6d9-8935-4aae-a261-978561d5c10f,c0616b1c-7741-4f55-9da3-7b115b34481c
b2ece5be-1f66-489b-82ff-355d49d3e58c,c0616b1c-7741-4f55-9da3-7b115b34481c
7bd29196-19c9-4f4e-9f4d-38a2a5ec553c,992ae373-a9bc-4ae6-9d74-7082cf0a4c12
7bd29196-19c9-4f4e-9f4d-38a2a5ec553c,9f6d5b2b-ac1c-4cc3-a7d1-7cedf98b7563
33cd0af8-847f-4d3b-b891-af4ea4dd21bc,6ca59447-c208-40e3-ab57-7edb01549cbf
c938662e-122f-4dff-b689-66da1bd07c7b,992ae373-a9bc-4ae6-9d74-7082cf0a4c12
c938662e-122f-4dff-b689-66da1bd07c7b,6ff9e82a-0eff-4a28-b5c4-68f943508bf2
c938662e-122f-4dff-b689-66da1bd07c7b,0a2353ed-3482-4163-9ca4-46e6cf6ab717
3f7b21f8-b045-41b8-9e30-7079456fe54b,5fc091c1-fa87-45b5-878f-8deb38c39f5e
2f3ffb82-4c52-49bc-9613-b311b3e87085,1f33d527-6045-4358-afd9-602ae8644b43
2f3ffb82-4c52-49bc-9613-b311b3e87085,992ae373-a9bc-4ae6-9d74-7082cf0a4c12
7fa0e6fa-2e13-4190-a221-1f6b6cf11342,cde9a632-6add-43ce-8de9-84ce69637125
54581f78-718a-4883-8994-e04d87131e1f,6ca59447-c208-40e3-ab57-7edb01549cbf
390b5060-2a87-40b4-93ed-189cbf518bdf,d89699f6-85db-4def-8de6-14cb07eb2c43
390b5060-2a87-40b4-93ed-189cbf518bdf,9e87af73-6ec7-473e-86b9-93fc8311efba
390b5060-2a87-40b4-93ed-189cbf518bdf,c4cb37e8-fe1c-4d2b-b0b5-f04a69925d8f
faba159e-25be-411d-93bb-fcb36fb9cbf2,c0616b1c-7741-4f55-9da3-7b115b34481c
c2f795d5-4f43-4cf4-955b-ab21e5c6ef22,b1938d90-e95c-4a12-87a3-4e4e3b8b4658
9c771d26-586a-4237-b36b-83f9e2843278,abc6c08b-0d8b-4b68-9a5e-18e8122308ca
a8ec5c21-395d-4527-9dfe-b878403bb609,1f33d527-6045-4358-afd9-602ae8644b43
a8ec5c21-395d-4527-9dfe-b878403bb609,1fa3719f-7f49-43d3-9416-c38e10968ac8
fa4d1aa0-834c-4ec4-aeb9-d0cb0a9078b1,89816960-209a-4338-98c2-15cd395dd76b
f3a8d9fe-6937-4d69-83eb-b6130b9df942,46d4a1d1-c057-49ba-a879-db85b0cda4b9
cd64da6e-95a9-417b-9834-85428fcef96a,1f33d527-6045-4358-afd9-602ae8644b43
78a9b491-f1ba-47b3-9111-30b85914c01e,6bdd587c-344f-4fb7-b1c6-d48b8b15a2d1
ff9d9aef-220b-4074-8a3b-6b9d85a8a94b,6ca59447-c208-40e3-ab57-7edb01549cbf
c7596531-5d23-450a-9d35-40e429a381db,9d902a90-2e2d-4921-9d40-b5c18c6fe7ec
c7596531-5d23-450a-9d35-40e429a381db,eddb9f19-4025-4f9a-8d44-a9bf94cb562e
c7596531-5d23-450a-9d35-40e429a381db,69b294ca-7d15-4303-9762-216ec08f824e
467d396e-aad9-43f5-a058-9599749c3548,50d749ed-12a3-48bb-88a9-ac8403bdc400
a29735e7-4b47-4c80-83e2-62e1afaa9166,eddb9f19-4025-4f9a-8d44-a9bf94cb562e
5a922052-9e7b-4cef-9d78-80632fbb5c51,ca64a6a5-167f-4dc6-a828-596ec7fb7bcf
bab7107d-dc6a-45bf-bcce-0f0dcadb637c,6ca59447-c208-40e3-ab57-7edb01549cbf
c56c0b02-267d-4b94-b4b5-5c9fd0b4acfa,992ae373-a9bc-4ae6-9d74-7082cf0a4c12
fdbfc480-3bd3-498e-9b00-43944ef4fc03,6ca59447-c208-40e3-ab57-7edb01549cbf
af413400-97fd-4b6a-a0a3-5e4ec94619af,992ae373-a9bc-4ae6-9d74-7082cf0a4c12
af413400-97fd-4b6a-a0a3-5e4ec94619af,ae92de86-1329-4de8-bbcc-f478e9f8628b
af413400-97fd-4b6a-a0a3-5e4ec94619af,72f27659-ea6c-40a3-9f2d-dfe7d82c853b
57229914-fb01-4a41-89eb-0743f86bd4ad,6ca59447-c208-40e3-ab57-7edb01549cbf
bdaebc2d-86e6-4db8-9d43-737f981eab3a,b213ee87-7a56-4876-ab1a-677ef56efede
655449e8-e1a8-4c0f-8bd7-6446da526914,636ec317-4c7e-4140-949e-b81cdece4be4
9506183c-75db-4708-911d-3045ebb7e537,d8552976-9336-4818-a952-a6ada26a3006
9506183c-75db-4708-911d-3045ebb7e537,fc1941db-1098-4bd5-a9c7-d9fe8b94172d
d6d6b53d-6084-4b03-9095-6b16a1b43829,e1f048ba-5b3e-4c91-9caf-28dca91525cf
e75d5dfa-b5a8-43b6-bfa1-1e8342d97bf4,6ca59447-c208-40e3-ab57-7edb01549cbf
a939e528-e7aa-450c-8425-f237729d2615,6ff9e82a-0eff-4a28-b5c4-68f943508bf2
d9c3fbc7-6ee2-4495-bfa3-ae1e6eee0bb7,6ca59447-c208-40e3-ab57-7edb01549cbf
708ee4ba-9a2d-4ffa-a5bf-66f39bdcfa02,fc1941db-1098-4bd5-a9c7-d9fe8b94172d
708ee4ba-9a2d-4ffa-a5bf-66f39bdcfa02,9f6d5b2b-ac1c-4cc3-a7d1-7cedf98b7563
708ee4ba-9a2d-4ffa-a5bf-66f39bdcfa02,ae92de86-1329-4de8-bbcc-f478e9f8628b
fafc2577-4d93-4d58-8fb5-d9edd82ad161,ae92de86-1329-4de8-bbcc-f478e9f8628b
fafc2577-4d93-4d58-8fb5-d9edd82ad161,992ae373-a9bc-4ae6-9d74-7082cf0a4c12
f6f50dde-40e1-4e62-802c-af4ace134599,fc1941db-1098-4bd5-a9c7-d9fe8b94172d
252850b4-d7d6-458e-aa53-11084b7e5baa,6ca59447-c208-40e3-ab57-7edb01549cbf
bdaebc2d-86e6-4db8-9d43-737f981eab3a,c4cb37e8-fe1c-4d2b-b0b5-f04a69925d8f
b42045d8-acf0-4ff2-926f-fb7e7d796e93,6ca59447-c208-40e3-ab57-7edb01549cbf
2611ab39-3be2-437b-9c96-afc0c377b764,992ae373-a9bc-4ae6-9d74-7082cf0a4c12
2611ab39-3be2-437b-9c96-afc0c377b764,ae92de86-1329-4de8-bbcc-f478e9f8628b
e75c3593-ac51-41fe-9730-aacbbae18181,6ca59447-c208-40e3-ab57-7edb01549cbf
0f3d8b00-a1b7-4295-aad0-7efa8c9fbabd,d89699f6-85db-4def-8de6-14cb07eb2c43
0f3d8b00-a1b7-4295-aad0-7efa8c9fbabd,eddb9f19-4025-4f9a-8d44-a9bf94cb562e
d5bc979f-a6b2-4dae-863c-8b6330ae79b0,6ca59447-c208-40e3-ab57-7edb01549cbf
e0d3a6bc-3d62-4af8-b11e-2abf1db62464,6ff9e82a-0eff-4a28-b5c4-68f943508bf2
a975b37d-6df4-430d-bb3d-a4e4809ef9c4,dc23b550-ff28-4b18-ae4c-dc17ca0235ab
10b889a4-4c58-4a47-8740-dbe648c38e00,6359b0bf-3af6-44e9-bf13-71c9fe0ead77
ba79e4ea-a613-430d-8fe0-d1421e39cc27,8d82500d-abce-4859-889f-991e369704e8
839f0e7d-0f29-4732-a827-0207b1bf577a,d89699f6-85db-4def-8de6-14cb07eb2c43
839f0e7d-0f29-4732-a827-0207b1bf577a,1f33d527-6045-4358-afd9-602ae8644b43
839f0e7d-0f29-4732-a827-0207b1bf577a,0663a94d-7fc1-4427-9cdd-86e299c0fe86
e7bcb40d-14fb-4d6d-97a5-e5b2f9fd6593,6ca59447-c208-40e3-ab57-7edb01549cbf
871fc2d6-8e32-46e7-8cca-a226b4c33be8,992ae373-a9bc-4ae6-9d74-7082cf0a4c12
871fc2d6-8e32-46e7-8cca-a226b4c33be8,fc1941db-1098-4bd5-a9c7-d9fe8b94172d
871fc2d6-8e32-46e7-8cca-a226b4c33be8,254b263b-b58f-4212-b381-33c85da3e4c9
871fc2d6-8e32-46e7-8cca-a226b4c33be8,6ff9e82a-0eff-4a28-b5c4-68f943508bf2
cfd6af1c-e284-44ee-b257-33fc70481b42,636ec317-4c7e-4140-949e-b81cdece4be4
5161760e-05c7-4e6a-b68d-4c21d33cd8b3,d8552976-9336-4818-a952-a6ada26a3006
5161760e-05c7-4e6a-b68d-4c21d33cd8b3,fc1941db-1098-4bd5-a9c7-d9fe8b94172d
666cc51a-bf0a-4d2d-8d43-ae8e4c48ce1e,e1f048ba-5b3e-4c91-9caf-28dca91525cf
031f2b75-97bf-497e-b975-52e0f5369085,cde9a632-6add-43ce-8de9-84ce69637125
c56c0b02-267d-4b94-b4b5-5c9fd0b4acfa,fc1941db-1098-4bd5-a9c7-d9fe8b94172d
c56c0b02-267d-4b94-b4b5-5c9fd0b4acfa,6ff9e82a-0eff-4a28-b5c4-68f943508bf2
e3a71b9f-4587-4d95-a5c3-fa7947406525,12e1702a-7623-4b11-a224-44601b67328c
cfa1981e-2fa2-4826-b8cf-a0e5fc99396e,50d749ed-12a3-48bb-88a9-ac8403bdc400
bb1a9c9d-9eaf-4fee-a5fc-e17f170c4792,dca26f5a-6485-43d1-9b87-82b066477f04
d05caa50-09fc-43fd-939f-02c103edb6e0,1f33d527-6045-4358-afd9-602ae8644b43
d05caa50-09fc-43fd-939f-02c103edb6e0,eddb9f19-4025-4f9a-8d44-a9bf94cb562e
a356babe-9ff7-4091-8323-d2dde7017104,c7e9d8ec-9ba5-4048-82e7-c3d2ff02eb9b
860b7ce5-400f-49a6-8c9a-f4ace8fd7083,50d749ed-12a3-48bb-88a9-ac8403bdc400
b7104d64-4242-4c41-8ae8-ffd9690763e6,5fc091c1-fa87-45b5-878f-8deb38c39f5e
4760092e-ef5e-42a2-a192-410dab877248,992ae373-a9bc-4ae6-9d74-7082cf0a4c12
4760092e-ef5e-42a2-a192-410dab877248,eddb9f19-4025-4f9a-8d44-a9bf94cb562e
4760092e-ef5e-42a2-a192-410dab877248,1f33d527-6045-4358-afd9-602ae8644b43
f6d277e6-d291-4aef-927d-1d029ac97211,21d8739d-25f6-48b7-a909-14d59848db24
43680c9d-55af-435e-93ad-3536fc3667ee,a1edce4a-f996-4933-88a9-fa36cb210a5e
40d3bc75-92aa-4ec1-979f-62924be1a282,1f33d527-6045-4358-afd9-602ae8644b43
043c8f4f-642a-4688-90be-fffda3940b72,b4f75e2e-aded-4dd2-8b9c-740be0e9164d
e4521ba9-d904-40e6-b489-164e3f461c36,46d4a1d1-c057-49ba-a879-db85b0cda4b9
3f1cb418-d1b6-45cd-a1aa-4c227319bd41,6ca59447-c208-40e3-ab57-7edb01549cbf
78070362-075e-4e33-845e-e0ec767567bc,992ae373-a9bc-4ae6-9d74-7082cf0a4c12
78070362-075e-4e33-845e-e0ec767567bc,72f27659-ea6c-40a3-9f2d-dfe7d82c853b
78070362-075e-4e33-845e-e0ec767567bc,f137d46d-5bac-404d-bfc9-d9fb8fc8a734
f8359352-81e0-47d3-a128-44db4666331b,6ca59447-c208-40e3-ab57-7edb01549cbf
a5cdf9a4-9292-40e2-8194-0d1a3ed24788,9d902a90-2e2d-4921-9d40-b5c18c6fe7ec
a5cdf9a4-9292-40e2-8194-0d1a3ed24788,992ae373-a9bc-4ae6-9d74-7082cf0a4c12
a5cdf9a4-9292-40e2-8194-0d1a3ed24788,6ff9e82a-0eff-4a28-b5c4-68f943508bf2
af898152-d48f-4af7-b7db-bda696e9c48f,33f12961-e353-4d14-a7bc-4f20ffad7f00
45cdc980-1f1d-49de-88e8-8e0fac02432e,386c578b-2a53-4c3a-b910-a980fb1773c0
5fd3d1f3-554a-4333-9a6e-7cb904f6d37f,c7e9d8ec-9ba5-4048-82e7-c3d2ff02eb9b
22e20b30-8448-45f7-ac45-8e7aeef4698e,d1c30f65-d081-40cd-91e8-193b4c51182a
b9b38af7-88ac-48cd-bc41-f80d0e6ee3c7,992ae373-a9bc-4ae6-9d74-7082cf0a4c12
5a3ae79f-48e3-4804-9d0f-2c4c9018e7f3,e1f048ba-5b3e-4c91-9caf-28dca91525cf
7d4e248a-e08e-4be4-b123-202f1d9a1d82,636ec317-4c7e-4140-949e-b81cdece4be4
34c3a8e1-ba2f-4835-9666-423bde5c6d20,992ae373-a9bc-4ae6-9d74-7082cf0a4c12
34c3a8e1-ba2f-4835-9666-423bde5c6d20,6ff9e82a-0eff-4a28-b5c4-68f943508bf2
53775bb5-a03b-4f1a-8ea3-764db9dfa781,6ca59447-c208-40e3-ab57-7edb01549cbf
8ffeac1a-610a-41f1-8407-1904c7395405,6ca59447-c208-40e3-ab57-7edb01549cbf
fbbc3091-eeea-4bea-b20b-272d1429a425,992ae373-a9bc-4ae6-9d74-7082cf0a4c12
fbbc3091-eeea-4bea-b20b-272d1429a425,eddb9f19-4025-4f9a-8d44-a9bf94cb562e
fbbc3091-eeea-4bea-b20b-272d1429a425,ae92de86-1329-4de8-bbcc-f478e9f8628b
883bfd5e-6e52-4d66-b502-dd0055a890c9,ca64a6a5-167f-4dc6-a828-596ec7fb7bcf
dfc12294-be65-4733-921b-7b62ea733394,3b16b9a9-28b5-4421-a419-f2c0a580a622
b75f3a38-903e-43c5-8d26-0e72f1115fdf,7a8e0e9d-28f2-40d7-8696-9db0a75a628d
e7976320-ec14-40d9-a2c2-cf59968b05d4,1f33d527-6045-4358-afd9-602ae8644b43
6ab09072-1800-4dab-aeb8-e1f1a1a9087f,af68b454-0781-4ba1-a037-4444038ef730
cf0c30b5-8959-4798-8ddd-1cd1aa3bc394,3b16b9a9-28b5-4421-a419-f2c0a580a622
6910ac1c-05ce-4209-b5db-bf164a902b80,1f33d527-6045-4358-afd9-602ae8644b43
2f490cca-11d3-41a4-aa6a-f047614a68a1,02257903-92fa-4ef4-8ba7-12758b989472
a2e6c14d-8fc1-4d40-b953-70b433484aeb,6ff9e82a-0eff-4a28-b5c4-68f943508bf2
2b1475fe-93f9-4a39-8c41-dc45d110ab34,52d84173-882a-48bc-98c2-da35a45c13c1
89c92869-89f4-4e1f-af0a-792671dcd635,d89699f6-85db-4def-8de6-14cb07eb2c43
89c92869-89f4-4e1f-af0a-792671dcd635,1f33d527-6045-4358-afd9-602ae8644b43
bcdaef43-0298-417a-906b-056eff7448a9,b5489408-529d-4ff3-bc71-57bc4e093158
641aab28-3908-473d-99f8-2de28be480e6,0ee9f564-1d84-4c16-8227-802613b88a09
3463f7db-7fde-40ae-898b-cccd4c985364,9297f5e2-06f8-43dc-9765-87beb4350755
4dd15f48-570d-45d0-9355-8fa027ab823e,ff41c6fa-d1d3-461e-bc14-61438d2fe7d4
40922613-c091-4fb8-b4e3-9559f788c74b,1f33d527-6045-4358-afd9-602ae8644b43
40922613-c091-4fb8-b4e3-9559f788c74b,f4053f71-94b5-40b2-92bd-fb588127fe38
a60b4669-7828-4cb8-ac07-e9892149a667,8d82500d-abce-4859-889f-991e369704e8
6c3aa136-b376-4c87-8983-93491d81e662,6ca59447-c208-40e3-ab57-7edb01549cbf
a614a260-fdbb-44e5-86a2-75330c47073e,fe8e1adf-281b-493b-a6ec-1b86629a19d7
a614a260-fdbb-44e5-86a2-75330c47073e,a02e22cb-d235-4e41-99c0-73d63c06157e
80988a10-897b-467d-8650-8fa6d3623d86,3d947f3c-fa03-4667-b09a-25a8f2db2adb
6bf5f445-76e8-4b2d-8cd2-08687321fe78,6359b0bf-3af6-44e9-bf13-71c9fe0ead77
db2fdad9-dff7-4b9d-b305-1f2dfea1fb66,992ae373-a9bc-4ae6-9d74-7082cf0a4c12
1d5c69ed-ecd6-4872-963b-9fe5cb07b30d,cde9a632-6add-43ce-8de9-84ce69637125
6af20e32-00d2-4679-a6b1-0c7b6c54574d,5fc091c1-fa87-45b5-878f-8deb38c39f5e
d7ffbc6f-aafc-4299-8119-e06f768b80d3,1f33d527-6045-4358-afd9-602ae8644b43
d7ffbc6f-aafc-4299-8119-e06f768b80d3,6ff9e82a-0eff-4a28-b5c4-68f943508bf2
028c0324-e3d7-40fd-b3aa-4b51d89abc1c,6ca59447-c208-40e3-ab57-7edb01549cbf
4fb0cd1a-f7eb-49e7-a316-d3583f383194,f137d46d-5bac-404d-bfc9-d9fb8fc8a734
4fb0cd1a-f7eb-49e7-a316-d3583f383194,eddb9f19-4025-4f9a-8d44-a9bf94cb562e
4fb0cd1a-f7eb-49e7-a316-d3583f383194,992ae373-a9bc-4ae6-9d74-7082cf0a4c12
4fb0cd1a-f7eb-49e7-a316-d3583f383194,ae92de86-1329-4de8-bbcc-f478e9f8628b
4b722f6e-2536-42ad-a48c-b7b5039cdeef,719913bd-dde4-4607-86ee-4f918d35794f
23a33e04-969e-4bbf-a906-1619a2c2b236,21d8739d-25f6-48b7-a909-14d59848db24
6fe79437-76f2-401b-9870-05c9f285268a,6ccd09a6-df0b-427f-a639-7f3b30134426
2c855410-9f61-425d-8157-eaed32fd2de7,a1edce4a-f996-4933-88a9-fa36cb210a5e
5af0172f-8ca7-4bc1-aee3-9888fa2dacff,1f33d527-6045-4358-afd9-602ae8644b43
9116d91e-245f-41a0-a6d0-e77085912365,8d82500d-abce-4859-889f-991e369704e8
532e93dd-78b3-4530-80ae-95a43ab54872,6ca59447-c208-40e3-ab57-7edb01549cbf
5071b7b9-ad69-4250-bf61-1df85c304f5f,992ae373-a9bc-4ae6-9d74-7082cf0a4c12
5071b7b9-ad69-4250-bf61-1df85c304f5f,6ff9e82a-0eff-4a28-b5c4-68f943508bf2
5071b7b9-ad69-4250-bf61-1df85c304f5f,eddb9f19-4025-4f9a-8d44-a9bf94cb562e
7cc88a20-4fb8-4297-9cdc-7e60527b5499,5fc091c1-fa87-45b5-878f-8deb38c39f5e
03216390-265f-44d7-83c6-05fa996bd19d,6ff9e82a-0eff-4a28-b5c4-68f943508bf2
03216390-265f-44d7-83c6-05fa996bd19d,1f33d527-6045-4358-afd9-602ae8644b43
8d82b398-ad25-44db-a36d-06a2e30d165f,6ca59447-c208-40e3-ab57-7edb01549cbf
79060cdc-1430-4298-89fe-4fe08cac88df,992ae373-a9bc-4ae6-9d74-7082cf0a4c12
79060cdc-1430-4298-89fe-4fe08cac88df,72f27659-ea6c-40a3-9f2d-dfe7d82c853b
79060cdc-1430-4298-89fe-4fe08cac88df,eddb9f19-4025-4f9a-8d44-a9bf94cb562e
79060cdc-1430-4298-89fe-4fe08cac88df,efde0ce9-21df-44b4-ba54-c6d738ec2e64
4e767e29-ffa4-40d2-b83d-1cdce6aa84cd,94d3c2e4-6c9d-45de-9663-14be2dcabf8d
1265da87-c9da-4d2a-9ca0-08741b3aa457,1f33d527-6045-4358-afd9-602ae8644b43
397bb4d8-e3aa-4722-b08e-879c6373132b,992ae373-a9bc-4ae6-9d74-7082cf0a4c12
f89a5237-aef8-4f8b-8694-0e6218e06e7d,6ca59447-c208-40e3-ab57-7edb01549cbf
1405488f-fff5-436b-aee0-26b0038e5dda,6ca59447-c208-40e3-ab57-7edb01549cbf
f2d6d71f-c312-49aa-ad99-23bd19f71058,992ae373-a9bc-4ae6-9d74-7082cf0a4c12
f2d6d71f-c312-49aa-ad99-23bd19f71058,d8552976-9336-4818-a952-a6ada26a3006
f2d6d71f-c312-49aa-ad99-23bd19f71058,efde0ce9-21df-44b4-ba54-c6d738ec2e64
331ba2f0-1f0d-4699-b81e-afa846106a16,33f12961-e353-4d14-a7bc-4f20ffad7f00
21d3d59f-4097-4500-97cb-368af5898a8d,992ae373-a9bc-4ae6-9d74-7082cf0a4c12
21d3d59f-4097-4500-97cb-368af5898a8d,9e87af73-6ec7-473e-86b9-93fc8311efba
927a710d-44e1-497f-975f-dabed292e0e8,652457ae-aab8-457a-b1a8-66deb031d7a7
6e347fdb-edcf-448a-8f46-233e259c435e,6ca59447-c208-40e3-ab57-7edb01549cbf
a15de185-b5f8-42f1-b99a-9945c8fee93f,0a2353ed-3482-4163-9ca4-46e6cf6ab717
1bd8e3c5-9c58-48f6-a734-684f8aadf50d,0d262eed-551e-45d0-983c-bca05eabe980
efa2becd-60a1-40fe-85be-6c314fe0ec42,21d8739d-25f6-48b7-a909-14d59848db24
2bf3caa7-51a4-435e-a3d6-1eb2efeb93a9,6bdd587c-344f-4fb7-b1c6-d48b8b15a2d1
0449df15-f0ce-48f0-905a-50e2821598cf,6e7ec579-d5fc-41c8-82f1-649532a23cb4
609d812c-ef6a-41b2-8d75-6d1e89f3f822,0956065f-f830-46ce-8db3-7c82b0df46c0
0b94899e-c9a7-493e-b9f6-f6c1243a51cb,abc6c08b-0d8b-4b68-9a5e-18e8122308ca
61c256ff-92cd-484d-aa79-4f88229d868c,1f33d527-6045-4358-afd9-602ae8644b43
a75945fe-bbc0-41f0-8760-e2201ad0101c,5fc091c1-fa87-45b5-878f-8deb38c39f5e
1782228f-94b4-4598-a5f5-953a7b547532,c0616b1c-7741-4f55-9da3-7b115b34481c
ccdb1c3e-3704-433d-9bc1-1f5e09e5a588,c0616b1c-7741-4f55-9da3-7b115b34481c
71819c24-2206-4038-ad32-e82711215966,d8552976-9336-4818-a952-a6ada26a3006
51ca90a6-d166-4a4f-978f-5f28b2eb2c33,ff41c6fa-d1d3-461e-bc14-61438d2fe7d4
fd4733e7-7a09-4be2-b3d3-7e9d6c831fbf,3b16b9a9-28b5-4421-a419-f2c0a580a622
346d0755-4fcf-4884-b1bb-4a4090124e7f,1f33d527-6045-4358-afd9-602ae8644b43
703ec461-d9f1-43ab-aa5e-450b3bfdc244,ac2f7cb8-fe85-4eec-9dbd-11aab73b200d
141d7d08-449c-4e30-9ce1-2b3ce8a676b2,7a8e0e9d-28f2-40d7-8696-9db0a75a628d
73af4bd4-07d7-4998-a624-c8151c6f11df,6ca59447-c208-40e3-ab57-7edb01549cbf
2d024b9a-e587-499d-b247-6a4f1467e010,6ff9e82a-0eff-4a28-b5c4-68f943508bf2
bd7112ff-2fc3-418a-892a-7fa617922ac7,6ca59447-c208-40e3-ab57-7edb01549cbf
89cfcb92-d124-41d5-8609-0e7582e615de,6ff9e82a-0eff-4a28-b5c4-68f943508bf2
89cfcb92-d124-41d5-8609-0e7582e615de,992ae373-a9bc-4ae6-9d74-7082cf0a4c12
d5e08ab8-9aa4-4672-adc9-448df7f3441c,6ca59447-c208-40e3-ab57-7edb01549cbf
0ca6b82c-c40d-4cd8-bcd1-bf3bd5fc2c12,b47cb9fd-b9c9-4d77-916d-93ed0c1a1879
0ca6b82c-c40d-4cd8-bcd1-bf3bd5fc2c12,992ae373-a9bc-4ae6-9d74-7082cf0a4c12
0ca6b82c-c40d-4cd8-bcd1-bf3bd5fc2c12,fc1941db-1098-4bd5-a9c7-d9fe8b94172d
b1791b91-d590-4955-bbfb-ba05f63e3278,6ca59447-c208-40e3-ab57-7edb01549cbf
f9a8ff61-6357-4361-9f49-86731dd9bd42,c12e9df5-302b-490d-8ee4-c29cb2b55541
c7e80c55-fa70-4761-a634-125fd9c12e75,6ca59447-c208-40e3-ab57-7edb01549cbf
9531a88a-4d25-400b-8f7d-31554ed039d0,992ae373-a9bc-4ae6-9d74-7082cf0a4c12
9531a88a-4d25-400b-8f7d-31554ed039d0,ae92de86-1329-4de8-bbcc-f478e9f8628b
da87f84f-12e1-47bc-9792-bcade7bc6e1f,35501750-04e3-48bd-bfe4-3aa7d22e3baa
6e3cdc12-3cb6-4879-9e54-cda4c66d7881,6359b0bf-3af6-44e9-bf13-71c9fe0ead77
25ae6d15-7184-422e-94b4-51e19e20e9c9,1f33d527-6045-4358-afd9-602ae8644b43
25ae6d15-7184-422e-94b4-51e19e20e9c9,3bf75b18-e479-43ff-b40e-b33f5996a5c4
133402ef-acf5-4397-a70d-63a045a621a2,386c578b-2a53-4c3a-b910-a980fb1773c0
fa3cfbb4-0f03-47b1-a23c-6abfb855d2b7,b4f75e2e-aded-4dd2-8b9c-740be0e9164d
6970a988-5ede-40b9-b4ab-9f4790d49733,d1c30f65-d081-40cd-91e8-193b4c51182a
648c18ed-d4fd-456a-bd6c-5217da134394,ff41c6fa-d1d3-461e-bc14-61438d2fe7d4
83f895a8-562f-466b-aaec-4592a074624e,636ec317-4c7e-4140-949e-b81cdece4be4
b2de31f8-9c03-401a-b0fc-8fc470a7708a,d89699f6-85db-4def-8de6-14cb07eb2c43
b2de31f8-9c03-401a-b0fc-8fc470a7708a,1f33d527-6045-4358-afd9-602ae8644b43
f7b2d4a1-6a49-4437-9e85-cfc4c285cd98,6ca59447-c208-40e3-ab57-7edb01549cbf
bbd24c51-c5aa-4067-a94b-8c2e3cece0a7,6e7ec579-d5fc-41c8-82f1-649532a23cb4
7ad58637-9673-47ab-8602-bbb64d7657de,c0e1ac3f-43d4-49ec-a5c7-e4b40b200a57
9a5f569b-a7e3-4e91-8b00-a86be25ffcc6,1e0f1986-faed-4875-a21d-c3454979c0ff
1f2b5a15-8cde-42bc-9896-6294bd70b7fc,8d82500d-abce-4859-889f-991e369704e8
0cae2926-25ba-4617-b1fe-0af14f427764,0a2353ed-3482-4163-9ca4-46e6cf6ab717
e7c3dc7a-e184-498b-8171-972334778de6,cde9a632-6add-43ce-8de9-84ce69637125
841ee996-e02c-49f8-bf03-5a7071087b94,5fc091c1-fa87-45b5-878f-8deb38c39f5e
805a0c42-0541-4458-a0e5-245841045ba2,1fa3719f-7f49-43d3-9416-c38e10968ac8
805a0c42-0541-4458-a0e5-245841045ba2,1f33d527-6045-4358-afd9-602ae8644b43
94348660-39ac-4d2d-8d91-6fa2b4fd4164,6ca59447-c208-40e3-ab57-7edb01549cbf
e5b5ed3b-48f3-406c-8e08-47399905e210,ae92de86-1329-4de8-bbcc-f478e9f8628b
e5b5ed3b-48f3-406c-8e08-47399905e210,992ae373-a9bc-4ae6-9d74-7082cf0a4c12
437f1be5-7a21-4384-b324-6375d8de8595,af68b454-0781-4ba1-a037-4444038ef730
82dce872-d8fb-4861-a877-607e68aa9444,9e87af73-6ec7-473e-86b9-93fc8311efba
82dce872-d8fb-4861-a877-607e68aa9444,d89699f6-85db-4def-8de6-14cb07eb2c43
82dce872-d8fb-4861-a877-607e68aa9444,1f33d527-6045-4358-afd9-602ae8644b43
b0c8226c-0a13-43c8-b03f-26634a2c4c5c,3b16b9a9-28b5-4421-a419-f2c0a580a622
d8130476-0a87-4f46-b9a8-d1b23776beee,992ae373-a9bc-4ae6-9d74-7082cf0a4c12
d8130476-0a87-4f46-b9a8-d1b23776beee,6ff9e82a-0eff-4a28-b5c4-68f943508bf2
feb3cff6-ae15-44ad-ad19-a05e8849bf65,6ca59447-c208-40e3-ab57-7edb01549cbf
aa5e65c4-652e-4a9c-bcfc-385179337978,6ca59447-c208-40e3-ab57-7edb01549cbf
608da967-130e-413b-84fa-be2fe98465d6,0f795c5c-53c8-4974-a826-e83132dd5671
608da967-130e-413b-84fa-be2fe98465d6,ae92de86-1329-4de8-bbcc-f478e9f8628b
87a43e37-64cd-47d7-99b8-c3f3e6983db1,6ca59447-c208-40e3-ab57-7edb01549cbf
07b7854e-83f4-464f-a262-a56f22dcd057,9d902a90-2e2d-4921-9d40-b5c18c6fe7ec
07b7854e-83f4-464f-a262-a56f22dcd057,ae92de86-1329-4de8-bbcc-f478e9f8628b
0dd26be8-504f-488d-8351-2438cd433902,ca64a6a5-167f-4dc6-a828-596ec7fb7bcf
e7033565-6678-46ac-9032-b842f4c2b067,50d749ed-12a3-48bb-88a9-ac8403bdc400
f37aaf77-9920-4c8f-9c6b-d4a63ea1c25a,eddb9f19-4025-4f9a-8d44-a9bf94cb562e
f37aaf77-9920-4c8f-9c6b-d4a63ea1c25a,1f33d527-6045-4358-afd9-602ae8644b43
f37aaf77-9920-4c8f-9c6b-d4a63ea1c25a,69b294ca-7d15-4303-9762-216ec08f824e
cccd8329-71d5-4c86-88e4-3a9b989e26b5,6ca59447-c208-40e3-ab57-7edb01549cbf
533f9e94-505e-40e5-8ef9-2d5fcd89f1af,9d902a90-2e2d-4921-9d40-b5c18c6fe7ec
533f9e94-505e-40e5-8ef9-2d5fcd89f1af,6ff9e82a-0eff-4a28-b5c4-68f943508bf2
fb5a8ef9-3f8e-43a8-bfcd-cafc5cf3ef86,d1c30f65-d081-40cd-91e8-193b4c51182a
d45122d7-562c-48de-a8f2-640876eed306,1f33d527-6045-4358-afd9-602ae8644b43
d45122d7-562c-48de-a8f2-640876eed306,69b294ca-7d15-4303-9762-216ec08f824e
6cc24c01-1fd1-48d0-ae52-e6be9c10073a,c7e9d8ec-9ba5-4048-82e7-c3d2ff02eb9b
38d147e9-38d0-43b1-a549-3a71be464df9,b9f30bc7-6fe4-42ff-81ef-6b73634f7220
af515678-70a0-4927-a9ec-b10e50b891df,20bc1485-d0c4-4b2b-b0b4-c282c203431a
ef7e5f1c-ebf4-40a0-ad1b-059cd37a2c38,1f33d527-6045-4358-afd9-602ae8644b43
ef7e5f1c-ebf4-40a0-ad1b-059cd37a2c38,f4053f71-94b5-40b2-92bd-fb588127fe38
e7964ba8-4154-43bc-8d90-63d6584c6ed4,8d82500d-abce-4859-889f-991e369704e8
222a8f4c-ff72-4dd4-84a9-760639532b5e,6ca59447-c208-40e3-ab57-7edb01549cbf
ca99d4d8-1383-4273-950a-2541990efec5,d89699f6-85db-4def-8de6-14cb07eb2c43
ca99d4d8-1383-4273-950a-2541990efec5,3ede1470-2ccd-442a-9411-0f2f431639e4
d86621a2-bb8a-4117-a54c-b5f93e25e3e5,6ca59447-c208-40e3-ab57-7edb01549cbf
5b347ac2-38ff-4208-963a-6d114291f65a,c4cb37e8-fe1c-4d2b-b0b5-f04a69925d8f
5b347ac2-38ff-4208-963a-6d114291f65a,0a2353ed-3482-4163-9ca4-46e6cf6ab717
3d1ae33a-e8f0-455f-a3b2-8ef576deabfc,6ca59447-c208-40e3-ab57-7edb01549cbf
4afb05e5-14ed-4bb9-8dd7-b72898cd8621,6ca59447-c208-40e3-ab57-7edb01549cbf
a0d0716b-1c74-49a2-8f65-293615abeafb,9d902a90-2e2d-4921-9d40-b5c18c6fe7ec
a0d0716b-1c74-49a2-8f65-293615abeafb,9e87af73-6ec7-473e-86b9-93fc8311efba
9e3adefc-48b8-4e2f-b6e5-df1d0b2d377b,6ca59447-c208-40e3-ab57-7edb01549cbf
53a40ad3-e8ec-4ac1-82fb-22179d714693,9f6d5b2b-ac1c-4cc3-a7d1-7cedf98b7563
53a40ad3-e8ec-4ac1-82fb-22179d714693,ae92de86-1329-4de8-bbcc-f478e9f8628b
67c8001b-4104-48ac-bfaf-5eb4937e8a94,92a75c62-556e-4861-bd75-a29497ddf8cb
dd80b8ef-3d67-4bf4-b985-deac0c00ed0b,33f12961-e353-4d14-a7bc-4f20ffad7f00
79f31cab-39fb-4442-b7b0-cf1ef0f0d469,386c578b-2a53-4c3a-b910-a980fb1773c0
ea438abe-245f-4c48-b58c-cad5f6fcbc1f,3b16b9a9-28b5-4421-a419-f2c0a580a622
d4ea6244-5114-4291-a234-83ec9e05cc40,41d62f31-a92e-4ff2-9981-41f3cf46ebeb
d4ea6244-5114-4291-a234-83ec9e05cc40,992ae373-a9bc-4ae6-9d74-7082cf0a4c12
d4ea6244-5114-4291-a234-83ec9e05cc40,f4053f71-94b5-40b2-92bd-fb588127fe38
5c5f0fc9-4da8-4715-9722-ba41ee23d774,6ccd09a6-df0b-427f-a639-7f3b30134426
8765f54d-e07f-403e-9a85-d9702d7c21f5,6bdd587c-344f-4fb7-b1c6-d48b8b15a2d1
4925e525-44de-4696-9304-11c2360c6684,1f33d527-6045-4358-afd9-602ae8644b43
e44cadfa-3afb-4eb6-9263-9b71f9ae303c,1ce37d28-4cb6-49c3-8d5b-21b9d23119e2
c39a8e39-d0af-4693-b7b9-cc1b8a66f4c9,6ca59447-c208-40e3-ab57-7edb01549cbf
12fbb54f-277c-4dd5-bb24-05bccfed6fc2,992ae373-a9bc-4ae6-9d74-7082cf0a4c12
12fbb54f-277c-4dd5-bb24-05bccfed6fc2,fc1941db-1098-4bd5-a9c7-d9fe8b94172d
ffb319d9-fb34-4d8a-acfd-f9fc836db755,6b0712f7-178e-473d-8bc6-3ca8e50b9053
07fad5ca-434d-4387-9ab7-4632e2891e3d,91f5ef84-d09b-4a54-a729-b6abe973e128
51d9652e-9343-4af5-9e0e-909812a6f521,69b294ca-7d15-4303-9762-216ec08f824e
3261cdc4-0ddb-4164-be93-b62fe72467e7,f413d6b6-6542-41fc-940c-6177cf5606aa
d4b234e2-4a5f-4ec9-8a87-c91c9a227ed9,1f33d527-6045-4358-afd9-602ae8644b43
d4b234e2-4a5f-4ec9-8a87-c91c9a227ed9,992ae373-a9bc-4ae6-9d74-7082cf0a4c12
d4b234e2-4a5f-4ec9-8a87-c91c9a227ed9,eddb9f19-4025-4f9a-8d44-a9bf94cb562e
75f5253e-95b6-4477-ac97-d96910bd8147,386c578b-2a53-4c3a-b910-a980fb1773c0
938d86ed-ec85-4097-9439-32f4a9471877,af68b454-0781-4ba1-a037-4444038ef730
7501a07a-f447-4e99-a989-8354d1c47508,1f33d527-6045-4358-afd9-602ae8644b43
97c5051b-26ae-49b8-a3eb-b0b2e94c5e59,3b16b9a9-28b5-4421-a419-f2c0a580a622
2f083a08-d264-400c-aaa7-35b4951078c1,6bdd587c-344f-4fb7-b1c6-d48b8b15a2d1
891694a5-865b-4d57-897c-1a094b208874,6ff9e82a-0eff-4a28-b5c4-68f943508bf2
891694a5-865b-4d57-897c-1a094b208874,1f33d527-6045-4358-afd9-602ae8644b43
73554fc6-6893-40ea-b42e-c755e102e92b,eddb9f19-4025-4f9a-8d44-a9bf94cb562e
97d87e8f-3225-424b-9f11-ede18688f909,c0616b1c-7741-4f55-9da3-7b115b34481c
918ab5e5-9feb-4ec4-9678-1374f3b96383,07ca7e6e-9e19-4657-8a03-f8c68d078a6e
90da9809-7131-4d8a-9212-3d755e1e7c59,05189b57-cd02-4472-9e21-bd3b54ab5dd6
aa8233b4-c7c4-4ab6-ac0a-dd1c701c78f9,5fc091c1-fa87-45b5-878f-8deb38c39f5e
513cdf2c-b403-4210-972c-888e893b7a08,d89699f6-85db-4def-8de6-14cb07eb2c43
513cdf2c-b403-4210-972c-888e893b7a08,9e87af73-6ec7-473e-86b9-93fc8311efba
513cdf2c-b403-4210-972c-888e893b7a08,1f33d527-6045-4358-afd9-602ae8644b43
4c42a3d2-6518-478d-b4fb-93cd7f1b307f,3b16b9a9-28b5-4421-a419-f2c0a580a622
b2f3fb7f-f826-47d1-91ad-3d40ff647909,c7e9d8ec-9ba5-4048-82e7-c3d2ff02eb9b
b101d3a5-7e11-4e72-a3da-690fcdda6202,d1c30f65-d081-40cd-91e8-193b4c51182a
f64a468f-756c-4764-bca3-608f15d01cfa,0a2353ed-3482-4163-9ca4-46e6cf6ab717
f64a468f-756c-4764-bca3-608f15d01cfa,1f33d527-6045-4358-afd9-602ae8644b43
c412bddc-818f-4e45-bba1-d4618a318455,992ae373-a9bc-4ae6-9d74-7082cf0a4c12
c412bddc-818f-4e45-bba1-d4618a318455,ae92de86-1329-4de8-bbcc-f478e9f8628b
c412bddc-818f-4e45-bba1-d4618a318455,72f27659-ea6c-40a3-9f2d-dfe7d82c853b
bd3a8623-29ac-4e6b-a052-2e5cf125292d,5fc091c1-fa87-45b5-878f-8deb38c39f5e
3f9760c8-acfe-4854-9b6a-fb24885b1998,6e7ec579-d5fc-41c8-82f1-649532a23cb4
85a3e827-ed2c-480b-a653-35684e4a41e0,cde9a632-6add-43ce-8de9-84ce69637125
02348303-aebe-4aad-b1a5-e4ca8f0e5803,6ca59447-c208-40e3-ab57-7edb01549cbf
2f8e65e2-cf34-457d-8caa-ff5ee1c3a818,4c9945e5-4487-40d3-ac4d-0f39caa452c4
2f8e65e2-cf34-457d-8caa-ff5ee1c3a818,992ae373-a9bc-4ae6-9d74-7082cf0a4c12
3ac43be8-a6c4-4f45-aabf-48a6a2ef8e14,12e1702a-7623-4b11-a224-44601b67328c
57793dc7-2700-48ec-a1ed-a05f3402055f,91f5ef84-d09b-4a54-a729-b6abe973e128
badda156-07da-46c5-85eb-caac9d80f650,d89699f6-85db-4def-8de6-14cb07eb2c43
957989f4-bdbe-4c00-8483-f3bcccaefcb1,3b16b9a9-28b5-4421-a419-f2c0a580a622
5d35519d-8af5-4ee8-84e2-165b6a74282d,6ca59447-c208-40e3-ab57-7edb01549cbf
72b64c4c-5081-4107-9a52-4d2c611f4b3f,992ae373-a9bc-4ae6-9d74-7082cf0a4c12
72b64c4c-5081-4107-9a52-4d2c611f4b3f,fc1941db-1098-4bd5-a9c7-d9fe8b94172d
72b64c4c-5081-4107-9a52-4d2c611f4b3f,6ff9e82a-0eff-4a28-b5c4-68f943508bf2
d8643297-48fc-4560-a037-301347f775a7,abc6c08b-0d8b-4b68-9a5e-18e8122308ca
028d9ac7-acd3-4f3c-9fdf-e00823ba1970,6bdd587c-344f-4fb7-b1c6-d48b8b15a2d1
8b73b773-0779-4425-a9f1-76262eafb344,1f33d527-6045-4358-afd9-602ae8644b43
8b73b773-0779-4425-a9f1-76262eafb344,d89699f6-85db-4def-8de6-14cb07eb2c43
a608d04a-8737-48a8-b784-2e2d5e860e3b,b5489408-529d-4ff3-bc71-57bc4e093158
6386c706-f1cf-40bf-ac77-79e92af31a78,992ae373-a9bc-4ae6-9d74-7082cf0a4c12
6386c706-f1cf-40bf-ac77-79e92af31a78,9f6d5b2b-ac1c-4cc3-a7d1-7cedf98b7563
1ccc66f7-f424-479b-9f6e-a6cceb5c6667,6ca59447-c208-40e3-ab57-7edb01549cbf
125feab1-df72-4ef4-8973-5ffed9885f13,636ec317-4c7e-4140-949e-b81cdece4be4
fb40388e-0c40-4921-a2c2-450c6be892a1,d8552976-9336-4818-a952-a6ada26a3006
fb40388e-0c40-4921-a2c2-450c6be892a1,fc1941db-1098-4bd5-a9c7-d9fe8b94172d
e99bd0d6-af6a-4314-8a9e-99a31009fcbf,e1f048ba-5b3e-4c91-9caf-28dca91525cf
a6b51447-adac-4694-b2d3-21dc537adf91,643d43fe-baa8-4b50-937f-1afb03bd76e9
700f98b8-be4e-45fe-bbfd-56256f05c9c3,2cac3d2f-fb6d-4fee-a989-09105ff99178
5280203e-da2c-44ef-89d1-bc1b2fe4e7a7,6e7ec579-d5fc-41c8-82f1-649532a23cb4
8c6ae435-c094-46ee-821f-1e2ad648f08a,b41e3b3e-d27b-4705-b8c7-592b89508e12
2380b337-8ff3-4705-a17f-8ba15c7b204a,ca64a6a5-167f-4dc6-a828-596ec7fb7bcf
e4ed7e9f-fc6c-451e-8b1f-a5eaf28a1b8b,50d749ed-12a3-48bb-88a9-ac8403bdc400
18807586-525b-47b0-9d1e-9a7a31b3d2aa,1fa3719f-7f49-43d3-9416-c38e10968ac8
18807586-525b-47b0-9d1e-9a7a31b3d2aa,1f33d527-6045-4358-afd9-602ae8644b43
ca0e117a-1370-4175-bd80-40d44d48cc86,ac2f7cb8-fe85-4eec-9dbd-11aab73b200d
66fa6bc2-0147-48ed-b7f0-b2a0950b2a53,7a8e0e9d-28f2-40d7-8696-9db0a75a628d
d60482c9-9ca5-413e-8b6c-e1506daf969a,ff41c6fa-d1d3-461e-bc14-61438d2fe7d4
ea1a37c2-63d2-4582-8d8e-b627739bb068,3b16b9a9-28b5-4421-a419-f2c0a580a622
4d2de990-67c6-4265-bd3c-6f6129346e0c,1f33d527-6045-4358-afd9-602ae8644b43
e3b717f6-c1e3-4b01-b03a-82d6a891b0c4,6ca59447-c208-40e3-ab57-7edb01549cbf
6bdb4326-b569-4771-89c4-f6a5ec541f4f,992ae373-a9bc-4ae6-9d74-7082cf0a4c12
c4923381-4cda-4aa9-bef7-14f15e906d69,6ca59447-c208-40e3-ab57-7edb01549cbf
a4195f9c-f7fb-4c86-883b-252beeda1409,1f33d527-6045-4358-afd9-602ae8644b43
a4195f9c-f7fb-4c86-883b-252beeda1409,eddb9f19-4025-4f9a-8d44-a9bf94cb562e
d5f61457-fb28-4652-ba96-a55b21cdc0c0,6ca59447-c208-40e3-ab57-7edb01549cbf
2663b47d-14c5-47f9-a051-1736a7b05f33,992ae373-a9bc-4ae6-9d74-7082cf0a4c12
2663b47d-14c5-47f9-a051-1736a7b05f33,6ff9e82a-0eff-4a28-b5c4-68f943508bf2
b5526f3d-1e2b-45ae-b9f5-b9bc9427abba,6ca59447-c208-40e3-ab57-7edb01549cbf
2c958ef7-4458-4b35-8bb7-1b6c816ab9a3,992ae373-a9bc-4ae6-9d74-7082cf0a4c12
2c958ef7-4458-4b35-8bb7-1b6c816ab9a3,6ff9e82a-0eff-4a28-b5c4-68f943508bf2
cf23b5c0-7eaf-4c07-9879-79e2e3f7535e,1fad2edd-83ee-4028-b2a6-4664d26552cd
af164143-ceb9-4690-8e7c-3985645728ed,386c578b-2a53-4c3a-b910-a980fb1773c0
2fe63e5d-82b1-43e0-ad99-a99203addc81,eddb9f19-4025-4f9a-8d44-a9bf94cb562e
2fe63e5d-82b1-43e0-ad99-a99203addc81,1f33d527-6045-4358-afd9-602ae8644b43
53014ffe-ba16-4e07-8300-5b7ddc3edc43,fe5f9116-b18a-42bb-bead-1f0a20aae294
b2ba247a-a51f-4dab-8294-6622236263e0,992ae373-a9bc-4ae6-9d74-7082cf0a4c12
b2ba247a-a51f-4dab-8294-6622236263e0,9d902a90-2e2d-4921-9d40-b5c18c6fe7ec
b2ba247a-a51f-4dab-8294-6622236263e0,0a2353ed-3482-4163-9ca4-46e6cf6ab717
434da840-1670-4209-9594-ee235a88d22b,6ca59447-c208-40e3-ab57-7edb01549cbf
6f9b3ad4-8c34-4a64-ad13-c84ecee0283b,6ca59447-c208-40e3-ab57-7edb01549cbf
d97b2fa2-ac4f-4281-875f-018546a927d0,1f33d527-6045-4358-afd9-602ae8644b43
d97b2fa2-ac4f-4281-875f-018546a927d0,d8552976-9336-4818-a952-a6ada26a3006
8d91d32d-304b-4955-ad14-91f9c11fd28b,6ca59447-c208-40e3-ab57-7edb01549cbf
536ff5f3-9616-494d-a8fd-49a225cb3336,c7e9d8ec-9ba5-4048-82e7-c3d2ff02eb9b
62ed89e4-c4b4-4622-9d8a-4286a48b6774,d1c30f65-d081-40cd-91e8-193b4c51182a
dde31afa-f1ec-4394-96b8-68ff0b743b04,1f33d527-6045-4358-afd9-602ae8644b43
dde31afa-f1ec-4394-96b8-68ff0b743b04,fc1941db-1098-4bd5-a9c7-d9fe8b94172d
dde31afa-f1ec-4394-96b8-68ff0b743b04,4c9945e5-4487-40d3-ac4d-0f39caa452c4
2fb560b1-273a-4c82-a146-9ad07f24d411,fe5f9116-b18a-42bb-bead-1f0a20aae294
cbffde0e-c982-4e0f-a42e-8cdb681b3816,ed75086e-ad87-42df-b512-6dba1ac50161
9aab2b1b-ba53-42ec-8ad6-aac68a545312,1f33d527-6045-4358-afd9-602ae8644b43
842b2d5f-eb70-479a-b57d-da763177f0cc,3b16b9a9-28b5-4421-a419-f2c0a580a622
daca2ab3-b5ad-4c64-8f16-bf63c7d9479c,636ec317-4c7e-4140-949e-b81cdece4be4
935e3f3c-925a-49f6-abe7-c578a73cf6b9,1f33d527-6045-4358-afd9-602ae8644b43
935e3f3c-925a-49f6-abe7-c578a73cf6b9,eddb9f19-4025-4f9a-8d44-a9bf94cb562e
429db534-4841-4983-b7b8-7831089ee30f,e1f048ba-5b3e-4c91-9caf-28dca91525cf
8345dd7a-bd39-4229-95c2-07487f45e6d8,6ca59447-c208-40e3-ab57-7edb01549cbf
46df36aa-2f83-43bc-af9f-d17e9e294491,eddb9f19-4025-4f9a-8d44-a9bf94cb562e
8224900e-02b3-4e83-83c2-4baea2fb077d,6ca59447-c208-40e3-ab57-7edb01549cbf
410f2bec-d8d4-4c19-9aca-db786b0e64ca,4c9945e5-4487-40d3-ac4d-0f39caa452c4
4d63182a-6643-4c7c-9f56-bc79c71b619e,6ca59447-c208-40e3-ab57-7edb01549cbf
6e244217-64e9-45f3-af65-f708e622da45,eddb9f19-4025-4f9a-8d44-a9bf94cb562e
6e244217-64e9-45f3-af65-f708e622da45,992ae373-a9bc-4ae6-9d74-7082cf0a4c12
6e244217-64e9-45f3-af65-f708e622da45,1f33d527-6045-4358-afd9-602ae8644b43
eb7d881b-47e7-40b3-aedb-76f918485186,6ca59447-c208-40e3-ab57-7edb01549cbf
864c4fa7-782e-4f20-b509-51da98f5300c,6ca59447-c208-40e3-ab57-7edb01549cbf
f3635a1c-74a4-47ab-9772-50d48ea82131,6ff9e82a-0eff-4a28-b5c4-68f943508bf2
f3635a1c-74a4-47ab-9772-50d48ea82131,ae92de86-1329-4de8-bbcc-f478e9f8628b
f3635a1c-74a4-47ab-9772-50d48ea82131,9f6d5b2b-ac1c-4cc3-a7d1-7cedf98b7563
2263fece-e854-433c-ab01-50b870602914,6ca59447-c208-40e3-ab57-7edb01549cbf
792db7a6-ef5b-4cd2-892c-b96b5b053110,9d902a90-2e2d-4921-9d40-b5c18c6fe7ec
792db7a6-ef5b-4cd2-892c-b96b5b053110,992ae373-a9bc-4ae6-9d74-7082cf0a4c12
04a8dc2f-2fd0-458f-a2e6-838e02aee424,943fa8e9-69df-4f6e-8e47-3a81150d8b3d
235b4417-8c9b-4618-92d2-663a545d5a59,dca26f5a-6485-43d1-9b87-82b066477f04
7d00fdfa-45e8-4604-a25a-c6089ff4544f,d89699f6-85db-4def-8de6-14cb07eb2c43
7d00fdfa-45e8-4604-a25a-c6089ff4544f,6e7ec579-d5fc-41c8-82f1-649532a23cb4
08302738-11f8-4971-9490-f82efd5b396f,6ca59447-c208-40e3-ab57-7edb01549cbf
df12635a-7bd8-4ed9-9a97-d34d1e31597a,9e87af73-6ec7-473e-86b9-93fc8311efba
df12635a-7bd8-4ed9-9a97-d34d1e31597a,c4cb37e8-fe1c-4d2b-b0b5-f04a69925d8f
81a4e12b-83b8-458a-8d5d-229592bd11a8,636ec317-4c7e-4140-949e-b81cdece4be4
a88a3c19-bef8-422a-87a6-0df004925e6e,9e87af73-6ec7-473e-86b9-93fc8311efba
a88a3c19-bef8-422a-87a6-0df004925e6e,f137d46d-5bac-404d-bfc9-d9fb8fc8a734
7132e86e-a158-47ad-9263-7de755f0856c,3d947f3c-fa03-4667-b09a-25a8f2db2adb
ffa86116-a397-4cd0-9319-adc9bebf19d5,636ec317-4c7e-4140-949e-b81cdece4be4
96089652-7a08-40dc-a91c-44e0db9fc1d8,6ca59447-c208-40e3-ab57-7edb01549cbf
b1f2a62e-6f0a-4ad2-a72e-637d42f9b0eb,992ae373-a9bc-4ae6-9d74-7082cf0a4c12
b1f2a62e-6f0a-4ad2-a72e-637d42f9b0eb,ae92de86-1329-4de8-bbcc-f478e9f8628b
b1f2a62e-6f0a-4ad2-a72e-637d42f9b0eb,6ff9e82a-0eff-4a28-b5c4-68f943508bf2
51989d79-12b7-42d2-80af-b51fd4cabfc9,3b16b9a9-28b5-4421-a419-f2c0a580a622
55931dd0-e5fd-4291-9a5b-44b0fe6849d7,1f33d527-6045-4358-afd9-602ae8644b43
55931dd0-e5fd-4291-9a5b-44b0fe6849d7,f4053f71-94b5-40b2-92bd-fb588127fe38
0b9965de-7609-48b0-bee5-508ed10d0c80,af68b454-0781-4ba1-a037-4444038ef730
2470521a-47ee-469c-8769-30a83dec2a63,6ca59447-c208-40e3-ab57-7edb01549cbf
f86c7e4d-eb08-4ca8-85d8-3dd3c21450ef,b47cb9fd-b9c9-4d77-916d-93ed0c1a1879
f86c7e4d-eb08-4ca8-85d8-3dd3c21450ef,6ff9e82a-0eff-4a28-b5c4-68f943508bf2
f86c7e4d-eb08-4ca8-85d8-3dd3c21450ef,992ae373-a9bc-4ae6-9d74-7082cf0a4c12
188c24b8-2dcd-4886-a89a-53249fb82b4a,6ca59447-c208-40e3-ab57-7edb01549cbf
08c99a71-3f03-4522-88f1-6d42315309ee,69b294ca-7d15-4303-9762-216ec08f824e
9c3dfcd4-9363-4cc2-aa43-9acf8356f59d,6ca59447-c208-40e3-ab57-7edb01549cbf
4c6a28ec-3310-4278-ae29-c78c1cba26e1,992ae373-a9bc-4ae6-9d74-7082cf0a4c12
7c802c04-eaf4-4586-9716-9387e94c048c,0d262eed-551e-45d0-983c-bca05eabe980
0bd7fdf6-b3f5-4faf-9719-b64685b7998c,a0ec4670-47c0-48d5-a9a0-c2012e886b58
2bad6acc-c3e7-4b90-b759-e0c7f110e931,d89699f6-85db-4def-8de6-14cb07eb2c43
2bad6acc-c3e7-4b90-b759-e0c7f110e931,1f33d527-6045-4358-afd9-602ae8644b43
c6e0325d-be21-467e-b332-3ee90d61e115,b41e3b3e-d27b-4705-b8c7-592b89508e12
15578cca-99cf-4849-ab99-e976bd7ca574,8d82500d-abce-4859-889f-991e369704e8
0ddf22bc-11a3-4afa-a4e5-90000cc2a1e9,6ca59447-c208-40e3-ab57-7edb01549cbf
db2b8e7a-ef0e-4f58-a086-62df3986b497,ae92de86-1329-4de8-bbcc-f478e9f8628b
db2b8e7a-ef0e-4f58-a086-62df3986b497,6ff9e82a-0eff-4a28-b5c4-68f943508bf2
f0852b30-2573-4316-a7f5-f0cf6655f14d,6ca59447-c208-40e3-ab57-7edb01549cbf
bbc8097e-7ea6-4f45-9f45-1ad5ed18887b,eddb9f19-4025-4f9a-8d44-a9bf94cb562e
bbc8097e-7ea6-4f45-9f45-1ad5ed18887b,992ae373-a9bc-4ae6-9d74-7082cf0a4c12
bbc8097e-7ea6-4f45-9f45-1ad5ed18887b,ae92de86-1329-4de8-bbcc-f478e9f8628b
42d619f4-5bdb-48ba-8f91-fdb862cbe0ed,6ca59447-c208-40e3-ab57-7edb01549cbf
7b319c2a-33e5-4d79-af5e-e9f0b3d16349,992ae373-a9bc-4ae6-9d74-7082cf0a4c12
ed8b59a0-751d-4bf0-9417-3a9769793204,6ca59447-c208-40e3-ab57-7edb01549cbf
b73362a9-6f2f-404d-a082-1b264ab4bb13,992ae373-a9bc-4ae6-9d74-7082cf0a4c12
b73362a9-6f2f-404d-a082-1b264ab4bb13,6ff9e82a-0eff-4a28-b5c4-68f943508bf2
5461e048-f00f-42c5-9c31-84cf49838934,6ca59447-c208-40e3-ab57-7edb01549cbf
95407550-05fb-4cb2-9308-152c803ee27c,992ae373-a9bc-4ae6-9d74-7082cf0a4c12
95407550-05fb-4cb2-9308-152c803ee27c,6ff9e82a-0eff-4a28-b5c4-68f943508bf2
85906d5e-c5c5-4876-8dab-c624181e9e57,c7e9d8ec-9ba5-4048-82e7-c3d2ff02eb9b
042aa64a-1b42-4b4e-a63a-6e0ce8bf47c6,38fb6d40-46f1-4b8f-8b19-6769e6e92687
72e88dfc-b428-444a-b83b-78f636446616,9e87af73-6ec7-473e-86b9-93fc8311efba
72e88dfc-b428-444a-b83b-78f636446616,41d62f31-a92e-4ff2-9981-41f3cf46ebeb
72e88dfc-b428-444a-b83b-78f636446616,f4053f71-94b5-40b2-92bd-fb588127fe38
b2f4c096-ca74-4ecd-98b7-0537354080e1,3b16b9a9-28b5-4421-a419-f2c0a580a622
99248eae-7717-4369-ba53-7ffb357c6d79,21d8739d-25f6-48b7-a909-14d59848db24
bda06f1b-0064-48c5-ad8c-e931b53c3852,a1edce4a-f996-4933-88a9-fa36cb210a5e
046201b6-aaa3-4ab8-b1e7-d7b90507fe70,6bdd587c-344f-4fb7-b1c6-d48b8b15a2d1
9e38f848-2726-455e-a571-5db3cdc60504,386c578b-2a53-4c3a-b910-a980fb1773c0
1560a846-8620-4012-a1a4-c7aed2115279,f5ae86d6-7b29-42fb-b3b0-3b474b2978f5
31ae96a4-a492-4b2e-94ca-3bbc589caa36,1f33d527-6045-4358-afd9-602ae8644b43
31ae96a4-a492-4b2e-94ca-3bbc589caa36,6ff9e82a-0eff-4a28-b5c4-68f943508bf2
c160a075-a5af-48a5-bfaa-d932150d7a13,6ca59447-c208-40e3-ab57-7edb01549cbf
273a9f97-4be7-4065-aa78-abec84c76f5e,d89699f6-85db-4def-8de6-14cb07eb2c43
273a9f97-4be7-4065-aa78-abec84c76f5e,c4cb37e8-fe1c-4d2b-b0b5-f04a69925d8f
273a9f97-4be7-4065-aa78-abec84c76f5e,9e87af73-6ec7-473e-86b9-93fc8311efba
c8b3a543-55ac-46c7-b7a3-5e8c47fddbef,0ee9f564-1d84-4c16-8227-802613b88a09
511086d1-371a-4a9f-bd89-0cde568870c2,38fb6d40-46f1-4b8f-8b19-6769e6e92687
ab2ee1a1-6930-494a-96c1-6245b5347d81,6bdd587c-344f-4fb7-b1c6-d48b8b15a2d1
fed2f5e3-b371-4129-9aab-8404b8fea95c,992ae373-a9bc-4ae6-9d74-7082cf0a4c12
fed2f5e3-b371-4129-9aab-8404b8fea95c,6ff9e82a-0eff-4a28-b5c4-68f943508bf2
9bd8cc08-0fc6-43e6-be4e-995d2c3f3cad,0663a94d-7fc1-4427-9cdd-86e299c0fe86
a1cf67d0-4502-4607-83c4-ca52d389d9c0,6ca59447-c208-40e3-ab57-7edb01549cbf
b3a1b99a-b3a6-4584-bab1-1c0d06c182a5,ac2f7cb8-fe85-4eec-9dbd-11aab73b200d
39c2013c-a153-4940-8038-ea7d48fcf33e,e8a36e12-37a4-483d-be2e-2abcbbbbc70c
d16b011b-a4ed-4116-bad3-37a22268e32a,d89699f6-85db-4def-8de6-14cb07eb2c43
d16b011b-a4ed-4116-bad3-37a22268e32a,41d62f31-a92e-4ff2-9981-41f3cf46ebeb
91ef52ca-8abf-4d6a-a4b6-82f019cde9cd,6bdd587c-344f-4fb7-b1c6-d48b8b15a2d1
90c06ea2-173c-4de1-9825-59c71fd7bdd6,386c578b-2a53-4c3a-b910-a980fb1773c0
9265f919-ec55-48cb-84ef-54b40dd65b87,6ca59447-c208-40e3-ab57-7edb01549cbf
b37833ff-3c49-47df-aa25-85980049449c,992ae373-a9bc-4ae6-9d74-7082cf0a4c12
b37833ff-3c49-47df-aa25-85980049449c,fc1941db-1098-4bd5-a9c7-d9fe8b94172d
e5962a66-adf7-4c99-ac11-fb38bdcf78d9,52d84173-882a-48bc-98c2-da35a45c13c1
587eedf4-987f-40b4-a876-0f44c4978735,33f12961-e353-4d14-a7bc-4f20ffad7f00
a2809514-4527-4d01-b1f3-f2ba3a723e17,1f33d527-6045-4358-afd9-602ae8644b43
a2809514-4527-4d01-b1f3-f2ba3a723e17,9e87af73-6ec7-473e-86b9-93fc8311efba
9d1b266c-6543-4bf7-b421-9fa24f305523,8d82500d-abce-4859-889f-991e369704e8
7b319c2a-33e5-4d79-af5e-e9f0b3d16349,6ff9e82a-0eff-4a28-b5c4-68f943508bf2
7b319c2a-33e5-4d79-af5e-e9f0b3d16349,eddb9f19-4025-4f9a-8d44-a9bf94cb562e
d5873832-3294-43d8-91e6-6ea141b7442e,6ca59447-c208-40e3-ab57-7edb01549cbf
ff0317ce-70ae-4dc8-8263-01a933336a8c,fe8e1adf-281b-493b-a6ec-1b86629a19d7
ff0317ce-70ae-4dc8-8263-01a933336a8c,eddb9f19-4025-4f9a-8d44-a9bf94cb562e
2debab07-1934-4268-b4a5-f8b1b9bb8505,b5489408-529d-4ff3-bc71-57bc4e093158
b8225a0b-0a90-4f86-9d26-7b98efe327cf,21d8739d-25f6-48b7-a909-14d59848db24
68f42150-fd9a-431e-b64c-5c991b9b2f27,386c578b-2a53-4c3a-b910-a980fb1773c0
79724a43-b681-4d56-bb3d-b96553ef9d25,41d62f31-a92e-4ff2-9981-41f3cf46ebeb
79724a43-b681-4d56-bb3d-b96553ef9d25,f4053f71-94b5-40b2-92bd-fb588127fe38
c0718eb1-cb35-4c1f-a1cf-7fe74480bcad,3b16b9a9-28b5-4421-a419-f2c0a580a622
00a9d914-bdcc-489e-bc6b-f684a7ac2296,6ca59447-c208-40e3-ab57-7edb01549cbf
e8d0bb85-94a1-4cb4-ac61-fa4f76f50a4c,992ae373-a9bc-4ae6-9d74-7082cf0a4c12
8ba77c83-8f7b-4eaf-bdd8-dcd4813c4dfc,9e81cd13-e8cd-4e2a-93bc-7ab8e87c20d9
cddf60f8-f149-42d4-9908-41ef81e59f3b,2cac3d2f-fb6d-4fee-a989-09105ff99178
0c574990-66bc-47b8-b0ee-ec0078764dc7,d89699f6-85db-4def-8de6-14cb07eb2c43
0c574990-66bc-47b8-b0ee-ec0078764dc7,9e87af73-6ec7-473e-86b9-93fc8311efba
0c574990-66bc-47b8-b0ee-ec0078764dc7,6e7ec579-d5fc-41c8-82f1-649532a23cb4
ff91f1cc-a883-43c1-9e16-8c69b6b43c00,386c578b-2a53-4c3a-b910-a980fb1773c0
ecfb5e8c-5153-46e4-8148-aef1d0500054,6ca59447-c208-40e3-ab57-7edb01549cbf
24032cfc-b032-4c0f-aae1-820e727f0429,992ae373-a9bc-4ae6-9d74-7082cf0a4c12
24032cfc-b032-4c0f-aae1-820e727f0429,94d3c2e4-6c9d-45de-9663-14be2dcabf8d
d5588f20-e2f2-43ea-837e-37668b43f767,992ae373-a9bc-4ae6-9d74-7082cf0a4c12
f3c4d860-079d-42b8-a4c1-8243d74f94f7,6ca59447-c208-40e3-ab57-7edb01549cbf
40b1e79d-c7c3-4ad5-89f6-61ed74415c4e,992ae373-a9bc-4ae6-9d74-7082cf0a4c12
7156e99a-a4f1-411d-b9c8-fc2a46fa3c6c,c7e9d8ec-9ba5-4048-82e7-c3d2ff02eb9b
28e38210-e57d-4d14-aca1-4974695c7b44,d1c30f65-d081-40cd-91e8-193b4c51182a
01d5263c-14e1-4661-9890-0de5f95b216a,eddb9f19-4025-4f9a-8d44-a9bf94cb562e
01d5263c-14e1-4661-9890-0de5f95b216a,992ae373-a9bc-4ae6-9d74-7082cf0a4c12
01d5263c-14e1-4661-9890-0de5f95b216a,1f33d527-6045-4358-afd9-602ae8644b43
d519ffb9-0a57-4971-85f8-6f6be935f7fb,386c578b-2a53-4c3a-b910-a980fb1773c0
b259d794-ee7b-4fdd-b2af-2e47ae39b90c,9f6d5b2b-ac1c-4cc3-a7d1-7cedf98b7563
b259d794-ee7b-4fdd-b2af-2e47ae39b90c,d8552976-9336-4818-a952-a6ada26a3006
53f212f5-c1af-466f-be66-4aa605c8c0ef,f413d6b6-6542-41fc-940c-6177cf5606aa
53f96cba-ceda-4844-b39e-bf2570a485be,6ca59447-c208-40e3-ab57-7edb01549cbf
cb830322-7086-4cfd-90cf-17ec3891ba1e,992ae373-a9bc-4ae6-9d74-7082cf0a4c12
cb830322-7086-4cfd-90cf-17ec3891ba1e,fc1941db-1098-4bd5-a9c7-d9fe8b94172d
ed7bdb51-ed00-4219-b64e-b6083502cf8d,943fa8e9-69df-4f6e-8e47-3a81150d8b3d
b6dcb445-7af6-4332-9ebe-68c578efc6e7,dca26f5a-6485-43d1-9b87-82b066477f04
0914138e-10f8-416f-8e9a-795b367cdb86,1f33d527-6045-4358-afd9-602ae8644b43
0046cc56-5437-4e2b-a4cd-013d178505db,c7e9d8ec-9ba5-4048-82e7-c3d2ff02eb9b
41cffa54-83fa-4402-be9d-42dfbba2a066,d1c30f65-d081-40cd-91e8-193b4c51182a
fd12af29-7f16-41aa-b669-d98d420007c6,992ae373-a9bc-4ae6-9d74-7082cf0a4c12
6796aba5-be7e-48d1-8dc5-edb3ec86b2e4,05189b57-cd02-4472-9e21-bd3b54ab5dd6
5850acc6-5aaa-4aba-84f5-b4ae0a463893,b41e3b3e-d27b-4705-b8c7-592b89508e12
ef3fef42-07e9-4b52-b9c2-e996479c1c53,69b294ca-7d15-4303-9762-216ec08f824e
ef3fef42-07e9-4b52-b9c2-e996479c1c53,3ede1470-2ccd-442a-9411-0f2f431639e4
f90c9233-47b6-4148-b394-b44bc018fac1,6ca59447-c208-40e3-ab57-7edb01549cbf
bb20690d-abe8-4532-8a77-f9b2c64ee30b,6ff9e82a-0eff-4a28-b5c4-68f943508bf2
bb20690d-abe8-4532-8a77-f9b2c64ee30b,9f6d5b2b-ac1c-4cc3-a7d1-7cedf98b7563
bb20690d-abe8-4532-8a77-f9b2c64ee30b,fc1941db-1098-4bd5-a9c7-d9fe8b94172d
0eddfed3-ae80-4953-93c2-75961776bbcc,6ca59447-c208-40e3-ab57-7edb01549cbf
9edc5cd4-7e35-4016-bc54-91ae4c6060bf,9f6d5b2b-ac1c-4cc3-a7d1-7cedf98b7563
9edc5cd4-7e35-4016-bc54-91ae4c6060bf,992ae373-a9bc-4ae6-9d74-7082cf0a4c12
40b1e79d-c7c3-4ad5-89f6-61ed74415c4e,9d902a90-2e2d-4921-9d40-b5c18c6fe7ec
4b6f52eb-143a-4421-abd3-209eb312f09a,af68b454-0781-4ba1-a037-4444038ef730
1577d953-d437-4f52-ad4c-d5d0f0ad38b7,3b16b9a9-28b5-4421-a419-f2c0a580a622
317599a4-835b-4879-ac32-bd3ea2d71485,992ae373-a9bc-4ae6-9d74-7082cf0a4c12
317599a4-835b-4879-ac32-bd3ea2d71485,1f33d527-6045-4358-afd9-602ae8644b43
317599a4-835b-4879-ac32-bd3ea2d71485,d89699f6-85db-4def-8de6-14cb07eb2c43
15721703-8e8f-45b1-8bf6-7ca51e2b2370,3d947f3c-fa03-4667-b09a-25a8f2db2adb
d6281321-d11a-4516-b6c2-433c53269c11,aa5350c6-5532-4604-b95c-938b8f7cb95c
8f5efc0a-3cca-4f2a-b054-960a005aa6b4,1f33d527-6045-4358-afd9-602ae8644b43
8d025462-43f3-48c6-9765-a6296ca1e08a,6bdd587c-344f-4fb7-b1c6-d48b8b15a2d1
0cae7519-c7ae-42cc-b614-4a1831e3e841,2baf988b-c09f-420d-b2f1-07c3f3cb565b
82dcd173-5cd7-47ef-a7fa-7b32021d9a59,3b16b9a9-28b5-4421-a419-f2c0a580a622
e9ba63f9-36d5-4403-a6a1-53899270f6d4,eddb9f19-4025-4f9a-8d44-a9bf94cb562e
e9ba63f9-36d5-4403-a6a1-53899270f6d4,ae92de86-1329-4de8-bbcc-f478e9f8628b
e9ba63f9-36d5-4403-a6a1-53899270f6d4,72f27659-ea6c-40a3-9f2d-dfe7d82c853b
e84f69bd-7f9f-4341-8cb1-4bbadd274e19,6ca59447-c208-40e3-ab57-7edb01549cbf
2a65bbc4-dc1e-40f2-b9da-e5fac9698302,992ae373-a9bc-4ae6-9d74-7082cf0a4c12
2a65bbc4-dc1e-40f2-b9da-e5fac9698302,ae92de86-1329-4de8-bbcc-f478e9f8628b
2a65bbc4-dc1e-40f2-b9da-e5fac9698302,eddb9f19-4025-4f9a-8d44-a9bf94cb562e
2a65bbc4-dc1e-40f2-b9da-e5fac9698302,6ff9e82a-0eff-4a28-b5c4-68f943508bf2
2c4a8616-24be-483e-8d35-34668ccb2f4d,6ca59447-c208-40e3-ab57-7edb01549cbf
4ec4094f-77cf-47a6-bb2f-890569114fef,b47cb9fd-b9c9-4d77-916d-93ed0c1a1879
4ec4094f-77cf-47a6-bb2f-890569114fef,ae92de86-1329-4de8-bbcc-f478e9f8628b
662359d0-e826-4bf5-98e7-deac77b186bc,5fc091c1-fa87-45b5-878f-8deb38c39f5e
6182e4ed-c3bc-45a8-acff-e875a051d16c,992ae373-a9bc-4ae6-9d74-7082cf0a4c12
6182e4ed-c3bc-45a8-acff-e875a051d16c,9d902a90-2e2d-4921-9d40-b5c18c6fe7ec
f95052ee-37c3-46b8-9028-44f169f1f29c,d4dbb265-4812-4b6c-a0fd-bab873e1106b
9d304288-f533-4526-adbc-b1a48f0aba7a,b1938d90-e95c-4a12-87a3-4e4e3b8b4658
e2299db4-d17e-48f2-a7a9-fc7dd5105a7a,6ca59447-c208-40e3-ab57-7edb01549cbf
83b00285-22eb-49ff-8117-dd4944e69a2e,6ff9e82a-0eff-4a28-b5c4-68f943508bf2
eace99cc-03b8-4e6f-8e19-78bcef6fd8fd,cde9a632-6add-43ce-8de9-84ce69637125
0e2761dd-1a23-40f0-8ebc-0a6c55de35c2,5fc091c1-fa87-45b5-878f-8deb38c39f5e
d1b296a5-55f5-418c-a918-7f1c7cf66004,992ae373-a9bc-4ae6-9d74-7082cf0a4c12
d1b296a5-55f5-418c-a918-7f1c7cf66004,41d62f31-a92e-4ff2-9981-41f3cf46ebeb
501ded66-fdc6-446f-91da-1ea0cad25bfc,6ca59447-c208-40e3-ab57-7edb01549cbf
f8cc00ab-d4ec-42c0-9367-5f2b207c73fb,ae92de86-1329-4de8-bbcc-f478e9f8628b
634613d3-a7ef-44ed-bc10-a0cdda18d7bb,3d947f3c-fa03-4667-b09a-25a8f2db2adb
88f4ec22-c179-4e4e-a54c-5b078ce001e7,6359b0bf-3af6-44e9-bf13-71c9fe0ead77
f18e0283-3abd-4deb-9cd0-281db646e8d8,eddb9f19-4025-4f9a-8d44-a9bf94cb562e
f18e0283-3abd-4deb-9cd0-281db646e8d8,a558c676-742a-40c3-ab74-60a0f34d0c43
f18e0283-3abd-4deb-9cd0-281db646e8d8,1fa3719f-7f49-43d3-9416-c38e10968ac8
789cf4d7-06a0-4aed-9f47-da73b461e570,ca64a6a5-167f-4dc6-a828-596ec7fb7bcf
06a4612b-13ca-4faf-b436-82757412ae54,50d749ed-12a3-48bb-88a9-ac8403bdc400
c9dc0f07-9466-4e50-9915-451add28c3a2,992ae373-a9bc-4ae6-9d74-7082cf0a4c12
c9dc0f07-9466-4e50-9915-451add28c3a2,ae92de86-1329-4de8-bbcc-f478e9f8628b
c9dc0f07-9466-4e50-9915-451add28c3a2,eddb9f19-4025-4f9a-8d44-a9bf94cb562e
9b21b96b-6f2b-4809-9ac3-0708a0661aa0,6ca59447-c208-40e3-ab57-7edb01549cbf
daa76240-7230-4856-9256-07c85718becb,0663a94d-7fc1-4427-9cdd-86e299c0fe86
9b0c0992-89b1-44ea-a3bb-4f3eb9b848ba,10ff94b7-bad0-4bf5-a0cd-921c05b38863
b96bd5ad-e14a-4973-9844-282cf158de7e,b41e3b3e-d27b-4705-b8c7-592b89508e12
4050ab63-8595-457a-a988-b4deefad8bd9,992ae373-a9bc-4ae6-9d74-7082cf0a4c12
4050ab63-8595-457a-a988-b4deefad8bd9,d89699f6-85db-4def-8de6-14cb07eb2c43
4050ab63-8595-457a-a988-b4deefad8bd9,1f33d527-6045-4358-afd9-602ae8644b43
db1a31f6-c06e-4bf7-913b-c39be6fde354,bd521a9e-13b6-4c06-bac1-bc263ff9a172
0b7c8500-02ce-4423-81ae-d35957dacd31,652457ae-aab8-457a-b1a8-66deb031d7a7
258d367e-ca71-4ef7-91e1-ff8396b07b62,4c9945e5-4487-40d3-ac4d-0f39caa452c4
258d367e-ca71-4ef7-91e1-ff8396b07b62,992ae373-a9bc-4ae6-9d74-7082cf0a4c12
258d367e-ca71-4ef7-91e1-ff8396b07b62,d89699f6-85db-4def-8de6-14cb07eb2c43
3f999fa5-d70e-47d3-b75b-4bd3d4e7f33a,33f12961-e353-4d14-a7bc-4f20ffad7f00
011dd076-fb30-47a6-ae01-ffe7c1acebf9,3b16b9a9-28b5-4421-a419-f2c0a580a622
b0eb7720-4f67-4cd8-9cd7-4889d3a556cb,6ca59447-c208-40e3-ab57-7edb01549cbf
b979a347-05e1-4af2-a21b-03785b7babc7,eddb9f19-4025-4f9a-8d44-a9bf94cb562e
b979a347-05e1-4af2-a21b-03785b7babc7,6ff9e82a-0eff-4a28-b5c4-68f943508bf2
227e5ea8-44ca-49d9-9943-01fe38b7ba08,6ca59447-c208-40e3-ab57-7edb01549cbf
3e99507a-646d-4981-860b-a3169defa490,0a2353ed-3482-4163-9ca4-46e6cf6ab717
3e99507a-646d-4981-860b-a3169defa490,992ae373-a9bc-4ae6-9d74-7082cf0a4c12
dbeddb28-8fdf-46eb-8a3d-79b478ddb4ba,b5489408-529d-4ff3-bc71-57bc4e093158
9c32e412-9c9f-4e7a-980e-77147cf78da7,02257903-92fa-4ef4-8ba7-12758b989472
e00859f6-cdf2-490e-bacf-1d5af58825c5,d89699f6-85db-4def-8de6-14cb07eb2c43
e00859f6-cdf2-490e-bacf-1d5af58825c5,1f33d527-6045-4358-afd9-602ae8644b43
513b2d84-74f3-4b0e-b6a1-2093aba96c58,3b16b9a9-28b5-4421-a419-f2c0a580a622
df083692-a446-42bd-83ca-4d67bc4edfd1,6ca59447-c208-40e3-ab57-7edb01549cbf
35a20ec3-c710-4bc9-8da3-38a5c7459648,992ae373-a9bc-4ae6-9d74-7082cf0a4c12
35a20ec3-c710-4bc9-8da3-38a5c7459648,eddb9f19-4025-4f9a-8d44-a9bf94cb562e
2cc99457-ddbe-4d8c-bb39-acbcaaa35663,6ca59447-c208-40e3-ab57-7edb01549cbf
ef477e7e-94e2-4ff0-ab82-cc022fdfcf25,992ae373-a9bc-4ae6-9d74-7082cf0a4c12
ef477e7e-94e2-4ff0-ab82-cc022fdfcf25,4c9945e5-4487-40d3-ac4d-0f39caa452c4
10fcba78-dc84-4251-8f6c-8f2a06648a40,6ca59447-c208-40e3-ab57-7edb01549cbf
fb7bd82c-700f-43ee-a138-0f9e1d413ecd,992ae373-a9bc-4ae6-9d74-7082cf0a4c12
fb7bd82c-700f-43ee-a138-0f9e1d413ecd,6ff9e82a-0eff-4a28-b5c4-68f943508bf2
ae18ed86-5ffa-449a-9a00-6849c12ce276,6ca59447-c208-40e3-ab57-7edb01549cbf
eddad937-442d-41ec-b432-0272a8b1d02f,6ff9e82a-0eff-4a28-b5c4-68f943508bf2
eddad937-442d-41ec-b432-0272a8b1d02f,992ae373-a9bc-4ae6-9d74-7082cf0a4c12
d4cc9187-c72d-4327-9cb7-50a7c0470705,fe5f9116-b18a-42bb-bead-1f0a20aae294
6e470fdf-09f2-4cb4-a993-bf0f286f1c7c,a1edce4a-f996-4933-88a9-fa36cb210a5e
a4f3fa61-ea2b-46d6-b792-5f719c727e0b,386c578b-2a53-4c3a-b910-a980fb1773c0
82e86106-1190-40c2-bf2b-91e5fef27dc2,386c578b-2a53-4c3a-b910-a980fb1773c0
49aca076-04b2-4553-a2dc-38c6fc34a255,6e7ec579-d5fc-41c8-82f1-649532a23cb4
939f2d56-4638-49ed-bf43-ccb333ba0df2,c7e9d8ec-9ba5-4048-82e7-c3d2ff02eb9b
04c8795e-b41b-42ee-93b9-609e5f42a50c,38fb6d40-46f1-4b8f-8b19-6769e6e92687
e9fd30c1-a4f6-485e-aa8c-bd542f71c407,1f33d527-6045-4358-afd9-602ae8644b43
e9fd30c1-a4f6-485e-aa8c-bd542f71c407,5115a7f4-c481-4f49-bf54-506badb69a95
ab2b431d-5c01-402b-addd-28ffdfe1a734,3b16b9a9-28b5-4421-a419-f2c0a580a622
c06ce9b4-6ee0-485b-b40f-52d9fe189dd8,1e196050-b600-4580-be68-9b797e9f4849
7846ad4a-3d37-4d7c-9b3f-36da0489e36e,992ae373-a9bc-4ae6-9d74-7082cf0a4c12
7846ad4a-3d37-4d7c-9b3f-36da0489e36e,fc1941db-1098-4bd5-a9c7-d9fe8b94172d
723e9b43-4576-48c5-a241-152bce6b848f,0ee9f564-1d84-4c16-8227-802613b88a09
b42a810f-5f81-4094-9546-b10669f8d2b5,6fe661aa-ffec-44c5-8de9-c80eef106e6b
7494ae4b-3773-4372-ac26-d1af6aeebbea,40193610-2542-4d28-a63f-078467cb7f0a
a5f6c649-4efe-463f-8d91-1e0d7f35658b,3b16b9a9-28b5-4421-a419-f2c0a580a622
bbdaf0b9-7919-4587-b5a0-b3ddf37e27bb,1f33d527-6045-4358-afd9-602ae8644b43
bbdaf0b9-7919-4587-b5a0-b3ddf37e27bb,eddb9f19-4025-4f9a-8d44-a9bf94cb562e
9ef15146-265f-4e48-b7d5-16bed0e26d3c,cde9a632-6add-43ce-8de9-84ce69637125
8e1bbab7-4a2c-484d-bc86-6dddb0d66f13,5fc091c1-fa87-45b5-878f-8deb38c39f5e
a92b5fe2-7027-454d-8c7f-144460d6a611,b47cb9fd-b9c9-4d77-916d-93ed0c1a1879
b083641b-a03b-4fb1-bc07-99d0fc8f14e6,f413d6b6-6542-41fc-940c-6177cf5606aa
206344ff-7913-47b0-92a3-f459e0962dd5,386c578b-2a53-4c3a-b910-a980fb1773c0
65b52d7b-c88f-4b14-9ace-58a1f896259b,6e7ec579-d5fc-41c8-82f1-649532a23cb4
d298a6a3-c161-4708-a3ee-00369545567d,652457ae-aab8-457a-b1a8-66deb031d7a7
49d11849-0100-41a8-8bfc-01e26cef0434,3b16b9a9-28b5-4421-a419-f2c0a580a622
25635705-eab9-4f18-a5c4-83979187840d,992ae373-a9bc-4ae6-9d74-7082cf0a4c12
9006a4e1-9d10-42f2-9ff4-59408954a057,3b16b9a9-28b5-4421-a419-f2c0a580a622
02e9cb8a-144d-4e99-9407-aa754dcbdf04,6ca59447-c208-40e3-ab57-7edb01549cbf
2fb4da74-d23e-440b-ad2d-407a01c3da77,0663a94d-7fc1-4427-9cdd-86e299c0fe86
099040a8-123b-4b45-80ec-6cfbfb2571e1,8e47f6b9-4a44-4ce0-98bf-f3e7356fa1d2
3696edf2-dc71-4617-912c-73f3b2a52855,b4f75e2e-aded-4dd2-8b9c-740be0e9164d
3cb34836-ea71-4955-b8fb-21dc249a7502,f137d46d-5bac-404d-bfc9-d9fb8fc8a734
3cb34836-ea71-4955-b8fb-21dc249a7502,992ae373-a9bc-4ae6-9d74-7082cf0a4c12
3cb34836-ea71-4955-b8fb-21dc249a7502,72f27659-ea6c-40a3-9f2d-dfe7d82c853b
3bedbc25-0b3e-4804-96da-156061de2372,0d262eed-551e-45d0-983c-bca05eabe980
57e3aca0-04f6-4b30-9ad8-fb665a1da425,02257903-92fa-4ef4-8ba7-12758b989472
cb74f75f-324b-4947-80b2-c937ceeb5e21,8d82500d-abce-4859-889f-991e369704e8
979cb032-9c0d-456a-931a-4baa0046ad95,6e7ec579-d5fc-41c8-82f1-649532a23cb4
bb3229c7-fb71-40f4-8492-99a9a07ad0c1,c0616b1c-7741-4f55-9da3-7b115b34481c
f025708c-b799-45d1-b5de-dfd07675efec,c0616b1c-7741-4f55-9da3-7b115b34481c
a6abf41f-e9ef-4112-9cb1-08918efc61a0,992ae373-a9bc-4ae6-9d74-7082cf0a4c12
a6abf41f-e9ef-4112-9cb1-08918efc61a0,eddb9f19-4025-4f9a-8d44-a9bf94cb562e
a6abf41f-e9ef-4112-9cb1-08918efc61a0,1f33d527-6045-4358-afd9-602ae8644b43
a6abf41f-e9ef-4112-9cb1-08918efc61a0,6ff9e82a-0eff-4a28-b5c4-68f943508bf2
a6abf41f-e9ef-4112-9cb1-08918efc61a0,8ccdb142-81ed-489d-94a0-4041bd04a46e
a6abf41f-e9ef-4112-9cb1-08918efc61a0,fc1941db-1098-4bd5-a9c7-d9fe8b94172d
b3cdfa42-5471-4b93-b72b-dfd4c03bf836,6ca59447-c208-40e3-ab57-7edb01549cbf
39f60351-0a9c-426d-a241-94d735564094,9f6d5b2b-ac1c-4cc3-a7d1-7cedf98b7563
39f60351-0a9c-426d-a241-94d735564094,992ae373-a9bc-4ae6-9d74-7082cf0a4c12
77df75b7-d222-499b-a9e1-489f44b0d404,6ca59447-c208-40e3-ab57-7edb01549cbf
a0727700-2476-42df-b2bd-dcc4e5da4859,992ae373-a9bc-4ae6-9d74-7082cf0a4c12
a0727700-2476-42df-b2bd-dcc4e5da4859,9d902a90-2e2d-4921-9d40-b5c18c6fe7ec
70c6e8f9-5abc-43f3-a79a-b88c64e466aa,d4dbb265-4812-4b6c-a0fd-bab873e1106b
b92d5650-8f62-402d-8b9d-bb1a3af95a14,b1938d90-e95c-4a12-87a3-4e4e3b8b4658
f49755b2-509c-44c0-beee-34360def6e2e,5fc091c1-fa87-45b5-878f-8deb38c39f5e
c2eb8ec8-80c1-4788-bca0-c47cff9af81a,1f33d527-6045-4358-afd9-602ae8644b43
fe19de43-82d1-4665-9ea7-8f4719ecc2c0,6ca59447-c208-40e3-ab57-7edb01549cbf
e16b6894-371e-4160-9ab2-3a286c969adc,fc1941db-1098-4bd5-a9c7-d9fe8b94172d
06af4bb8-d5ce-4fc4-8cc6-3562675406f1,8e47f6b9-4a44-4ce0-98bf-f3e7356fa1d2
ce183580-46b5-472b-9611-e0699d495068,b4f75e2e-aded-4dd2-8b9c-740be0e9164d
561f42bc-e6ec-422e-9f11-87d1fa5166a6,1f33d527-6045-4358-afd9-602ae8644b43
561f42bc-e6ec-422e-9f11-87d1fa5166a6,a558c676-742a-40c3-ab74-60a0f34d0c43
ebae2653-7308-488b-80d6-77adccb447e0,3d947f3c-fa03-4667-b09a-25a8f2db2adb
69a4cabf-ccb3-40c4-9e2b-2711dce168df,6e7ec579-d5fc-41c8-82f1-649532a23cb4
69a4cabf-ccb3-40c4-9e2b-2711dce168df,3ede1470-2ccd-442a-9411-0f2f431639e4
69a4cabf-ccb3-40c4-9e2b-2711dce168df,72f27659-ea6c-40a3-9f2d-dfe7d82c853b
5c9f19f8-4d9c-4a59-89a2-956b98bc5d60,2a5e73d9-7acc-4ad2-8d42-61fdcc1b5c4d
b68ce5ea-6bde-4f57-b466-f5124b1a7066,3b16b9a9-28b5-4421-a419-f2c0a580a622
c32cf32c-1a04-4f87-912d-975c7dcd920a,af68b454-0781-4ba1-a037-4444038ef730
1e6f0e87-337c-4489-a688-854dd70bd49d,1f33d527-6045-4358-afd9-602ae8644b43
3b65c71e-bcaf-4b95-862b-46ebfd8bc0ba,6fe661aa-ffec-44c5-8de9-c80eef106e6b
40754330-8d25-46db-bbf9-e20a4f33a74a,40193610-2542-4d28-a63f-078467cb7f0a
fbf328e6-4eac-4824-9013-7a0b4156a372,1f33d527-6045-4358-afd9-602ae8644b43
f0cfd1ed-e23a-45e3-94fd-19394fa69a91,3b16b9a9-28b5-4421-a419-f2c0a580a622
b02d0494-e3dd-4e62-a695-37aa68513107,6359b0bf-3af6-44e9-bf13-71c9fe0ead77
cadc5164-ddc4-4a43-9a95-54592993c357,6ca59447-c208-40e3-ab57-7edb01549cbf
615a2b33-9aae-48d6-8474-db556c0daaa2,992ae373-a9bc-4ae6-9d74-7082cf0a4c12
615a2b33-9aae-48d6-8474-db556c0daaa2,72f27659-ea6c-40a3-9f2d-dfe7d82c853b
615a2b33-9aae-48d6-8474-db556c0daaa2,f137d46d-5bac-404d-bfc9-d9fb8fc8a734
1fbfa887-c4f6-4072-b733-e7c04471b6cf,6ca59447-c208-40e3-ab57-7edb01549cbf
17123ba5-0196-4074-b52c-0bef4f828e86,0a2353ed-3482-4163-9ca4-46e6cf6ab717
76f010b9-9096-474e-8506-1d572677ff7b,6ca59447-c208-40e3-ab57-7edb01549cbf
d6d84e97-1db1-4f33-8bd1-07d7b4dc32d0,b47cb9fd-b9c9-4d77-916d-93ed0c1a1879
d6d84e97-1db1-4f33-8bd1-07d7b4dc32d0,d8552976-9336-4818-a952-a6ada26a3006
d6d84e97-1db1-4f33-8bd1-07d7b4dc32d0,fc1941db-1098-4bd5-a9c7-d9fe8b94172d
e7210a73-2636-4384-ba57-5ff99a852727,6ca59447-c208-40e3-ab57-7edb01549cbf
15a4d3af-045a-4c9a-8342-f692202065bc,992ae373-a9bc-4ae6-9d74-7082cf0a4c12
15a4d3af-045a-4c9a-8342-f692202065bc,6ff9e82a-0eff-4a28-b5c4-68f943508bf2
15a4d3af-045a-4c9a-8342-f692202065bc,fc1941db-1098-4bd5-a9c7-d9fe8b94172d
80e10400-3661-45fb-ace0-9d94e44a0ee7,e1f048ba-5b3e-4c91-9caf-28dca91525cf
8c61e427-a1b3-4a83-b52d-2954f3c41e27,1f33d527-6045-4358-afd9-602ae8644b43
bd3daecd-5564-4fd1-aab3-c669a3f03a29,636ec317-4c7e-4140-949e-b81cdece4be4
a13d6e90-4718-40b6-b24e-91cc7197503e,f413d6b6-6542-41fc-940c-6177cf5606aa
6cfa1ad0-e358-4bd2-817f-a9330a201751,992ae373-a9bc-4ae6-9d74-7082cf0a4c12
817b64fc-2d44-464f-9c44-6780231cc2da,386c578b-2a53-4c3a-b910-a980fb1773c0
8ba73f21-ac8f-42d2-a261-b45137e3c6a3,6ca59447-c208-40e3-ab57-7edb01549cbf
38e6d0dc-2d38-48f7-b2f4-27412595f1f0,992ae373-a9bc-4ae6-9d74-7082cf0a4c12
a63c78ee-d201-45af-ad78-bfaf8632adfe,8e47f6b9-4a44-4ce0-98bf-f3e7356fa1d2
dd0f876a-ab2e-487c-b68b-4f8830e8f275,b4f75e2e-aded-4dd2-8b9c-740be0e9164d
15a8fc9e-db9e-49c8-8a36-a4f68e4c7e8f,992ae373-a9bc-4ae6-9d74-7082cf0a4c12
15a8fc9e-db9e-49c8-8a36-a4f68e4c7e8f,72f27659-ea6c-40a3-9f2d-dfe7d82c853b
15a8fc9e-db9e-49c8-8a36-a4f68e4c7e8f,f137d46d-5bac-404d-bfc9-d9fb8fc8a734
5844871b-28a4-4821-adcd-6afdb61b8f1c,6ca59447-c208-40e3-ab57-7edb01549cbf
c07ce5c5-0221-43b9-b898-840cb5e4c039,fc1941db-1098-4bd5-a9c7-d9fe8b94172d
c07ce5c5-0221-43b9-b898-840cb5e4c039,992ae373-a9bc-4ae6-9d74-7082cf0a4c12
8cbeb932-174b-4528-a239-70fffddef5d7,d89699f6-85db-4def-8de6-14cb07eb2c43
b612951f-bf6b-40fd-bc60-0bc1604cb4de,6ca59447-c208-40e3-ab57-7edb01549cbf
3208414f-8fc0-4751-8f9a-7c21724ad90d,6ca59447-c208-40e3-ab57-7edb01549cbf
63be29a3-04ad-4871-a4e4-492f1a1bf65f,ae92de86-1329-4de8-bbcc-f478e9f8628b
499483e3-b1f3-4afa-a2c7-f04c134f4f84,6ca59447-c208-40e3-ab57-7edb01549cbf
bb6c6ee0-a4f5-4858-8a8c-5185f487a192,992ae373-a9bc-4ae6-9d74-7082cf0a4c12
cb1caed8-2670-4e9f-b0c9-cc1a4c3fe41d,dc23b550-ff28-4b18-ae4c-dc17ca0235ab
ee937a4f-c74d-491d-8261-f2a2346fcec4,cc81e6bc-9247-4f0e-9eb4-ca3900ac7217
aa55feb4-1643-4239-9d1d-d3582272f912,1f33d527-6045-4358-afd9-602ae8644b43
aa55feb4-1643-4239-9d1d-d3582272f912,992ae373-a9bc-4ae6-9d74-7082cf0a4c12
27a94d04-3223-4791-90a9-0c57d4bce943,3b16b9a9-28b5-4421-a419-f2c0a580a622
2da88f3d-6bcc-4f03-a806-9b9a19c8dd02,719913bd-dde4-4607-86ee-4f918d35794f
64a47d9d-4229-4e73-adff-bc8a357fb15b,07ca7e6e-9e19-4657-8a03-f8c68d078a6e
3716da0c-03bf-4f41-9297-875354c10eff,b47cb9fd-b9c9-4d77-916d-93ed0c1a1879
3716da0c-03bf-4f41-9297-875354c10eff,992ae373-a9bc-4ae6-9d74-7082cf0a4c12
216848bb-a402-400d-af11-f5a6e721cf34,af68b454-0781-4ba1-a037-4444038ef730
30ea1f07-f309-42f0-b0cc-c760f5f8f641,3b16b9a9-28b5-4421-a419-f2c0a580a622
29575bb9-8471-4536-9863-f38ca7818b62,1f33d527-6045-4358-afd9-602ae8644b43
731cc958-175c-4602-8af5-95feb1386684,e1f048ba-5b3e-4c91-9caf-28dca91525cf
07c9f4a9-0112-46a8-b58f-fe58bfec19ac,20bc1485-d0c4-4b2b-b0b4-c282c203431a
51c645a2-cf97-4c0d-8baa-3e8d65d6c114,3b16b9a9-28b5-4421-a419-f2c0a580a622
d30ab982-d4b5-4910-8834-7de02820e11f,992ae373-a9bc-4ae6-9d74-7082cf0a4c12
d30ab982-d4b5-4910-8834-7de02820e11f,eddb9f19-4025-4f9a-8d44-a9bf94cb562e
d30ab982-d4b5-4910-8834-7de02820e11f,72f27659-ea6c-40a3-9f2d-dfe7d82c853b
d30ab982-d4b5-4910-8834-7de02820e11f,ae92de86-1329-4de8-bbcc-f478e9f8628b
7f54fb21-6686-4898-8eb0-0fed46db8187,02257903-92fa-4ef4-8ba7-12758b989472
a84ccce8-b210-4f16-9734-e150045e7d36,1f33d527-6045-4358-afd9-602ae8644b43
14aabaab-31ed-4763-90f9-43403e8fd09d,52d84173-882a-48bc-98c2-da35a45c13c1
7d3dad1d-3e8c-421d-8d1c-0495966e67e6,e1f048ba-5b3e-4c91-9caf-28dca91525cf
655aecc3-5c5e-4db2-9682-df54f83c4dcb,636ec317-4c7e-4140-949e-b81cdece4be4
372cbe89-39b9-4853-ab9b-0eacfd4c248d,1f33d527-6045-4358-afd9-602ae8644b43
372cbe89-39b9-4853-ab9b-0eacfd4c248d,fc1941db-1098-4bd5-a9c7-d9fe8b94172d
734b1c8b-1670-4bf6-bcf4-bf9e6d660ac3,eddb9f19-4025-4f9a-8d44-a9bf94cb562e
734b1c8b-1670-4bf6-bcf4-bf9e6d660ac3,1f33d527-6045-4358-afd9-602ae8644b43
51899d7d-92be-4541-af40-69bf779184d4,92a75c62-556e-4861-bd75-a29497ddf8cb
a34f6d0d-3f26-4728-9e86-11b4a03e27e9,02257903-92fa-4ef4-8ba7-12758b989472
88b0a485-1a2d-4b3e-af6b-22a2d9bc1e71,3b16b9a9-28b5-4421-a419-f2c0a580a622
26153057-f92c-48bc-a733-72b19b0e6ccf,41d62f31-a92e-4ff2-9981-41f3cf46ebeb
26153057-f92c-48bc-a733-72b19b0e6ccf,f4053f71-94b5-40b2-92bd-fb588127fe38
df90b6e0-c825-42ea-a00d-df54c486344a,3b16b9a9-28b5-4421-a419-f2c0a580a622
6265821e-afd8-4bc0-8d37-b28831778bff,1ce37d28-4cb6-49c3-8d5b-21b9d23119e2
119fe855-ad79-4ec5-aeae-6d4be011ec8a,aa5350c6-5532-4604-b95c-938b8f7cb95c
c1148170-c492-4b7b-8385-0eee2709e102,3b16b9a9-28b5-4421-a419-f2c0a580a622
c72fbf74-a272-4fdf-8f36-afd0de78ea74,992ae373-a9bc-4ae6-9d74-7082cf0a4c12
c72fbf74-a272-4fdf-8f36-afd0de78ea74,eddb9f19-4025-4f9a-8d44-a9bf94cb562e
c72fbf74-a272-4fdf-8f36-afd0de78ea74,1f33d527-6045-4358-afd9-602ae8644b43
c2013644-1311-47ee-8a4a-f27b91329601,21d8739d-25f6-48b7-a909-14d59848db24
83690e5a-8074-4b07-8815-9f957f189e38,6e7ec579-d5fc-41c8-82f1-649532a23cb4
5b0ca574-b52e-491e-a397-5fdeab2dc60e,6bdd587c-344f-4fb7-b1c6-d48b8b15a2d1
35fb1990-a1e2-4abd-a9ba-27c224ea49d6,0d262eed-551e-45d0-983c-bca05eabe980
51f9c837-fb89-4cbd-bc0d-b953cfb7560a,6ca59447-c208-40e3-ab57-7edb01549cbf
fdecb4fe-dc5e-40bd-9c60-b08ed73fad55,d8552976-9336-4818-a952-a6ada26a3006
fdecb4fe-dc5e-40bd-9c60-b08ed73fad55,fc1941db-1098-4bd5-a9c7-d9fe8b94172d
2c24bab1-b621-474c-a3e1-666b746f5bef,6ca59447-c208-40e3-ab57-7edb01549cbf
b6456333-78bf-41c3-8ae8-2725867b3588,d8552976-9336-4818-a952-a6ada26a3006
b6456333-78bf-41c3-8ae8-2725867b3588,fe8e1adf-281b-493b-a6ec-1b86629a19d7
41822fa0-57cc-4da5-80ff-a13ffb6b3159,6ca59447-c208-40e3-ab57-7edb01549cbf
1deed3ae-120e-4cd4-be4d-b79b523aec47,992ae373-a9bc-4ae6-9d74-7082cf0a4c12
1deed3ae-120e-4cd4-be4d-b79b523aec47,ae92de86-1329-4de8-bbcc-f478e9f8628b
c765abb7-d6f0-4270-a90d-779b2b6e5b57,c1615e31-4a06-4e33-8d90-0d9273fbce91
ba377a06-a3d3-4afb-8b26-ab6e9264f4ab,8d82500d-abce-4859-889f-991e369704e8
1b9162df-248e-431f-a374-b3f00593ed38,41d62f31-a92e-4ff2-9981-41f3cf46ebeb
6bd95d39-7ba8-4786-b39b-616189b87585,6ca59447-c208-40e3-ab57-7edb01549cbf
4e89022e-3bfa-46e3-bbc4-469df78157bf,f137d46d-5bac-404d-bfc9-d9fb8fc8a734
4e89022e-3bfa-46e3-bbc4-469df78157bf,d89699f6-85db-4def-8de6-14cb07eb2c43
9510f685-d5ba-4687-8ebb-4b8f394dc3ce,c7e9d8ec-9ba5-4048-82e7-c3d2ff02eb9b
964ab257-29d8-4dac-ba6c-6d71cd473686,d1c30f65-d081-40cd-91e8-193b4c51182a
00f131d8-2aac-45b7-b7c4-7e15c7b404b3,992ae373-a9bc-4ae6-9d74-7082cf0a4c12
00f131d8-2aac-45b7-b7c4-7e15c7b404b3,1f33d527-6045-4358-afd9-602ae8644b43
00f131d8-2aac-45b7-b7c4-7e15c7b404b3,0a2353ed-3482-4163-9ca4-46e6cf6ab717
498aa875-6bee-4d7e-a50a-430afda5c421,6ca59447-c208-40e3-ab57-7edb01549cbf
ad379a7e-7064-43c8-80dc-a3911e8c5bff,b47cb9fd-b9c9-4d77-916d-93ed0c1a1879
ad379a7e-7064-43c8-80dc-a3911e8c5bff,6ff9e82a-0eff-4a28-b5c4-68f943508bf2
ad379a7e-7064-43c8-80dc-a3911e8c5bff,992ae373-a9bc-4ae6-9d74-7082cf0a4c12
b1fa4456-3b3e-44a0-8ba0-e1e4b161e7f6,6ca59447-c208-40e3-ab57-7edb01549cbf
be01ff50-38a3-427a-814f-cd505197cb0f,6ff9e82a-0eff-4a28-b5c4-68f943508bf2
be01ff50-38a3-427a-814f-cd505197cb0f,ae92de86-1329-4de8-bbcc-f478e9f8628b
a94efd24-517b-4096-8193-42e0cfbf2f33,0ee9f564-1d84-4c16-8227-802613b88a09
72609bef-37c8-40ff-a992-d32196f294c0,28408059-9560-428c-be43-378a604ac3e8
8f39ae0e-a287-4065-81b0-f39c820df867,5fc091c1-fa87-45b5-878f-8deb38c39f5e
6537f2ec-6fa8-4804-bb76-52d3985210c6,d89699f6-85db-4def-8de6-14cb07eb2c43
6537f2ec-6fa8-4804-bb76-52d3985210c6,9e87af73-6ec7-473e-86b9-93fc8311efba
6537f2ec-6fa8-4804-bb76-52d3985210c6,3ede1470-2ccd-442a-9411-0f2f431639e4
c2781da4-4c06-45b5-83a4-99ae05ff360d,38fb6d40-46f1-4b8f-8b19-6769e6e92687
4e6237f8-3876-4cb6-9e78-f64c1f46c160,dca26f5a-6485-43d1-9b87-82b066477f04
f5e310e8-0845-4948-baa5-48060ac08f65,1fa3719f-7f49-43d3-9416-c38e10968ac8
f5e310e8-0845-4948-baa5-48060ac08f65,41d62f31-a92e-4ff2-9981-41f3cf46ebeb
f5e310e8-0845-4948-baa5-48060ac08f65,fc1941db-1098-4bd5-a9c7-d9fe8b94172d
3159c613-22a1-424f-aedd-3539426270ff,bff58644-e49e-473a-982c-92154bff459a
6dfdf20f-6e99-4709-a27d-d11144ea7e52,50d749ed-12a3-48bb-88a9-ac8403bdc400
577fa34b-a512-4282-8de8-0b7cb8fb40e6,992ae373-a9bc-4ae6-9d74-7082cf0a4c12
577fa34b-a512-4282-8de8-0b7cb8fb40e6,1f33d527-6045-4358-afd9-602ae8644b43
2501d995-e4a5-4801-9c11-638bed6d633b,ca64a6a5-167f-4dc6-a828-596ec7fb7bcf
5bd44cd6-8419-423e-b28d-b3f328572bbe,cde9a632-6add-43ce-8de9-84ce69637125
85a67af6-6f10-4358-9552-0905949c08ed,5fc091c1-fa87-45b5-878f-8deb38c39f5e
ebef323b-6be2-499a-a115-d52bf70d667f,992ae373-a9bc-4ae6-9d74-7082cf0a4c12
ebef323b-6be2-499a-a115-d52bf70d667f,5115a7f4-c481-4f49-bf54-506badb69a95
ebef323b-6be2-499a-a115-d52bf70d667f,1f33d527-6045-4358-afd9-602ae8644b43
ebef323b-6be2-499a-a115-d52bf70d667f,e811c741-451d-4336-aa0b-4bcfb133bc06
cec2c52a-ca1f-486c-8d3d-4e52793ff39f,6ca59447-c208-40e3-ab57-7edb01549cbf
bc8d38b8-7fa7-4d66-9a78-1727f847f14d,992ae373-a9bc-4ae6-9d74-7082cf0a4c12
bc8d38b8-7fa7-4d66-9a78-1727f847f14d,ae92de86-1329-4de8-bbcc-f478e9f8628b
bc8d38b8-7fa7-4d66-9a78-1727f847f14d,72f27659-ea6c-40a3-9f2d-dfe7d82c853b
bc8d38b8-7fa7-4d66-9a78-1727f847f14d,eddb9f19-4025-4f9a-8d44-a9bf94cb562e
fa0896fa-12ad-40e2-a940-556c348f600e,6ca59447-c208-40e3-ab57-7edb01549cbf
de8f416a-48a2-424c-9d9a-871c7951695b,992ae373-a9bc-4ae6-9d74-7082cf0a4c12
de8f416a-48a2-424c-9d9a-871c7951695b,6ff9e82a-0eff-4a28-b5c4-68f943508bf2
a3bade85-7e38-4db5-bcb8-269e42961b7a,6ca59447-c208-40e3-ab57-7edb01549cbf
857963a0-0187-44fe-af17-110a8b5d4906,992ae373-a9bc-4ae6-9d74-7082cf0a4c12
857963a0-0187-44fe-af17-110a8b5d4906,ae92de86-1329-4de8-bbcc-f478e9f8628b
857963a0-0187-44fe-af17-110a8b5d4906,9f6d5b2b-ac1c-4cc3-a7d1-7cedf98b7563
be9ada0c-0ac7-4578-988e-bc6e30203e41,6ca59447-c208-40e3-ab57-7edb01549cbf
77e51d38-a26e-4a10-9300-517d80ec0f3d,d89699f6-85db-4def-8de6-14cb07eb2c43
77e51d38-a26e-4a10-9300-517d80ec0f3d,3ede1470-2ccd-442a-9411-0f2f431639e4
146f8161-a22f-4ebe-8e9d-e7acafb28dce,6ca59447-c208-40e3-ab57-7edb01549cbf
bc4c7720-ab54-4aab-87fc-32845dd1f9bd,6ff9e82a-0eff-4a28-b5c4-68f943508bf2
75e6fcef-51d1-44db-8cd5-2ff182e69e1f,6ca59447-c208-40e3-ab57-7edb01549cbf
b8fda4ea-b400-4941-96b2-05cb2dd7ff68,9f6d5b2b-ac1c-4cc3-a7d1-7cedf98b7563
b8fda4ea-b400-4941-96b2-05cb2dd7ff68,6ff9e82a-0eff-4a28-b5c4-68f943508bf2
b8fda4ea-b400-4941-96b2-05cb2dd7ff68,c9f904db-1282-4b70-a753-596160a1136a
ee1bdcdc-3264-4ac2-84f8-e9f9147c5dc3,6ca59447-c208-40e3-ab57-7edb01549cbf
e476b414-9df9-4e75-92d3-04279ca8d02a,0663a94d-7fc1-4427-9cdd-86e299c0fe86
d3593961-8ac2-419a-8681-5b7310b8ae19,5fc091c1-fa87-45b5-878f-8deb38c39f5e
9f475747-8c3f-4f98-9603-1355641e30f1,992ae373-a9bc-4ae6-9d74-7082cf0a4c12
9f475747-8c3f-4f98-9603-1355641e30f1,ae92de86-1329-4de8-bbcc-f478e9f8628b
a57c439a-7388-41ef-b313-ad9acef6bd48,992ae373-a9bc-4ae6-9d74-7082cf0a4c12
a57c439a-7388-41ef-b313-ad9acef6bd48,ae92de86-1329-4de8-bbcc-f478e9f8628b
241425d1-37fa-4219-ab65-ba91191bde87,6ca59447-c208-40e3-ab57-7edb01549cbf
95a7b8a4-bac0-4db8-ac06-e3a9fdec70a2,50d749ed-12a3-48bb-88a9-ac8403bdc400
a95807e2-0860-4440-aa3a-db55300f432f,1f33d527-6045-4358-afd9-602ae8644b43
a95807e2-0860-4440-aa3a-db55300f432f,1fa3719f-7f49-43d3-9416-c38e10968ac8
12032d27-bafb-4204-884a-5307cbb5f954,ca64a6a5-167f-4dc6-a828-596ec7fb7bcf
219ed94f-65a7-4b37-9fbb-7083d18a1231,ac2f7cb8-fe85-4eec-9dbd-11aab73b200d
d203bb7f-f5c9-49f9-ba05-7002598fd0ac,40193610-2542-4d28-a63f-078467cb7f0a
13d3b12d-0d0d-4bbe-8c43-61fcb4f223e4,eddb9f19-4025-4f9a-8d44-a9bf94cb562e
13d3b12d-0d0d-4bbe-8c43-61fcb4f223e4,41d62f31-a92e-4ff2-9981-41f3cf46ebeb
13d3b12d-0d0d-4bbe-8c43-61fcb4f223e4,1fa3719f-7f49-43d3-9416-c38e10968ac8
5a1108f4-5d0c-4efa-9628-2c7b654a0638,6ca59447-c208-40e3-ab57-7edb01549cbf
81427d12-3d54-4ae3-9c62-8f7d18df8ab1,992ae373-a9bc-4ae6-9d74-7082cf0a4c12
81427d12-3d54-4ae3-9c62-8f7d18df8ab1,fc1941db-1098-4bd5-a9c7-d9fe8b94172d
81427d12-3d54-4ae3-9c62-8f7d18df8ab1,1f33d527-6045-4358-afd9-602ae8644b43
57d6d6fb-9dd5-4b49-9ab5-b5fb7127ef52,2baf988b-c09f-420d-b2f1-07c3f3cb565b
23dbd1b7-619c-44a4-8c2e-c2bd8ccdb0d6,20bc1485-d0c4-4b2b-b0b4-c282c203431a
258f1efc-e455-459b-909e-9e00729223d9,992ae373-a9bc-4ae6-9d74-7082cf0a4c12
258f1efc-e455-459b-909e-9e00729223d9,eddb9f19-4025-4f9a-8d44-a9bf94cb562e
a9849f06-b424-4601-9161-fc3f4104cb5f,eddb9f19-4025-4f9a-8d44-a9bf94cb562e
a9849f06-b424-4601-9161-fc3f4104cb5f,992ae373-a9bc-4ae6-9d74-7082cf0a4c12
a9849f06-b424-4601-9161-fc3f4104cb5f,1f33d527-6045-4358-afd9-602ae8644b43
eda87611-f4f5-4382-82c9-ee3104eec1bb,6ca59447-c208-40e3-ab57-7edb01549cbf
40ed313d-550f-430f-9a4d-87f05507fe94,571bec87-75f4-4fbd-bda4-05d7e7c4546b
40ed313d-550f-430f-9a4d-87f05507fe94,d89699f6-85db-4def-8de6-14cb07eb2c43
40ed313d-550f-430f-9a4d-87f05507fe94,3ede1470-2ccd-442a-9411-0f2f431639e4
c9ab89d6-a5c6-497e-bd6a-f50e55b045f3,6ca59447-c208-40e3-ab57-7edb01549cbf
649db6c2-6f7d-4bc1-9fef-795a3adaed7c,992ae373-a9bc-4ae6-9d74-7082cf0a4c12
649db6c2-6f7d-4bc1-9fef-795a3adaed7c,efde0ce9-21df-44b4-ba54-c6d738ec2e64
b9aa3b09-1435-4107-8c1b-908f4bf7c82a,6ca59447-c208-40e3-ab57-7edb01549cbf
825449ee-faa2-4837-a4fb-1f29aec63784,69b294ca-7d15-4303-9762-216ec08f824e
825449ee-faa2-4837-a4fb-1f29aec63784,eddb9f19-4025-4f9a-8d44-a9bf94cb562e
03957023-4773-41cc-bf75-8aacff550be3,50d749ed-12a3-48bb-88a9-ac8403bdc400
2c1ffad5-07ff-4eb7-83da-1bb62b3cab2f,992ae373-a9bc-4ae6-9d74-7082cf0a4c12
2c1ffad5-07ff-4eb7-83da-1bb62b3cab2f,41d62f31-a92e-4ff2-9981-41f3cf46ebeb
2c1ffad5-07ff-4eb7-83da-1bb62b3cab2f,1fa3719f-7f49-43d3-9416-c38e10968ac8
2c1ffad5-07ff-4eb7-83da-1bb62b3cab2f,eddb9f19-4025-4f9a-8d44-a9bf94cb562e
0456a742-bce8-48c6-8ed9-d1fbdd200902,ca64a6a5-167f-4dc6-a828-596ec7fb7bcf
1c3cf892-579d-4456-84b0-4fd002148c05,6ca59447-c208-40e3-ab57-7edb01549cbf
36042a29-431f-4d25-819e-988983f9cf40,eddb9f19-4025-4f9a-8d44-a9bf94cb562e
11a721c1-4e77-4781-bf4c-06ea312a5a91,c0616b1c-7741-4f55-9da3-7b115b34481c
fe8f7547-96e5-410f-8d0e-510f8223336a,c0616b1c-7741-4f55-9da3-7b115b34481c
852304ae-f033-44e1-a60e-d025553ebde6,eddb9f19-4025-4f9a-8d44-a9bf94cb562e
852304ae-f033-44e1-a60e-d025553ebde6,a558c676-742a-40c3-ab74-60a0f34d0c43
852304ae-f033-44e1-a60e-d025553ebde6,1f33d527-6045-4358-afd9-602ae8644b43
5f6e7362-3f66-41ea-a1a1-31f5cf60d00d,50d749ed-12a3-48bb-88a9-ac8403bdc400
82819fea-88c1-4125-a2f3-84a7522afb10,5fc091c1-fa87-45b5-878f-8deb38c39f5e
1db783f4-a9dc-4fd4-94b1-c4f29bf39acb,992ae373-a9bc-4ae6-9d74-7082cf0a4c12
1db783f4-a9dc-4fd4-94b1-c4f29bf39acb,1f33d527-6045-4358-afd9-602ae8644b43
96033632-c743-498e-876d-155161577325,c7e9d8ec-9ba5-4048-82e7-c3d2ff02eb9b
2e555088-b936-40ca-8474-be7954bf2e6a,f413d6b6-6542-41fc-940c-6177cf5606aa
9507c519-e23f-413a-b5ec-b5b5d608d6fd,94d3c2e4-6c9d-45de-9663-14be2dcabf8d
9507c519-e23f-413a-b5ec-b5b5d608d6fd,992ae373-a9bc-4ae6-9d74-7082cf0a4c12
9507c519-e23f-413a-b5ec-b5b5d608d6fd,f137d46d-5bac-404d-bfc9-d9fb8fc8a734
65df4bd0-07d5-45c4-aefc-9635425560be,386c578b-2a53-4c3a-b910-a980fb1773c0
5f4d42f9-1746-4867-a1f7-3b84272ff855,d89699f6-85db-4def-8de6-14cb07eb2c43
5f4d42f9-1746-4867-a1f7-3b84272ff855,6ff9e82a-0eff-4a28-b5c4-68f943508bf2
f8b969b2-4b72-4ebc-81e3-72f307ac18f0,6ca59447-c208-40e3-ab57-7edb01549cbf
5556d914-a965-49ab-b9a6-63ba886c93fe,992ae373-a9bc-4ae6-9d74-7082cf0a4c12
f9b8ddc4-6667-4cf5-bf6f-cf02f3fe2062,6ca59447-c208-40e3-ab57-7edb01549cbf
9f475747-8c3f-4f98-9603-1355641e30f1,eddb9f19-4025-4f9a-8d44-a9bf94cb562e
d10f9189-ab05-4867-9059-6279bc0e3ff1,cde9a632-6add-43ce-8de9-84ce69637125
b5a66aba-f2d7-4401-a0ed-bbf752630ab7,52d84173-882a-48bc-98c2-da35a45c13c1
39abe0d9-e851-44d6-9873-2c605a4077ec,6bdd587c-344f-4fb7-b1c6-d48b8b15a2d1
82333b12-ad34-4c88-b109-2d9a72fc8c22,9297f5e2-06f8-43dc-9765-87beb4350755
b6038a9b-b899-4583-8c1c-89400acadf6c,1f33d527-6045-4358-afd9-602ae8644b43
adf6eefc-42eb-42db-b19c-0d99492938d7,3d947f3c-fa03-4667-b09a-25a8f2db2adb
41afd1ee-57a3-4c4c-8feb-f72c9e85541c,992ae373-a9bc-4ae6-9d74-7082cf0a4c12
41afd1ee-57a3-4c4c-8feb-f72c9e85541c,72f27659-ea6c-40a3-9f2d-dfe7d82c853b
41afd1ee-57a3-4c4c-8feb-f72c9e85541c,f137d46d-5bac-404d-bfc9-d9fb8fc8a734
4cee4790-7cbf-4989-b88e-c74bcc3c1f84,6359b0bf-3af6-44e9-bf13-71c9fe0ead77
056c3f72-7ad8-4405-bef8-614235b169dc,af68b454-0781-4ba1-a037-4444038ef730
d13ef54c-fdde-41de-97c4-1df5b34c636e,1f33d527-6045-4358-afd9-602ae8644b43
07581dc1-357b-4f10-8816-be8156542ee5,3b16b9a9-28b5-4421-a419-f2c0a580a622
dde194ab-f4ee-4c75-b148-6a2e36f70abc,21d8739d-25f6-48b7-a909-14d59848db24
d1d4c3d8-38bd-4ff4-931a-163271a723e2,992ae373-a9bc-4ae6-9d74-7082cf0a4c12
5130208c-0111-4c86-82cf-159cedd67a65,ec2041c0-abc0-43e0-b203-b9c87571eacb
dafff1c0-cdef-4325-b170-286e77a780af,0956065f-f830-46ce-8db3-7c82b0df46c0
01e057c6-f280-49c3-8f05-f151ddbe9ddd,33f12961-e353-4d14-a7bc-4f20ffad7f00
e67f5e7a-cae1-470f-be04-995d2b8572fa,72f27659-ea6c-40a3-9f2d-dfe7d82c853b
e67f5e7a-cae1-470f-be04-995d2b8572fa,41d62f31-a92e-4ff2-9981-41f3cf46ebeb
11c2bbba-4a82-4661-bb11-3828f88fbc05,6bdd587c-344f-4fb7-b1c6-d48b8b15a2d1
d6adb72f-e351-4b80-89fd-32bd64c9bd72,40193610-2542-4d28-a63f-078467cb7f0a
6fa4ed4c-cf14-4065-b9a6-cd5e04846984,50d749ed-12a3-48bb-88a9-ac8403bdc400
a2c6b4a8-614f-4d39-b9f6-596c7e785bd0,02257903-92fa-4ef4-8ba7-12758b989472
f1e311e4-196e-434b-ae8e-1e70e372fd1b,992ae373-a9bc-4ae6-9d74-7082cf0a4c12
f1e311e4-196e-434b-ae8e-1e70e372fd1b,eddb9f19-4025-4f9a-8d44-a9bf94cb562e
f1e311e4-196e-434b-ae8e-1e70e372fd1b,1f33d527-6045-4358-afd9-602ae8644b43
1b2e94e0-bea6-4602-9cca-d7e633582949,5fc091c1-fa87-45b5-878f-8deb38c39f5e
a4fd7080-d857-4522-9d6e-d57ed366ece1,992ae373-a9bc-4ae6-9d74-7082cf0a4c12
a4fd7080-d857-4522-9d6e-d57ed366ece1,6ff9e82a-0eff-4a28-b5c4-68f943508bf2
a4fd7080-d857-4522-9d6e-d57ed366ece1,9d902a90-2e2d-4921-9d40-b5c18c6fe7ec
2b25d53d-19ca-4805-b598-76493d5a567a,cde9a632-6add-43ce-8de9-84ce69637125
53139277-f949-4f10-8bb5-475dcb880673,6ca59447-c208-40e3-ab57-7edb01549cbf
bb80436e-ea7a-4476-ba58-663299c2946c,6ff9e82a-0eff-4a28-b5c4-68f943508bf2
bb80436e-ea7a-4476-ba58-663299c2946c,992ae373-a9bc-4ae6-9d74-7082cf0a4c12
379d454d-888f-4b3d-96d2-cfb143561b28,6ca59447-c208-40e3-ab57-7edb01549cbf
3b2843e8-d7c4-4ce8-aed0-8da1e6dea931,992ae373-a9bc-4ae6-9d74-7082cf0a4c12
3b2843e8-d7c4-4ce8-aed0-8da1e6dea931,72f27659-ea6c-40a3-9f2d-dfe7d82c853b
6854daef-d643-4c8e-82c7-cf967bf3b270,eddb9f19-4025-4f9a-8d44-a9bf94cb562e
6854daef-d643-4c8e-82c7-cf967bf3b270,6e7ec579-d5fc-41c8-82f1-649532a23cb4
5dee3f8f-0b08-49eb-b52c-124fffa5bfdc,6ca59447-c208-40e3-ab57-7edb01549cbf
627e58be-17a6-4814-a62a-e6b9717cd1c5,40193610-2542-4d28-a63f-078467cb7f0a
5125ac1f-03c1-4d93-9b8c-cad90ef66a9f,5fc091c1-fa87-45b5-878f-8deb38c39f5e
3c5e4b89-f9ea-4cd5-a3d6-9788d5ca3677,3ede1470-2ccd-442a-9411-0f2f431639e4
3c5e4b89-f9ea-4cd5-a3d6-9788d5ca3677,d89699f6-85db-4def-8de6-14cb07eb2c43
3c5e4b89-f9ea-4cd5-a3d6-9788d5ca3677,c4cb37e8-fe1c-4d2b-b0b5-f04a69925d8f
c8d2a1cf-f83c-4d72-b60c-b12c5f7142a0,c0616b1c-7741-4f55-9da3-7b115b34481c
00702252-472c-4f94-803b-ba265c605d4f,46d4a1d1-c057-49ba-a879-db85b0cda4b9
0e6fe1e2-4d3c-4c52-9936-7921f022f73c,d89699f6-85db-4def-8de6-14cb07eb2c43
0e6fe1e2-4d3c-4c52-9936-7921f022f73c,1f33d527-6045-4358-afd9-602ae8644b43
d6479afa-950f-402a-8847-6850ff658993,0d89cd97-9e1b-4cb3-89fc-6773540db9e8
126baf01-9f98-444d-9a1b-3b18cb3e1d80,40193610-2542-4d28-a63f-078467cb7f0a
6afbda93-f962-4e00-8a5f-819cb5858050,6ca59447-c208-40e3-ab57-7edb01549cbf
53d180aa-f35e-4b98-9466-69654877ef30,72f27659-ea6c-40a3-9f2d-dfe7d82c853b
53d180aa-f35e-4b98-9466-69654877ef30,b47cb9fd-b9c9-4d77-916d-93ed0c1a1879
53d180aa-f35e-4b98-9466-69654877ef30,9f6d5b2b-ac1c-4cc3-a7d1-7cedf98b7563
14538664-848a-48d3-a778-982ea5f56954,6ca59447-c208-40e3-ab57-7edb01549cbf
e3d2ae27-1d0f-415e-a2bb-e40c8e11d122,9d902a90-2e2d-4921-9d40-b5c18c6fe7ec
e3d2ae27-1d0f-415e-a2bb-e40c8e11d122,6e7ec579-d5fc-41c8-82f1-649532a23cb4
855fb081-f1d7-4f5e-9a53-95cd47975a71,6ca59447-c208-40e3-ab57-7edb01549cbf
ece59953-dafd-442e-a181-d38489626509,d89699f6-85db-4def-8de6-14cb07eb2c43
e8430597-66f9-4642-b613-16b435d0541d,6ca59447-c208-40e3-ab57-7edb01549cbf
1db9d269-bec1-4990-8998-9f11f0ea9049,992ae373-a9bc-4ae6-9d74-7082cf0a4c12
1db9d269-bec1-4990-8998-9f11f0ea9049,fc1941db-1098-4bd5-a9c7-d9fe8b94172d
e91aee35-105f-4d27-bff5-b327cb0ce247,3d947f3c-fa03-4667-b09a-25a8f2db2adb
fca4d3f3-9dca-4687-b68a-b0a08de55d40,6359b0bf-3af6-44e9-bf13-71c9fe0ead77
a1febbe1-ebef-413c-bb4d-776fdd4afc37,d89699f6-85db-4def-8de6-14cb07eb2c43
7619c6b9-d2b1-4bc8-94bf-486a54f9bf60,992ae373-a9bc-4ae6-9d74-7082cf0a4c12
2908d8cc-8a6e-4d55-bd48-b47eb91c6a9f,38fb6d40-46f1-4b8f-8b19-6769e6e92687
3f2c6e51-2adf-48cb-b53f-2bbe4cf456d7,5fc091c1-fa87-45b5-878f-8deb38c39f5e
875ad721-810e-4dc5-b724-120ae1e6c77e,f5ae86d6-7b29-42fb-b3b0-3b474b2978f5
18e0f3cc-9fd7-4481-a37d-81419756fa3e,6ca59447-c208-40e3-ab57-7edb01549cbf
399b95f9-6e44-4333-9595-04e4ef0ca44e,992ae373-a9bc-4ae6-9d74-7082cf0a4c12
399b95f9-6e44-4333-9595-04e4ef0ca44e,9d902a90-2e2d-4921-9d40-b5c18c6fe7ec
399b95f9-6e44-4333-9595-04e4ef0ca44e,6ff9e82a-0eff-4a28-b5c4-68f943508bf2
3eb80a7d-2af1-4db9-9781-d8c1e347f98a,6ca59447-c208-40e3-ab57-7edb01549cbf
fadc4eb7-31ca-4697-b390-53cd651fdcf4,0a2353ed-3482-4163-9ca4-46e6cf6ab717
9a51a7dd-485e-4eab-8012-4eb8e8cac99a,0a2353ed-3482-4163-9ca4-46e6cf6ab717
9a51a7dd-485e-4eab-8012-4eb8e8cac99a,f137d46d-5bac-404d-bfc9-d9fb8fc8a734
56ec1d17-6647-4647-b5f0-63660a9e6530,6ca59447-c208-40e3-ab57-7edb01549cbf
82d1c614-cac2-4144-9e7e-3809c7977c01,8e47f6b9-4a44-4ce0-98bf-f3e7356fa1d2
93d9ee93-df29-4554-a7ca-4a79a0a7f29c,b4f75e2e-aded-4dd2-8b9c-740be0e9164d
73dc9c7b-89d2-4d8e-b4a5-ee9445726647,f137d46d-5bac-404d-bfc9-d9fb8fc8a734
73dc9c7b-89d2-4d8e-b4a5-ee9445726647,3ede1470-2ccd-442a-9411-0f2f431639e4
88042d95-84e1-4029-bbc7-87fd336dd655,b41e3b3e-d27b-4705-b8c7-592b89508e12
78125151-a6a8-4330-89f8-248fae4325d8,5fc091c1-fa87-45b5-878f-8deb38c39f5e
02baf034-3f4c-407e-8fa6-c49c424455f9,d8552976-9336-4818-a952-a6ada26a3006
c17c78c0-a950-4ddc-9932-eac75622c22e,50d749ed-12a3-48bb-88a9-ac8403bdc400
7d410918-4c79-43d2-98b8-e90a86ba2514,9297f5e2-06f8-43dc-9765-87beb4350755
dbd65e0f-eab0-487f-bcde-c919511c2948,1e196050-b600-4580-be68-9b797e9f4849
f89464b0-8671-459b-ac55-b6f26f8683ce,89816960-209a-4338-98c2-15cd395dd76b
70a2c864-008a-4470-8362-04c6a397e55f,46d4a1d1-c057-49ba-a879-db85b0cda4b9
eefb1508-15df-49cc-bad2-d8d23d8dc3b6,6bdd587c-344f-4fb7-b1c6-d48b8b15a2d1
56be4926-1153-4bae-9ce4-49510938d994,d89699f6-85db-4def-8de6-14cb07eb2c43
56be4926-1153-4bae-9ce4-49510938d994,1f33d527-6045-4358-afd9-602ae8644b43
56be4926-1153-4bae-9ce4-49510938d994,9e87af73-6ec7-473e-86b9-93fc8311efba
991d8fec-b85c-4193-aa9f-4464d59ef918,86ee7af8-32b3-4dea-ad35-ddeae2af469c
5134752c-31c0-4f1b-8628-174dffad71f6,aa5350c6-5532-4604-b95c-938b8f7cb95c
6efebb3f-20c1-4a2b-b2c9-0b1dd234924d,1f33d527-6045-4358-afd9-602ae8644b43
7ea66ceb-9d05-48c1-a2ee-60c434267d63,6ca59447-c208-40e3-ab57-7edb01549cbf
abf90a2d-f14e-4a6e-baf6-6bd26529e4dc,992ae373-a9bc-4ae6-9d74-7082cf0a4c12
abf90a2d-f14e-4a6e-baf6-6bd26529e4dc,0a2353ed-3482-4163-9ca4-46e6cf6ab717
d5336d91-1d00-4acb-ab28-013196f4ebb6,8e47f6b9-4a44-4ce0-98bf-f3e7356fa1d2
714ad42e-15db-42f9-b156-3b13e0b282a5,b4f75e2e-aded-4dd2-8b9c-740be0e9164d
76328afa-a781-4e7c-bd4b-95c8d7a3426a,992ae373-a9bc-4ae6-9d74-7082cf0a4c12
76328afa-a781-4e7c-bd4b-95c8d7a3426a,1f33d527-6045-4358-afd9-602ae8644b43
3b05336d-a3e7-4f34-bf0d-ae2c1ee6a73b,6ca59447-c208-40e3-ab57-7edb01549cbf
20ad5bca-c47a-4e3e-af8f-807d953cf970,f137d46d-5bac-404d-bfc9-d9fb8fc8a734
20ad5bca-c47a-4e3e-af8f-807d953cf970,d89699f6-85db-4def-8de6-14cb07eb2c43
ab36d134-c595-4b59-9560-896959f3fd54,bd521a9e-13b6-4c06-bac1-bc263ff9a172
79c03b55-5f74-458e-a0a1-1c8c5e69e0af,69b294ca-7d15-4303-9762-216ec08f824e
b48bb0b1-0a0a-468f-89f0-f3ff1ead6aa6,09469f3b-ef30-4f6b-9f7a-40f44037e953
7aaaa5a3-26ba-4fc9-a38a-9dba6ff907a2,6ca59447-c208-40e3-ab57-7edb01549cbf
c414ef94-d154-4df9-b9a6-98ed1a5777e2,8ccdb142-81ed-489d-94a0-4041bd04a46e
c414ef94-d154-4df9-b9a6-98ed1a5777e2,992ae373-a9bc-4ae6-9d74-7082cf0a4c12
c414ef94-d154-4df9-b9a6-98ed1a5777e2,72f27659-ea6c-40a3-9f2d-dfe7d82c853b
63f88b6e-081d-46c2-b4e7-4f04ee8828eb,6ca59447-c208-40e3-ab57-7edb01549cbf
2a33c80b-cac4-4873-8c61-d16cf27f8904,992ae373-a9bc-4ae6-9d74-7082cf0a4c12
2a33c80b-cac4-4873-8c61-d16cf27f8904,72f27659-ea6c-40a3-9f2d-dfe7d82c853b
2a33c80b-cac4-4873-8c61-d16cf27f8904,f137d46d-5bac-404d-bfc9-d9fb8fc8a734
6e8af3b8-96a0-4c61-9771-fbdd27642749,1ce37d28-4cb6-49c3-8d5b-21b9d23119e2
8852432a-52e3-4573-822d-f03be1762f35,aa5350c6-5532-4604-b95c-938b8f7cb95c
f367aaea-bba4-43bb-a23c-70e06410e218,3b16b9a9-28b5-4421-a419-f2c0a580a622
d0a1a6de-06ec-4274-ac9c-a9b3c4240499,eddb9f19-4025-4f9a-8d44-a9bf94cb562e
d0a1a6de-06ec-4274-ac9c-a9b3c4240499,992ae373-a9bc-4ae6-9d74-7082cf0a4c12
73ce45ce-ae69-445a-b8b3-c720af4c2e7d,c7e9d8ec-9ba5-4048-82e7-c3d2ff02eb9b
7142a31b-f161-4488-8623-c029492f17fd,992ae373-a9bc-4ae6-9d74-7082cf0a4c12
7142a31b-f161-4488-8623-c029492f17fd,6ff9e82a-0eff-4a28-b5c4-68f943508bf2
7142a31b-f161-4488-8623-c029492f17fd,72f27659-ea6c-40a3-9f2d-dfe7d82c853b
7e6abbc7-76e2-445f-b5ad-39d2a68f3215,d1c30f65-d081-40cd-91e8-193b4c51182a
723cc8a3-fb0d-443e-9ede-b573c9c9cfbd,cde9a632-6add-43ce-8de9-84ce69637125
4804f6a9-a981-4cce-a085-959cd0988145,5fc091c1-fa87-45b5-878f-8deb38c39f5e
89a10b13-50bb-4b89-9fdc-03fba0901e84,eddb9f19-4025-4f9a-8d44-a9bf94cb562e
89a10b13-50bb-4b89-9fdc-03fba0901e84,1f33d527-6045-4358-afd9-602ae8644b43
182a4325-0fe9-4ffa-9552-8283d74039ff,af68b454-0781-4ba1-a037-4444038ef730
0da53bcb-450c-4953-bfe0-ee9233fde4ba,0a2353ed-3482-4163-9ca4-46e6cf6ab717
0da53bcb-450c-4953-bfe0-ee9233fde4ba,f137d46d-5bac-404d-bfc9-d9fb8fc8a734
d9e10295-c761-47a0-ad9a-35a482326e11,3b16b9a9-28b5-4421-a419-f2c0a580a622
cf8b436f-59b8-484e-9505-b30b57c17b7a,6359b0bf-3af6-44e9-bf13-71c9fe0ead77
15ea9a69-5a27-4f34-ad6d-2e05c54cdb52,9e87af73-6ec7-473e-86b9-93fc8311efba
15ea9a69-5a27-4f34-ad6d-2e05c54cdb52,fe8e1adf-281b-493b-a6ec-1b86629a19d7
dfb37020-c0a7-4ccc-bdf1-92e060c2e723,3d947f3c-fa03-4667-b09a-25a8f2db2adb
e549df98-d57f-4b54-8ccb-c571a1a4b831,6ca59447-c208-40e3-ab57-7edb01549cbf
0cbf15d9-bce7-499a-89b6-b29313966250,992ae373-a9bc-4ae6-9d74-7082cf0a4c12
0cbf15d9-bce7-499a-89b6-b29313966250,fc1941db-1098-4bd5-a9c7-d9fe8b94172d
4714dbd8-03e3-4f97-b5c7-2ac2d7ebbe4f,eddb9f19-4025-4f9a-8d44-a9bf94cb562e
ec24ba77-c282-4c3a-83a5-cb2368098ff2,b4f75e2e-aded-4dd2-8b9c-740be0e9164d
073beea1-7368-4e7f-9a06-164f89fdfc7d,1f33d527-6045-4358-afd9-602ae8644b43
1d4badcd-9894-4783-b0d7-00e86c5b4106,8e47f6b9-4a44-4ce0-98bf-f3e7356fa1d2
43a00d48-6f24-4d9f-90f3-42bebbd9afdd,05189b57-cd02-4472-9e21-bd3b54ab5dd6
02d01de5-2dcb-45de-8c8c-5b709a54128f,5fc091c1-fa87-45b5-878f-8deb38c39f5e
65e098c3-4974-4027-aac1-15534d0670ef,1f33d527-6045-4358-afd9-602ae8644b43
588bc358-440e-4277-ba81-612ab0aed192,3b16b9a9-28b5-4421-a419-f2c0a580a622
f8b082c4-951b-4428-ac8f-41834cbd1620,6ca59447-c208-40e3-ab57-7edb01549cbf
00847fb8-13b8-4bb1-9866-c2d63dec012d,6ff9e82a-0eff-4a28-b5c4-68f943508bf2
85a3349f-0a59-4267-8b64-543c22907ecd,cde9a632-6add-43ce-8de9-84ce69637125
8dfc13fd-011e-4c8c-8859-908f790b002b,5fc091c1-fa87-45b5-878f-8deb38c39f5e
cf05bf65-bf76-42cc-bb06-724336b45095,992ae373-a9bc-4ae6-9d74-7082cf0a4c12
cf05bf65-bf76-42cc-bb06-724336b45095,1f33d527-6045-4358-afd9-602ae8644b43
cf05bf65-bf76-42cc-bb06-724336b45095,eddb9f19-4025-4f9a-8d44-a9bf94cb562e
c86ea172-6146-475e-aa24-0e20cb0f96ae,89816960-209a-4338-98c2-15cd395dd76b
febc2a87-0922-4211-8ed6-adcae2ec43ce,46d4a1d1-c057-49ba-a879-db85b0cda4b9
90c380cc-534e-4714-978c-d53884b38bed,3d947f3c-fa03-4667-b09a-25a8f2db2adb
e0361550-2b78-4e5e-ab77-3dd698d55f48,6359b0bf-3af6-44e9-bf13-71c9fe0ead77
1b8683bb-36c5-4b8e-a752-93e83299b95b,992ae373-a9bc-4ae6-9d74-7082cf0a4c12
1b8683bb-36c5-4b8e-a752-93e83299b95b,eddb9f19-4025-4f9a-8d44-a9bf94cb562e
5f5efe68-c02d-4c3c-a926-e18343b5e993,6ca59447-c208-40e3-ab57-7edb01549cbf
b0038967-30c0-4b4f-b489-e340c354de34,6ff9e82a-0eff-4a28-b5c4-68f943508bf2
b0038967-30c0-4b4f-b489-e340c354de34,992ae373-a9bc-4ae6-9d74-7082cf0a4c12
96c65ca7-bee4-4d7a-8a1d-c10b87b9ddbf,6ca59447-c208-40e3-ab57-7edb01549cbf
ef7b500b-11d2-4a79-b7c0-db4e68b324bd,fc1941db-1098-4bd5-a9c7-d9fe8b94172d
ef7b500b-11d2-4a79-b7c0-db4e68b324bd,6ff9e82a-0eff-4a28-b5c4-68f943508bf2
ef7b500b-11d2-4a79-b7c0-db4e68b324bd,4c9945e5-4487-40d3-ac4d-0f39caa452c4
b0f05484-e152-4c00-8c1d-a47df2e924f4,6ca59447-c208-40e3-ab57-7edb01549cbf
dbb957a6-cbe3-480c-ab86-f33b03ddf405,9f6d5b2b-ac1c-4cc3-a7d1-7cedf98b7563
dbb957a6-cbe3-480c-ab86-f33b03ddf405,6ff9e82a-0eff-4a28-b5c4-68f943508bf2
ea3de249-8ebe-4d36-aa27-3f8e646ed841,3d947f3c-fa03-4667-b09a-25a8f2db2adb
27fd757b-d5a8-41e8-95fa-aeb4880e2f0e,6359b0bf-3af6-44e9-bf13-71c9fe0ead77
6c73fed9-e634-4e1c-a05e-98ba370e7e35,992ae373-a9bc-4ae6-9d74-7082cf0a4c12
6c73fed9-e634-4e1c-a05e-98ba370e7e35,eddb9f19-4025-4f9a-8d44-a9bf94cb562e
6c73fed9-e634-4e1c-a05e-98ba370e7e35,72f27659-ea6c-40a3-9f2d-dfe7d82c853b
b4186a71-7d0f-4cc2-a315-0b8523670ef8,5fc091c1-fa87-45b5-878f-8deb38c39f5e
669ae254-8aca-475b-a854-f4d1bc52d6ef,992ae373-a9bc-4ae6-9d74-7082cf0a4c12
669ae254-8aca-475b-a854-f4d1bc52d6ef,6ff9e82a-0eff-4a28-b5c4-68f943508bf2
669ae254-8aca-475b-a854-f4d1bc52d6ef,72f27659-ea6c-40a3-9f2d-dfe7d82c853b
16e12d43-05db-43c0-a7a2-7ca1a0ccaaa8,1f33d527-6045-4358-afd9-602ae8644b43
168c2dd4-63c2-48e9-9b2f-0cf0fca00b2b,cde9a632-6add-43ce-8de9-84ce69637125
d009230e-4b60-41b2-bfe6-783f62fbb8c4,6ca59447-c208-40e3-ab57-7edb01549cbf
6dc8f78b-8967-4f31-96a2-360ec80de081,992ae373-a9bc-4ae6-9d74-7082cf0a4c12
6dc8f78b-8967-4f31-96a2-360ec80de081,8ccdb142-81ed-489d-94a0-4041bd04a46e
6dc8f78b-8967-4f31-96a2-360ec80de081,72f27659-ea6c-40a3-9f2d-dfe7d82c853b
b0a112ac-3067-4e75-bcfc-30b950020e9a,6e7ec579-d5fc-41c8-82f1-649532a23cb4
b660487e-9920-43ed-90a4-d76de2949ccb,992ae373-a9bc-4ae6-9d74-7082cf0a4c12
465ea8ab-35ca-46c0-8518-2798da4add14,6ca59447-c208-40e3-ab57-7edb01549cbf
718c7f7e-2b2e-4644-9d1c-8c4a85fe37a6,d89699f6-85db-4def-8de6-14cb07eb2c43
718c7f7e-2b2e-4644-9d1c-8c4a85fe37a6,1f33d527-6045-4358-afd9-602ae8644b43
35b75f2a-357e-401f-bca1-16329b1c0e78,6bdd587c-344f-4fb7-b1c6-d48b8b15a2d1
b0f73c25-eb54-464d-b805-1d930a07e077,4c9945e5-4487-40d3-ac4d-0f39caa452c4
3edb7112-da59-4096-9665-5c96b3057a7e,f4053f71-94b5-40b2-92bd-fb588127fe38
3edb7112-da59-4096-9665-5c96b3057a7e,5115a7f4-c481-4f49-bf54-506badb69a95
dffab967-e9cd-4316-b8ed-396b1c8c7d48,6ca59447-c208-40e3-ab57-7edb01549cbf
03a3c9a4-6382-4bf5-88d0-ce37cb501b83,af68b454-0781-4ba1-a037-4444038ef730
99a19033-b87d-4123-8f4d-ee493afc2de2,1f33d527-6045-4358-afd9-602ae8644b43
99a19033-b87d-4123-8f4d-ee493afc2de2,f4053f71-94b5-40b2-92bd-fb588127fe38
c83899e8-2650-4884-b527-249eb12abc63,3b16b9a9-28b5-4421-a419-f2c0a580a622
b1bb997f-02c9-44a1-b6fa-5e041dedac3a,6ca59447-c208-40e3-ab57-7edb01549cbf
6f5cee1c-2fb4-4f64-8270-646724c6b135,eddb9f19-4025-4f9a-8d44-a9bf94cb562e
6f5cee1c-2fb4-4f64-8270-646724c6b135,1f33d527-6045-4358-afd9-602ae8644b43
5478495b-9e3d-47b2-bdeb-ddc6767887c4,07ca7e6e-9e19-4657-8a03-f8c68d078a6e
ec0631c3-2baa-4788-98d7-f3c0a9daca5f,6bdd587c-344f-4fb7-b1c6-d48b8b15a2d1
2bba973a-85d3-4925-8af2-a31fd773eebe,1f33d527-6045-4358-afd9-602ae8644b43
2bba973a-85d3-4925-8af2-a31fd773eebe,992ae373-a9bc-4ae6-9d74-7082cf0a4c12
4521015f-bcce-4a9e-8612-0e6d7f15c91a,992ae373-a9bc-4ae6-9d74-7082cf0a4c12
4521015f-bcce-4a9e-8612-0e6d7f15c91a,9d902a90-2e2d-4921-9d40-b5c18c6fe7ec
43a54147-1490-4510-ac79-b036ae405288,c0616b1c-7741-4f55-9da3-7b115b34481c
1ec6e35d-bcd3-426f-9698-f21bfba90b37,6ca59447-c208-40e3-ab57-7edb01549cbf
448a78e1-cd3a-48cf-a4b8-9271949049e7,992ae373-a9bc-4ae6-9d74-7082cf0a4c12
448a78e1-cd3a-48cf-a4b8-9271949049e7,fc1941db-1098-4bd5-a9c7-d9fe8b94172d
cd8be2a3-fc29-4bbb-be85-440e898c9eaf,f0bb5458-7dbd-465f-b961-41c32297788d
43285472-7ac4-4d03-8580-c594bbecc7d0,ff41c6fa-d1d3-461e-bc14-61438d2fe7d4
9a5978a7-7be4-4cca-ad3d-8aa243c8abf5,992ae373-a9bc-4ae6-9d74-7082cf0a4c12
9a5978a7-7be4-4cca-ad3d-8aa243c8abf5,41d62f31-a92e-4ff2-9981-41f3cf46ebeb
c072d322-0b94-49fc-8d92-f92f5892c350,3b16b9a9-28b5-4421-a419-f2c0a580a622
82321f85-daf9-4c2b-a673-0015ffc3d969,aa5350c6-5532-4604-b95c-938b8f7cb95c
107eb201-013f-48c1-b4cc-03eae1322a33,aa5350c6-5532-4604-b95c-938b8f7cb95c
63a2d0e9-6067-4b1c-a27f-266346735bf5,3b16b9a9-28b5-4421-a419-f2c0a580a622
ed342f14-19bf-4a9f-ba0d-f9dd89eb275a,6b0712f7-178e-473d-8bc6-3ca8e50b9053
a90b9741-65d4-4e33-8065-81a0556cf496,1f33d527-6045-4358-afd9-602ae8644b43
a90b9741-65d4-4e33-8065-81a0556cf496,9e87af73-6ec7-473e-86b9-93fc8311efba
e2c40981-db2b-4aa9-8b00-6950e0bd0e7d,8e47f6b9-4a44-4ce0-98bf-f3e7356fa1d2
038bfb4f-042e-4d3a-b396-15d9c5eb2f36,d1c30f65-d081-40cd-91e8-193b4c51182a
05240b0b-34dc-44b7-9ccd-72a8e8a9fe0c,5fc091c1-fa87-45b5-878f-8deb38c39f5e
04d8750d-41b1-4ba1-be43-1c70f9a5728f,41d62f31-a92e-4ff2-9981-41f3cf46ebeb
04d8750d-41b1-4ba1-be43-1c70f9a5728f,992ae373-a9bc-4ae6-9d74-7082cf0a4c12
242452ba-9e55-4dbf-b546-1e7130bcda00,f413d6b6-6542-41fc-940c-6177cf5606aa
e2099450-df71-457f-bd6a-0d1e26ed918a,386c578b-2a53-4c3a-b910-a980fb1773c0
9654cead-8b8c-4e4f-9ba2-e8ac8ccf8d18,ae92de86-1329-4de8-bbcc-f478e9f8628b
9654cead-8b8c-4e4f-9ba2-e8ac8ccf8d18,0a2353ed-3482-4163-9ca4-46e6cf6ab717
275ff876-6997-44bc-8a33-032a5657fb0b,ff41c6fa-d1d3-461e-bc14-61438d2fe7d4
03240d60-3848-48b3-ad68-325f5dfc04da,992ae373-a9bc-4ae6-9d74-7082cf0a4c12
03240d60-3848-48b3-ad68-325f5dfc04da,8ccdb142-81ed-489d-94a0-4041bd04a46e
fa3d3f54-ab67-4351-a9ac-74069941b722,50d749ed-12a3-48bb-88a9-ac8403bdc400
b750f8e3-df96-471d-ab9c-7807cec076f3,6359b0bf-3af6-44e9-bf13-71c9fe0ead77
3b8fcb41-fa10-4e90-b401-db3a192b4ebd,d1c30f65-d081-40cd-91e8-193b4c51182a
372bb50b-cc58-4d9c-84f6-016909acb3a5,6ca59447-c208-40e3-ab57-7edb01549cbf
3ea9999e-5d96-4c28-bc80-5e6c8e9f5da9,d89699f6-85db-4def-8de6-14cb07eb2c43
3ea9999e-5d96-4c28-bc80-5e6c8e9f5da9,b47cb9fd-b9c9-4d77-916d-93ed0c1a1879
152e4f9e-b94a-4f42-9958-60356758e329,6ca59447-c208-40e3-ab57-7edb01549cbf
2d895618-847f-4e87-84b1-10983f4e08b9,1f33d527-6045-4358-afd9-602ae8644b43
2d895618-847f-4e87-84b1-10983f4e08b9,d8552976-9336-4818-a952-a6ada26a3006
2d895618-847f-4e87-84b1-10983f4e08b9,d89699f6-85db-4def-8de6-14cb07eb2c43
3155d904-1b03-437c-a17e-8ccba32e5787,0ee9f564-1d84-4c16-8227-802613b88a09
adb077ec-78c3-406e-8eaf-95c322133daf,28408059-9560-428c-be43-378a604ac3e8
5a50ae48-49a4-44d1-be41-9227613f3309,1f33d527-6045-4358-afd9-602ae8644b43
250274c2-c500-4ebc-b71c-b7ec80cbef46,5fc091c1-fa87-45b5-878f-8deb38c39f5e
0260fd30-e8f2-4080-8faa-1f5c660ad971,6ca59447-c208-40e3-ab57-7edb01549cbf
d88710c7-cfd0-4d7f-8e55-dbbe4b31042d,992ae373-a9bc-4ae6-9d74-7082cf0a4c12
d88710c7-cfd0-4d7f-8e55-dbbe4b31042d,ae92de86-1329-4de8-bbcc-f478e9f8628b
d88710c7-cfd0-4d7f-8e55-dbbe4b31042d,6ff9e82a-0eff-4a28-b5c4-68f943508bf2
d88710c7-cfd0-4d7f-8e55-dbbe4b31042d,eddb9f19-4025-4f9a-8d44-a9bf94cb562e
65a4942f-18c6-4d3b-b86a-9dcec008b621,6ca59447-c208-40e3-ab57-7edb01549cbf
575fdca1-2054-43b0-a28c-6720c6ccfa8b,ae92de86-1329-4de8-bbcc-f478e9f8628b
575fdca1-2054-43b0-a28c-6720c6ccfa8b,9f6d5b2b-ac1c-4cc3-a7d1-7cedf98b7563
981a32d2-1c6c-4a67-be12-fd6966199094,6ca59447-c208-40e3-ab57-7edb01549cbf
84b29ca4-6c0d-4318-880b-cc49e622f958,992ae373-a9bc-4ae6-9d74-7082cf0a4c12
84b29ca4-6c0d-4318-880b-cc49e622f958,efde0ce9-21df-44b4-ba54-c6d738ec2e64
84b29ca4-6c0d-4318-880b-cc49e622f958,9d902a90-2e2d-4921-9d40-b5c18c6fe7ec
756da51a-8e7f-4c32-b6a8-ceecc9e2bcff,6ca59447-c208-40e3-ab57-7edb01549cbf
62df07b0-e92a-465a-94de-a49805628b9f,d8552976-9336-4818-a952-a6ada26a3006
62df07b0-e92a-465a-94de-a49805628b9f,6ff9e82a-0eff-4a28-b5c4-68f943508bf2
fe8360c4-aaeb-4275-ac17-24a06b3d10b2,6ca59447-c208-40e3-ab57-7edb01549cbf
c9e251a0-795b-43b7-8805-942821757265,3bf75b18-e479-43ff-b40e-b33f5996a5c4
3f050d3e-61eb-4454-b8b1-d932a3cb4d4b,c1615e31-4a06-4e33-8d90-0d9273fbce91
2abb352c-dc55-4653-80af-d85a0af6314a,d89699f6-85db-4def-8de6-14cb07eb2c43
2abb352c-dc55-4653-80af-d85a0af6314a,1f33d527-6045-4358-afd9-602ae8644b43
a4b319b5-f9dc-4003-a133-ca5afc4207e1,8d82500d-abce-4859-889f-991e369704e8
5ecc70b4-1b85-44f6-86f0-25f9c7a6ee5d,6ca59447-c208-40e3-ab57-7edb01549cbf
5eb18857-b813-4a3d-b73e-6e2ac01ad175,992ae373-a9bc-4ae6-9d74-7082cf0a4c12
5eb18857-b813-4a3d-b73e-6e2ac01ad175,254b263b-b58f-4212-b381-33c85da3e4c9
5eb18857-b813-4a3d-b73e-6e2ac01ad175,fc1941db-1098-4bd5-a9c7-d9fe8b94172d
3b7b26d6-ce26-4ebf-8253-11e415eefc7b,12e1702a-7623-4b11-a224-44601b67328c
43e54126-5192-4866-b1c8-f6723dfffe9e,6ff9e82a-0eff-4a28-b5c4-68f943508bf2
a978c0cc-5d2b-4d87-9546-4f5e91608f45,28408059-9560-428c-be43-378a604ac3e8
12117fe9-6285-4956-bdc5-8e0829879631,6bdd587c-344f-4fb7-b1c6-d48b8b15a2d1
6f79c3ea-8286-450a-a46b-eb006f9c3bc9,50d749ed-12a3-48bb-88a9-ac8403bdc400
8a7f7c74-eb28-49db-b783-20102f612228,33f12961-e353-4d14-a7bc-4f20ffad7f00
66e533b2-b367-474c-ab3e-e24070ccfd99,1f33d527-6045-4358-afd9-602ae8644b43
66e533b2-b367-474c-ab3e-e24070ccfd99,eddb9f19-4025-4f9a-8d44-a9bf94cb562e
ae8c043d-c138-4dae-b05f-5472ed26727b,07ca7e6e-9e19-4657-8a03-f8c68d078a6e
c07510c9-17c9-43d4-9b5a-d4f8205e4d91,a0ec4670-47c0-48d5-a9a0-c2012e886b58
5797ca9e-65b8-4a3e-b09b-cf7ec71ae5a4,6bdd587c-344f-4fb7-b1c6-d48b8b15a2d1
61c8f0f7-83af-47a5-8e76-01c4aa78478f,3b16b9a9-28b5-4421-a419-f2c0a580a622
9c5aa63e-bbb4-4b67-92ad-b5a666330c8b,41d62f31-a92e-4ff2-9981-41f3cf46ebeb
8fd5cf21-5597-4b68-ba44-f0e12eafad1e,e5c050af-918f-4377-8516-d61383dd7eeb
088aefa5-fb83-411d-97ff-50de211be126,1e196050-b600-4580-be68-9b797e9f4849
dc710969-3e34-4ca0-860f-c917f3e5214d,af68b454-0781-4ba1-a037-4444038ef730
01ec6e45-46a7-4dd0-9cc7-5b78aa7933ce,3b16b9a9-28b5-4421-a419-f2c0a580a622
ecd52fbe-5f31-46de-83d7-87876a013a34,d89699f6-85db-4def-8de6-14cb07eb2c43
ecd52fbe-5f31-46de-83d7-87876a013a34,6e7ec579-d5fc-41c8-82f1-649532a23cb4
ecd52fbe-5f31-46de-83d7-87876a013a34,0663a94d-7fc1-4427-9cdd-86e299c0fe86
caaf346e-240d-4c71-9044-c5df6a50ede6,cde9a632-6add-43ce-8de9-84ce69637125
6a32f3e9-e617-4683-9e4a-b9456da8d2ce,0a2353ed-3482-4163-9ca4-46e6cf6ab717
6a32f3e9-e617-4683-9e4a-b9456da8d2ce,1f33d527-6045-4358-afd9-602ae8644b43
93453b51-c656-4ce2-b26f-d09794a0becf,5fc091c1-fa87-45b5-878f-8deb38c39f5e
8fcb2675-600c-4e89-9364-c2db4efd2f89,f413d6b6-6542-41fc-940c-6177cf5606aa
e2d6b5d0-4515-4bb4-a108-1a17fe21e175,41d62f31-a92e-4ff2-9981-41f3cf46ebeb
e2d6b5d0-4515-4bb4-a108-1a17fe21e175,05155868-5a51-4328-bec7-587f5f081148
a6f0ca5e-d57f-437e-bda2-b90c97659116,386c578b-2a53-4c3a-b910-a980fb1773c0
631ec3fa-6717-459c-bd5b-d5f0a62ca324,7a8e0e9d-28f2-40d7-8696-9db0a75a628d
3f91109f-be69-492b-9459-368d32450ced,33f12961-e353-4d14-a7bc-4f20ffad7f00
4f019198-f3f7-4fae-bdfe-84c5ae391e8e,9e87af73-6ec7-473e-86b9-93fc8311efba
4f019198-f3f7-4fae-bdfe-84c5ae391e8e,eddb9f19-4025-4f9a-8d44-a9bf94cb562e
9ca67633-b176-4ac9-ad28-41ecb001a3ce,40193610-2542-4d28-a63f-078467cb7f0a
f601f27d-6b78-4d10-b9bd-dde23c66595b,ac2f7cb8-fe85-4eec-9dbd-11aab73b200d
a37df00e-77a1-497a-a003-14fb08293ab5,40193610-2542-4d28-a63f-078467cb7f0a
09c762b8-2af8-485e-a7ca-04d92168e4f4,f137d46d-5bac-404d-bfc9-d9fb8fc8a734
09c762b8-2af8-485e-a7ca-04d92168e4f4,ae92de86-1329-4de8-bbcc-f478e9f8628b
09c762b8-2af8-485e-a7ca-04d92168e4f4,72f27659-ea6c-40a3-9f2d-dfe7d82c853b
ea783b95-95de-4485-ab7f-edbf7810f689,6ca59447-c208-40e3-ab57-7edb01549cbf
280ea14d-da23-4b74-b3ba-2f5f9b341e11,992ae373-a9bc-4ae6-9d74-7082cf0a4c12
280ea14d-da23-4b74-b3ba-2f5f9b341e11,6ff9e82a-0eff-4a28-b5c4-68f943508bf2
b1e8bee6-cc0d-4ccc-97ef-d11328cd4739,6ca59447-c208-40e3-ab57-7edb01549cbf
5600d727-9871-4fa8-9df0-1a78431140e5,d89699f6-85db-4def-8de6-14cb07eb2c43
5600d727-9871-4fa8-9df0-1a78431140e5,0663a94d-7fc1-4427-9cdd-86e299c0fe86
883ada60-12c8-49bd-aed6-1b7f2ba3ef61,636ec317-4c7e-4140-949e-b81cdece4be4
7960ee6f-6f72-4699-950f-b6f0bd41d770,d8552976-9336-4818-a952-a6ada26a3006
7960ee6f-6f72-4699-950f-b6f0bd41d770,fc1941db-1098-4bd5-a9c7-d9fe8b94172d
c6a79e89-9a9b-48c0-8e0a-7e4b6570899d,e1f048ba-5b3e-4c91-9caf-28dca91525cf
284af9c9-bee5-4b09-9d3f-13b67e6354bc,6ca59447-c208-40e3-ab57-7edb01549cbf
f5e79ed5-5ff6-4530-81f6-7cfc54b7f5d3,992ae373-a9bc-4ae6-9d74-7082cf0a4c12
f5e79ed5-5ff6-4530-81f6-7cfc54b7f5d3,6ff9e82a-0eff-4a28-b5c4-68f943508bf2
fb1caf09-c784-4497-81e0-48ea5b4b5c94,6ca59447-c208-40e3-ab57-7edb01549cbf
c5f67f6f-78c6-4f20-8cb9-f226aeb827b2,fe8e1adf-281b-493b-a6ec-1b86629a19d7
c5f67f6f-78c6-4f20-8cb9-f226aeb827b2,d89699f6-85db-4def-8de6-14cb07eb2c43
d2efaf26-80d6-4d84-a525-7b4f11f126d8,eddb9f19-4025-4f9a-8d44-a9bf94cb562e
d2efaf26-80d6-4d84-a525-7b4f11f126d8,992ae373-a9bc-4ae6-9d74-7082cf0a4c12
647e30fd-e875-4b1e-90e2-573d7db80f46,6ca59447-c208-40e3-ab57-7edb01549cbf
03e98c84-4e9d-47f9-b79a-42deeeede2a3,b1938d90-e95c-4a12-87a3-4e4e3b8b4658
139ee380-7e3c-4fbf-a0d7-88139fd186c6,636ec317-4c7e-4140-949e-b81cdece4be4
b97d21a1-fc6a-4059-b7f2-b1e73a39b6d3,a558c676-742a-40c3-ab74-60a0f34d0c43
46206c63-3bbd-4fd3-acb1-75e15c1164e7,0ee9f564-1d84-4c16-8227-802613b88a09
42026c14-f6cb-4499-889e-c0127d38bed6,081dce13-ebde-49f5-95d1-a2de759b8a41
df9ed129-71c9-4908-9d30-7c696fb9feb9,a1edce4a-f996-4933-88a9-fa36cb210a5e
88ffcdd6-7223-4de1-a733-67974ef8bd5f,d89699f6-85db-4def-8de6-14cb07eb2c43
88ffcdd6-7223-4de1-a733-67974ef8bd5f,1f33d527-6045-4358-afd9-602ae8644b43
50d9e2c6-5fd0-4c0d-b104-68992a82ca8d,6bdd587c-344f-4fb7-b1c6-d48b8b15a2d1
03a3f987-87a6-427f-b521-1f3d6781ad0f,6ca59447-c208-40e3-ab57-7edb01549cbf
8dbc8471-33da-42be-a9f4-16305216ffa7,6ff9e82a-0eff-4a28-b5c4-68f943508bf2
b0b156ab-be28-420f-8041-f11fea4c179f,6ca59447-c208-40e3-ab57-7edb01549cbf
aba96489-bee4-4add-960b-94cbc995cfc1,992ae373-a9bc-4ae6-9d74-7082cf0a4c12
4060436d-f4bf-4d32-a11a-7657bfc51f01,ca64a6a5-167f-4dc6-a828-596ec7fb7bcf
0a772fdd-d937-44e3-b7b6-a42a59f22ddb,50d749ed-12a3-48bb-88a9-ac8403bdc400
42e1895c-44dd-4872-8b93-91b6ef9e3a74,992ae373-a9bc-4ae6-9d74-7082cf0a4c12
42e1895c-44dd-4872-8b93-91b6ef9e3a74,ae92de86-1329-4de8-bbcc-f478e9f8628b
a89f575f-08cb-4ce2-a952-4335c7607b4c,943fa8e9-69df-4f6e-8e47-3a81150d8b3d
070b02b9-1bd6-48fb-9239-42da8067ee4d,dca26f5a-6485-43d1-9b87-82b066477f04
7e304562-f32e-4d27-b85e-ce7470b82fc5,1f33d527-6045-4358-afd9-602ae8644b43
7e304562-f32e-4d27-b85e-ce7470b82fc5,ae92de86-1329-4de8-bbcc-f478e9f8628b
841d7e24-fda5-4efc-8745-71d61368f752,c7e9d8ec-9ba5-4048-82e7-c3d2ff02eb9b
8c6a0684-f893-4fca-a98a-b42494eef92b,d1c30f65-d081-40cd-91e8-193b4c51182a
89e2bfc9-b122-4989-8b46-2e985975b8fd,992ae373-a9bc-4ae6-9d74-7082cf0a4c12
89e2bfc9-b122-4989-8b46-2e985975b8fd,6ff9e82a-0eff-4a28-b5c4-68f943508bf2
cffd609a-30d4-4c06-b0bd-1f5b2f3bf35e,6ca59447-c208-40e3-ab57-7edb01549cbf
952ba92d-5068-4257-83a9-78e8e6b6d85f,0a2353ed-3482-4163-9ca4-46e6cf6ab717
952ba92d-5068-4257-83a9-78e8e6b6d85f,8ccdb142-81ed-489d-94a0-4041bd04a46e
952ba92d-5068-4257-83a9-78e8e6b6d85f,72f27659-ea6c-40a3-9f2d-dfe7d82c853b
bf5369ff-433d-4c25-84dd-2538ff8db02c,6ca59447-c208-40e3-ab57-7edb01549cbf
65ff993c-f73d-4271-bc37-71833352fca1,992ae373-a9bc-4ae6-9d74-7082cf0a4c12
65ff993c-f73d-4271-bc37-71833352fca1,72f27659-ea6c-40a3-9f2d-dfe7d82c853b
65ff993c-f73d-4271-bc37-71833352fca1,eddb9f19-4025-4f9a-8d44-a9bf94cb562e
65ff993c-f73d-4271-bc37-71833352fca1,f137d46d-5bac-404d-bfc9-d9fb8fc8a734
70787dd0-26dc-4d76-9b63-cfc32a3a0edc,6ca59447-c208-40e3-ab57-7edb01549cbf
67822251-3517-40a2-bb74-a7ad0fa76bf0,992ae373-a9bc-4ae6-9d74-7082cf0a4c12
67822251-3517-40a2-bb74-a7ad0fa76bf0,fc1941db-1098-4bd5-a9c7-d9fe8b94172d
67822251-3517-40a2-bb74-a7ad0fa76bf0,eddb9f19-4025-4f9a-8d44-a9bf94cb562e
3351ff36-2071-4c8a-a7c2-6dc24a1a0a2d,3d947f3c-fa03-4667-b09a-25a8f2db2adb
66438f98-f813-469d-b763-5c4bed2d2273,6359b0bf-3af6-44e9-bf13-71c9fe0ead77
992747ee-4d0a-4038-be07-c1cff6143133,21d8739d-25f6-48b7-a909-14d59848db24
93ee817d-a6a7-4c82-8b6e-870235f43839,6bdd587c-344f-4fb7-b1c6-d48b8b15a2d1
6391782f-d336-45cb-acfd-1c3fb0babedd,3ede1470-2ccd-442a-9411-0f2f431639e4
6391782f-d336-45cb-acfd-1c3fb0babedd,6e7ec579-d5fc-41c8-82f1-649532a23cb4
707a645d-28e8-4b10-912d-f333a32fd66e,0d262eed-551e-45d0-983c-bca05eabe980
b8b75c93-00b8-44d6-bcae-82a5b27d6dd3,6ca59447-c208-40e3-ab57-7edb01549cbf
bfa6aa9f-1fa9-4f84-a937-5c5fdf28613b,ae92de86-1329-4de8-bbcc-f478e9f8628b
5063f851-d656-4947-81a9-3b7cfc8f67d0,6ca59447-c208-40e3-ab57-7edb01549cbf
75482037-8501-487c-8502-d1beef6da76b,f137d46d-5bac-404d-bfc9-d9fb8fc8a734
5e4dc700-117e-4f95-bbe2-7870a0225cc3,6ca59447-c208-40e3-ab57-7edb01549cbf
701f4dd3-0a92-401b-8b04-3fb3affc8ec8,992ae373-a9bc-4ae6-9d74-7082cf0a4c12
701f4dd3-0a92-401b-8b04-3fb3affc8ec8,6ff9e82a-0eff-4a28-b5c4-68f943508bf2
ac427424-9786-492e-83b4-416257910e11,6ca59447-c208-40e3-ab57-7edb01549cbf
0575a013-ddea-4642-90ef-dc6c2619971c,992ae373-a9bc-4ae6-9d74-7082cf0a4c12
0575a013-ddea-4642-90ef-dc6c2619971c,254b263b-b58f-4212-b381-33c85da3e4c9
2caa5338-406a-4c5f-b1d4-8aac41fe2f05,6ca59447-c208-40e3-ab57-7edb01549cbf
108d1420-9308-479a-a6a7-f7e81d6f5171,992ae373-a9bc-4ae6-9d74-7082cf0a4c12
108d1420-9308-479a-a6a7-f7e81d6f5171,f137d46d-5bac-404d-bfc9-d9fb8fc8a734
108d1420-9308-479a-a6a7-f7e81d6f5171,fc1941db-1098-4bd5-a9c7-d9fe8b94172d
bb83c573-7dbf-44d2-a7dd-455923c4c59c,6ca59447-c208-40e3-ab57-7edb01549cbf
442e897d-4319-4b3b-ae74-18ad0212403e,992ae373-a9bc-4ae6-9d74-7082cf0a4c12
442e897d-4319-4b3b-ae74-18ad0212403e,254b263b-b58f-4212-b381-33c85da3e4c9
c800567f-695a-4e87-a855-ee0fe657a524,6ca59447-c208-40e3-ab57-7edb01549cbf
9577bb77-4906-4727-9c3d-fd90c42ab194,992ae373-a9bc-4ae6-9d74-7082cf0a4c12
9577bb77-4906-4727-9c3d-fd90c42ab194,ae92de86-1329-4de8-bbcc-f478e9f8628b
9577bb77-4906-4727-9c3d-fd90c42ab194,6ff9e82a-0eff-4a28-b5c4-68f943508bf2
5b3589c9-0398-498d-b422-3b5a5ddbf788,3b16b9a9-28b5-4421-a419-f2c0a580a622
6e5de7ba-f1aa-46e8-b2ea-8802a6f0fd16,d89699f6-85db-4def-8de6-14cb07eb2c43
6e5de7ba-f1aa-46e8-b2ea-8802a6f0fd16,f137d46d-5bac-404d-bfc9-d9fb8fc8a734
4b2183cb-2f82-46cd-9dff-81f5f136d596,af68b454-0781-4ba1-a037-4444038ef730
479835d4-e250-4901-86b1-4ede44dcac09,af68b454-0781-4ba1-a037-4444038ef730
a07d9490-4570-45e5-a104-555c8fc0bc63,3b16b9a9-28b5-4421-a419-f2c0a580a622
a6feeaa2-56e4-43a4-acdb-f248daef8974,d89699f6-85db-4def-8de6-14cb07eb2c43
a6feeaa2-56e4-43a4-acdb-f248daef8974,6e7ec579-d5fc-41c8-82f1-649532a23cb4
a9ed00f5-adc6-40b1-a603-0dc145f2b191,636ec317-4c7e-4140-949e-b81cdece4be4
038f683f-2283-40ad-b563-37dbbf442444,d89699f6-85db-4def-8de6-14cb07eb2c43
038f683f-2283-40ad-b563-37dbbf442444,1f33d527-6045-4358-afd9-602ae8644b43
94fa6d34-0fb4-414e-b87c-bb375726e7a5,3b16b9a9-28b5-4421-a419-f2c0a580a622
2e905759-8a89-4a2e-a671-7a62079c9972,c28dbac1-24bb-4e49-8ccc-6360d439be7d
1ca17dae-b703-423e-8544-cc624ff10cef,c7e9d8ec-9ba5-4048-82e7-c3d2ff02eb9b
d03f3438-5f89-4f6c-840c-7e64a15961d8,d1c30f65-d081-40cd-91e8-193b4c51182a
689d9053-3228-4006-b8c3-ec7230612218,1f33d527-6045-4358-afd9-602ae8644b43
689d9053-3228-4006-b8c3-ec7230612218,f137d46d-5bac-404d-bfc9-d9fb8fc8a734
d6a1eb05-e2a4-43f6-8741-c2efe759a7fc,6ca59447-c208-40e3-ab57-7edb01549cbf
00babadb-fc1c-4855-8766-387acf8b899a,eddb9f19-4025-4f9a-8d44-a9bf94cb562e
00babadb-fc1c-4855-8766-387acf8b899a,fe8e1adf-281b-493b-a6ec-1b86629a19d7
29a561a2-dab4-4e4a-b2a7-8564a1d732dc,21d8739d-25f6-48b7-a909-14d59848db24
c63f2964-0431-4f83-85ea-72f6b4ba65c5,6bdd587c-344f-4fb7-b1c6-d48b8b15a2d1
b3060f14-1da0-4b33-a3cd-0f8343029157,6e7ec579-d5fc-41c8-82f1-649532a23cb4
b3060f14-1da0-4b33-a3cd-0f8343029157,d89699f6-85db-4def-8de6-14cb07eb2c43
9afded12-1136-4d48-a1ca-476d87902144,0d262eed-551e-45d0-983c-bca05eabe980
4b7a0b81-9835-4d8b-ac0e-9a8e6e81a70e,3d947f3c-fa03-4667-b09a-25a8f2db2adb
a988b2cd-57a3-453a-8ac4-7d064e8b47fc,6359b0bf-3af6-44e9-bf13-71c9fe0ead77
1557cb8c-73de-4ad0-b1b9-4150bbeb1fd1,6ff9e82a-0eff-4a28-b5c4-68f943508bf2
1557cb8c-73de-4ad0-b1b9-4150bbeb1fd1,992ae373-a9bc-4ae6-9d74-7082cf0a4c12
1557cb8c-73de-4ad0-b1b9-4150bbeb1fd1,9d902a90-2e2d-4921-9d40-b5c18c6fe7ec
291451dc-1812-4b2c-bc07-e67fd1594285,af68b454-0781-4ba1-a037-4444038ef730
09fd3f41-5dac-40e7-b478-75139c8bdd92,1f33d527-6045-4358-afd9-602ae8644b43
3283ef05-dd89-4c82-b06d-83393f5bffcf,3b16b9a9-28b5-4421-a419-f2c0a580a622
61cfcd85-5286-4b0e-87fb-0ee222a46f91,6ca59447-c208-40e3-ab57-7edb01549cbf
aed3bbb3-f448-4a6f-a1bb-8f575f72b77a,1f33d527-6045-4358-afd9-602ae8644b43
558d86bf-f8d7-45ce-bd1f-fb4460db139b,6ca59447-c208-40e3-ab57-7edb01549cbf
17360f4b-8ce6-4d5b-af22-52b61c482d49,992ae373-a9bc-4ae6-9d74-7082cf0a4c12
17360f4b-8ce6-4d5b-af22-52b61c482d49,ae92de86-1329-4de8-bbcc-f478e9f8628b
17360f4b-8ce6-4d5b-af22-52b61c482d49,fc1941db-1098-4bd5-a9c7-d9fe8b94172d
5854d61a-26df-4c41-99c3-eaa4ee7daf25,3d947f3c-fa03-4667-b09a-25a8f2db2adb
615458fc-88db-47cc-96cf-4a28eed5d42e,6359b0bf-3af6-44e9-bf13-71c9fe0ead77
ecb67c8e-826c-4e53-a7f3-7da66bd5545a,6ca59447-c208-40e3-ab57-7edb01549cbf
047d5dbf-c30b-43ad-a0c6-ec46775fb31a,fc1941db-1098-4bd5-a9c7-d9fe8b94172d
047d5dbf-c30b-43ad-a0c6-ec46775fb31a,9d902a90-2e2d-4921-9d40-b5c18c6fe7ec
14ba2c73-3629-4507-b837-9d505173cb6a,6ca59447-c208-40e3-ab57-7edb01549cbf
8f60ebc2-591e-467d-81d5-9ba14c21bc18,6ff9e82a-0eff-4a28-b5c4-68f943508bf2
8f60ebc2-591e-467d-81d5-9ba14c21bc18,4c9945e5-4487-40d3-ac4d-0f39caa452c4
3647a097-e61e-49a2-a26a-8f19fefeb777,992ae373-a9bc-4ae6-9d74-7082cf0a4c12
3647a097-e61e-49a2-a26a-8f19fefeb777,ae92de86-1329-4de8-bbcc-f478e9f8628b
67b5cd7f-dda9-4405-b7fa-469afb8a8393,6ca59447-c208-40e3-ab57-7edb01549cbf
2f42c892-5a1f-4124-8b48-48113ca96c23,6ca59447-c208-40e3-ab57-7edb01549cbf
085d13e7-3169-4f1b-8d9c-ab8296083d70,0a2353ed-3482-4163-9ca4-46e6cf6ab717
085d13e7-3169-4f1b-8d9c-ab8296083d70,6ff9e82a-0eff-4a28-b5c4-68f943508bf2
b3af71e1-0451-4f94-8251-70f1f3eba5c2,05189b57-cd02-4472-9e21-bd3b54ab5dd6
11d50d91-d5ab-4491-a446-096436da6e93,1f33d527-6045-4358-afd9-602ae8644b43
d0bcfca9-e973-4344-b902-09df6ead3fb0,b41e3b3e-d27b-4705-b8c7-592b89508e12
07d29770-5f73-46df-8f42-0d57ad20cfc5,6ca59447-c208-40e3-ab57-7edb01549cbf
1e619015-5eb6-481d-b70e-43a1e1462b7c,0663a94d-7fc1-4427-9cdd-86e299c0fe86
6cdb4255-bcd3-41f8-aa1e-23496818cbf4,b5489408-529d-4ff3-bc71-57bc4e093158
d6e18170-6cf7-4db1-a8db-311792616459,abc6c08b-0d8b-4b68-9a5e-18e8122308ca
e4262b31-fb8f-453c-a6e9-3ed44d3c3606,6bdd587c-344f-4fb7-b1c6-d48b8b15a2d1
d493f573-43c1-4eca-bb64-a37566f2d18e,6e7ec579-d5fc-41c8-82f1-649532a23cb4
272eb999-9200-4b72-b659-781912d9a783,e1f048ba-5b3e-4c91-9caf-28dca91525cf
cb509321-7655-410d-bd21-b5e3f997c8b7,636ec317-4c7e-4140-949e-b81cdece4be4
fa71aa9b-f2b7-481b-8ae9-e5c0c6b8ace9,d89699f6-85db-4def-8de6-14cb07eb2c43
fa71aa9b-f2b7-481b-8ae9-e5c0c6b8ace9,eddb9f19-4025-4f9a-8d44-a9bf94cb562e
8c5e6906-362c-4b76-9d93-b6109cbfde22,cde9a632-6add-43ce-8de9-84ce69637125
d77f47eb-996f-4581-839c-0af95b309c8f,5fc091c1-fa87-45b5-878f-8deb38c39f5e
c8d84cc6-f18c-427f-ae6f-1422eef8cbed,1f33d527-6045-4358-afd9-602ae8644b43
ea4eabb8-fc9a-4be7-a8e1-97c5fcaf8c13,6ca59447-c208-40e3-ab57-7edb01549cbf
fb6190be-388b-431f-938d-95e0c42ee8a2,0f795c5c-53c8-4974-a826-e83132dd5671
fb6190be-388b-431f-938d-95e0c42ee8a2,d8552976-9336-4818-a952-a6ada26a3006
24ceab26-2e7e-490a-92c5-4fd5a8bfc00f,f413d6b6-6542-41fc-940c-6177cf5606aa
736057c1-5914-4148-817c-fc11597504ca,386c578b-2a53-4c3a-b910-a980fb1773c0
5124ee31-651c-4482-a0cd-cbf925c1a984,fc1941db-1098-4bd5-a9c7-d9fe8b94172d
5124ee31-651c-4482-a0cd-cbf925c1a984,ae92de86-1329-4de8-bbcc-f478e9f8628b
5124ee31-651c-4482-a0cd-cbf925c1a984,254b263b-b58f-4212-b381-33c85da3e4c9
8800626d-7477-409d-8dfa-312cdff3107b,8e47f6b9-4a44-4ce0-98bf-f3e7356fa1d2
6bd42a1b-37a8-4205-b224-a4f0f63854b1,b4f75e2e-aded-4dd2-8b9c-740be0e9164d
a1e4cbd6-3c41-4cac-a705-b22ef86e2d2f,992ae373-a9bc-4ae6-9d74-7082cf0a4c12
a1e4cbd6-3c41-4cac-a705-b22ef86e2d2f,eddb9f19-4025-4f9a-8d44-a9bf94cb562e
a1e4cbd6-3c41-4cac-a705-b22ef86e2d2f,1f33d527-6045-4358-afd9-602ae8644b43
7f6ee54d-1501-409d-871a-887889176641,0ee9f564-1d84-4c16-8227-802613b88a09
5ba25cd5-e619-489a-b096-2e248e2f96a8,28408059-9560-428c-be43-378a604ac3e8
70a07c63-ff92-40ce-a9ec-b4e208e3db60,5fc091c1-fa87-45b5-878f-8deb38c39f5e
cdc8919b-b7b1-44d0-abbf-f4210281e37f,41d62f31-a92e-4ff2-9981-41f3cf46ebeb
cdc8919b-b7b1-44d0-abbf-f4210281e37f,d89699f6-85db-4def-8de6-14cb07eb2c43
b734e6dd-7abc-47ec-82a2-f4e217611c4b,992ae373-a9bc-4ae6-9d74-7082cf0a4c12
b734e6dd-7abc-47ec-82a2-f4e217611c4b,d89699f6-85db-4def-8de6-14cb07eb2c43
afdeb359-8d7d-4fe9-a921-0ab2d0db06fa,6ca59447-c208-40e3-ab57-7edb01549cbf
14d93cd4-3ccf-40ec-bdcc-151e0006cc4d,f413d6b6-6542-41fc-940c-6177cf5606aa
10198e5f-01cb-436f-afbb-754059145d79,386c578b-2a53-4c3a-b910-a980fb1773c0
6b60c3f9-4355-4d35-8000-de053053eba8,eddb9f19-4025-4f9a-8d44-a9bf94cb562e
6b60c3f9-4355-4d35-8000-de053053eba8,992ae373-a9bc-4ae6-9d74-7082cf0a4c12
6b60c3f9-4355-4d35-8000-de053053eba8,0a2353ed-3482-4163-9ca4-46e6cf6ab717
6b60c3f9-4355-4d35-8000-de053053eba8,1fa3719f-7f49-43d3-9416-c38e10968ac8
8b98a6fb-c4d7-4c16-8259-1b1e77588349,992ae373-a9bc-4ae6-9d74-7082cf0a4c12
8b98a6fb-c4d7-4c16-8259-1b1e77588349,d8552976-9336-4818-a952-a6ada26a3006
2573cca9-338d-43eb-8761-9075d2c58cbc,6ca59447-c208-40e3-ab57-7edb01549cbf
89aaff70-9131-4924-b3ac-c94da210b966,6ca59447-c208-40e3-ab57-7edb01549cbf
0c5fdf90-b8bb-4ae7-be13-738f69f27533,d89699f6-85db-4def-8de6-14cb07eb2c43
0c5fdf90-b8bb-4ae7-be13-738f69f27533,f137d46d-5bac-404d-bfc9-d9fb8fc8a734
dc8d21ea-104f-4630-8d1c-a8e42a0b51b2,6ca59447-c208-40e3-ab57-7edb01549cbf
c68e3c7a-d54e-485b-8d50-7ff10eb227f5,0f795c5c-53c8-4974-a826-e83132dd5671
c68e3c7a-d54e-485b-8d50-7ff10eb227f5,992ae373-a9bc-4ae6-9d74-7082cf0a4c12
c68e3c7a-d54e-485b-8d50-7ff10eb227f5,efde0ce9-21df-44b4-ba54-c6d738ec2e64
731d5833-a4a2-41fd-9a2f-61e9738446f1,d89699f6-85db-4def-8de6-14cb07eb2c43
731d5833-a4a2-41fd-9a2f-61e9738446f1,3ede1470-2ccd-442a-9411-0f2f431639e4
d5980609-3722-4b52-80c8-6e10acbb3746,6ca59447-c208-40e3-ab57-7edb01549cbf
f6f6ab70-6628-4e04-94cf-c3796929347f,6ca59447-c208-40e3-ab57-7edb01549cbf
2d22d6ee-8cef-45b1-85be-c1661fb2f67f,992ae373-a9bc-4ae6-9d74-7082cf0a4c12
382a56a6-67c7-4c12-b235-2f1d22eab863,d4dbb265-4812-4b6c-a0fd-bab873e1106b
ef879b6b-1b22-4eb0-8acc-33f5022e5b37,b1938d90-e95c-4a12-87a3-4e4e3b8b4658
0ac51116-6b37-4b72-ad37-b7816a44a95c,5fc091c1-fa87-45b5-878f-8deb38c39f5e
95884464-88b6-4bf0-9b29-308ca9e41bca,1f33d527-6045-4358-afd9-602ae8644b43
95884464-88b6-4bf0-9b29-308ca9e41bca,9e87af73-6ec7-473e-86b9-93fc8311efba
a231185b-b8c9-41ee-8a50-002f3f0ec98a,6ca59447-c208-40e3-ab57-7edb01549cbf
a8ebac29-3057-4f7c-af76-2118c8f5ce6a,992ae373-a9bc-4ae6-9d74-7082cf0a4c12
a8ebac29-3057-4f7c-af76-2118c8f5ce6a,eddb9f19-4025-4f9a-8d44-a9bf94cb562e
a8ebac29-3057-4f7c-af76-2118c8f5ce6a,72f27659-ea6c-40a3-9f2d-dfe7d82c853b
a8ebac29-3057-4f7c-af76-2118c8f5ce6a,f137d46d-5bac-404d-bfc9-d9fb8fc8a734
4a4b6037-a4e9-4832-affb-d5f1d56ed50c,10ff94b7-bad0-4bf5-a0cd-921c05b38863
95b8dba8-ca94-484e-b0f0-16d0a05ea9a3,46d4a1d1-c057-49ba-a879-db85b0cda4b9
fe8296c1-f866-43ac-8f1d-2b2aae8930ce,6ccd09a6-df0b-427f-a639-7f3b30134426
59166777-afb0-440a-8a94-846d6e1cf4d5,3ede1470-2ccd-442a-9411-0f2f431639e4
59166777-afb0-440a-8a94-846d6e1cf4d5,b1a2ab58-be0b-4572-9d93-c3e651bb5a97
72e17aa0-22f9-49ae-85b8-487d105add5a,ed75086e-ad87-42df-b512-6dba1ac50161
1b8878d8-0e0a-4efc-8ae7-84af4ce02473,c7e9d8ec-9ba5-4048-82e7-c3d2ff02eb9b
ec33f3d3-16ef-4e1c-b45e-23251b5ac0dc,d1c30f65-d081-40cd-91e8-193b4c51182a
41d497b5-0b86-455a-9055-c168a09fa9ba,992ae373-a9bc-4ae6-9d74-7082cf0a4c12
41d497b5-0b86-455a-9055-c168a09fa9ba,ae92de86-1329-4de8-bbcc-f478e9f8628b
762b8cd6-57a5-41dd-8d24-071dbe4be815,3d947f3c-fa03-4667-b09a-25a8f2db2adb
a041d8bd-d5cb-4987-8844-783b8ae81cd9,6359b0bf-3af6-44e9-bf13-71c9fe0ead77
abc15a1d-f238-4278-9cfa-11f75ed38292,992ae373-a9bc-4ae6-9d74-7082cf0a4c12
abc15a1d-f238-4278-9cfa-11f75ed38292,6ff9e82a-0eff-4a28-b5c4-68f943508bf2
f9a21a32-52e1-4084-a9fa-cb52d8d47140,c28dbac1-24bb-4e49-8ccc-6360d439be7d
33437258-77de-4ad9-9a23-73457442d99d,1fad2edd-83ee-4028-b2a6-4664d26552cd
24b6b5a3-2c8c-4aea-900d-87bf9199c71c,c4cb37e8-fe1c-4d2b-b0b5-f04a69925d8f
24b6b5a3-2c8c-4aea-900d-87bf9199c71c,d89699f6-85db-4def-8de6-14cb07eb2c43
4f2153ce-71a5-4c8f-9b78-321055416b58,c0616b1c-7741-4f55-9da3-7b115b34481c
9cbe3828-1349-4a40-9b65-b02a06b4e353,6bdd587c-344f-4fb7-b1c6-d48b8b15a2d1
7742a3a6-5c1f-47f1-9644-79043fd075c6,eddb9f19-4025-4f9a-8d44-a9bf94cb562e
7918e1bb-c218-487e-90b8-40b1ac4594e0,20bc1485-d0c4-4b2b-b0b4-c282c203431a
39d31d74-9ea1-4da8-ad1e-322a0bf25772,e8a36e12-37a4-483d-be2e-2abcbbbbc70c
815bfa0e-aa35-45bd-b46d-7d926f620433,38fb6d40-46f1-4b8f-8b19-6769e6e92687
30ca26c9-fb15-4ddb-9b2f-c1f935b2d730,69b294ca-7d15-4303-9762-216ec08f824e
77077e7b-0c4f-4162-9d70-ca148ed87fdc,89816960-209a-4338-98c2-15cd395dd76b
53a320fa-5292-46c4-be9d-4b509cdc12b9,af68b454-0781-4ba1-a037-4444038ef730
55b8aa1d-aa94-45cd-9328-3414d3910aad,6e7ec579-d5fc-41c8-82f1-649532a23cb4
55b8aa1d-aa94-45cd-9328-3414d3910aad,ea9c0ea2-5081-4036-bf32-b37dfc5c8301
79893741-1b19-4a89-bd6c-e905d6e7c0ee,3b16b9a9-28b5-4421-a419-f2c0a580a622
08b055a1-e41e-4361-bfe4-3d284f62d5ad,6ca59447-c208-40e3-ab57-7edb01549cbf
072ee642-0cb9-42e9-8283-0d87eec1e784,992ae373-a9bc-4ae6-9d74-7082cf0a4c12
072ee642-0cb9-42e9-8283-0d87eec1e784,ae92de86-1329-4de8-bbcc-f478e9f8628b
351aeec0-fbf8-4454-a556-b2fc0ed4df66,6ca59447-c208-40e3-ab57-7edb01549cbf
d5338439-4d23-4349-b85c-23043e335e8c,1f33d527-6045-4358-afd9-602ae8644b43
a2d4e2ab-d5bc-4f0c-9a99-bb5dd99dfee5,6ca59447-c208-40e3-ab57-7edb01549cbf
c1df8759-d006-4067-a42a-5cb7a5ba198d,9f6d5b2b-ac1c-4cc3-a7d1-7cedf98b7563
c1df8759-d006-4067-a42a-5cb7a5ba198d,ae92de86-1329-4de8-bbcc-f478e9f8628b
c0b3bd95-dc64-4ed3-ae2a-1eb71c57a8ba,c0616b1c-7741-4f55-9da3-7b115b34481c
77893e34-1b77-462f-8f02-601687fea591,c0616b1c-7741-4f55-9da3-7b115b34481c
6a379b80-f393-4be7-b296-2012a2d90577,992ae373-a9bc-4ae6-9d74-7082cf0a4c12
6a379b80-f393-4be7-b296-2012a2d90577,1f33d527-6045-4358-afd9-602ae8644b43
6a379b80-f393-4be7-b296-2012a2d90577,fc1941db-1098-4bd5-a9c7-d9fe8b94172d
7f400db7-6416-44de-95ce-c9a71f730527,d1c30f65-d081-40cd-91e8-193b4c51182a
65da38a1-ef46-4a98-8764-d9e879d25ff4,0a2353ed-3482-4163-9ca4-46e6cf6ab717
65da38a1-ef46-4a98-8764-d9e879d25ff4,6ff9e82a-0eff-4a28-b5c4-68f943508bf2
8b55d9be-e5c7-4ecf-b5dd-4210b569d57e,c7e9d8ec-9ba5-4048-82e7-c3d2ff02eb9b
2913a315-c447-416e-8a9d-5eaa1acdf40e,6ca59447-c208-40e3-ab57-7edb01549cbf
73278543-b6fa-4ba0-8857-adefcaca4bb0,992ae373-a9bc-4ae6-9d74-7082cf0a4c12
73278543-b6fa-4ba0-8857-adefcaca4bb0,fc1941db-1098-4bd5-a9c7-d9fe8b94172d
4b4c1474-508b-4dd9-8ee5-916949641b68,1f33d527-6045-4358-afd9-602ae8644b43
9a369f84-8c05-49bd-a50e-4667a8415335,d4dbb265-4812-4b6c-a0fd-bab873e1106b
ca05e647-be1c-4887-ba65-3728c28ee964,33f12961-e353-4d14-a7bc-4f20ffad7f00
27595831-4b80-4248-8016-099913e181ba,20bc1485-d0c4-4b2b-b0b4-c282c203431a
6619a48f-4c8d-4aea-bc05-63e0dcb78205,9f6d5b2b-ac1c-4cc3-a7d1-7cedf98b7563
6619a48f-4c8d-4aea-bc05-63e0dcb78205,1f33d527-6045-4358-afd9-602ae8644b43
6619a48f-4c8d-4aea-bc05-63e0dcb78205,d89699f6-85db-4def-8de6-14cb07eb2c43
1c1848b3-7cdb-4709-ba57-3d2ec7ca1ebe,6ca59447-c208-40e3-ab57-7edb01549cbf
ff317250-2448-410b-99ae-774fb786af96,d89699f6-85db-4def-8de6-14cb07eb2c43
ff317250-2448-410b-99ae-774fb786af96,c4cb37e8-fe1c-4d2b-b0b5-f04a69925d8f
48b24383-4e8d-4e16-8000-b8b8e646f4c6,48b92705-c8ea-4e8e-9bc2-439bf30ce746
993a61de-ff5a-46b4-a8fc-2a90a8ddcaa6,cc81e6bc-9247-4f0e-9eb4-ca3900ac7217
3542a3c4-b02a-464d-82ce-a50cb03ba81a,992ae373-a9bc-4ae6-9d74-7082cf0a4c12
3542a3c4-b02a-464d-82ce-a50cb03ba81a,ae92de86-1329-4de8-bbcc-f478e9f8628b
3542a3c4-b02a-464d-82ce-a50cb03ba81a,5115a7f4-c481-4f49-bf54-506badb69a95
3542a3c4-b02a-464d-82ce-a50cb03ba81a,6ff9e82a-0eff-4a28-b5c4-68f943508bf2
3542a3c4-b02a-464d-82ce-a50cb03ba81a,a935ba3a-86b5-400c-8948-e6375e9fc3fe
9a41c537-668c-4e95-8fea-123813c6cc37,8e47f6b9-4a44-4ce0-98bf-f3e7356fa1d2
294905ab-1c02-404c-91cc-c1c2375867a8,b4f75e2e-aded-4dd2-8b9c-740be0e9164d
ed9f6d2d-c6c0-4f06-8199-8005aee6eb8d,9e87af73-6ec7-473e-86b9-93fc8311efba
ed9f6d2d-c6c0-4f06-8199-8005aee6eb8d,a558c676-742a-40c3-ab74-60a0f34d0c43
4245fae5-c4aa-4b2a-87ac-449884c22723,6ca59447-c208-40e3-ab57-7edb01549cbf
c4902194-5519-4646-8fe1-cc17e8984278,992ae373-a9bc-4ae6-9d74-7082cf0a4c12
7377d5b0-9dc6-4e11-88ce-ca2c2b46a093,cde9a632-6add-43ce-8de9-84ce69637125
78c3b138-0bcd-4217-b34f-7b1741b490da,5fc091c1-fa87-45b5-878f-8deb38c39f5e
01e797cf-e008-4c2d-976e-38afc414fb2c,0f795c5c-53c8-4974-a826-e83132dd5671
01e797cf-e008-4c2d-976e-38afc414fb2c,992ae373-a9bc-4ae6-9d74-7082cf0a4c12
01e797cf-e008-4c2d-976e-38afc414fb2c,d89699f6-85db-4def-8de6-14cb07eb2c43
5437cc96-5f4e-4269-90c4-a9e9e8f28263,6ca59447-c208-40e3-ab57-7edb01549cbf
f183dc79-fac6-4ddc-a8d8-93a0fcf7a503,992ae373-a9bc-4ae6-9d74-7082cf0a4c12
519534e3-bfca-469f-bddb-7285d212bee5,50d749ed-12a3-48bb-88a9-ac8403bdc400
7b1a1813-9aef-4ae6-8e39-8dba7618ce5b,eddb9f19-4025-4f9a-8d44-a9bf94cb562e
7b1a1813-9aef-4ae6-8e39-8dba7618ce5b,992ae373-a9bc-4ae6-9d74-7082cf0a4c12
7b1a1813-9aef-4ae6-8e39-8dba7618ce5b,05155868-5a51-4328-bec7-587f5f081148
942f45aa-d030-49bc-899d-58dccbf18c33,ca64a6a5-167f-4dc6-a828-596ec7fb7bcf
cba338c3-69fe-4766-9311-4d58d42d1750,643d43fe-baa8-4b50-937f-1afb03bd76e9
a8299517-aede-4250-a9b0-197517c5ba91,28408059-9560-428c-be43-378a604ac3e8
686a7d13-bcc9-401f-807c-16928df44dea,aa5350c6-5532-4604-b95c-938b8f7cb95c
9378afd1-bfbc-4a99-bde1-4be4429d6760,8ccdb142-81ed-489d-94a0-4041bd04a46e
9378afd1-bfbc-4a99-bde1-4be4429d6760,1f33d527-6045-4358-afd9-602ae8644b43
9378afd1-bfbc-4a99-bde1-4be4429d6760,992ae373-a9bc-4ae6-9d74-7082cf0a4c12
9693f6cd-0a7b-46c8-8194-b62c0155a99b,6ca59447-c208-40e3-ab57-7edb01549cbf
ac24445d-a29c-4055-b1f3-018bb5280c7c,ae92de86-1329-4de8-bbcc-f478e9f8628b
ac24445d-a29c-4055-b1f3-018bb5280c7c,9f6d5b2b-ac1c-4cc3-a7d1-7cedf98b7563
ac24445d-a29c-4055-b1f3-018bb5280c7c,72f27659-ea6c-40a3-9f2d-dfe7d82c853b
5f87e817-ed4a-44f6-8875-cb9dd20c3e23,6ca59447-c208-40e3-ab57-7edb01549cbf
b1c68ff1-b88e-41e2-a19b-c7981a08d0d9,992ae373-a9bc-4ae6-9d74-7082cf0a4c12
8078ba4f-770a-4125-8376-0ea57569e054,af68b454-0781-4ba1-a037-4444038ef730
a2147201-0dc3-4226-b82b-8198b00bb4fe,3b16b9a9-28b5-4421-a419-f2c0a580a622
33993f32-6fe6-423e-ad7f-761fa1e2ab99,992ae373-a9bc-4ae6-9d74-7082cf0a4c12
33993f32-6fe6-423e-ad7f-761fa1e2ab99,fc1941db-1098-4bd5-a9c7-d9fe8b94172d
b77a7328-dfd9-4fe4-ad62-f6d5d3ef8de1,a0ec4670-47c0-48d5-a9a0-c2012e886b58
befd8d01-df52-42dc-889b-b681de53cd25,5fc091c1-fa87-45b5-878f-8deb38c39f5e
0845cb6f-930d-4698-98bc-f0cf51e887db,1f33d527-6045-4358-afd9-602ae8644b43
0845cb6f-930d-4698-98bc-f0cf51e887db,eddb9f19-4025-4f9a-8d44-a9bf94cb562e
b2af56b3-f1e9-4340-bff7-8e23d2b99b0d,35501750-04e3-48bd-bfe4-3aa7d22e3baa
e2ea7cad-1c34-424f-927e-f37bdb49657b,b1938d90-e95c-4a12-87a3-4e4e3b8b4658
f0179ae6-d4ac-45b2-ab51-496673b87316,abc6c08b-0d8b-4b68-9a5e-18e8122308ca
8851a517-6250-4425-981c-eb222293491d,1f33d527-6045-4358-afd9-602ae8644b43
8851a517-6250-4425-981c-eb222293491d,eddb9f19-4025-4f9a-8d44-a9bf94cb562e
8bfc56a6-0b15-452d-b561-94f57549ec98,c0616b1c-7741-4f55-9da3-7b115b34481c
d8f9f7c4-44ff-4538-9aa1-aabd1cc5d337,05189b57-cd02-4472-9e21-bd3b54ab5dd6
2f75f37e-f650-4f8f-842b-c836930d080e,6bdd587c-344f-4fb7-b1c6-d48b8b15a2d1
6779d4db-d829-4878-9bb4-e68e0d84deb3,386c578b-2a53-4c3a-b910-a980fb1773c0
7a594f92-e69f-4a8e-86eb-0225732b22b9,eddb9f19-4025-4f9a-8d44-a9bf94cb562e
7a594f92-e69f-4a8e-86eb-0225732b22b9,1f33d527-6045-4358-afd9-602ae8644b43
7a594f92-e69f-4a8e-86eb-0225732b22b9,8ccdb142-81ed-489d-94a0-4041bd04a46e
997b89f1-29f8-4970-891d-179673ebeb6c,0663a94d-7fc1-4427-9cdd-86e299c0fe86
c2edc344-6081-437f-9e07-42f0b090ca21,6ca59447-c208-40e3-ab57-7edb01549cbf
d499b123-f0da-4866-a703-34e143110cef,6ca59447-c208-40e3-ab57-7edb01549cbf
de1f9b57-95fb-458d-bc07-4871bee005b1,992ae373-a9bc-4ae6-9d74-7082cf0a4c12
029197c8-4659-47cd-86c7-ce7b7ada522b,6359b0bf-3af6-44e9-bf13-71c9fe0ead77
1d043352-2c83-46f2-b4c8-f61fd889d0bd,ff41c6fa-d1d3-461e-bc14-61438d2fe7d4
365dd1d5-08a5-4ae6-a0d3-a0e2a20d9a68,5fc091c1-fa87-45b5-878f-8deb38c39f5e
8093b406-d009-4f3d-9dde-f00a5a7cc799,6e7ec579-d5fc-41c8-82f1-649532a23cb4
6b0f7de4-f198-4778-ac1b-770be9487c7d,8e47f6b9-4a44-4ce0-98bf-f3e7356fa1d2
bfe6246d-bf85-44fc-84e8-942b67e84bfd,12e1702a-7623-4b11-a224-44601b67328c
a863523c-1ead-4e60-8207-d351a8b49782,28408059-9560-428c-be43-378a604ac3e8
c3c05bfa-9722-4f0f-ab5f-222abadbbbfd,992ae373-a9bc-4ae6-9d74-7082cf0a4c12
c3c05bfa-9722-4f0f-ab5f-222abadbbbfd,6ff9e82a-0eff-4a28-b5c4-68f943508bf2
975d13d4-62b5-467f-a9e7-a71130348e31,6bdd587c-344f-4fb7-b1c6-d48b8b15a2d1
1b4d96d8-282b-4f47-be80-8858534d58f0,cde9a632-6add-43ce-8de9-84ce69637125
dbacb5a3-3f37-4a84-8413-1b6411bc6a2f,eddb9f19-4025-4f9a-8d44-a9bf94cb562e
dbacb5a3-3f37-4a84-8413-1b6411bc6a2f,1f33d527-6045-4358-afd9-602ae8644b43
dbacb5a3-3f37-4a84-8413-1b6411bc6a2f,1fa3719f-7f49-43d3-9416-c38e10968ac8
a4c668d7-5326-4a80-8d81-921fb104ae4e,5fc091c1-fa87-45b5-878f-8deb38c39f5e
b1c68ff1-b88e-41e2-a19b-c7981a08d0d9,d89699f6-85db-4def-8de6-14cb07eb2c43
d6a151f9-8ea6-4fdd-8b2e-7b7e42a6ba7d,7a8e0e9d-28f2-40d7-8696-9db0a75a628d
7a039667-f167-4e25-b659-2aebfbd8f448,cc81e6bc-9247-4f0e-9eb4-ca3900ac7217
96dd3aec-6735-4107-be3a-05f8987098cc,9e87af73-6ec7-473e-86b9-93fc8311efba
96dd3aec-6735-4107-be3a-05f8987098cc,d89699f6-85db-4def-8de6-14cb07eb2c43
96dd3aec-6735-4107-be3a-05f8987098cc,eddb9f19-4025-4f9a-8d44-a9bf94cb562e
06289e94-3b7d-4eb0-a4c0-e2108fcf6278,6fe661aa-ffec-44c5-8de9-c80eef106e6b
0ab6dbc1-0db0-4ab7-a967-e10f850517af,6ca59447-c208-40e3-ab57-7edb01549cbf
7890fc5e-9e7e-4cb4-9063-cec8e1390e9b,1f33d527-6045-4358-afd9-602ae8644b43
80ae312f-91e3-471c-95bf-c961a2ee4925,6ca59447-c208-40e3-ab57-7edb01549cbf
4e4b4d02-3f3f-4685-9847-956f4dce0383,f4053f71-94b5-40b2-92bd-fb588127fe38
4e4b4d02-3f3f-4685-9847-956f4dce0383,0663a94d-7fc1-4427-9cdd-86e299c0fe86
ea2ad645-d3e1-4b72-a700-d6fc2df23aac,cde9a632-6add-43ce-8de9-84ce69637125
ff0ecb5d-c56b-4640-b7ee-b3bf8ac8b7f5,5fc091c1-fa87-45b5-878f-8deb38c39f5e
d399f51a-ef85-450d-a012-4739149f142c,6ff9e82a-0eff-4a28-b5c4-68f943508bf2
d399f51a-ef85-450d-a012-4739149f142c,41d62f31-a92e-4ff2-9981-41f3cf46ebeb
2329d7bf-f376-46f1-b1dd-91f1eaa1daa2,6ca59447-c208-40e3-ab57-7edb01549cbf
6302c2c7-878d-4867-acfa-455c7a5ce0ed,fc1941db-1098-4bd5-a9c7-d9fe8b94172d
6302c2c7-878d-4867-acfa-455c7a5ce0ed,d8552976-9336-4818-a952-a6ada26a3006
b3d3482f-54a3-4603-ad1c-d898fa2dd542,6ca59447-c208-40e3-ab57-7edb01549cbf
63665e63-b5aa-4837-9949-b1fd50afe5bd,992ae373-a9bc-4ae6-9d74-7082cf0a4c12
63665e63-b5aa-4837-9949-b1fd50afe5bd,9f6d5b2b-ac1c-4cc3-a7d1-7cedf98b7563
63665e63-b5aa-4837-9949-b1fd50afe5bd,064e5945-259b-41b9-8d45-ac3fad89f5ff
63665e63-b5aa-4837-9949-b1fd50afe5bd,ae92de86-1329-4de8-bbcc-f478e9f8628b
4e8e107f-7917-476c-aac6-eae84eaa8565,ca64a6a5-167f-4dc6-a828-596ec7fb7bcf
a3f19f36-70ca-4952-8c89-027bf5fa7813,02257903-92fa-4ef4-8ba7-12758b989472
7d7ee466-f219-4567-872b-e092c294d65c,5fc091c1-fa87-45b5-878f-8deb38c39f5e
57a7ad6d-9f1a-482d-a04e-850c56f4600d,9e87af73-6ec7-473e-86b9-93fc8311efba
71c7c642-ae11-4e88-9a9b-77b464652917,cde9a632-6add-43ce-8de9-84ce69637125
c3e2df2d-60f8-4540-bdd7-ae94a27e3ab6,992ae373-a9bc-4ae6-9d74-7082cf0a4c12
c3e2df2d-60f8-4540-bdd7-ae94a27e3ab6,6ff9e82a-0eff-4a28-b5c4-68f943508bf2
d031560b-07fd-4f34-94c9-c4a75fad4911,5fc091c1-fa87-45b5-878f-8deb38c39f5e
c7d9f2bb-65d8-4f43-9a4e-f376ed6154f2,6ca59447-c208-40e3-ab57-7edb01549cbf
77c8ca03-924b-47b0-857d-92e141614028,9e87af73-6ec7-473e-86b9-93fc8311efba
b09fb63f-9507-4935-a2d4-dec5a4279b16,6ca59447-c208-40e3-ab57-7edb01549cbf
4a0f4215-e3bc-4909-8303-2e09b7745624,992ae373-a9bc-4ae6-9d74-7082cf0a4c12
4a0f4215-e3bc-4909-8303-2e09b7745624,b47cb9fd-b9c9-4d77-916d-93ed0c1a1879
4a0f4215-e3bc-4909-8303-2e09b7745624,1f33d527-6045-4358-afd9-602ae8644b43
9cc8440d-98b3-4a8f-b292-26e5febc94a4,1ce37d28-4cb6-49c3-8d5b-21b9d23119e2
e47d9492-0c53-43d0-9a2c-31fa7e136037,a0ec4670-47c0-48d5-a9a0-c2012e886b58
eed6ae54-ab28-4e29-98a6-1f177e44b8b7,992ae373-a9bc-4ae6-9d74-7082cf0a4c12
eed6ae54-ab28-4e29-98a6-1f177e44b8b7,eddb9f19-4025-4f9a-8d44-a9bf94cb562e
eed6ae54-ab28-4e29-98a6-1f177e44b8b7,1f33d527-6045-4358-afd9-602ae8644b43
7b123faf-f248-4941-ae7f-4e773705a1cb,ca64a6a5-167f-4dc6-a828-596ec7fb7bcf
485a3b8a-ec92-4382-ae9b-df414339f2fe,50d749ed-12a3-48bb-88a9-ac8403bdc400
2b441188-109d-440f-8c4e-d43c008fc0ab,992ae373-a9bc-4ae6-9d74-7082cf0a4c12
2b441188-109d-440f-8c4e-d43c008fc0ab,6ff9e82a-0eff-4a28-b5c4-68f943508bf2
2b441188-109d-440f-8c4e-d43c008fc0ab,5115a7f4-c481-4f49-bf54-506badb69a95
cc60be22-6af0-4b22-ada9-0e6717858dc5,e1f048ba-5b3e-4c91-9caf-28dca91525cf
6d83a6cf-6698-44ac-9203-f613bcb097c3,20bc1485-d0c4-4b2b-b0b4-c282c203431a
7ebb245f-6572-4d62-911f-84292341e2fa,3b16b9a9-28b5-4421-a419-f2c0a580a622
aff42db0-baa4-4e78-b74f-5560ddf7f741,1f33d527-6045-4358-afd9-602ae8644b43
a7a761b6-b5f7-4863-b72d-d70c409452a8,6ca59447-c208-40e3-ab57-7edb01549cbf
c99e3ce8-6772-45c2-a47a-8318786f1efc,6ff9e82a-0eff-4a28-b5c4-68f943508bf2
c99e3ce8-6772-45c2-a47a-8318786f1efc,402d7328-f91d-488a-ad1c-53ecfd349095
7e456e70-ee6a-4267-ad39-2c4bcce1c002,6ca59447-c208-40e3-ab57-7edb01549cbf
1019a7be-0b30-44e0-8644-26908b137012,992ae373-a9bc-4ae6-9d74-7082cf0a4c12
1019a7be-0b30-44e0-8644-26908b137012,6ff9e82a-0eff-4a28-b5c4-68f943508bf2
1019a7be-0b30-44e0-8644-26908b137012,9f6d5b2b-ac1c-4cc3-a7d1-7cedf98b7563
c96ca561-532a-4afb-8e59-94025c343e78,6ca59447-c208-40e3-ab57-7edb01549cbf
0febc80a-c8c2-4dbf-b02d-786e0b205a66,d89699f6-85db-4def-8de6-14cb07eb2c43
0febc80a-c8c2-4dbf-b02d-786e0b205a66,9e87af73-6ec7-473e-86b9-93fc8311efba
7ef059f7-c35c-4970-b10d-6328354d9bc3,6ca59447-c208-40e3-ab57-7edb01549cbf
518907c6-83b3-4bb6-be80-aa5e212ef0f1,d89699f6-85db-4def-8de6-14cb07eb2c43
518907c6-83b3-4bb6-be80-aa5e212ef0f1,a558c676-742a-40c3-ab74-60a0f34d0c43
0bee54d3-155e-4d74-b39c-01e74c00a3fe,0956065f-f830-46ce-8db3-7c82b0df46c0
6d45e0f7-e28f-4d7c-924f-e755380f4bac,abc6c08b-0d8b-4b68-9a5e-18e8122308ca
2c59e980-c0b7-4ef0-b7e7-b219357a69aa,992ae373-a9bc-4ae6-9d74-7082cf0a4c12
2c59e980-c0b7-4ef0-b7e7-b219357a69aa,41d62f31-a92e-4ff2-9981-41f3cf46ebeb
5e3938d2-8e36-4236-87c3-7f2f284dcc09,5fc091c1-fa87-45b5-878f-8deb38c39f5e
921a79f9-0d9c-4626-b4dd-44187aa6d2fe,992ae373-a9bc-4ae6-9d74-7082cf0a4c12
921a79f9-0d9c-4626-b4dd-44187aa6d2fe,ae92de86-1329-4de8-bbcc-f478e9f8628b
921a79f9-0d9c-4626-b4dd-44187aa6d2fe,6ff9e82a-0eff-4a28-b5c4-68f943508bf2
6d18c876-b84e-4cdd-81ac-3f0f04cbd5d7,6ca59447-c208-40e3-ab57-7edb01549cbf
9aa2b84d-0d83-45a0-b620-2b859770b7f7,cde9a632-6add-43ce-8de9-84ce69637125
5e20ba2c-6e60-4aef-af46-17ccbc086869,5fc091c1-fa87-45b5-878f-8deb38c39f5e
41e42bad-0eb9-4b80-b2be-0f480dc1ca54,9d902a90-2e2d-4921-9d40-b5c18c6fe7ec
41e42bad-0eb9-4b80-b2be-0f480dc1ca54,d89699f6-85db-4def-8de6-14cb07eb2c43
41e42bad-0eb9-4b80-b2be-0f480dc1ca54,6e7ec579-d5fc-41c8-82f1-649532a23cb4
2f744060-5136-45f2-8fdd-9c91e9530c38,c7e9d8ec-9ba5-4048-82e7-c3d2ff02eb9b
5343c4ba-23dc-48a4-b46c-4854affffcd5,38fb6d40-46f1-4b8f-8b19-6769e6e92687
efc6726c-95bd-437e-b5e7-6ea9a3ea7c51,3b16b9a9-28b5-4421-a419-f2c0a580a622
02d99a2a-983a-42bd-a353-edaa47c889b3,41d62f31-a92e-4ff2-9981-41f3cf46ebeb
8967eb42-e151-4f0e-b1fb-4e303314b3f5,6ca59447-c208-40e3-ab57-7edb01549cbf
08c3b6fb-57ad-4357-ac7a-67dfc280e2b1,992ae373-a9bc-4ae6-9d74-7082cf0a4c12
08c3b6fb-57ad-4357-ac7a-67dfc280e2b1,0a2353ed-3482-4163-9ca4-46e6cf6ab717
08c3b6fb-57ad-4357-ac7a-67dfc280e2b1,c12e9df5-302b-490d-8ee4-c29cb2b55541
722a2360-d05b-435a-8920-c9dbdbf022b6,12e1702a-7623-4b11-a224-44601b67328c
1b5b79c9-93f2-4492-bec6-4698b84a02ff,91f5ef84-d09b-4a54-a729-b6abe973e128
c3ecea46-5114-4000-a905-7eb830e489a8,3b16b9a9-28b5-4421-a419-f2c0a580a622
07f0780f-c67e-4327-8e20-da961027a0e2,992ae373-a9bc-4ae6-9d74-7082cf0a4c12
2c93a5f3-d319-452a-8e63-032e50f8b82a,3d947f3c-fa03-4667-b09a-25a8f2db2adb
3c880042-fcfa-4dc8-b48b-116966b0f942,1bcd244a-c2a5-4a4e-8572-b7459305a8b1
bb397874-99d8-40f2-9aa6-a32dba3e3fc6,41d62f31-a92e-4ff2-9981-41f3cf46ebeb
6ef9459a-2e20-4ca6-802f-c1c46ce68d64,386c578b-2a53-4c3a-b910-a980fb1773c0
9fd907de-7c41-4b34-bfda-3563e83e5551,6ca59447-c208-40e3-ab57-7edb01549cbf
166c71e7-a6c7-4060-99fc-fc17ead3194f,ae92de86-1329-4de8-bbcc-f478e9f8628b
166c71e7-a6c7-4060-99fc-fc17ead3194f,69b294ca-7d15-4303-9762-216ec08f824e
6218ebe0-f418-4026-a537-7642e1f1b825,0d89cd97-9e1b-4cb3-89fc-6773540db9e8
cb35d11b-445d-4c7d-9ca5-6a1e07fec4a7,6ccd09a6-df0b-427f-a639-7f3b30134426
dbdc4903-0ef9-47be-a880-cc0d92bcd259,b41e3b3e-d27b-4705-b8c7-592b89508e12
5363c61f-e76b-4922-a1eb-60f3a13f940e,6bdd587c-344f-4fb7-b1c6-d48b8b15a2d1
b7fb41d8-12c1-46ed-b438-6b3e421ea08e,bd521a9e-13b6-4c06-bac1-bc263ff9a172
beda89c2-2bb0-49a2-b179-707ca364c4c5,41d62f31-a92e-4ff2-9981-41f3cf46ebeb
2add2eea-7f7c-4d8a-a972-51692b81962b,5fc091c1-fa87-45b5-878f-8deb38c39f5e
c0d4903f-c37a-4fa4-aea1-9ee1281a3079,992ae373-a9bc-4ae6-9d74-7082cf0a4c12
c0d4903f-c37a-4fa4-aea1-9ee1281a3079,eddb9f19-4025-4f9a-8d44-a9bf94cb562e
7013dcff-3538-4a98-b261-157ac49d644a,cde9a632-6add-43ce-8de9-84ce69637125
d1a92e54-198d-4231-8048-160ec43b08cb,5fc091c1-fa87-45b5-878f-8deb38c39f5e
f72547b6-7b0b-46bf-b3d9-ad158943c6b1,992ae373-a9bc-4ae6-9d74-7082cf0a4c12
3805af58-63da-47b1-94dc-05ddf9d903a4,cde9a632-6add-43ce-8de9-84ce69637125
b69c9f91-78f5-4ba3-93ae-ac02e9584aa5,6ca59447-c208-40e3-ab57-7edb01549cbf
7e8bbf20-908c-45d8-99c2-a5ef196398a4,992ae373-a9bc-4ae6-9d74-7082cf0a4c12
d53db0b5-f192-47e8-8981-7a34456b156b,b9f30bc7-6fe4-42ff-81ef-6b73634f7220
6bf84f8e-ddba-40e2-abd4-4aab37929233,a1edce4a-f996-4933-88a9-fa36cb210a5e
44d47a9d-98ea-41c7-b10a-3544ec1f09b4,9d902a90-2e2d-4921-9d40-b5c18c6fe7ec
2d1ae8bf-81d1-4d99-9efd-d26d45f28fcb,5fc091c1-fa87-45b5-878f-8deb38c39f5e
f4c3024b-3c1d-4b0b-a3ff-b45e3b40ce06,1f33d527-6045-4358-afd9-602ae8644b43
05782973-3a1e-4a9e-8704-d8fb19c0cd3e,fe5f9116-b18a-42bb-bead-1f0a20aae294
79fe7424-c935-49dc-816f-af54313a3939,636ec317-4c7e-4140-949e-b81cdece4be4
1496f4a5-fb5e-4933-abfa-99ad358a4590,0f795c5c-53c8-4974-a826-e83132dd5671
1496f4a5-fb5e-4933-abfa-99ad358a4590,ae92de86-1329-4de8-bbcc-f478e9f8628b
1496f4a5-fb5e-4933-abfa-99ad358a4590,992ae373-a9bc-4ae6-9d74-7082cf0a4c12
4a1ba8a4-0858-4543-a4a0-8c07de8f7d87,6ca59447-c208-40e3-ab57-7edb01549cbf
025ef883-0c2a-452c-b22b-87c827cd0132,6359b0bf-3af6-44e9-bf13-71c9fe0ead77
ece52063-b453-486f-aebe-646c4ab1a64d,992ae373-a9bc-4ae6-9d74-7082cf0a4c12
d896b9d2-ae7b-4d10-b5ba-98b4a584dfea,3d947f3c-fa03-4667-b09a-25a8f2db2adb
b503ba55-c156-4c55-9bc7-09ce1a744ef6,6ca59447-c208-40e3-ab57-7edb01549cbf
39ce6b49-2a5d-444d-9b48-f18d45707c40,992ae373-a9bc-4ae6-9d74-7082cf0a4c12
39ce6b49-2a5d-444d-9b48-f18d45707c40,9f6d5b2b-ac1c-4cc3-a7d1-7cedf98b7563
39ce6b49-2a5d-444d-9b48-f18d45707c40,72f27659-ea6c-40a3-9f2d-dfe7d82c853b
de0b96f4-c020-442e-8828-241237d2aae1,6ca59447-c208-40e3-ab57-7edb01549cbf
6858e673-6034-4d63-8dc8-347339997c7e,992ae373-a9bc-4ae6-9d74-7082cf0a4c12
6858e673-6034-4d63-8dc8-347339997c7e,6ff9e82a-0eff-4a28-b5c4-68f943508bf2
24d643ee-c431-4ade-9756-d17dbe49837e,386c578b-2a53-4c3a-b910-a980fb1773c0
ba8fc0b1-7afa-4450-94e2-5f27008aafd3,386c578b-2a53-4c3a-b910-a980fb1773c0
7aae5627-bf69-4cdf-9a7e-5bb46d412f38,1f33d527-6045-4358-afd9-602ae8644b43
7aae5627-bf69-4cdf-9a7e-5bb46d412f38,eddb9f19-4025-4f9a-8d44-a9bf94cb562e
503c81e5-b243-4421-83c1-3d38c10c365d,943fa8e9-69df-4f6e-8e47-3a81150d8b3d
f8f6ac43-b8d2-4245-ad82-65852cd7d0c9,9e81cd13-e8cd-4e2a-93bc-7ab8e87c20d9
c116684e-d729-4995-adbc-ac0d0c0caeda,3b16b9a9-28b5-4421-a419-f2c0a580a622
136a9b5d-d158-4512-b471-62c464438dee,b4f75e2e-aded-4dd2-8b9c-740be0e9164d
0dedf32d-cc23-4dcd-ab59-7075bbba3dfb,992ae373-a9bc-4ae6-9d74-7082cf0a4c12
0dedf32d-cc23-4dcd-ab59-7075bbba3dfb,f137d46d-5bac-404d-bfc9-d9fb8fc8a734
0dedf32d-cc23-4dcd-ab59-7075bbba3dfb,fc1941db-1098-4bd5-a9c7-d9fe8b94172d
1a80b7d8-8884-42e4-b20c-21023a5a0fea,c0616b1c-7741-4f55-9da3-7b115b34481c
3bb73627-931b-49cf-af91-614f1c7d09ab,c0616b1c-7741-4f55-9da3-7b115b34481c
bb626a85-9c20-4578-b0f5-adf249521661,992ae373-a9bc-4ae6-9d74-7082cf0a4c12
bb626a85-9c20-4578-b0f5-adf249521661,fc1941db-1098-4bd5-a9c7-d9fe8b94172d
2d98d3d8-dc72-47cf-8426-c459dffa5749,c0616b1c-7741-4f55-9da3-7b115b34481c
06885c05-cb8d-48d1-af79-69c0f3ca8df4,c0616b1c-7741-4f55-9da3-7b115b34481c
0954add7-ae3a-45f0-a543-7bdcfed5b8f3,d8552976-9336-4818-a952-a6ada26a3006
0a30b3ec-fcfc-42e0-8205-5f5ae9375b13,6ca59447-c208-40e3-ab57-7edb01549cbf
9c81ecd7-bd49-4c86-842c-d573f9fdb894,ae92de86-1329-4de8-bbcc-f478e9f8628b
9c81ecd7-bd49-4c86-842c-d573f9fdb894,992ae373-a9bc-4ae6-9d74-7082cf0a4c12
a1f00e14-7d7a-4416-a826-00b2dd5bf076,6ca59447-c208-40e3-ab57-7edb01549cbf
cc8320b0-0575-4f60-beee-532e4feeea51,f137d46d-5bac-404d-bfc9-d9fb8fc8a734
b4187d00-2c77-45cb-9a51-8f85c77cc2a2,09469f3b-ef30-4f6b-9f7a-40f44037e953
7e9b2369-fef0-47c5-b19d-bfd0bec586f8,46d4a1d1-c057-49ba-a879-db85b0cda4b9
f46c3fc1-494c-4e19-95e6-9733130f64dd,6359b0bf-3af6-44e9-bf13-71c9fe0ead77
da53507c-8d26-48c8-8dbb-77bd391806c2,992ae373-a9bc-4ae6-9d74-7082cf0a4c12
da53507c-8d26-48c8-8dbb-77bd391806c2,eddb9f19-4025-4f9a-8d44-a9bf94cb562e
da53507c-8d26-48c8-8dbb-77bd391806c2,1f33d527-6045-4358-afd9-602ae8644b43
8f83d5af-1090-4ac2-97b2-40bab0b7f8e9,c7e9d8ec-9ba5-4048-82e7-c3d2ff02eb9b
78b235f2-082e-42bf-9897-bc20a7947090,3b16b9a9-28b5-4421-a419-f2c0a580a622
be18f970-63bb-4a73-ae82-0aa5dc441081,38fb6d40-46f1-4b8f-8b19-6769e6e92687
8bbbd388-b7a2-4745-b5c9-bf23eeed6b7b,1f33d527-6045-4358-afd9-602ae8644b43
8bbbd388-b7a2-4745-b5c9-bf23eeed6b7b,d89699f6-85db-4def-8de6-14cb07eb2c43
d49e98ff-54e8-48a3-a09a-21ecb80f17fc,b4f75e2e-aded-4dd2-8b9c-740be0e9164d
82de1c59-68b6-4148-9595-5a6fc9cbf660,c9f904db-1282-4b70-a753-596160a1136a
82de1c59-68b6-4148-9595-5a6fc9cbf660,d89699f6-85db-4def-8de6-14cb07eb2c43
82de1c59-68b6-4148-9595-5a6fc9cbf660,0a2353ed-3482-4163-9ca4-46e6cf6ab717
82de1c59-68b6-4148-9595-5a6fc9cbf660,1f33d527-6045-4358-afd9-602ae8644b43
76783057-2201-4b6b-b0e3-4b8d6f5e1948,8e47f6b9-4a44-4ce0-98bf-f3e7356fa1d2
5bc0e60a-741e-4b96-adcb-97da4520e325,dc23b550-ff28-4b18-ae4c-dc17ca0235ab
928cc8ab-6235-4b7f-9c23-c38d35c6bb15,1bcd244a-c2a5-4a4e-8572-b7459305a8b1
3ba026cc-6cff-47ea-810a-acc2b85c1097,6bdd587c-344f-4fb7-b1c6-d48b8b15a2d1
ca2640e2-6b29-4dbb-8994-31e3a5f140f1,6e7ec579-d5fc-41c8-82f1-649532a23cb4
0f102cfe-1cc0-42cd-a739-5f81b5454d56,3d947f3c-fa03-4667-b09a-25a8f2db2adb
6e2f2c99-f279-474e-8aa7-7942ff549d8f,aa5350c6-5532-4604-b95c-938b8f7cb95c
660d02cd-5e5d-4aed-a424-2b41f4ee2498,992ae373-a9bc-4ae6-9d74-7082cf0a4c12
660d02cd-5e5d-4aed-a424-2b41f4ee2498,41d62f31-a92e-4ff2-9981-41f3cf46ebeb
660d02cd-5e5d-4aed-a424-2b41f4ee2498,baa714b6-c3eb-4ed5-bca3-63d80d0d031e
c113ecc5-4ed5-400e-a6e6-9bfc548275ba,6bdd587c-344f-4fb7-b1c6-d48b8b15a2d1
da3c91cc-517e-4ef0-8351-bc134633e482,20bc1485-d0c4-4b2b-b0b4-c282c203431a
7fa1f312-50ac-4e4d-beb9-f2f53bb04af6,a558c676-742a-40c3-ab74-60a0f34d0c43
a8ffc258-15b7-480e-bc87-3aa66c2050c9,2baf988b-c09f-420d-b2f1-07c3f3cb565b
f705db44-fa5f-4c56-8c0e-70bbdef00764,6ca59447-c208-40e3-ab57-7edb01549cbf
b5da0751-0b58-493e-8505-f8c06453bf6f,992ae373-a9bc-4ae6-9d74-7082cf0a4c12
b5da0751-0b58-493e-8505-f8c06453bf6f,6ff9e82a-0eff-4a28-b5c4-68f943508bf2
8443f796-51b5-454a-a870-818da25e20c9,bff58644-e49e-473a-982c-92154bff459a
91440a08-72e2-433f-941f-615aa478848f,03361f27-53e9-4b05-8323-5824a02f071a
3e6c9ca4-8032-4b2c-8bce-e78665ca7e05,1f33d527-6045-4358-afd9-602ae8644b43
3e6c9ca4-8032-4b2c-8bce-e78665ca7e05,992ae373-a9bc-4ae6-9d74-7082cf0a4c12
8758833d-1eeb-476c-9b13-8b1c94d04e87,386c578b-2a53-4c3a-b910-a980fb1773c0
deb53c06-a167-42a7-a309-fecb8d75cdf6,c7e9d8ec-9ba5-4048-82e7-c3d2ff02eb9b
a225ac6d-c031-4d6b-8704-b6d3c854a3f4,38fb6d40-46f1-4b8f-8b19-6769e6e92687
02a8a45e-5dd1-461f-8115-72d2ba321e5b,992ae373-a9bc-4ae6-9d74-7082cf0a4c12
4f277700-b27d-45b9-a038-ef3349348002,3b16b9a9-28b5-4421-a419-f2c0a580a622
ba69ac67-8913-4d72-9043-c3044e5ad09a,6ca59447-c208-40e3-ab57-7edb01549cbf
9f832dc2-97fe-4413-8423-2ffcb673aab2,6ca59447-c208-40e3-ab57-7edb01549cbf
d8fce97f-0b2c-4d44-bb50-8dd86c5a89d8,992ae373-a9bc-4ae6-9d74-7082cf0a4c12
d8fce97f-0b2c-4d44-bb50-8dd86c5a89d8,6ff9e82a-0eff-4a28-b5c4-68f943508bf2
05694d1a-6f57-4fe6-9d37-93c40f45604d,6ca59447-c208-40e3-ab57-7edb01549cbf
06bb80c6-3a01-4272-9fab-75742179e508,eddb9f19-4025-4f9a-8d44-a9bf94cb562e
06bb80c6-3a01-4272-9fab-75742179e508,9e87af73-6ec7-473e-86b9-93fc8311efba
06bb80c6-3a01-4272-9fab-75742179e508,9d902a90-2e2d-4921-9d40-b5c18c6fe7ec
bfa0e260-a5cd-4f8d-93f9-d9e9b3fff9bd,cde9a632-6add-43ce-8de9-84ce69637125
5c897fcb-47ea-4cb8-8419-8898fc4e3ce9,5fc091c1-fa87-45b5-878f-8deb38c39f5e
0dd2d15c-2757-4e5f-bc62-f08290c040ae,1f33d527-6045-4358-afd9-602ae8644b43
0dd2d15c-2757-4e5f-bc62-f08290c040ae,992ae373-a9bc-4ae6-9d74-7082cf0a4c12
0dd2d15c-2757-4e5f-bc62-f08290c040ae,eddb9f19-4025-4f9a-8d44-a9bf94cb562e
1b2992a1-d0ca-4f9e-af62-266ffc84c4aa,992ae373-a9bc-4ae6-9d74-7082cf0a4c12
1b2992a1-d0ca-4f9e-af62-266ffc84c4aa,fc1941db-1098-4bd5-a9c7-d9fe8b94172d
09b2a3f1-e4cc-4e84-ab2a-cf3d71527571,af68b454-0781-4ba1-a037-4444038ef730
0eaabff7-d8fe-4c80-b8d1-48783c322ec1,1f33d527-6045-4358-afd9-602ae8644b43
0eaabff7-d8fe-4c80-b8d1-48783c322ec1,f4053f71-94b5-40b2-92bd-fb588127fe38
37a655ea-5c61-49b0-a7bf-495ac060dc55,3b16b9a9-28b5-4421-a419-f2c0a580a622
bf5dbba7-ff3b-4ed7-86c8-a60c285870bf,2a5e73d9-7acc-4ad2-8d42-61fdcc1b5c4d
37d33652-7bce-41ba-99ff-919cbda4673f,636ec317-4c7e-4140-949e-b81cdece4be4
c7837541-984a-441b-bf3b-765b6b1e4e20,b41e3b3e-d27b-4705-b8c7-592b89508e12
d0d4a08c-2e6d-4111-a420-7013ad4c0836,992ae373-a9bc-4ae6-9d74-7082cf0a4c12
d0d4a08c-2e6d-4111-a420-7013ad4c0836,1f33d527-6045-4358-afd9-602ae8644b43
d6b23fc5-516b-47e9-841d-87e1f74b2276,40193610-2542-4d28-a63f-078467cb7f0a
00bc3d1f-b1f8-4731-ac95-e37275e7603b,b1938d90-e95c-4a12-87a3-4e4e3b8b4658
40055048-dc3c-4197-971b-4906d6a07317,be94b64f-b472-4e9c-b1ad-2d63fb3f469d
40055048-dc3c-4197-971b-4906d6a07317,1fa3719f-7f49-43d3-9416-c38e10968ac8
8037b430-3051-4238-9451-a07566c3954a,6ca59447-c208-40e3-ab57-7edb01549cbf
e9950571-cb15-4c39-ab00-42c358f23f44,6ff9e82a-0eff-4a28-b5c4-68f943508bf2
77828123-603d-4c52-bc62-5dbe1fd02555,af68b454-0781-4ba1-a037-4444038ef730
5dce900e-91b5-43e3-baa3-03d8a5b2dc80,41d62f31-a92e-4ff2-9981-41f3cf46ebeb
5dce900e-91b5-43e3-baa3-03d8a5b2dc80,f4053f71-94b5-40b2-92bd-fb588127fe38
179c4149-fe63-4008-bbb7-7244a60ce813,3b16b9a9-28b5-4421-a419-f2c0a580a622
e8dd06c8-89c5-43a7-bb98-e51d8bc3eedd,6ca59447-c208-40e3-ab57-7edb01549cbf
cc202472-c505-4956-a271-bc4ce60d2ec3,eddb9f19-4025-4f9a-8d44-a9bf94cb562e
8c12a436-c74e-4661-8439-3d689c43c4fc,0663a94d-7fc1-4427-9cdd-86e299c0fe86
27777d70-5ae3-4d94-8132-1fc4b9703a97,eddb9f19-4025-4f9a-8d44-a9bf94cb562e
62ae6cce-b6a8-4104-9d8c-845865c81dbe,6ca59447-c208-40e3-ab57-7edb01549cbf
8e6fa918-1f29-4eb8-82bf-cbdd81f6c3a9,6ca59447-c208-40e3-ab57-7edb01549cbf
5b5832b3-298d-40dc-83ed-f44c0b9d7699,992ae373-a9bc-4ae6-9d74-7082cf0a4c12
5b5832b3-298d-40dc-83ed-f44c0b9d7699,b47cb9fd-b9c9-4d77-916d-93ed0c1a1879
e2b75f58-d944-4eda-9387-a7ab77fdbf00,c7e9d8ec-9ba5-4048-82e7-c3d2ff02eb9b
96c1a549-510e-4c72-9ceb-439bf7fca504,d1c30f65-d081-40cd-91e8-193b4c51182a
b618af42-bb0d-42ee-a134-6b9f4eb09078,9f6d5b2b-ac1c-4cc3-a7d1-7cedf98b7563
b618af42-bb0d-42ee-a134-6b9f4eb09078,6ff9e82a-0eff-4a28-b5c4-68f943508bf2
b618af42-bb0d-42ee-a134-6b9f4eb09078,fc1941db-1098-4bd5-a9c7-d9fe8b94172d
0bcfa017-efd3-446f-8762-9635737714db,992ae373-a9bc-4ae6-9d74-7082cf0a4c12
0bcfa017-efd3-446f-8762-9635737714db,eddb9f19-4025-4f9a-8d44-a9bf94cb562e
ec00d5f4-402e-43e5-9388-fe69eb86b93d,6ca59447-c208-40e3-ab57-7edb01549cbf
9541aea2-d1f7-4389-a4aa-2337e5e9828e,6ca59447-c208-40e3-ab57-7edb01549cbf
5ebc2b1b-84df-4d11-a1be-ca81b1b74edc,ae92de86-1329-4de8-bbcc-f478e9f8628b
5ebc2b1b-84df-4d11-a1be-ca81b1b74edc,6ff9e82a-0eff-4a28-b5c4-68f943508bf2
5ebc2b1b-84df-4d11-a1be-ca81b1b74edc,992ae373-a9bc-4ae6-9d74-7082cf0a4c12
8559e5b2-90e1-453f-8be4-95a0bfafe50a,35501750-04e3-48bd-bfe4-3aa7d22e3baa
ecc4841a-2517-427a-bb9c-62c4322b85ff,6359b0bf-3af6-44e9-bf13-71c9fe0ead77
a88efbee-5138-429c-89ed-325d04499ebc,41d62f31-a92e-4ff2-9981-41f3cf46ebeb
4169dbe9-b0a0-4b27-9881-69e28f6c9da2,386c578b-2a53-4c3a-b910-a980fb1773c0
7f636a38-2adb-4b58-adea-7ad3d6e0518b,af68b454-0781-4ba1-a037-4444038ef730
45233373-81b5-462b-8ddc-213b50bdee5b,3b16b9a9-28b5-4421-a419-f2c0a580a622
5eb85f49-1b17-4948-ba20-b8419ccd00f5,571bec87-75f4-4fbd-bda4-05d7e7c4546b
5eb85f49-1b17-4948-ba20-b8419ccd00f5,d89699f6-85db-4def-8de6-14cb07eb2c43
5eb85f49-1b17-4948-ba20-b8419ccd00f5,6e7ec579-d5fc-41c8-82f1-649532a23cb4
4280eb0e-2fe2-46b1-9974-fe51889070e0,0d262eed-551e-45d0-983c-bca05eabe980
9aedcfd3-5941-47b6-9ee1-7b301532590d,33f12961-e353-4d14-a7bc-4f20ffad7f00
c43e117b-1883-456c-9863-ee8aa5ab8cb9,3b16b9a9-28b5-4421-a419-f2c0a580a622
f8218a81-d53b-4c77-9a75-feeb72f0967b,6e7ec579-d5fc-41c8-82f1-649532a23cb4
f8218a81-d53b-4c77-9a75-feeb72f0967b,9d902a90-2e2d-4921-9d40-b5c18c6fe7ec
b5618d38-51e2-4912-8f0a-980d1a73da1f,6ca59447-c208-40e3-ab57-7edb01549cbf
643a7e1e-706b-4b31-b030-549ad0a4c863,992ae373-a9bc-4ae6-9d74-7082cf0a4c12
643a7e1e-706b-4b31-b030-549ad0a4c863,9f6d5b2b-ac1c-4cc3-a7d1-7cedf98b7563
15feb34d-f0a7-437c-9ed4-2c24d9704759,c0616b1c-7741-4f55-9da3-7b115b34481c
9f170f0c-aa4b-43d5-b3dd-0abc052d5f5a,c0616b1c-7741-4f55-9da3-7b115b34481c
82389aa5-5c99-4a84-9a79-49376d7326f7,6ff9e82a-0eff-4a28-b5c4-68f943508bf2
23666d0f-8b47-4f4b-8d66-e9bed0980189,6ca59447-c208-40e3-ab57-7edb01549cbf
6756ce46-1d1d-45a6-a2d1-51a3590830d0,a935ba3a-86b5-400c-8948-e6375e9fc3fe
6756ce46-1d1d-45a6-a2d1-51a3590830d0,992ae373-a9bc-4ae6-9d74-7082cf0a4c12
6756ce46-1d1d-45a6-a2d1-51a3590830d0,ae92de86-1329-4de8-bbcc-f478e9f8628b
6756ce46-1d1d-45a6-a2d1-51a3590830d0,6ff9e82a-0eff-4a28-b5c4-68f943508bf2
8739238a-3fda-4211-9ea7-ce62bcb1127a,c0e1ac3f-43d4-49ec-a5c7-e4b40b200a57
333ce327-397d-4810-a392-09e9a864af82,fdcf52f4-837d-4eb2-8b19-a40395d6034f
7bc95ff4-39e8-4b81-8014-529b22ce80e7,992ae373-a9bc-4ae6-9d74-7082cf0a4c12
7bc95ff4-39e8-4b81-8014-529b22ce80e7,ae92de86-1329-4de8-bbcc-f478e9f8628b
7bc95ff4-39e8-4b81-8014-529b22ce80e7,1f33d527-6045-4358-afd9-602ae8644b43
6538dffe-dc91-43d6-be48-ab1cac2e31ba,b1938d90-e95c-4a12-87a3-4e4e3b8b4658
5f3f108d-49b9-4e70-8bda-be5339a9d875,386c578b-2a53-4c3a-b910-a980fb1773c0
41c46724-3baf-498b-a8db-26bf53fcf359,992ae373-a9bc-4ae6-9d74-7082cf0a4c12
22867549-c33d-40f4-86ed-e59622e06584,ca64a6a5-167f-4dc6-a828-596ec7fb7bcf
00acb93f-6f54-4e66-ac23-bbc1a49e3c8c,6ca59447-c208-40e3-ab57-7edb01549cbf
a587b28c-2d68-4ebc-8df6-fa5517839d7d,d89699f6-85db-4def-8de6-14cb07eb2c43
a587b28c-2d68-4ebc-8df6-fa5517839d7d,c4cb37e8-fe1c-4d2b-b0b5-f04a69925d8f
f0112086-c916-4f76-84f1-cd070971a2b7,6ca59447-c208-40e3-ab57-7edb01549cbf
5c42dd5f-74bf-4770-859c-0d4b01e1b2d1,992ae373-a9bc-4ae6-9d74-7082cf0a4c12
8e38a8d9-248b-4dd6-bdad-7a8f1071ffde,6ca59447-c208-40e3-ab57-7edb01549cbf
a5d9b3d2-7cdb-4c56-a107-5242eaf57655,35501750-04e3-48bd-bfe4-3aa7d22e3baa
f11d16e7-682c-4c1d-873a-21dffca2a8c2,3bf75b18-e479-43ff-b40e-b33f5996a5c4
f11d16e7-682c-4c1d-873a-21dffca2a8c2,1f33d527-6045-4358-afd9-602ae8644b43
30aecfa3-d542-42c4-818a-960269a12837,6359b0bf-3af6-44e9-bf13-71c9fe0ead77
b81664d1-96d7-48b7-b9d6-0c69173d8ffa,386c578b-2a53-4c3a-b910-a980fb1773c0
7f41299b-233e-47b5-bc0b-22f1bb2e3eb1,6ca59447-c208-40e3-ab57-7edb01549cbf
286b8053-790d-4277-8355-3881b98c98df,0663a94d-7fc1-4427-9cdd-86e299c0fe86
7ecda00a-8ad7-47d7-80a4-fc6a5fc0aaf6,943fa8e9-69df-4f6e-8e47-3a81150d8b3d
08dece8a-7ece-425b-80a3-fefed5401729,6bdd587c-344f-4fb7-b1c6-d48b8b15a2d1
b5cffe38-041f-46c0-843a-e1f945f7538c,9e87af73-6ec7-473e-86b9-93fc8311efba
b5cffe38-041f-46c0-843a-e1f945f7538c,1f33d527-6045-4358-afd9-602ae8644b43
aea6276b-65c2-4712-b14d-1df2e3215d1c,3b16b9a9-28b5-4421-a419-f2c0a580a622
78fb4c2b-1c00-48b4-a96c-1d7181395623,6ca59447-c208-40e3-ab57-7edb01549cbf
398157af-5b46-41a6-8c3b-03d334801129,d89699f6-85db-4def-8de6-14cb07eb2c43
398157af-5b46-41a6-8c3b-03d334801129,9f6d5b2b-ac1c-4cc3-a7d1-7cedf98b7563
341d9c47-60cb-4735-bf2e-275f69e71baa,c0616b1c-7741-4f55-9da3-7b115b34481c
f53d5cb2-86c3-47c7-bd0a-95ce10791198,07ca7e6e-9e19-4657-8a03-f8c68d078a6e
89146da2-c272-42eb-b56c-3671f90ac20b,6bdd587c-344f-4fb7-b1c6-d48b8b15a2d1
36fa64be-54b4-498d-8a04-80b96f435c96,402d7328-f91d-488a-ad1c-53ecfd349095
99f9f253-4019-4a33-a1b2-202c4eb74876,6ca59447-c208-40e3-ab57-7edb01549cbf
75db4597-f696-458c-9af0-c6c22a9c9b8a,992ae373-a9bc-4ae6-9d74-7082cf0a4c12
75db4597-f696-458c-9af0-c6c22a9c9b8a,6ff9e82a-0eff-4a28-b5c4-68f943508bf2
38fc398f-2dea-47d9-a244-d49e859c9fa8,6ca59447-c208-40e3-ab57-7edb01549cbf
d7f7933a-d130-4117-b25e-9829840a8922,992ae373-a9bc-4ae6-9d74-7082cf0a4c12
b0926c46-1235-49c4-a73e-9e9993089d04,6ca59447-c208-40e3-ab57-7edb01549cbf
117206f2-abaf-4293-8375-b84740ec86d1,992ae373-a9bc-4ae6-9d74-7082cf0a4c12
117206f2-abaf-4293-8375-b84740ec86d1,6ff9e82a-0eff-4a28-b5c4-68f943508bf2
117206f2-abaf-4293-8375-b84740ec86d1,4c9945e5-4487-40d3-ac4d-0f39caa452c4
213f8ffe-7e71-4d5a-8498-3e12400680ea,ca64a6a5-167f-4dc6-a828-596ec7fb7bcf
15d67b48-7763-4bd6-9def-e0fd72d88f5f,50d749ed-12a3-48bb-88a9-ac8403bdc400
3def5089-04d0-4f57-bf95-aea3c2d076b6,d89699f6-85db-4def-8de6-14cb07eb2c43
3def5089-04d0-4f57-bf95-aea3c2d076b6,1f33d527-6045-4358-afd9-602ae8644b43
3def5089-04d0-4f57-bf95-aea3c2d076b6,eddb9f19-4025-4f9a-8d44-a9bf94cb562e
d787b920-6462-4e27-9f70-a762a05949be,6ca59447-c208-40e3-ab57-7edb01549cbf
aa695194-7ff7-4aea-a8a0-4622728c50bb,1f33d527-6045-4358-afd9-602ae8644b43
aa695194-7ff7-4aea-a8a0-4622728c50bb,1fa3719f-7f49-43d3-9416-c38e10968ac8
aa695194-7ff7-4aea-a8a0-4622728c50bb,eddb9f19-4025-4f9a-8d44-a9bf94cb562e
dfd2603b-545f-4623-8e96-932b80337362,6ca59447-c208-40e3-ab57-7edb01549cbf
c9b62839-328d-4b6d-b031-79c2bd6f00ab,992ae373-a9bc-4ae6-9d74-7082cf0a4c12
c9b62839-328d-4b6d-b031-79c2bd6f00ab,9f6d5b2b-ac1c-4cc3-a7d1-7cedf98b7563
78412357-b022-4f13-b762-2ca26d638c5e,6ca59447-c208-40e3-ab57-7edb01549cbf
e55e09a8-8683-4bf2-810c-4f6c4bd80a3a,ae92de86-1329-4de8-bbcc-f478e9f8628b
e55e09a8-8683-4bf2-810c-4f6c4bd80a3a,6ff9e82a-0eff-4a28-b5c4-68f943508bf2
e55e09a8-8683-4bf2-810c-4f6c4bd80a3a,72f27659-ea6c-40a3-9f2d-dfe7d82c853b
8d4c0d1d-ce0f-4be0-903f-b2953f8fcf21,e47cd590-4bd7-4399-a7ec-b5c1838ed835
38c0b694-3e68-4880-8eb4-8ea9399f5176,02257903-92fa-4ef4-8ba7-12758b989472
ced87001-b156-4cb7-a08b-cb0e0ac8a549,1bcd244a-c2a5-4a4e-8572-b7459305a8b1
7c22590a-c5aa-4b5b-b7bf-06572c9ca66f,eddb9f19-4025-4f9a-8d44-a9bf94cb562e
7c22590a-c5aa-4b5b-b7bf-06572c9ca66f,1f33d527-6045-4358-afd9-602ae8644b43
9fe7a9ed-853c-4beb-94fc-82a47450e70e,d89699f6-85db-4def-8de6-14cb07eb2c43
9fe7a9ed-853c-4beb-94fc-82a47450e70e,6e7ec579-d5fc-41c8-82f1-649532a23cb4
ebc881eb-8f24-4a0d-a08a-bd0282de7a4b,6ca59447-c208-40e3-ab57-7edb01549cbf
b4188022-14be-40ff-b588-9e5e28eb27ba,fc1941db-1098-4bd5-a9c7-d9fe8b94172d
b4188022-14be-40ff-b588-9e5e28eb27ba,f137d46d-5bac-404d-bfc9-d9fb8fc8a734
02c50fe8-4f37-439c-a00a-14d1465afde6,6ca59447-c208-40e3-ab57-7edb01549cbf
be874c41-0a33-4471-b5d3-c204fc456922,992ae373-a9bc-4ae6-9d74-7082cf0a4c12
be874c41-0a33-4471-b5d3-c204fc456922,6ff9e82a-0eff-4a28-b5c4-68f943508bf2
568d8915-2979-4111-ae31-996f9a5d80c7,e1f048ba-5b3e-4c91-9caf-28dca91525cf
3edf7e01-13d7-4eca-8637-5987b11c29d6,636ec317-4c7e-4140-949e-b81cdece4be4
badd7f41-07db-4fe4-a769-4a8e113a1f9c,69b294ca-7d15-4303-9762-216ec08f824e
badd7f41-07db-4fe4-a769-4a8e113a1f9c,ae92de86-1329-4de8-bbcc-f478e9f8628b
4dc67897-c3c6-4eab-b8c1-c7d66ff62c40,ae92de86-1329-4de8-bbcc-f478e9f8628b
4dc67897-c3c6-4eab-b8c1-c7d66ff62c40,6ff9e82a-0eff-4a28-b5c4-68f943508bf2
61b67b19-abda-4e02-b0b6-9b834726dc5b,6ca59447-c208-40e3-ab57-7edb01549cbf
c616114d-4e25-49bf-8915-c7f70638b38b,6ca59447-c208-40e3-ab57-7edb01549cbf
53fc41b6-97cf-454d-99bb-6d951e4444f3,eddb9f19-4025-4f9a-8d44-a9bf94cb562e
78162f6a-1816-43ff-b836-46b35cc91247,6ca59447-c208-40e3-ab57-7edb01549cbf
d9bb1d81-4130-4fe1-aeb5-6404dd97bcb1,992ae373-a9bc-4ae6-9d74-7082cf0a4c12
d9bb1d81-4130-4fe1-aeb5-6404dd97bcb1,eddb9f19-4025-4f9a-8d44-a9bf94cb562e
d9bb1d81-4130-4fe1-aeb5-6404dd97bcb1,f137d46d-5bac-404d-bfc9-d9fb8fc8a734
d9bb1d81-4130-4fe1-aeb5-6404dd97bcb1,72f27659-ea6c-40a3-9f2d-dfe7d82c853b
2a28e9af-3a74-4ec6-a4f4-46115710c0b8,6ca59447-c208-40e3-ab57-7edb01549cbf
e801078b-9663-4ffb-9769-3907019ee5b9,9d902a90-2e2d-4921-9d40-b5c18c6fe7ec
e801078b-9663-4ffb-9769-3907019ee5b9,ae92de86-1329-4de8-bbcc-f478e9f8628b
2e6b89fa-5b10-4873-a720-096f76d292c6,992ae373-a9bc-4ae6-9d74-7082cf0a4c12
2e6b89fa-5b10-4873-a720-096f76d292c6,6ff9e82a-0eff-4a28-b5c4-68f943508bf2
a93553c3-f944-4851-a099-b969783dcd46,6ca59447-c208-40e3-ab57-7edb01549cbf
644f75b3-358a-4e42-82da-a083098ffeb3,6ca59447-c208-40e3-ab57-7edb01549cbf
b8971ffc-f418-4b17-bf6e-a19882e86726,992ae373-a9bc-4ae6-9d74-7082cf0a4c12
b8971ffc-f418-4b17-bf6e-a19882e86726,6ff9e82a-0eff-4a28-b5c4-68f943508bf2
c04f3158-0c7e-4f9f-8a09-5bd2400dff27,6ca59447-c208-40e3-ab57-7edb01549cbf
7c971dcb-1545-491d-8bab-31fcf4cad7c9,992ae373-a9bc-4ae6-9d74-7082cf0a4c12
7c971dcb-1545-491d-8bab-31fcf4cad7c9,ae92de86-1329-4de8-bbcc-f478e9f8628b
7c971dcb-1545-491d-8bab-31fcf4cad7c9,eddb9f19-4025-4f9a-8d44-a9bf94cb562e
7c971dcb-1545-491d-8bab-31fcf4cad7c9,72f27659-ea6c-40a3-9f2d-dfe7d82c853b
8a111df3-7e33-43e2-aadd-d9075f14f10a,6ca59447-c208-40e3-ab57-7edb01549cbf
d8d1e374-cbb5-4210-8c22-3355c304385b,6ff9e82a-0eff-4a28-b5c4-68f943508bf2
d8d1e374-cbb5-4210-8c22-3355c304385b,c9f904db-1282-4b70-a753-596160a1136a
d8d1e374-cbb5-4210-8c22-3355c304385b,3ede1470-2ccd-442a-9411-0f2f431639e4
d0cd5085-944d-4da5-b97e-236f35e68098,6ca59447-c208-40e3-ab57-7edb01549cbf
b2dcb2b5-2f22-4991-be3e-9081ef2e099e,0a2353ed-3482-4163-9ca4-46e6cf6ab717
b2dcb2b5-2f22-4991-be3e-9081ef2e099e,e334c6e9-8447-4396-84e4-87026fd0f189
fb1f844d-bc3c-4a3f-ba88-890cee3f8aa8,6ca59447-c208-40e3-ab57-7edb01549cbf
74e6edfd-a104-4f67-9e0d-41b2490a2566,d8552976-9336-4818-a952-a6ada26a3006
74e6edfd-a104-4f67-9e0d-41b2490a2566,72f27659-ea6c-40a3-9f2d-dfe7d82c853b
e42001a0-d144-4a16-bee5-72aa7899266a,0ee9f564-1d84-4c16-8227-802613b88a09
a9d2b623-1b66-4d44-bc36-6619f6c668e8,50d749ed-12a3-48bb-88a9-ac8403bdc400
c62624d8-b964-481f-aaa7-aeffe2155f34,b41e3b3e-d27b-4705-b8c7-592b89508e12
c84e0dad-a5bd-4c43-bc6d-52fdb66bfac7,eddb9f19-4025-4f9a-8d44-a9bf94cb562e
c84e0dad-a5bd-4c43-bc6d-52fdb66bfac7,1f33d527-6045-4358-afd9-602ae8644b43
4afcc633-cc24-4046-89c9-908f0fbece91,ca64a6a5-167f-4dc6-a828-596ec7fb7bcf
c5e56d4f-8157-4504-b0f1-248e7ebb5b28,d89699f6-85db-4def-8de6-14cb07eb2c43
c5e56d4f-8157-4504-b0f1-248e7ebb5b28,3ede1470-2ccd-442a-9411-0f2f431639e4
c5e56d4f-8157-4504-b0f1-248e7ebb5b28,6ff9e82a-0eff-4a28-b5c4-68f943508bf2
76f9a83f-7755-48fe-8bc0-de44031efe0b,50d749ed-12a3-48bb-88a9-ac8403bdc400
d5114c4f-c3d0-4874-9cd0-e100749898b1,6ca59447-c208-40e3-ab57-7edb01549cbf
7f5e8d15-b645-42d4-bc01-c7eede0879b5,d8552976-9336-4818-a952-a6ada26a3006
7ab0e56a-e7ba-4ade-86db-932fb8624ebd,6ca59447-c208-40e3-ab57-7edb01549cbf
6387da11-0b47-4911-ba3e-320fb07bb1b1,992ae373-a9bc-4ae6-9d74-7082cf0a4c12
6387da11-0b47-4911-ba3e-320fb07bb1b1,ae92de86-1329-4de8-bbcc-f478e9f8628b
6387da11-0b47-4911-ba3e-320fb07bb1b1,9d902a90-2e2d-4921-9d40-b5c18c6fe7ec
422429b6-9ec4-44cd-a498-6d7d8dcb9490,6ca59447-c208-40e3-ab57-7edb01549cbf
f91c2874-bb4e-4662-8d44-ec6f8e8e0d0b,1f33d527-6045-4358-afd9-602ae8644b43
f91c2874-bb4e-4662-8d44-ec6f8e8e0d0b,eddb9f19-4025-4f9a-8d44-a9bf94cb562e
8006323a-49b9-4bf6-9b9a-0169298c5428,af68b454-0781-4ba1-a037-4444038ef730
4170ae8d-2664-47b5-9ba9-30ea7caabb9e,41d62f31-a92e-4ff2-9981-41f3cf46ebeb
4170ae8d-2664-47b5-9ba9-30ea7caabb9e,f4053f71-94b5-40b2-92bd-fb588127fe38
56de7e20-e2e6-40b7-8a98-5d9de8d57b01,3b16b9a9-28b5-4421-a419-f2c0a580a622
1cd09a63-902b-4d60-8eb3-146e861dd9b8,6ca59447-c208-40e3-ab57-7edb01549cbf
1e57b2b4-9939-4063-8aae-bcbc150d6e88,992ae373-a9bc-4ae6-9d74-7082cf0a4c12
1e57b2b4-9939-4063-8aae-bcbc150d6e88,ae92de86-1329-4de8-bbcc-f478e9f8628b
86508d2f-d1ed-45e0-91be-01448777e4aa,03361f27-53e9-4b05-8323-5824a02f071a
cb87880e-4598-414a-8547-7367913e1e64,a1edce4a-f996-4933-88a9-fa36cb210a5e
6deed55f-3bff-4ab8-980a-783ed2faa772,1f33d527-6045-4358-afd9-602ae8644b43
823a460d-34e1-4f35-8192-9ec8005052bd,ac2f7cb8-fe85-4eec-9dbd-11aab73b200d
1c6353ac-e5a9-4f61-b6fe-72399f66f09e,6ca59447-c208-40e3-ab57-7edb01549cbf
886f7331-bbd9-4bd8-80ca-c1c62d0a566a,ae92de86-1329-4de8-bbcc-f478e9f8628b
886f7331-bbd9-4bd8-80ca-c1c62d0a566a,992ae373-a9bc-4ae6-9d74-7082cf0a4c12
c9e0f4d4-6549-4a5a-b10d-0ab93f41cfd0,b47cb9fd-b9c9-4d77-916d-93ed0c1a1879
c9e0f4d4-6549-4a5a-b10d-0ab93f41cfd0,ae92de86-1329-4de8-bbcc-f478e9f8628b
27074e98-6b81-4f2e-8847-d6d934b11f20,6ca59447-c208-40e3-ab57-7edb01549cbf
8d8588a2-bdb8-4e58-9bb9-2cb0168d67a2,ec2041c0-abc0-43e0-b203-b9c87571eacb
00a8a670-8673-4f9d-aef7-cd44b2036930,21d8739d-25f6-48b7-a909-14d59848db24
6b2e6989-5aba-4254-9969-c03381fcce38,ae92de86-1329-4de8-bbcc-f478e9f8628b
6b2e6989-5aba-4254-9969-c03381fcce38,6ff9e82a-0eff-4a28-b5c4-68f943508bf2
6b2e6989-5aba-4254-9969-c03381fcce38,e811c741-451d-4336-aa0b-4bcfb133bc06
8af24c8a-3d92-4332-a32a-aceceecb11eb,af68b454-0781-4ba1-a037-4444038ef730
0476ea86-1c87-4534-8f5c-88439f15369d,1f33d527-6045-4358-afd9-602ae8644b43
2fa89d9c-1181-4829-943c-05e027ef362d,3b16b9a9-28b5-4421-a419-f2c0a580a622
6b3adb84-7274-4d95-80d6-322c034b057e,7a8e0e9d-28f2-40d7-8696-9db0a75a628d
b0648d94-c7ee-4a88-a870-4e1116c05417,ff41c6fa-d1d3-461e-bc14-61438d2fe7d4
22659f50-9354-4679-a41f-12de3b2b1978,3b16b9a9-28b5-4421-a419-f2c0a580a622
57197347-4369-4923-851e-e006f748c108,1f33d527-6045-4358-afd9-602ae8644b43
57197347-4369-4923-851e-e006f748c108,a558c676-742a-40c3-ab74-60a0f34d0c43
ed846bbd-c0c2-452c-97ea-13a64ba8b3e1,ac2f7cb8-fe85-4eec-9dbd-11aab73b200d
9d1e8ae4-73d2-42a3-84f6-df99c3bba90f,c0616b1c-7741-4f55-9da3-7b115b34481c
96e2c33b-961d-411c-85c7-04871288a260,d8552976-9336-4818-a952-a6ada26a3006
96e2c33b-961d-411c-85c7-04871288a260,fc1941db-1098-4bd5-a9c7-d9fe8b94172d
f879648c-9ae2-41d1-a8ea-4f22ca873910,c0616b1c-7741-4f55-9da3-7b115b34481c
437fca6d-dcc7-43c3-b942-8dace62d9146,6ca59447-c208-40e3-ab57-7edb01549cbf
253a6b57-74f7-483e-80d8-17f04873020c,992ae373-a9bc-4ae6-9d74-7082cf0a4c12
253a6b57-74f7-483e-80d8-17f04873020c,6ff9e82a-0eff-4a28-b5c4-68f943508bf2
253a6b57-74f7-483e-80d8-17f04873020c,eddb9f19-4025-4f9a-8d44-a9bf94cb562e
d7da0dd1-4616-4a7a-97bc-c83b9cebb122,c1615e31-4a06-4e33-8d90-0d9273fbce91
c688f1a4-5d72-42f8-bf4f-cf312fd0f2a3,8d82500d-abce-4859-889f-991e369704e8
e3ccdcce-f83f-4e71-b919-bbd206d7cbcf,992ae373-a9bc-4ae6-9d74-7082cf0a4c12
e3ccdcce-f83f-4e71-b919-bbd206d7cbcf,d89699f6-85db-4def-8de6-14cb07eb2c43
b6578bcb-b8c8-42da-8c57-98c1970e2132,6ca59447-c208-40e3-ab57-7edb01549cbf
51b24187-104c-43ea-8bc8-4bbf7e253953,ae92de86-1329-4de8-bbcc-f478e9f8628b
51b24187-104c-43ea-8bc8-4bbf7e253953,992ae373-a9bc-4ae6-9d74-7082cf0a4c12
51b24187-104c-43ea-8bc8-4bbf7e253953,1f33d527-6045-4358-afd9-602ae8644b43
4a0bf81b-dc14-4f69-bc77-2655d5bb6daa,6ca59447-c208-40e3-ab57-7edb01549cbf
530bd583-77c4-43e5-a4d0-06d387712a9b,d8552976-9336-4818-a952-a6ada26a3006
6bc7089e-a500-4136-b08f-02c55ad43ddb,50d749ed-12a3-48bb-88a9-ac8403bdc400
3f24d902-cebe-40b0-afcd-47b0c45f5926,5fc091c1-fa87-45b5-878f-8deb38c39f5e
a211ac5c-e082-46d6-9f49-d92d7aadbc62,0a2353ed-3482-4163-9ca4-46e6cf6ab717
a211ac5c-e082-46d6-9f49-d92d7aadbc62,d89699f6-85db-4def-8de6-14cb07eb2c43
dfb7d32d-3048-490b-8ac5-46708866fb03,c7e9d8ec-9ba5-4048-82e7-c3d2ff02eb9b
54596c03-a011-4f4a-a4aa-a651eed4d574,f77c85d9-e35a-426d-a5eb-256816aafe9f
7a7371c7-3eee-4f5e-b7ce-ca7c27121502,f77c85d9-e35a-426d-a5eb-256816aafe9f
d615f180-2d9c-4cc6-99ad-984b9d040f29,6bdd587c-344f-4fb7-b1c6-d48b8b15a2d1
90f55c98-27e7-4885-911a-7e88a440e5b0,992ae373-a9bc-4ae6-9d74-7082cf0a4c12
90f55c98-27e7-4885-911a-7e88a440e5b0,1f33d527-6045-4358-afd9-602ae8644b43
4c6ee7d9-055e-4897-8863-a39bc2d60578,943fa8e9-69df-4f6e-8e47-3a81150d8b3d
065dc06b-39fa-4b44-8772-4107b1430100,6bdd587c-344f-4fb7-b1c6-d48b8b15a2d1
048110bd-830e-44f7-8f95-5df4f4915763,d89699f6-85db-4def-8de6-14cb07eb2c43
048110bd-830e-44f7-8f95-5df4f4915763,41d62f31-a92e-4ff2-9981-41f3cf46ebeb
048110bd-830e-44f7-8f95-5df4f4915763,05155868-5a51-4328-bec7-587f5f081148
2e563574-cdaf-48a7-8f1e-268da176ed14,3b16b9a9-28b5-4421-a419-f2c0a580a622
9cc5c208-9a7c-4079-9d32-28bb92759539,91f5ef84-d09b-4a54-a729-b6abe973e128
c85a97ef-29c5-444f-91f2-bbe6de0533a6,21d8739d-25f6-48b7-a909-14d59848db24
213e9bfa-8f2c-42c4-983a-b00c4a62fb86,5fc091c1-fa87-45b5-878f-8deb38c39f5e
c2e2eab5-016e-4260-91c6-021adca3a629,6ff9e82a-0eff-4a28-b5c4-68f943508bf2
c2e2eab5-016e-4260-91c6-021adca3a629,1f33d527-6045-4358-afd9-602ae8644b43
c25d3abf-6085-4249-9e80-20bc96fc0edf,e5c050af-918f-4377-8516-d61383dd7eeb
cec10bbb-2e23-4876-a726-a30fe7838b80,0d262eed-551e-45d0-983c-bca05eabe980
8f839f09-2458-4f74-bd7b-00be2ca3be92,21d8739d-25f6-48b7-a909-14d59848db24
75ad2ed4-20f5-4675-9f20-5181e603e8c0,6bdd587c-344f-4fb7-b1c6-d48b8b15a2d1
6313281e-5a97-43bd-b1fc-258a45b7fe9a,1f33d527-6045-4358-afd9-602ae8644b43
6313281e-5a97-43bd-b1fc-258a45b7fe9a,3bf75b18-e479-43ff-b40e-b33f5996a5c4
6313281e-5a97-43bd-b1fc-258a45b7fe9a,c4cb37e8-fe1c-4d2b-b0b5-f04a69925d8f
960d3729-9f9c-4f9c-8b1c-eb413a51efa2,6ca59447-c208-40e3-ab57-7edb01549cbf
ab068308-e71b-4e69-9138-b8125126d498,992ae373-a9bc-4ae6-9d74-7082cf0a4c12
ab068308-e71b-4e69-9138-b8125126d498,6ff9e82a-0eff-4a28-b5c4-68f943508bf2
ab068308-e71b-4e69-9138-b8125126d498,eddb9f19-4025-4f9a-8d44-a9bf94cb562e
ab068308-e71b-4e69-9138-b8125126d498,efde0ce9-21df-44b4-ba54-c6d738ec2e64
4c27f129-89b3-4dbe-a370-859c2b590590,5fc091c1-fa87-45b5-878f-8deb38c39f5e
ae1079cb-09ff-4d71-9079-ee7eb9b82efa,992ae373-a9bc-4ae6-9d74-7082cf0a4c12
ae1079cb-09ff-4d71-9079-ee7eb9b82efa,41d62f31-a92e-4ff2-9981-41f3cf46ebeb
6610628d-c4b9-48f0-a9e7-580f8a40b4c4,cde9a632-6add-43ce-8de9-84ce69637125
751442b1-cbba-4f2e-8bdf-f28b9a2f2e96,6ca59447-c208-40e3-ab57-7edb01549cbf
5c10cfa6-72fc-42e5-be4f-b94c6e2ca440,eddb9f19-4025-4f9a-8d44-a9bf94cb562e
5c10cfa6-72fc-42e5-be4f-b94c6e2ca440,1f33d527-6045-4358-afd9-602ae8644b43
5c10cfa6-72fc-42e5-be4f-b94c6e2ca440,992ae373-a9bc-4ae6-9d74-7082cf0a4c12
bb960c1f-490d-4010-8035-de37b0e9471a,3bf75b18-e479-43ff-b40e-b33f5996a5c4
c05a8c64-7ebd-43ae-a4ff-cec257353dc8,6ca59447-c208-40e3-ab57-7edb01549cbf
8b7cecd4-919c-4aef-b10d-e7c87230ec55,0956065f-f830-46ce-8db3-7c82b0df46c0
2fcf03eb-e116-4d6a-8ea1-d453c5df8d25,0d89cd97-9e1b-4cb3-89fc-6773540db9e8
f76915ce-4a3a-462e-ab7a-6516d98656d9,3b16b9a9-28b5-4421-a419-f2c0a580a622
18ca99c6-305d-429b-9cf1-3f921a014eae,3ede1470-2ccd-442a-9411-0f2f431639e4
18ca99c6-305d-429b-9cf1-3f921a014eae,41d62f31-a92e-4ff2-9981-41f3cf46ebeb
18ca99c6-305d-429b-9cf1-3f921a014eae,d89699f6-85db-4def-8de6-14cb07eb2c43
86f66986-6350-4ffe-8504-3243cfb6bff5,6ca59447-c208-40e3-ab57-7edb01549cbf
29425649-8aec-4fb3-98d6-08d2f45ebf9c,992ae373-a9bc-4ae6-9d74-7082cf0a4c12
29425649-8aec-4fb3-98d6-08d2f45ebf9c,ae92de86-1329-4de8-bbcc-f478e9f8628b
8fdbb8c3-43fa-4204-acb8-33848b2cd029,6ca59447-c208-40e3-ab57-7edb01549cbf
4d738b62-a1c7-4c7f-ab44-3e4816349c59,992ae373-a9bc-4ae6-9d74-7082cf0a4c12
4d738b62-a1c7-4c7f-ab44-3e4816349c59,eddb9f19-4025-4f9a-8d44-a9bf94cb562e
4d738b62-a1c7-4c7f-ab44-3e4816349c59,72f27659-ea6c-40a3-9f2d-dfe7d82c853b
3f16c698-997b-4daa-9b03-f4399c00c5a8,6ca59447-c208-40e3-ab57-7edb01549cbf
5188be40-0621-4ca0-a7da-36a3752e75d2,6ff9e82a-0eff-4a28-b5c4-68f943508bf2
5188be40-0621-4ca0-a7da-36a3752e75d2,992ae373-a9bc-4ae6-9d74-7082cf0a4c12
2ffa8bdf-1b78-4bc6-9dcb-e00aec363d55,bd521a9e-13b6-4c06-bac1-bc263ff9a172
9c5cf3e5-f60e-4856-ba7d-0ede19e2a755,7a8e0e9d-28f2-40d7-8696-9db0a75a628d
60f970e2-08cb-4434-a9ff-04b7490f53dd,abc6c08b-0d8b-4b68-9a5e-18e8122308ca
39e6eda9-01f8-45a7-a2fe-0e181174dcb1,992ae373-a9bc-4ae6-9d74-7082cf0a4c12
39e6eda9-01f8-45a7-a2fe-0e181174dcb1,eddb9f19-4025-4f9a-8d44-a9bf94cb562e
39e6eda9-01f8-45a7-a2fe-0e181174dcb1,1f33d527-6045-4358-afd9-602ae8644b43
68394111-515a-4786-b277-5ece362abdfa,6ca59447-c208-40e3-ab57-7edb01549cbf
8ed2f9eb-c282-47ba-84ce-5e345aecef1a,571bec87-75f4-4fbd-bda4-05d7e7c4546b
8ed2f9eb-c282-47ba-84ce-5e345aecef1a,3ede1470-2ccd-442a-9411-0f2f431639e4
8ed2f9eb-c282-47ba-84ce-5e345aecef1a,d89699f6-85db-4def-8de6-14cb07eb2c43
c05909ce-f695-4bc4-8d9e-248b87770928,719913bd-dde4-4607-86ee-4f918d35794f
a4bb07af-8ba0-4d69-bfc1-cf24f4c8e776,f137d46d-5bac-404d-bfc9-d9fb8fc8a734
a4bb07af-8ba0-4d69-bfc1-cf24f4c8e776,d89699f6-85db-4def-8de6-14cb07eb2c43
a4bb07af-8ba0-4d69-bfc1-cf24f4c8e776,72f27659-ea6c-40a3-9f2d-dfe7d82c853b
99fce43c-683c-40c8-8ffd-b29a62b394ea,07ca7e6e-9e19-4657-8a03-f8c68d078a6e
becf9161-c436-4164-8c4a-d1ea6994b7f5,50d749ed-12a3-48bb-88a9-ac8403bdc400
153f2d01-a2c4-455b-8c8a-9e3ad593fa2b,33f12961-e353-4d14-a7bc-4f20ffad7f00
51c2ea15-c28a-43d5-a3f0-c209e63c163a,6bdd587c-344f-4fb7-b1c6-d48b8b15a2d1
8bbd9acd-07c8-4a88-abf8-8cb9f7f1a7fb,8d82500d-abce-4859-889f-991e369704e8
e7fd7986-b9da-401d-8fd5-cd54e7ee7c8e,dca26f5a-6485-43d1-9b87-82b066477f04
f3fbe1a0-64cb-420c-a74b-0c5951ef6c96,91f5ef84-d09b-4a54-a729-b6abe973e128
38274a03-8eea-4cf5-a227-8c72cdac00e7,8d82500d-abce-4859-889f-991e369704e8
556ae931-b6a3-4141-b4b6-01c690ed5b7b,992ae373-a9bc-4ae6-9d74-7082cf0a4c12
556ae931-b6a3-4141-b4b6-01c690ed5b7b,a558c676-742a-40c3-ab74-60a0f34d0c43
556ae931-b6a3-4141-b4b6-01c690ed5b7b,eddb9f19-4025-4f9a-8d44-a9bf94cb562e
e5b35501-26aa-43e0-8fb7-cf9388b309fe,fe5f9116-b18a-42bb-bead-1f0a20aae294
921a367a-f357-4b19-affb-caf4d421c255,ff41c6fa-d1d3-461e-bc14-61438d2fe7d4
ad16b8a8-89cd-43b5-b180-0adc2354a0b3,4519ffb7-82ab-4f7a-b4b6-5fab503a5663
cc7bbf5c-933f-4e11-9fa6-e25a1b299827,1f33d527-6045-4358-afd9-602ae8644b43
cc7bbf5c-933f-4e11-9fa6-e25a1b299827,eddb9f19-4025-4f9a-8d44-a9bf94cb562e
4b117c8f-dea0-4827-948f-121f9607a454,bf26bafb-f799-4174-bac0-40338f3e8851
a6c9ac07-8908-4b0f-9948-e445f2f3132a,a1edce4a-f996-4933-88a9-fa36cb210a5e
712d213e-fa85-4f5d-9af4-9a80a05ad36e,9e87af73-6ec7-473e-86b9-93fc8311efba
712d213e-fa85-4f5d-9af4-9a80a05ad36e,1f33d527-6045-4358-afd9-602ae8644b43
c88b37a8-4a0a-4332-8b02-9832104a7e3f,3b16b9a9-28b5-4421-a419-f2c0a580a622
a7f87318-b970-489d-afb0-474f1dfcc1e7,5fc091c1-fa87-45b5-878f-8deb38c39f5e
8d1b9cbf-561e-4672-952a-e5de4cb3fc19,992ae373-a9bc-4ae6-9d74-7082cf0a4c12
c46298db-50ae-4fea-915a-14339cf8f183,5fc091c1-fa87-45b5-878f-8deb38c39f5e
7c81ac00-efb1-45a9-ae1c-12e18f4810a8,e1f048ba-5b3e-4c91-9caf-28dca91525cf
51c1663d-8e3f-4b83-a465-3c93cd822b6b,c0e1ac3f-43d4-49ec-a5c7-e4b40b200a57
0fa6b462-22cc-4c4f-9109-837dff674cdf,28408059-9560-428c-be43-378a604ac3e8
0b3cad31-96c0-4f87-9044-6c311983a8fe,1f33d527-6045-4358-afd9-602ae8644b43
0b3cad31-96c0-4f87-9044-6c311983a8fe,f4053f71-94b5-40b2-92bd-fb588127fe38
4e418af1-d53c-444a-89ae-a3f5f570328e,20bc1485-d0c4-4b2b-b0b4-c282c203431a
15bf2677-a599-46ee-ac3b-17d45393e0c3,386c578b-2a53-4c3a-b910-a980fb1773c0
59005405-144f-4524-a8c6-a2c969d8c740,6ca59447-c208-40e3-ab57-7edb01549cbf
fb9c5782-e047-4ce7-807c-157f1142e598,992ae373-a9bc-4ae6-9d74-7082cf0a4c12
fb9c5782-e047-4ce7-807c-157f1142e598,ae92de86-1329-4de8-bbcc-f478e9f8628b
5cbd61a7-3bc6-4c15-aa9a-ceef060febef,992ae373-a9bc-4ae6-9d74-7082cf0a4c12
5cbd61a7-3bc6-4c15-aa9a-ceef060febef,eddb9f19-4025-4f9a-8d44-a9bf94cb562e
5cbd61a7-3bc6-4c15-aa9a-ceef060febef,1f33d527-6045-4358-afd9-602ae8644b43
0d56219c-a4c5-438a-b073-2563ee09346d,bf26bafb-f799-4174-bac0-40338f3e8851
27822f3e-2a08-4a9f-9200-210310d99400,a1edce4a-f996-4933-88a9-fa36cb210a5e
5159a024-49a1-4bca-8aef-d28584b162b0,1f33d527-6045-4358-afd9-602ae8644b43
970f6bae-0906-4fe8-b3c5-42923704c33d,3b16b9a9-28b5-4421-a419-f2c0a580a622
4cc9c4d6-6195-476c-8974-168833a3e737,c28dbac1-24bb-4e49-8ccc-6360d439be7d
fee34c9e-37bc-4681-8430-23413aac6ddf,1fad2edd-83ee-4028-b2a6-4664d26552cd
26cf7983-9781-435b-b025-bb4af42e1e2e,d89699f6-85db-4def-8de6-14cb07eb2c43
26cf7983-9781-435b-b025-bb4af42e1e2e,6e7ec579-d5fc-41c8-82f1-649532a23cb4
89563196-b704-4fc4-867c-bbf963e7984d,6ca59447-c208-40e3-ab57-7edb01549cbf
258c7744-9417-49c1-a0ca-c753ae5c152a,0a2353ed-3482-4163-9ca4-46e6cf6ab717
258c7744-9417-49c1-a0ca-c753ae5c152a,992ae373-a9bc-4ae6-9d74-7082cf0a4c12
258c7744-9417-49c1-a0ca-c753ae5c152a,ae92de86-1329-4de8-bbcc-f478e9f8628b
258c7744-9417-49c1-a0ca-c753ae5c152a,eddb9f19-4025-4f9a-8d44-a9bf94cb562e
59ee7a57-cb2b-48a3-9c97-f41293fa9f93,0956065f-f830-46ce-8db3-7c82b0df46c0
152540e8-c8c3-4ee9-a09a-0db9fc3604d1,abc6c08b-0d8b-4b68-9a5e-18e8122308ca
68ba14a8-eba2-4af1-b163-d63738468ed4,5fc091c1-fa87-45b5-878f-8deb38c39f5e
d6af5478-60ce-45c2-ac40-390099527392,6e7ec579-d5fc-41c8-82f1-649532a23cb4
d6af5478-60ce-45c2-ac40-390099527392,d89699f6-85db-4def-8de6-14cb07eb2c43
61917988-701e-406d-955f-107620f21a33,6ca59447-c208-40e3-ab57-7edb01549cbf
76bf6e5e-b17d-4ca2-8b9e-868b85e07408,9d902a90-2e2d-4921-9d40-b5c18c6fe7ec
76bf6e5e-b17d-4ca2-8b9e-868b85e07408,ae92de86-1329-4de8-bbcc-f478e9f8628b
76bf6e5e-b17d-4ca2-8b9e-868b85e07408,6ff9e82a-0eff-4a28-b5c4-68f943508bf2
67259c71-9a2b-4a8f-8d00-6385814a17e9,af68b454-0781-4ba1-a037-4444038ef730
1558e86c-15e8-4093-9e14-051bb3b9d6d7,3b16b9a9-28b5-4421-a419-f2c0a580a622
ae2baeb6-605c-430d-b4a7-2815f3e37cf9,eddb9f19-4025-4f9a-8d44-a9bf94cb562e
6e08da2f-c799-4266-a63e-16c284173fa5,6ca59447-c208-40e3-ab57-7edb01549cbf
ce8908cd-bba9-4a79-9c0a-ac7cc8741568,992ae373-a9bc-4ae6-9d74-7082cf0a4c12
ce8908cd-bba9-4a79-9c0a-ac7cc8741568,9f6d5b2b-ac1c-4cc3-a7d1-7cedf98b7563
ce8908cd-bba9-4a79-9c0a-ac7cc8741568,6ff9e82a-0eff-4a28-b5c4-68f943508bf2
5f37a41f-4b99-4473-882b-cfa48d53c35f,6ca59447-c208-40e3-ab57-7edb01549cbf
521aa474-6129-4845-8267-fe2b57b28212,fc1941db-1098-4bd5-a9c7-d9fe8b94172d
521aa474-6129-4845-8267-fe2b57b28212,992ae373-a9bc-4ae6-9d74-7082cf0a4c12
521aa474-6129-4845-8267-fe2b57b28212,ae92de86-1329-4de8-bbcc-f478e9f8628b
521aa474-6129-4845-8267-fe2b57b28212,6ff9e82a-0eff-4a28-b5c4-68f943508bf2
224ec9ee-ba39-4914-803a-ae2dac2ec741,6ca59447-c208-40e3-ab57-7edb01549cbf
37bbd608-6a59-4989-b57b-5e06d5d5000b,9e87af73-6ec7-473e-86b9-93fc8311efba
37bbd608-6a59-4989-b57b-5e06d5d5000b,c4cb37e8-fe1c-4d2b-b0b5-f04a69925d8f
0eaac0d6-bb2d-4c6b-b9fc-144be9f3f958,0d262eed-551e-45d0-983c-bca05eabe980
89d303e9-5adc-4154-a485-2d97cf3f8519,02257903-92fa-4ef4-8ba7-12758b989472
6db44a86-4c61-440b-8732-df545b0f4b52,6e7ec579-d5fc-41c8-82f1-649532a23cb4
d9646dcf-e7c2-4b90-aafd-87fa977950bd,8d82500d-abce-4859-889f-991e369704e8
3db1fba2-f2e3-4f2b-836d-7627c8d564fb,081dce13-ebde-49f5-95d1-a2de759b8a41
a39fc840-60cb-49f1-ab15-d84c00ed7087,ed75086e-ad87-42df-b512-6dba1ac50161
0f911166-ea72-43b1-aee7-62c8771d0220,eddb9f19-4025-4f9a-8d44-a9bf94cb562e
0f911166-ea72-43b1-aee7-62c8771d0220,402d7328-f91d-488a-ad1c-53ecfd349095
0f911166-ea72-43b1-aee7-62c8771d0220,6ff9e82a-0eff-4a28-b5c4-68f943508bf2
2eb001cb-a7e3-4442-95a7-69c204de0967,6ca59447-c208-40e3-ab57-7edb01549cbf
56aa0b4f-895b-4804-b4bc-ecd46327317b,9d902a90-2e2d-4921-9d40-b5c18c6fe7ec
56aa0b4f-895b-4804-b4bc-ecd46327317b,992ae373-a9bc-4ae6-9d74-7082cf0a4c12
8c734ad7-c46d-4184-b1a2-914317fad545,6ca59447-c208-40e3-ab57-7edb01549cbf
d5625122-10ea-451d-ab26-4cfbe304c0cf,992ae373-a9bc-4ae6-9d74-7082cf0a4c12
d5625122-10ea-451d-ab26-4cfbe304c0cf,6ff9e82a-0eff-4a28-b5c4-68f943508bf2
3339b203-6eb0-40a5-84cb-281f11407a18,6ca59447-c208-40e3-ab57-7edb01549cbf
e0dbb12e-ee84-4258-a586-a64a56351515,efde0ce9-21df-44b4-ba54-c6d738ec2e64
e0dbb12e-ee84-4258-a586-a64a56351515,d8552976-9336-4818-a952-a6ada26a3006
e0dbb12e-ee84-4258-a586-a64a56351515,fc1941db-1098-4bd5-a9c7-d9fe8b94172d
9fa60de9-77ba-49c9-b6d3-5af813302477,b1938d90-e95c-4a12-87a3-4e4e3b8b4658
8bc57d4a-8d1a-42a1-8385-f9f58deaedb3,dca26f5a-6485-43d1-9b87-82b066477f04
149d86e0-e955-48e1-86ae-918ed96fc569,386c578b-2a53-4c3a-b910-a980fb1773c0
7aa8935e-8f3b-41bb-b836-54585f5135e4,1fa3719f-7f49-43d3-9416-c38e10968ac8
7aa8935e-8f3b-41bb-b836-54585f5135e4,1f33d527-6045-4358-afd9-602ae8644b43
7aa8935e-8f3b-41bb-b836-54585f5135e4,ae92de86-1329-4de8-bbcc-f478e9f8628b
864297b2-ea58-454b-8358-f5d05bb5f807,12e1702a-7623-4b11-a224-44601b67328c
4c2b1018-566d-4dbd-9230-63f278d7114b,6ca59447-c208-40e3-ab57-7edb01549cbf
8468539d-532b-4857-b377-814f0574f9d5,9e87af73-6ec7-473e-86b9-93fc8311efba
1457224f-a110-4623-b3d9-dac3d3c63f2b,5fc091c1-fa87-45b5-878f-8deb38c39f5e
04b66119-eaa6-4ced-bb23-e58a02397948,992ae373-a9bc-4ae6-9d74-7082cf0a4c12
04b66119-eaa6-4ced-bb23-e58a02397948,5115a7f4-c481-4f49-bf54-506badb69a95
b0f0b7d2-59a5-4b66-a9bb-3e6d763bda9e,5fc091c1-fa87-45b5-878f-8deb38c39f5e
c1cab622-c064-4ff4-9265-93b357f410cd,e1f048ba-5b3e-4c91-9caf-28dca91525cf
1e38489e-e4bc-4a3a-ad46-21a989c8453f,6ca59447-c208-40e3-ab57-7edb01549cbf
71b99d9c-bda4-4650-94bf-29535a9e3ab8,6ff9e82a-0eff-4a28-b5c4-68f943508bf2
71b99d9c-bda4-4650-94bf-29535a9e3ab8,eddb9f19-4025-4f9a-8d44-a9bf94cb562e
71b99d9c-bda4-4650-94bf-29535a9e3ab8,fc1941db-1098-4bd5-a9c7-d9fe8b94172d
d552650a-3b1f-44bc-a403-29f59dd6fcb9,6ca59447-c208-40e3-ab57-7edb01549cbf
5e319444-d807-488e-b11e-753516e88804,992ae373-a9bc-4ae6-9d74-7082cf0a4c12
e52c45b4-db67-4c66-bc67-ce5def0d159a,af68b454-0781-4ba1-a037-4444038ef730
6250aa65-409c-4afe-b00e-bc44c480edda,3b16b9a9-28b5-4421-a419-f2c0a580a622
7fb3f8c8-e274-484b-92b8-9ea536f0d23d,8e47f6b9-4a44-4ce0-98bf-f3e7356fa1d2
64d64edf-c4af-458a-8ac6-249f4bd77796,b4f75e2e-aded-4dd2-8b9c-740be0e9164d
a70ed3f0-4bcb-40e5-87e4-3d330f2309ff,992ae373-a9bc-4ae6-9d74-7082cf0a4c12
a70ed3f0-4bcb-40e5-87e4-3d330f2309ff,1f33d527-6045-4358-afd9-602ae8644b43
389c6c63-a485-4609-a49d-ba8a37410e81,6ca59447-c208-40e3-ab57-7edb01549cbf
ffd2e179-733f-45d4-b204-7bf3b5b372c1,992ae373-a9bc-4ae6-9d74-7082cf0a4c12
ffd2e179-733f-45d4-b204-7bf3b5b372c1,fc1941db-1098-4bd5-a9c7-d9fe8b94172d
ffd2e179-733f-45d4-b204-7bf3b5b372c1,064e5945-259b-41b9-8d45-ac3fad89f5ff
e5b7b704-5e82-4eb1-a3a2-7459831cd87c,6ff9e82a-0eff-4a28-b5c4-68f943508bf2
e5b7b704-5e82-4eb1-a3a2-7459831cd87c,fc1941db-1098-4bd5-a9c7-d9fe8b94172d
6ed4eb73-281a-454e-a0fd-509af255ee7b,6ca59447-c208-40e3-ab57-7edb01549cbf
a690db2e-6eed-483c-bb14-03616a74c7a5,fe5f9116-b18a-42bb-bead-1f0a20aae294
a941da06-9bdc-4faa-8b46-acb266005cad,636ec317-4c7e-4140-949e-b81cdece4be4
d2690e94-fd5e-4098-a384-7751bfe63783,386c578b-2a53-4c3a-b910-a980fb1773c0
fe9608d1-2a89-410f-be64-bfc235ac6c07,9e87af73-6ec7-473e-86b9-93fc8311efba
fe9608d1-2a89-410f-be64-bfc235ac6c07,eddb9f19-4025-4f9a-8d44-a9bf94cb562e
43e35aa8-e9c4-4122-a214-0e83f0a0e7d2,d89699f6-85db-4def-8de6-14cb07eb2c43
43e35aa8-e9c4-4122-a214-0e83f0a0e7d2,0a2353ed-3482-4163-9ca4-46e6cf6ab717
37b9d8b3-45a7-4c03-9733-2c45eba6d688,6ca59447-c208-40e3-ab57-7edb01549cbf
951beeb4-7e08-4b96-a36b-4a1a21aa0eb6,6e7ec579-d5fc-41c8-82f1-649532a23cb4
951beeb4-7e08-4b96-a36b-4a1a21aa0eb6,9d902a90-2e2d-4921-9d40-b5c18c6fe7ec
3a26eaca-ecf8-46d9-be56-b23ca45384ed,6ca59447-c208-40e3-ab57-7edb01549cbf
c1618462-20e5-4601-aba6-33e8c69fcb58,6ca59447-c208-40e3-ab57-7edb01549cbf
89e9664b-b273-43ec-a5ec-6f4e091ff6cb,1f33d527-6045-4358-afd9-602ae8644b43
6049363d-67f7-40db-90ab-8e8d9ca22d81,992ae373-a9bc-4ae6-9d74-7082cf0a4c12
6049363d-67f7-40db-90ab-8e8d9ca22d81,eddb9f19-4025-4f9a-8d44-a9bf94cb562e
6049363d-67f7-40db-90ab-8e8d9ca22d81,72f27659-ea6c-40a3-9f2d-dfe7d82c853b
6049363d-67f7-40db-90ab-8e8d9ca22d81,0a2353ed-3482-4163-9ca4-46e6cf6ab717
25eff632-3867-4471-999e-610a80a0e8fe,b5489408-529d-4ff3-bc71-57bc4e093158
0cfc9e8d-3844-46d6-af44-7be03395a81f,abc6c08b-0d8b-4b68-9a5e-18e8122308ca
357908e9-bf2f-4c0a-bdae-439a34e185b7,d89699f6-85db-4def-8de6-14cb07eb2c43
357908e9-bf2f-4c0a-bdae-439a34e185b7,6e7ec579-d5fc-41c8-82f1-649532a23cb4
2804099f-a2ab-4374-bb43-4247703ce37c,6bdd587c-344f-4fb7-b1c6-d48b8b15a2d1
41d4aa03-68f5-424d-83e2-34424bef5bc7,992ae373-a9bc-4ae6-9d74-7082cf0a4c12
41d4aa03-68f5-424d-83e2-34424bef5bc7,9f6d5b2b-ac1c-4cc3-a7d1-7cedf98b7563
41d4aa03-68f5-424d-83e2-34424bef5bc7,6ff9e82a-0eff-4a28-b5c4-68f943508bf2
aac9041d-3760-4331-97f5-5dd6991ebeae,6ca59447-c208-40e3-ab57-7edb01549cbf
cc50556c-2eb7-4227-8c47-d9b9c8ad0c45,6ca59447-c208-40e3-ab57-7edb01549cbf
43f03230-636e-42fe-b9db-fcc5a4999aaf,992ae373-a9bc-4ae6-9d74-7082cf0a4c12
c6ba2ed3-618a-4280-b4de-72f4d54ab2cf,6ca59447-c208-40e3-ab57-7edb01549cbf
f9729bea-e683-45fd-8b24-e66266043073,992ae373-a9bc-4ae6-9d74-7082cf0a4c12
f9729bea-e683-45fd-8b24-e66266043073,0a2353ed-3482-4163-9ca4-46e6cf6ab717
3d7afda4-c160-4e4e-abe7-a0a102a18b93,d1c30f65-d081-40cd-91e8-193b4c51182a
ae9fb1ae-1912-4d99-be4c-ed1b01cf44e1,1bcd244a-c2a5-4a4e-8572-b7459305a8b1
b7aa6b0c-7c0b-46c5-b4b2-63bc22701be7,a1edce4a-f996-4933-88a9-fa36cb210a5e
3d0ae3e4-ce5c-462c-b052-bc3b5c7f2dee,1f33d527-6045-4358-afd9-602ae8644b43
d7fbb511-de58-4204-bdbd-57f02146ab7c,e5c050af-918f-4377-8516-d61383dd7eeb
417dca60-c049-4a8a-89e9-b94bfea7bd33,cde9a632-6add-43ce-8de9-84ce69637125
f73c83d3-4660-445d-9c9c-8508fe03097d,5fc091c1-fa87-45b5-878f-8deb38c39f5e
991c91e9-9575-4893-8777-dea3b4dc1c08,6e7ec579-d5fc-41c8-82f1-649532a23cb4
d9b9376f-0a3b-49c8-afce-fc1fd0a854ff,6ca59447-c208-40e3-ab57-7edb01549cbf
60988995-5cbf-4ba1-8e85-d017237a32d8,eddb9f19-4025-4f9a-8d44-a9bf94cb562e
0b9bc4c0-3273-44a9-bd64-429923f661cb,ae92de86-1329-4de8-bbcc-f478e9f8628b
0b9bc4c0-3273-44a9-bd64-429923f661cb,992ae373-a9bc-4ae6-9d74-7082cf0a4c12
4dce2c92-8b43-4e61-ac93-b27a94d9b5bf,6ca59447-c208-40e3-ab57-7edb01549cbf
2381158f-4644-4959-8609-be0fb413f2cf,a1edce4a-f996-4933-88a9-fa36cb210a5e
9bfb80ab-a618-4463-b02a-75fd45f428af,386c578b-2a53-4c3a-b910-a980fb1773c0
6c76ef14-8150-4078-be09-19930740180b,386c578b-2a53-4c3a-b910-a980fb1773c0
c6f8bc14-4a13-4158-bc90-6442c9b20e74,6e7ec579-d5fc-41c8-82f1-649532a23cb4
c8b45df9-0a73-4fb8-897b-007ed44ee918,fe5f9116-b18a-42bb-bead-1f0a20aae294
029d8424-5cef-4b06-9aff-74c80e25cd42,6ca59447-c208-40e3-ab57-7edb01549cbf
37f81fce-d8a6-4b7a-af06-a87c25e6f2ae,efde0ce9-21df-44b4-ba54-c6d738ec2e64
37f81fce-d8a6-4b7a-af06-a87c25e6f2ae,d8552976-9336-4818-a952-a6ada26a3006
37f81fce-d8a6-4b7a-af06-a87c25e6f2ae,b47cb9fd-b9c9-4d77-916d-93ed0c1a1879
13a3722d-1cfa-41e4-97b7-206a7b87f5d9,fdcf52f4-837d-4eb2-8b19-a40395d6034f
968d2df5-70a8-4689-9ae7-2794a83ef26c,636ec317-4c7e-4140-949e-b81cdece4be4
73299f91-62e2-4ef1-a6c9-470684a30e96,69b294ca-7d15-4303-9762-216ec08f824e
bac8c66b-3c0d-4c0d-b44b-a83f19e8dbb2,aef4dfc9-2813-4a22-a2e2-92b10b9e7d01
d4f2ef65-1dff-42c1-a840-fe31da0612bd,6ca59447-c208-40e3-ab57-7edb01549cbf
ea3da4e7-5cd4-4d1e-a7c2-72258a1dab06,d89699f6-85db-4def-8de6-14cb07eb2c43
aa50b5db-a5dd-409a-9276-b861c954afd3,6ca59447-c208-40e3-ab57-7edb01549cbf
666d1d97-a0c0-4158-a75c-5887072dd2bd,c4cb37e8-fe1c-4d2b-b0b5-f04a69925d8f
666d1d97-a0c0-4158-a75c-5887072dd2bd,69b294ca-7d15-4303-9762-216ec08f824e
6646ced4-9a6f-451e-8052-4488ba72dee8,12e1702a-7623-4b11-a224-44601b67328c
d4490461-5ad7-4145-bbd8-d8ebcd9049ec,03361f27-53e9-4b05-8323-5824a02f071a
f9477e08-8159-42c1-8252-e21461eee164,992ae373-a9bc-4ae6-9d74-7082cf0a4c12
f9477e08-8159-42c1-8252-e21461eee164,eddb9f19-4025-4f9a-8d44-a9bf94cb562e
7a369daa-bed4-41e3-b3ed-b5351d6c2dbe,6ca59447-c208-40e3-ab57-7edb01549cbf
03c4a8ec-8567-4cdf-8f39-16a71dc6c1ba,992ae373-a9bc-4ae6-9d74-7082cf0a4c12
03c4a8ec-8567-4cdf-8f39-16a71dc6c1ba,8ccdb142-81ed-489d-94a0-4041bd04a46e
5d0da167-69d8-4574-b6d9-ec24aa60be3e,fe5f9116-b18a-42bb-bead-1f0a20aae294
4eb10af0-c5f9-42a8-a22d-5d32e237c1cd,ed75086e-ad87-42df-b512-6dba1ac50161
5189ed82-5267-4dff-92db-2c6c722610bb,d89699f6-85db-4def-8de6-14cb07eb2c43
5189ed82-5267-4dff-92db-2c6c722610bb,1f33d527-6045-4358-afd9-602ae8644b43
5189ed82-5267-4dff-92db-2c6c722610bb,f4053f71-94b5-40b2-92bd-fb588127fe38
4e3754e6-2f97-414c-ac83-350303d3271d,3b16b9a9-28b5-4421-a419-f2c0a580a622
46845455-d1f2-4817-9f14-46dfda85ebdc,6ca59447-c208-40e3-ab57-7edb01549cbf
87916cab-54da-414a-a183-8abc8f1c6756,d8552976-9336-4818-a952-a6ada26a3006
7f0778a0-797e-49e2-aac1-fb563cf765c8,6ca59447-c208-40e3-ab57-7edb01549cbf
16a20fae-1ed4-4135-a1d7-699bf4f53087,992ae373-a9bc-4ae6-9d74-7082cf0a4c12
16a20fae-1ed4-4135-a1d7-699bf4f53087,9f6d5b2b-ac1c-4cc3-a7d1-7cedf98b7563
16a20fae-1ed4-4135-a1d7-699bf4f53087,ae92de86-1329-4de8-bbcc-f478e9f8628b
71e6d0d6-dc1d-42e9-b50b-7f75f37a845b,6ca59447-c208-40e3-ab57-7edb01549cbf
442dd8b6-40d3-4769-8d09-7949d9aadf24,d8552976-9336-4818-a952-a6ada26a3006
24b706d4-b2b5-4f0c-9cae-890104b54683,0d262eed-551e-45d0-983c-bca05eabe980
0ec7164c-43a2-48a7-9f23-ed676a38ac41,abc6c08b-0d8b-4b68-9a5e-18e8122308ca
7bd20871-c9e6-4082-8178-749053bab62b,386c578b-2a53-4c3a-b910-a980fb1773c0
1baf7514-5817-40cd-bf9d-63a0bbbfd679,a558c676-742a-40c3-ab74-60a0f34d0c43
1baf7514-5817-40cd-bf9d-63a0bbbfd679,eddb9f19-4025-4f9a-8d44-a9bf94cb562e
a229a390-76e6-48e8-a035-bb26e6ae45db,af68b454-0781-4ba1-a037-4444038ef730
baac7d45-3e1f-44c6-8eea-7912ccd935f8,3b16b9a9-28b5-4421-a419-f2c0a580a622
c758ba3f-14dc-48f3-aaff-aa0b98506b97,992ae373-a9bc-4ae6-9d74-7082cf0a4c12
c758ba3f-14dc-48f3-aaff-aa0b98506b97,41d62f31-a92e-4ff2-9981-41f3cf46ebeb
5e67bf4f-80e8-434f-9536-48b4497a9d91,6ca59447-c208-40e3-ab57-7edb01549cbf
f3c129da-b2a9-4c00-aa01-b196242c1474,992ae373-a9bc-4ae6-9d74-7082cf0a4c12
f3c129da-b2a9-4c00-aa01-b196242c1474,fc1941db-1098-4bd5-a9c7-d9fe8b94172d
f3c129da-b2a9-4c00-aa01-b196242c1474,eddb9f19-4025-4f9a-8d44-a9bf94cb562e
60988995-5cbf-4ba1-8e85-d017237a32d8,6ff9e82a-0eff-4a28-b5c4-68f943508bf2
5b4dc498-a5ed-4d98-a7f7-9418af6e3ecc,6ca59447-c208-40e3-ab57-7edb01549cbf
ba3feadf-6b17-4fc0-aad2-47255eb27709,eddb9f19-4025-4f9a-8d44-a9bf94cb562e
ba3feadf-6b17-4fc0-aad2-47255eb27709,992ae373-a9bc-4ae6-9d74-7082cf0a4c12
ba3feadf-6b17-4fc0-aad2-47255eb27709,fe8e1adf-281b-493b-a6ec-1b86629a19d7
410c29b0-4097-4d9a-9d4b-0a1904e8dd74,21d8739d-25f6-48b7-a909-14d59848db24
587e1d06-09f1-484e-9a05-db908de3ae95,ff41c6fa-d1d3-461e-bc14-61438d2fe7d4
b5271c97-e793-44b6-b5d2-661600316947,992ae373-a9bc-4ae6-9d74-7082cf0a4c12
ca0f3bd4-30f6-4331-b82c-3ffd2095aedf,d1c30f65-d081-40cd-91e8-193b4c51182a
e5929c38-882d-4243-9f41-c77386a1a8ab,7a8e0e9d-28f2-40d7-8696-9db0a75a628d
da08d8c9-06b4-4b7a-8fec-57a1a0adb45a,6ca59447-c208-40e3-ab57-7edb01549cbf
93ca22bb-0cd1-4b6a-a763-1d67ddbf2e46,6ff9e82a-0eff-4a28-b5c4-68f943508bf2
93ca22bb-0cd1-4b6a-a763-1d67ddbf2e46,9f6d5b2b-ac1c-4cc3-a7d1-7cedf98b7563
9ac20b98-c029-4750-b548-4d07bc1e196c,7a8e0e9d-28f2-40d7-8696-9db0a75a628d
37e37078-a43d-4b7b-ba4c-07df2f530485,21d8739d-25f6-48b7-a909-14d59848db24
60de4a07-e46a-4242-a95e-52035bcb08c7,ff41c6fa-d1d3-461e-bc14-61438d2fe7d4
c48fd151-48af-420d-8725-c8f137e57d9d,992ae373-a9bc-4ae6-9d74-7082cf0a4c12
c48fd151-48af-420d-8725-c8f137e57d9d,1f33d527-6045-4358-afd9-602ae8644b43
089e5c53-f564-4d19-b38c-44302d8e6b24,d1c30f65-d081-40cd-91e8-193b4c51182a
073863ee-908c-462f-b615-abd564c05f85,ae92de86-1329-4de8-bbcc-f478e9f8628b
073863ee-908c-462f-b615-abd564c05f85,6ff9e82a-0eff-4a28-b5c4-68f943508bf2
25017829-3e32-416a-a82f-f281685a34e0,6ca59447-c208-40e3-ab57-7edb01549cbf
9c6f136d-a36b-43e4-aab2-d5438381dcc7,6ca59447-c208-40e3-ab57-7edb01549cbf
10dd341c-5f04-48f3-87a1-5743ac445392,992ae373-a9bc-4ae6-9d74-7082cf0a4c12
10dd341c-5f04-48f3-87a1-5743ac445392,eddb9f19-4025-4f9a-8d44-a9bf94cb562e
10dd341c-5f04-48f3-87a1-5743ac445392,f137d46d-5bac-404d-bfc9-d9fb8fc8a734
3216a42a-b9bf-4457-afb3-03407c685de0,6ca59447-c208-40e3-ab57-7edb01549cbf
ce86d69d-4eb8-4336-8ce7-6c35804c5035,0663a94d-7fc1-4427-9cdd-86e299c0fe86
634e4982-940e-444d-b23a-5e18c7635f23,ec2041c0-abc0-43e0-b203-b9c87571eacb
4956a317-85ad-4793-b0d2-245f0c551d5d,9297f5e2-06f8-43dc-9765-87beb4350755
94b1ea7e-cdc7-47dc-a120-4d8a83e3ae9f,d89699f6-85db-4def-8de6-14cb07eb2c43
94b1ea7e-cdc7-47dc-a120-4d8a83e3ae9f,a02e22cb-d235-4e41-99c0-73d63c06157e
94b1ea7e-cdc7-47dc-a120-4d8a83e3ae9f,1f33d527-6045-4358-afd9-602ae8644b43
94b1ea7e-cdc7-47dc-a120-4d8a83e3ae9f,b47cb9fd-b9c9-4d77-916d-93ed0c1a1879
719457a7-eb99-4014-b981-63c37ce1d700,8d82500d-abce-4859-889f-991e369704e8
76a7a22f-98da-46c7-aee0-a38896ce2073,6ca59447-c208-40e3-ab57-7edb01549cbf
2d13fce1-d2d6-4a72-a849-2eeeab5d2e32,eddb9f19-4025-4f9a-8d44-a9bf94cb562e
2d13fce1-d2d6-4a72-a849-2eeeab5d2e32,6ff9e82a-0eff-4a28-b5c4-68f943508bf2
6e67ae77-c0a1-484d-8cf4-b5f15da17cc4,b5489408-529d-4ff3-bc71-57bc4e093158
9fba86d5-b275-4826-86f9-0a4a014dae1f,33f12961-e353-4d14-a7bc-4f20ffad7f00
260ab5ff-f431-4319-852a-06076addc6f7,386c578b-2a53-4c3a-b910-a980fb1773c0
32742525-87ae-4e13-adc4-0b8e616297fa,1f33d527-6045-4358-afd9-602ae8644b43
001c9e18-4dad-4c53-988f-d364c9737718,c1615e31-4a06-4e33-8d90-0d9273fbce91
771ba814-7345-4068-bcac-39c603b8c90f,8d82500d-abce-4859-889f-991e369704e8
87d9c0ca-e768-446d-af82-8195789e0296,f4053f71-94b5-40b2-92bd-fb588127fe38
87d9c0ca-e768-446d-af82-8195789e0296,1f33d527-6045-4358-afd9-602ae8644b43
094a19a7-1d43-486b-b3d9-0e91025d169c,0956065f-f830-46ce-8db3-7c82b0df46c0
6a8e0174-6cd7-495b-b621-dcbe26fb93b5,7a8e0e9d-28f2-40d7-8696-9db0a75a628d
6576a4ea-f412-4c09-9f77-1be9eedde284,eddb9f19-4025-4f9a-8d44-a9bf94cb562e
6576a4ea-f412-4c09-9f77-1be9eedde284,992ae373-a9bc-4ae6-9d74-7082cf0a4c12
6576a4ea-f412-4c09-9f77-1be9eedde284,1f33d527-6045-4358-afd9-602ae8644b43
c788c00c-3fde-4bbd-934e-7e58bd6347b3,6ff9e82a-0eff-4a28-b5c4-68f943508bf2
24dbbabc-c079-41f2-a0db-0b5988af975d,6ca59447-c208-40e3-ab57-7edb01549cbf
00711b01-d9b1-4a0f-ae86-39393759e2f1,6ca59447-c208-40e3-ab57-7edb01549cbf
e524daa0-9f77-4372-8b0c-2c6f32bbceed,eddb9f19-4025-4f9a-8d44-a9bf94cb562e
f8dcb9f0-ad93-4376-b506-cc365da09438,6ca59447-c208-40e3-ab57-7edb01549cbf
5100b113-a866-4a1d-8f64-2affe0ae5c14,fc1941db-1098-4bd5-a9c7-d9fe8b94172d
5100b113-a866-4a1d-8f64-2affe0ae5c14,ae92de86-1329-4de8-bbcc-f478e9f8628b
f0b9b565-45f3-487b-aa92-5b1427982983,6ca59447-c208-40e3-ab57-7edb01549cbf
18f114d3-86a9-4827-ba5d-cf83be2a62c1,d89699f6-85db-4def-8de6-14cb07eb2c43
06af205f-f7f8-4e72-9a51-f49a07ab6e2b,6ca59447-c208-40e3-ab57-7edb01549cbf
88eb49bf-6dc3-4655-8fdd-23b67a90180b,6ff9e82a-0eff-4a28-b5c4-68f943508bf2
88eb49bf-6dc3-4655-8fdd-23b67a90180b,9f6d5b2b-ac1c-4cc3-a7d1-7cedf98b7563
a95e83bb-50d0-4a68-8cae-47818713a0ea,fc1941db-1098-4bd5-a9c7-d9fe8b94172d
c3e9e554-53ae-427b-a297-dacbb027a93d,6ca59447-c208-40e3-ab57-7edb01549cbf
4a3b5049-f44b-4d8e-bd2f-fc82c2e7561b,fe8e1adf-281b-493b-a6ec-1b86629a19d7
4a3b5049-f44b-4d8e-bd2f-fc82c2e7561b,69b294ca-7d15-4303-9762-216ec08f824e
189fa657-395f-4a94-bf91-4dee9e54c5eb,6ca59447-c208-40e3-ab57-7edb01549cbf
2907d372-b25c-462f-bd85-b5a9aafe7745,4c9945e5-4487-40d3-ac4d-0f39caa452c4
95acd77c-9b78-426b-80f0-cb0aed0fda5c,c7e9d8ec-9ba5-4048-82e7-c3d2ff02eb9b
18d847a8-97cb-44f1-8ef9-f07b99e77d1e,d1c30f65-d081-40cd-91e8-193b4c51182a
adf8a70d-fe5a-4313-a62b-93135430b7b0,0a2353ed-3482-4163-9ca4-46e6cf6ab717
adf8a70d-fe5a-4313-a62b-93135430b7b0,fc1941db-1098-4bd5-a9c7-d9fe8b94172d
9ffc5bed-edab-49c1-be16-5cbeb07613c4,6bdd587c-344f-4fb7-b1c6-d48b8b15a2d1
7235a181-ea00-4c93-9e12-dacf9a26a382,992ae373-a9bc-4ae6-9d74-7082cf0a4c12
7235a181-ea00-4c93-9e12-dacf9a26a382,d89699f6-85db-4def-8de6-14cb07eb2c43
f8211356-a50b-4bba-86a3-3e458cc5b3e7,12e1702a-7623-4b11-a224-44601b67328c
0e6d6ed6-9e36-4944-9d0a-328b632fdd10,28408059-9560-428c-be43-378a604ac3e8
04fca804-f73a-41fe-a4b2-c84fb113e45c,6ca59447-c208-40e3-ab57-7edb01549cbf
0e51b266-3a61-46f7-bcad-185d877851ed,992ae373-a9bc-4ae6-9d74-7082cf0a4c12
0e51b266-3a61-46f7-bcad-185d877851ed,ae92de86-1329-4de8-bbcc-f478e9f8628b
0e51b266-3a61-46f7-bcad-185d877851ed,72f27659-ea6c-40a3-9f2d-dfe7d82c853b
0e51b266-3a61-46f7-bcad-185d877851ed,eddb9f19-4025-4f9a-8d44-a9bf94cb562e
5b4238e8-caa0-4d7a-b229-328b1d5fb82f,f5ae86d6-7b29-42fb-b3b0-3b474b2978f5
c8869546-9179-47d9-bf61-2448ed870b13,38fb6d40-46f1-4b8f-8b19-6769e6e92687
ca6e5909-bd50-4a5e-a7df-280d2551332f,5fc091c1-fa87-45b5-878f-8deb38c39f5e
cf347fad-e177-4f12-84e6-1e42f5962045,992ae373-a9bc-4ae6-9d74-7082cf0a4c12
188989b5-9f6c-417f-9a49-8956189e080d,6ca59447-c208-40e3-ab57-7edb01549cbf
4c5f0a93-c82d-4107-a03a-7b9f9bbb0c34,992ae373-a9bc-4ae6-9d74-7082cf0a4c12
4c5f0a93-c82d-4107-a03a-7b9f9bbb0c34,1f33d527-6045-4358-afd9-602ae8644b43
4c5f0a93-c82d-4107-a03a-7b9f9bbb0c34,8ccdb142-81ed-489d-94a0-4041bd04a46e
8dd74069-9a83-485c-9c37-35a15490e25d,8e47f6b9-4a44-4ce0-98bf-f3e7356fa1d2
46230ad3-fe8d-4db2-9d82-2b0a75d040fe,d1c30f65-d081-40cd-91e8-193b4c51182a
9b4bed3e-5f38-4ea9-ba85-776452f03b22,5fc091c1-fa87-45b5-878f-8deb38c39f5e
fc71a3cf-1afa-4d41-92a9-fa85f1d25834,1f33d527-6045-4358-afd9-602ae8644b43
fc71a3cf-1afa-4d41-92a9-fa85f1d25834,992ae373-a9bc-4ae6-9d74-7082cf0a4c12
27e4cc2c-b51c-44ad-bf79-1e010d77963c,7a8e0e9d-28f2-40d7-8696-9db0a75a628d
be474c79-52a4-4dcf-9b81-46d33519d632,6ccd09a6-df0b-427f-a639-7f3b30134426
c9323764-bd71-4786-8307-b50d11552727,636ec317-4c7e-4140-949e-b81cdece4be4
4c13e122-c574-4a2e-9680-22f387f80252,386c578b-2a53-4c3a-b910-a980fb1773c0
19c0d2f2-1893-4090-b648-448b3568a941,40193610-2542-4d28-a63f-078467cb7f0a
eaacea65-8af5-4a17-a6ad-8ab4924d7d7e,9e87af73-6ec7-473e-86b9-93fc8311efba
eaacea65-8af5-4a17-a6ad-8ab4924d7d7e,1f33d527-6045-4358-afd9-602ae8644b43
de75a19b-ff6e-4e2e-9134-6f35e2d2f56a,6ca59447-c208-40e3-ab57-7edb01549cbf
6daff30e-b0be-4d82-8a05-29d11ec0e41b,9d902a90-2e2d-4921-9d40-b5c18c6fe7ec
6daff30e-b0be-4d82-8a05-29d11ec0e41b,992ae373-a9bc-4ae6-9d74-7082cf0a4c12
f03f473f-ebc9-4213-b582-679bf82057b1,6ca59447-c208-40e3-ab57-7edb01549cbf
9f0244c3-87c5-46f8-b98e-4899e94424c1,992ae373-a9bc-4ae6-9d74-7082cf0a4c12
9f0244c3-87c5-46f8-b98e-4899e94424c1,fc1941db-1098-4bd5-a9c7-d9fe8b94172d
6603f78c-73e7-4264-9e61-92ec210a3566,e1f048ba-5b3e-4c91-9caf-28dca91525cf
9825893c-39b6-4b22-8438-d00de9892bf4,636ec317-4c7e-4140-949e-b81cdece4be4
7bbb09c9-026f-4751-80e0-7c97ed85dd41,9d902a90-2e2d-4921-9d40-b5c18c6fe7ec
08dc2926-1d49-47ff-adba-5dc5fabb81bd,c0616b1c-7741-4f55-9da3-7b115b34481c
ae853b9c-d6a1-4463-8e71-1950d4d340c4,1f33d527-6045-4358-afd9-602ae8644b43
ae853b9c-d6a1-4463-8e71-1950d4d340c4,992ae373-a9bc-4ae6-9d74-7082cf0a4c12
0b7bad12-d867-4a92-b555-4ec4a9aae865,c0616b1c-7741-4f55-9da3-7b115b34481c
87d56b1a-6e5b-4cb1-8b02-afe87f1e5a54,6ca59447-c208-40e3-ab57-7edb01549cbf
972a2c8e-f374-44e3-b0e1-c9d8891b384a,992ae373-a9bc-4ae6-9d74-7082cf0a4c12
972a2c8e-f374-44e3-b0e1-c9d8891b384a,6ff9e82a-0eff-4a28-b5c4-68f943508bf2
53bd3042-5cab-4b54-85bb-e81cf62af8cb,3d947f3c-fa03-4667-b09a-25a8f2db2adb
a3f9dbd4-2ed7-4347-88ca-08ae7357e159,6359b0bf-3af6-44e9-bf13-71c9fe0ead77
80c947b4-fc7b-4e31-a205-70e1d204223a,992ae373-a9bc-4ae6-9d74-7082cf0a4c12
80c947b4-fc7b-4e31-a205-70e1d204223a,1f33d527-6045-4358-afd9-602ae8644b43
656ea3dc-08ef-41de-9e93-5a89d804672a,c0616b1c-7741-4f55-9da3-7b115b34481c
8bd65a2c-c93b-42aa-b256-4f324e3e3ed5,40193610-2542-4d28-a63f-078467cb7f0a
732bdd9f-d5f0-424f-b383-6d70a0694ef8,5fc091c1-fa87-45b5-878f-8deb38c39f5e
331ea935-feb6-4891-9532-6ab2b24c3fd7,1f33d527-6045-4358-afd9-602ae8644b43
331ea935-feb6-4891-9532-6ab2b24c3fd7,eddb9f19-4025-4f9a-8d44-a9bf94cb562e
79b5aae5-7eba-4b8b-9a78-a7b6561aa7a7,6ca59447-c208-40e3-ab57-7edb01549cbf
28089758-fddc-44a7-a2b5-6801442d9490,992ae373-a9bc-4ae6-9d74-7082cf0a4c12
28089758-fddc-44a7-a2b5-6801442d9490,ae92de86-1329-4de8-bbcc-f478e9f8628b
f39a0b4e-a81f-4dc5-a17f-1430049a56ce,6ca59447-c208-40e3-ab57-7edb01549cbf
f1a7c240-b5de-4f14-92ac-7a4426adb7d4,fc1941db-1098-4bd5-a9c7-d9fe8b94172d
f1a7c240-b5de-4f14-92ac-7a4426adb7d4,992ae373-a9bc-4ae6-9d74-7082cf0a4c12
f1a7c240-b5de-4f14-92ac-7a4426adb7d4,ae92de86-1329-4de8-bbcc-f478e9f8628b
a4d05147-3d39-4dd8-8b0b-2e1328ce8020,0956065f-f830-46ce-8db3-7c82b0df46c0
fba709cf-a10e-4e24-a44b-402dc3bc1097,33f12961-e353-4d14-a7bc-4f20ffad7f00
6ce9b689-58cd-455b-b43e-3c9b6c648f69,41d62f31-a92e-4ff2-9981-41f3cf46ebeb
0c780b75-3ca4-4eaa-bd9c-f351eda36359,6bdd587c-344f-4fb7-b1c6-d48b8b15a2d1
fe3fa908-d6e0-4dfd-be62-e1aa2bf270a1,6ca59447-c208-40e3-ab57-7edb01549cbf
62b67283-2808-4ad6-879d-b5916c09edb2,69b294ca-7d15-4303-9762-216ec08f824e
62b67283-2808-4ad6-879d-b5916c09edb2,6ff9e82a-0eff-4a28-b5c4-68f943508bf2
21f5543c-685b-4c29-affd-4d3f2e163e86,6ca59447-c208-40e3-ab57-7edb01549cbf
e0048e7a-0dc6-40b9-a3e7-4d23c68b8cca,992ae373-a9bc-4ae6-9d74-7082cf0a4c12
e0048e7a-0dc6-40b9-a3e7-4d23c68b8cca,6ff9e82a-0eff-4a28-b5c4-68f943508bf2
bcd5f7c7-a55a-415c-be66-cdf77a59985b,6ca59447-c208-40e3-ab57-7edb01549cbf
1e3a698a-70e2-4fa7-8581-be51641223eb,f137d46d-5bac-404d-bfc9-d9fb8fc8a734
1e3a698a-70e2-4fa7-8581-be51641223eb,d89699f6-85db-4def-8de6-14cb07eb2c43
1e3a698a-70e2-4fa7-8581-be51641223eb,72f27659-ea6c-40a3-9f2d-dfe7d82c853b
53ec31b8-338b-4672-8aa5-bfa8c6f7b78c,6ca59447-c208-40e3-ab57-7edb01549cbf
e0215fd6-97c1-46ab-8489-4cd985a1ae81,992ae373-a9bc-4ae6-9d74-7082cf0a4c12
e0215fd6-97c1-46ab-8489-4cd985a1ae81,ae92de86-1329-4de8-bbcc-f478e9f8628b
e0215fd6-97c1-46ab-8489-4cd985a1ae81,eddb9f19-4025-4f9a-8d44-a9bf94cb562e
dc836719-c1ed-43b3-b460-9ae1ac85f1e7,6ca59447-c208-40e3-ab57-7edb01549cbf
d89289c4-3ff0-421b-940e-5ba473b50a2c,fc1941db-1098-4bd5-a9c7-d9fe8b94172d
d89289c4-3ff0-421b-940e-5ba473b50a2c,d8552976-9336-4818-a952-a6ada26a3006
d89289c4-3ff0-421b-940e-5ba473b50a2c,992ae373-a9bc-4ae6-9d74-7082cf0a4c12
83525279-8736-4e9d-b416-77085e365ee2,ec2041c0-abc0-43e0-b203-b9c87571eacb
59181a6b-4c59-4c3d-b4a2-79d1b94038c5,6359b0bf-3af6-44e9-bf13-71c9fe0ead77
ecf304a2-2e54-4122-9375-9f0977acc95f,d89699f6-85db-4def-8de6-14cb07eb2c43
ecf304a2-2e54-4122-9375-9f0977acc95f,a02e22cb-d235-4e41-99c0-73d63c06157e
ecf304a2-2e54-4122-9375-9f0977acc95f,1f33d527-6045-4358-afd9-602ae8644b43
47bd666a-ff9e-4e31-97ce-224e412b120a,3b16b9a9-28b5-4421-a419-f2c0a580a622
a60804c5-58d9-4e91-8949-42089b7bdf6f,c7e9d8ec-9ba5-4048-82e7-c3d2ff02eb9b
30a1784b-4b37-46cf-9b97-50cc73996627,28408059-9560-428c-be43-378a604ac3e8
64f91ea4-5253-4c7e-bbc5-e5929b267b3d,d89699f6-85db-4def-8de6-14cb07eb2c43
64f91ea4-5253-4c7e-bbc5-e5929b267b3d,41d62f31-a92e-4ff2-9981-41f3cf46ebeb
cfd84c2e-8d83-4e6d-8fca-0104206447f3,386c578b-2a53-4c3a-b910-a980fb1773c0
2d9218dd-3400-4a56-a51e-2e43645a51bf,6ca59447-c208-40e3-ab57-7edb01549cbf
426ca937-5e98-466d-9679-3a9aa7c20b7a,ae92de86-1329-4de8-bbcc-f478e9f8628b
426ca937-5e98-466d-9679-3a9aa7c20b7a,1f33d527-6045-4358-afd9-602ae8644b43
8d9194a5-66cd-4cef-918f-72510da34c37,ca64a6a5-167f-4dc6-a828-596ec7fb7bcf
a13c3e0d-27f7-4ea0-a09b-88bb63709a1e,50d749ed-12a3-48bb-88a9-ac8403bdc400
bc5c61fd-e888-4a47-a48d-3cbafa5cca85,a02e22cb-d235-4e41-99c0-73d63c06157e
bc5c61fd-e888-4a47-a48d-3cbafa5cca85,8ccdb142-81ed-489d-94a0-4041bd04a46e
bc5c61fd-e888-4a47-a48d-3cbafa5cca85,421187bb-ba8c-445a-a03c-e17ed8a34c0f
15c63e12-0554-4a85-9b68-c8cf747abf1f,48b92705-c8ea-4e8e-9bc2-439bf30ce746
f540b3ca-095d-4e95-9b99-146b3482bc4a,1bcd244a-c2a5-4a4e-8572-b7459305a8b1
c62cf4d4-5528-410d-a717-fe0a3d74cb1a,d89699f6-85db-4def-8de6-14cb07eb2c43
c62cf4d4-5528-410d-a717-fe0a3d74cb1a,b47cb9fd-b9c9-4d77-916d-93ed0c1a1879
c62cf4d4-5528-410d-a717-fe0a3d74cb1a,1f33d527-6045-4358-afd9-602ae8644b43
0f739aaa-7995-4ee1-849b-96ec97795bd1,3b16b9a9-28b5-4421-a419-f2c0a580a622
9903987a-2d1a-4e50-97fb-8f31866a15e7,6ca59447-c208-40e3-ab57-7edb01549cbf
ec45bcd0-c2ef-464d-9187-0e4b3d486618,992ae373-a9bc-4ae6-9d74-7082cf0a4c12
ec45bcd0-c2ef-464d-9187-0e4b3d486618,6ff9e82a-0eff-4a28-b5c4-68f943508bf2
d8434b52-9077-4a0e-895b-e37e327b4009,c0616b1c-7741-4f55-9da3-7b115b34481c
393f5081-c0ae-47bf-9c4c-da7ee3e2c6ca,c0616b1c-7741-4f55-9da3-7b115b34481c
509081d3-f989-47c3-8fd3-193b15c0c6fc,402d7328-f91d-488a-ad1c-53ecfd349095
509081d3-f989-47c3-8fd3-193b15c0c6fc,1fa3719f-7f49-43d3-9416-c38e10968ac8
509081d3-f989-47c3-8fd3-193b15c0c6fc,8ccdb142-81ed-489d-94a0-4041bd04a46e
f9fc0c6c-6218-4eca-86ff-8113e1af1fe1,7a8e0e9d-28f2-40d7-8696-9db0a75a628d
74bd29f4-f3f4-4701-b059-899c1b78020b,6bdd587c-344f-4fb7-b1c6-d48b8b15a2d1
0f4cdf37-1d2c-4130-9231-7adcd3b1b10c,1f33d527-6045-4358-afd9-602ae8644b43
0f4cdf37-1d2c-4130-9231-7adcd3b1b10c,ae92de86-1329-4de8-bbcc-f478e9f8628b
588df545-dc41-48b8-baf4-dfef9fe42568,d4dbb265-4812-4b6c-a0fd-bab873e1106b
e4fd0b73-04c2-42d9-8a15-22a5a9238c80,c0616b1c-7741-4f55-9da3-7b115b34481c
a11d7895-cc09-42c0-b311-53c392c97608,c0616b1c-7741-4f55-9da3-7b115b34481c
20e15c9c-64fb-4937-b3b5-a13e826022fd,402d7328-f91d-488a-ad1c-53ecfd349095
20e15c9c-64fb-4937-b3b5-a13e826022fd,1fa3719f-7f49-43d3-9416-c38e10968ac8
294d86fd-0c16-437b-b77b-e31fa19f9215,cde9a632-6add-43ce-8de9-84ce69637125
7d7abac0-60b2-4572-a54f-cab169465c87,5fc091c1-fa87-45b5-878f-8deb38c39f5e
bd008c98-4975-4fc9-a898-862f0e189510,1f33d527-6045-4358-afd9-602ae8644b43
06184c78-40d1-4429-8b2b-a7c52e196786,2baf988b-c09f-420d-b2f1-07c3f3cb565b
0ba85232-2034-448c-a2ce-f86fe690d638,20bc1485-d0c4-4b2b-b0b4-c282c203431a
80005687-6151-44ba-85ca-082e192b02e7,eddb9f19-4025-4f9a-8d44-a9bf94cb562e
80005687-6151-44ba-85ca-082e192b02e7,992ae373-a9bc-4ae6-9d74-7082cf0a4c12
80005687-6151-44ba-85ca-082e192b02e7,d89699f6-85db-4def-8de6-14cb07eb2c43
a61cbacb-5576-487c-a5ba-90ef6d4e05fc,5fc091c1-fa87-45b5-878f-8deb38c39f5e
036ee75e-be38-42c9-93ac-4fcbc04a437d,992ae373-a9bc-4ae6-9d74-7082cf0a4c12
b7ffa1c7-aef3-48a0-8077-c891f2c3595b,6ca59447-c208-40e3-ab57-7edb01549cbf
19a6f913-4850-4a71-baab-dcb32ce19ef1,992ae373-a9bc-4ae6-9d74-7082cf0a4c12
19a6f913-4850-4a71-baab-dcb32ce19ef1,ae92de86-1329-4de8-bbcc-f478e9f8628b
19a6f913-4850-4a71-baab-dcb32ce19ef1,9f6d5b2b-ac1c-4cc3-a7d1-7cedf98b7563
19a6f913-4850-4a71-baab-dcb32ce19ef1,fc1941db-1098-4bd5-a9c7-d9fe8b94172d
909ba1ea-b1b8-4dc8-89de-fb43bb54fd95,6ca59447-c208-40e3-ab57-7edb01549cbf
ba6dce31-fd34-48be-9ce7-628ab79057e7,992ae373-a9bc-4ae6-9d74-7082cf0a4c12
ba6dce31-fd34-48be-9ce7-628ab79057e7,ae92de86-1329-4de8-bbcc-f478e9f8628b
ba6dce31-fd34-48be-9ce7-628ab79057e7,72f27659-ea6c-40a3-9f2d-dfe7d82c853b
5105870a-a055-433f-955a-d1958faaf3cc,6ca59447-c208-40e3-ab57-7edb01549cbf
748fd66e-9adb-4cce-b959-bf44be01e5de,992ae373-a9bc-4ae6-9d74-7082cf0a4c12
748fd66e-9adb-4cce-b959-bf44be01e5de,ae92de86-1329-4de8-bbcc-f478e9f8628b
64e88be5-eb97-4606-85c1-998db4ae8ea6,6ca59447-c208-40e3-ab57-7edb01549cbf
89580f91-52a5-4fdd-89c4-5cdf7d06a9af,d8552976-9336-4818-a952-a6ada26a3006
89580f91-52a5-4fdd-89c4-5cdf7d06a9af,fc1941db-1098-4bd5-a9c7-d9fe8b94172d
d95ff707-088e-4a97-b4ae-1b4be90343f1,cde9a632-6add-43ce-8de9-84ce69637125
a834aef7-fa2f-4c8f-995c-5e3dc6fd9724,6ca59447-c208-40e3-ab57-7edb01549cbf
66413a36-ad46-4eac-a3ef-98f7f36d2329,992ae373-a9bc-4ae6-9d74-7082cf0a4c12
66413a36-ad46-4eac-a3ef-98f7f36d2329,6ff9e82a-0eff-4a28-b5c4-68f943508bf2
4f72bbaf-222f-409f-af65-8dce0aecf4a1,6ca59447-c208-40e3-ab57-7edb01549cbf
9384b971-bd50-4554-b417-1a82dc1ff05f,992ae373-a9bc-4ae6-9d74-7082cf0a4c12
9384b971-bd50-4554-b417-1a82dc1ff05f,0a2353ed-3482-4163-9ca4-46e6cf6ab717
ef2971cb-0d2e-42df-ac19-53e99901fbf4,6b0712f7-178e-473d-8bc6-3ca8e50b9053
55d2e3e0-a53a-4bce-9e38-893b2003709a,38fb6d40-46f1-4b8f-8b19-6769e6e92687
625d7a9a-894b-4802-9498-2a99403ffb85,8d82500d-abce-4859-889f-991e369704e8
5eab9e56-6e74-45f5-b299-89f4925f1720,1fa3719f-7f49-43d3-9416-c38e10968ac8
5eab9e56-6e74-45f5-b299-89f4925f1720,1f33d527-6045-4358-afd9-602ae8644b43
9e620f12-6817-4bc9-acf0-b4e5e2e60c59,6ca59447-c208-40e3-ab57-7edb01549cbf
6592a12e-d0a8-4bb9-a072-3bec307847da,c4cb37e8-fe1c-4d2b-b0b5-f04a69925d8f
6592a12e-d0a8-4bb9-a072-3bec307847da,0a2353ed-3482-4163-9ca4-46e6cf6ab717
6592a12e-d0a8-4bb9-a072-3bec307847da,d89699f6-85db-4def-8de6-14cb07eb2c43
6f237fa2-bba8-488e-a85c-31f28682a025,e47cd590-4bd7-4399-a7ec-b5c1838ed835
796bbb45-0120-440d-96bc-d691225ca2a7,6359b0bf-3af6-44e9-bf13-71c9fe0ead77
5b01e0f3-f1ee-48f9-a6a5-bc9e13c1b2d8,6359b0bf-3af6-44e9-bf13-71c9fe0ead77
a569e58b-09d3-4740-a6ab-a4a69c7139da,992ae373-a9bc-4ae6-9d74-7082cf0a4c12
a569e58b-09d3-4740-a6ab-a4a69c7139da,6e7ec579-d5fc-41c8-82f1-649532a23cb4
a6706451-be08-4400-9168-dec0bb572f90,3b16b9a9-28b5-4421-a419-f2c0a580a622
42a3b259-20bd-4cba-a6e7-96c323947598,c7e9d8ec-9ba5-4048-82e7-c3d2ff02eb9b
019f9583-d0f7-4f45-8fd0-04bb788bb59f,d1c30f65-d081-40cd-91e8-193b4c51182a
dede7cef-04bc-4efe-a8ed-09b0a50fb389,992ae373-a9bc-4ae6-9d74-7082cf0a4c12
dede7cef-04bc-4efe-a8ed-09b0a50fb389,6ff9e82a-0eff-4a28-b5c4-68f943508bf2
c7999593-6f66-45d7-93c8-3cd27442eb1d,0956065f-f830-46ce-8db3-7c82b0df46c0
0c3a5b27-07f5-407b-a182-db471c328c61,33f12961-e353-4d14-a7bc-4f20ffad7f00
dd13aa83-94e4-4d98-ac69-2934ed6e6078,1f33d527-6045-4358-afd9-602ae8644b43
dd13aa83-94e4-4d98-ac69-2934ed6e6078,72f27659-ea6c-40a3-9f2d-dfe7d82c853b
3d73a978-d841-497c-a0be-7568ba045d69,6bdd587c-344f-4fb7-b1c6-d48b8b15a2d1
79212b1b-b068-4a9b-9ad1-1f22a540c819,6ca59447-c208-40e3-ab57-7edb01549cbf
377cdd4c-6aa7-4eca-89c8-8b2a94f00cec,fc1941db-1098-4bd5-a9c7-d9fe8b94172d
377cdd4c-6aa7-4eca-89c8-8b2a94f00cec,d8552976-9336-4818-a952-a6ada26a3006
b4e7433c-9d77-4f54-b39f-0cf234a6340d,6ca59447-c208-40e3-ab57-7edb01549cbf
17302615-f960-4b8c-93b6-2628d7342d67,992ae373-a9bc-4ae6-9d74-7082cf0a4c12
17302615-f960-4b8c-93b6-2628d7342d67,6ff9e82a-0eff-4a28-b5c4-68f943508bf2
17302615-f960-4b8c-93b6-2628d7342d67,fc1941db-1098-4bd5-a9c7-d9fe8b94172d
cda50bf3-3434-452b-9c33-586fa93024fe,0956065f-f830-46ce-8db3-7c82b0df46c0
28d5cb08-625a-4fa3-b8a9-5ca012294cc9,7a8e0e9d-28f2-40d7-8696-9db0a75a628d
9e62f5ff-b358-4d31-ac4d-d97cc16f666a,6fe661aa-ffec-44c5-8de9-c80eef106e6b
369ceb17-16c9-41c2-8afc-bdac4b1c1786,46d4a1d1-c057-49ba-a879-db85b0cda4b9
29acddde-a0b1-4c01-b741-e8cb8056e97d,1bcd244a-c2a5-4a4e-8572-b7459305a8b1
f2f7bc16-bbf7-4b31-8456-f9e8a4be66ff,1f33d527-6045-4358-afd9-602ae8644b43
46a5cc50-c53e-455c-8daf-7e99281f1a52,8d82500d-abce-4859-889f-991e369704e8
2097b13b-61bb-415e-8f91-d75fb707bb9e,6ca59447-c208-40e3-ab57-7edb01549cbf
ccc576b0-4037-446b-a717-3d5db0639ed9,fc1941db-1098-4bd5-a9c7-d9fe8b94172d
ccc576b0-4037-446b-a717-3d5db0639ed9,992ae373-a9bc-4ae6-9d74-7082cf0a4c12
ccc576b0-4037-446b-a717-3d5db0639ed9,0a2353ed-3482-4163-9ca4-46e6cf6ab717
c03eca65-240e-4bcc-a4bb-d0f77fcc264d,4519ffb7-82ab-4f7a-b4b6-5fab503a5663
e7923e1f-bfeb-4780-a870-ba6e90677bd6,1f33d527-6045-4358-afd9-602ae8644b43
e7923e1f-bfeb-4780-a870-ba6e90677bd6,d89699f6-85db-4def-8de6-14cb07eb2c43
23df8562-f02b-42a3-b67e-80ac0ec1f7de,6ca59447-c208-40e3-ab57-7edb01549cbf
05282f4c-0634-4388-b589-ffb1a9dc96a5,9d902a90-2e2d-4921-9d40-b5c18c6fe7ec
05282f4c-0634-4388-b589-ffb1a9dc96a5,c4cb37e8-fe1c-4d2b-b0b5-f04a69925d8f
a001e0c3-10ac-4eb4-a9f7-3b590c03bbe0,d89699f6-85db-4def-8de6-14cb07eb2c43
a001e0c3-10ac-4eb4-a9f7-3b590c03bbe0,c4cb37e8-fe1c-4d2b-b0b5-f04a69925d8f
c2b6dcc3-42b0-4f0d-9369-f7ace6f70acb,0663a94d-7fc1-4427-9cdd-86e299c0fe86
8bd3ea8a-606d-4171-b0cc-af3e454c2906,6ca59447-c208-40e3-ab57-7edb01549cbf
faa20e7f-4f87-4de9-a574-ecab449f099d,6ca59447-c208-40e3-ab57-7edb01549cbf
6d84c13f-8733-4eab-b689-acfd4e0e6609,992ae373-a9bc-4ae6-9d74-7082cf0a4c12
6d84c13f-8733-4eab-b689-acfd4e0e6609,f137d46d-5bac-404d-bfc9-d9fb8fc8a734
28a9821f-caf9-4068-8f74-8f8735b24a4e,6ca59447-c208-40e3-ab57-7edb01549cbf
4ffac183-2d0b-4992-95ac-34e324965802,c4cb37e8-fe1c-4d2b-b0b5-f04a69925d8f
b7ec163f-709d-4dc1-a617-26a58da59949,6ca59447-c208-40e3-ab57-7edb01549cbf
403e87cc-102a-4813-934e-efd4f50286d5,3d947f3c-fa03-4667-b09a-25a8f2db2adb
b07b67c2-dd91-4d91-a0fa-da4322486369,6359b0bf-3af6-44e9-bf13-71c9fe0ead77
a7659d0f-a736-4c57-8a5a-1b0885789c81,d89699f6-85db-4def-8de6-14cb07eb2c43
c4f386a8-02c0-4430-b2f4-9a6194761990,6ca59447-c208-40e3-ab57-7edb01549cbf
2659ea61-3b51-4f49-ab0a-8623b62ef397,fc1941db-1098-4bd5-a9c7-d9fe8b94172d
2659ea61-3b51-4f49-ab0a-8623b62ef397,d8552976-9336-4818-a952-a6ada26a3006
4d1ab940-571c-4ed8-8660-a497ead2961d,6ca59447-c208-40e3-ab57-7edb01549cbf
f8fd3d7b-4602-4f9c-9998-42eb0eb51f15,808b5881-15ab-473a-994e-8f70c40c2ddd
7c9efbb3-8c97-4e19-9d52-6ce8baa4c0b9,6ca59447-c208-40e3-ab57-7edb01549cbf
2edc3c8c-1c5a-46df-937f-f714a25b1568,eddb9f19-4025-4f9a-8d44-a9bf94cb562e
97a8aa0a-119c-4469-9a4b-7312a98dd069,fe8e1adf-281b-493b-a6ec-1b86629a19d7
97a8aa0a-119c-4469-9a4b-7312a98dd069,992ae373-a9bc-4ae6-9d74-7082cf0a4c12
c0c787be-2eee-4888-aa6b-02a5597b621d,6ca59447-c208-40e3-ab57-7edb01549cbf
cb19d616-6f2a-4084-99ce-31c5ad1e0bee,6ca59447-c208-40e3-ab57-7edb01549cbf
08c72c75-f950-40f6-8446-780cc64fa798,992ae373-a9bc-4ae6-9d74-7082cf0a4c12
08c72c75-f950-40f6-8446-780cc64fa798,eddb9f19-4025-4f9a-8d44-a9bf94cb562e
08c72c75-f950-40f6-8446-780cc64fa798,6ff9e82a-0eff-4a28-b5c4-68f943508bf2
402e315f-0b96-4254-88a7-c9d93ba4ae83,af68b454-0781-4ba1-a037-4444038ef730
fb9b9c84-bb67-4b20-961e-b600c59829c1,3b16b9a9-28b5-4421-a419-f2c0a580a622
5d6475c8-77c7-4315-9ebe-16025148c98d,1f33d527-6045-4358-afd9-602ae8644b43
5d6475c8-77c7-4315-9ebe-16025148c98d,eddb9f19-4025-4f9a-8d44-a9bf94cb562e
207b6d26-99fd-4709-ab0b-4748c0d88902,6ca59447-c208-40e3-ab57-7edb01549cbf
9daad6d0-988f-41c1-a6e2-e06bf13ead90,992ae373-a9bc-4ae6-9d74-7082cf0a4c12
3797fdbe-1c96-4735-a1e0-3b9056224c6c,992ae373-a9bc-4ae6-9d74-7082cf0a4c12
3797fdbe-1c96-4735-a1e0-3b9056224c6c,0663a94d-7fc1-4427-9cdd-86e299c0fe86
88583ca6-c063-4806-8d8c-b07e0a0539ab,5fc091c1-fa87-45b5-878f-8deb38c39f5e
a7fa0c5b-9080-4f5a-9ce1-fe52500563d8,6bdd587c-344f-4fb7-b1c6-d48b8b15a2d1
74a3cf27-b21b-480a-80dc-73526165ab71,9d902a90-2e2d-4921-9d40-b5c18c6fe7ec
74a3cf27-b21b-480a-80dc-73526165ab71,eddb9f19-4025-4f9a-8d44-a9bf94cb562e
2356720f-53ee-477d-8360-4cadbf8a2022,c28dbac1-24bb-4e49-8ccc-6360d439be7d
27f12d51-0267-4a3d-b505-ceb98fdce7ff,6ca59447-c208-40e3-ab57-7edb01549cbf
070542eb-7771-45d2-be2d-7d21d1d0d00e,eddb9f19-4025-4f9a-8d44-a9bf94cb562e
070542eb-7771-45d2-be2d-7d21d1d0d00e,992ae373-a9bc-4ae6-9d74-7082cf0a4c12
070542eb-7771-45d2-be2d-7d21d1d0d00e,ae92de86-1329-4de8-bbcc-f478e9f8628b
728361fd-9742-4995-9fb4-2f65c7e94983,6ca59447-c208-40e3-ab57-7edb01549cbf
6f5da2a6-5534-44d7-aa29-54ec567582ed,992ae373-a9bc-4ae6-9d74-7082cf0a4c12
6f5da2a6-5534-44d7-aa29-54ec567582ed,6ff9e82a-0eff-4a28-b5c4-68f943508bf2
23e16e79-0102-4469-ab2e-e4668730abfe,2407e3fc-726a-44f3-8344-0d8da811e1b8
fdf48dfe-8d28-4023-8ba7-e06250466c95,636ec317-4c7e-4140-949e-b81cdece4be4
b35d1ced-1500-408c-a9de-bcc65f44fa6f,a558c676-742a-40c3-ab74-60a0f34d0c43
b35d1ced-1500-408c-a9de-bcc65f44fa6f,992ae373-a9bc-4ae6-9d74-7082cf0a4c12
b35d1ced-1500-408c-a9de-bcc65f44fa6f,eddb9f19-4025-4f9a-8d44-a9bf94cb562e
30b6f584-f716-4334-a2ad-e5f78c7cd7b5,2a5e73d9-7acc-4ad2-8d42-61fdcc1b5c4d
5e45c081-c067-45e3-af90-115c32c7a465,6359b0bf-3af6-44e9-bf13-71c9fe0ead77
94e62ec9-51e1-4526-9635-1e14a5723260,ff41c6fa-d1d3-461e-bc14-61438d2fe7d4
70af9a2c-72da-43cd-a350-54bda481fc83,636ec317-4c7e-4140-949e-b81cdece4be4
7b7c88ff-c630-405d-83ab-6a7dab516a90,992ae373-a9bc-4ae6-9d74-7082cf0a4c12
7b7c88ff-c630-405d-83ab-6a7dab516a90,eddb9f19-4025-4f9a-8d44-a9bf94cb562e
7b7c88ff-c630-405d-83ab-6a7dab516a90,8ccdb142-81ed-489d-94a0-4041bd04a46e
7b7c88ff-c630-405d-83ab-6a7dab516a90,1f33d527-6045-4358-afd9-602ae8644b43
16e095fe-cd98-44c1-a352-f43f1f0a7bec,c0616b1c-7741-4f55-9da3-7b115b34481c
ca5db5e4-82c8-46eb-97ae-e47b0fc690a9,02257903-92fa-4ef4-8ba7-12758b989472
06f901b0-42d5-4c5d-8279-08b26a5edce8,b1938d90-e95c-4a12-87a3-4e4e3b8b4658
92e723f7-2e3e-4720-a81b-1ca71264594d,abc6c08b-0d8b-4b68-9a5e-18e8122308ca
0e7d56b5-14a9-456f-9b58-f196c7ef4be9,1f33d527-6045-4358-afd9-602ae8644b43
0e7d56b5-14a9-456f-9b58-f196c7ef4be9,eddb9f19-4025-4f9a-8d44-a9bf94cb562e
0e7d56b5-14a9-456f-9b58-f196c7ef4be9,0a2353ed-3482-4163-9ca4-46e6cf6ab717
0901d5e9-1eb7-4451-9511-04d1e2a119d9,c0616b1c-7741-4f55-9da3-7b115b34481c
7f5c1ba6-991e-414a-874f-efacb1c0d6c7,8e47f6b9-4a44-4ce0-98bf-f3e7356fa1d2
5f3d58e4-531b-4c63-bfd0-00e4a4a6a704,b4f75e2e-aded-4dd2-8b9c-740be0e9164d
45018496-d775-4d36-87cb-73bb73ba9ccb,992ae373-a9bc-4ae6-9d74-7082cf0a4c12
45018496-d775-4d36-87cb-73bb73ba9ccb,eddb9f19-4025-4f9a-8d44-a9bf94cb562e
45018496-d775-4d36-87cb-73bb73ba9ccb,1f33d527-6045-4358-afd9-602ae8644b43
45018496-d775-4d36-87cb-73bb73ba9ccb,69b294ca-7d15-4303-9762-216ec08f824e
45018496-d775-4d36-87cb-73bb73ba9ccb,6ff9e82a-0eff-4a28-b5c4-68f943508bf2
5363c2c0-74ad-43ca-9f14-c978fb7bc092,6ca59447-c208-40e3-ab57-7edb01549cbf
e365c9b9-356e-4ac6-a533-1e17d67f2360,3ede1470-2ccd-442a-9411-0f2f431639e4
5e9375a8-4b01-4057-a071-90e25948a495,d89699f6-85db-4def-8de6-14cb07eb2c43
5e9375a8-4b01-4057-a071-90e25948a495,c4cb37e8-fe1c-4d2b-b0b5-f04a69925d8f
5e9375a8-4b01-4057-a071-90e25948a495,992ae373-a9bc-4ae6-9d74-7082cf0a4c12
acb6a0dd-04f2-4a5d-8ec8-9954a043f87f,ac2f7cb8-fe85-4eec-9dbd-11aab73b200d
5ca26a97-ad79-494e-8b88-91f413e4df68,b1938d90-e95c-4a12-87a3-4e4e3b8b4658
734018b8-a9eb-4e9c-91c8-4245ecf5437b,1bcd244a-c2a5-4a4e-8572-b7459305a8b1
ae2e2476-8a4b-45d1-8d92-583c446a4f82,1f33d527-6045-4358-afd9-602ae8644b43
cb88393a-ce03-4854-bf0e-cdfddcdda314,8d82500d-abce-4859-889f-991e369704e8
b3b795e2-ca7c-4a2e-b988-5d3727d310d3,b41e3b3e-d27b-4705-b8c7-592b89508e12
9e4e46da-a3d4-4894-9d3f-0d6f065c2283,992ae373-a9bc-4ae6-9d74-7082cf0a4c12
9e4e46da-a3d4-4894-9d3f-0d6f065c2283,eddb9f19-4025-4f9a-8d44-a9bf94cb562e
9e4e46da-a3d4-4894-9d3f-0d6f065c2283,1f33d527-6045-4358-afd9-602ae8644b43
9e4e46da-a3d4-4894-9d3f-0d6f065c2283,72f27659-ea6c-40a3-9f2d-dfe7d82c853b
1131e110-1245-45b1-899f-d93e40fdd1fd,05189b57-cd02-4472-9e21-bd3b54ab5dd6
54035eb3-7548-4400-8843-fbb2385bbfa7,6ca59447-c208-40e3-ab57-7edb01549cbf
75cc59f9-4b03-4950-8748-ca64ad7e23c9,992ae373-a9bc-4ae6-9d74-7082cf0a4c12
75cc59f9-4b03-4950-8748-ca64ad7e23c9,6ff9e82a-0eff-4a28-b5c4-68f943508bf2
770682ae-92bf-4617-bf47-e43fb842cbcc,d4dbb265-4812-4b6c-a0fd-bab873e1106b
032ff045-4776-4113-8ad3-7d7177a42b6b,aa5350c6-5532-4604-b95c-938b8f7cb95c
aee27bbd-6655-4d4d-84f7-38e7b3895f60,6ccd09a6-df0b-427f-a639-7f3b30134426
2e158b8f-46fb-4688-a4b3-a79ced17a69c,d89699f6-85db-4def-8de6-14cb07eb2c43
2e158b8f-46fb-4688-a4b3-a79ced17a69c,1f33d527-6045-4358-afd9-602ae8644b43
f6f07f63-962b-49cb-840d-7e3fdec6a19a,3b16b9a9-28b5-4421-a419-f2c0a580a622
65675407-6337-4dfd-8e04-a1740beab61c,3b16b9a9-28b5-4421-a419-f2c0a580a622
138055f3-93c8-4a13-bf05-14841501d2d4,af68b454-0781-4ba1-a037-4444038ef730
4de7b86c-c6fe-4fa1-82bd-b28c98c28e69,d89699f6-85db-4def-8de6-14cb07eb2c43
4de7b86c-c6fe-4fa1-82bd-b28c98c28e69,1f33d527-6045-4358-afd9-602ae8644b43
83415d10-30eb-4f56-90e7-820a447d4b06,636ec317-4c7e-4140-949e-b81cdece4be4
1a16447d-66b3-4118-a216-be338c5e5bb0,636ec317-4c7e-4140-949e-b81cdece4be4
93c5b067-7409-4d3e-a83b-5a1feb19f6ac,402d7328-f91d-488a-ad1c-53ecfd349095
93c5b067-7409-4d3e-a83b-5a1feb19f6ac,9e87af73-6ec7-473e-86b9-93fc8311efba
c7b8d005-34bb-4713-9384-ccece7bd4f5c,3d947f3c-fa03-4667-b09a-25a8f2db2adb
9daad6d0-988f-41c1-a6e2-e06bf13ead90,d89699f6-85db-4def-8de6-14cb07eb2c43
4e9f5f3d-9a44-4b32-89f9-8eec17862bec,12e1702a-7623-4b11-a224-44601b67328c
0084e172-44fb-4ddb-93ef-61a3971b00e7,28408059-9560-428c-be43-378a604ac3e8
5a0c9fa3-2de6-4b61-86d2-65064ff4bd0a,6bdd587c-344f-4fb7-b1c6-d48b8b15a2d1
81a71edc-da79-4983-8543-4f103d8a5a06,d89699f6-85db-4def-8de6-14cb07eb2c43
81a71edc-da79-4983-8543-4f103d8a5a06,1f33d527-6045-4358-afd9-602ae8644b43
6d362ade-2fb8-492d-903e-8f13fb69fcdb,6ca59447-c208-40e3-ab57-7edb01549cbf
c87cd50f-b6e7-4878-8138-836392282241,992ae373-a9bc-4ae6-9d74-7082cf0a4c12
629ccedc-8de9-40d6-8aff-76343be5b024,abc6c08b-0d8b-4b68-9a5e-18e8122308ca
fe39dd39-38fe-424a-9d72-4a1817e37da5,21d8739d-25f6-48b7-a909-14d59848db24
09040610-4ce0-4764-9fcf-5b848662c1c8,1f33d527-6045-4358-afd9-602ae8644b43
09040610-4ce0-4764-9fcf-5b848662c1c8,9d902a90-2e2d-4921-9d40-b5c18c6fe7ec
09040610-4ce0-4764-9fcf-5b848662c1c8,a558c676-742a-40c3-ab74-60a0f34d0c43
a4a01462-7093-4f0a-83a4-25cfb82c4b16,ac2f7cb8-fe85-4eec-9dbd-11aab73b200d
e365c9b9-356e-4ac6-a533-1e17d67f2360,d89699f6-85db-4def-8de6-14cb07eb2c43
9a662c3f-bce6-405f-88d7-1f2890d5386e,6ca59447-c208-40e3-ab57-7edb01549cbf
e0bf8cc4-4c24-43ce-b38a-4618fbfd8cd9,72f27659-ea6c-40a3-9f2d-dfe7d82c853b
92941f9e-3c2e-4763-91c0-4eabaa638e52,f137d46d-5bac-404d-bfc9-d9fb8fc8a734
92941f9e-3c2e-4763-91c0-4eabaa638e52,d8552976-9336-4818-a952-a6ada26a3006
84beb1c9-9e2d-4f1d-a495-c6a54e38bcf9,6ca59447-c208-40e3-ab57-7edb01549cbf
82efe639-838a-4cf2-a51b-d0aa77a3f5f7,ae92de86-1329-4de8-bbcc-f478e9f8628b
82efe639-838a-4cf2-a51b-d0aa77a3f5f7,992ae373-a9bc-4ae6-9d74-7082cf0a4c12
4b17e467-fe8d-4460-9b33-f81c39bc945b,6ca59447-c208-40e3-ab57-7edb01549cbf
db8075d5-3ce2-4986-a5cd-82936688888f,6ca59447-c208-40e3-ab57-7edb01549cbf
aa93c9cc-a2f2-4bf6-9577-006d804df2c4,efde0ce9-21df-44b4-ba54-c6d738ec2e64
aa93c9cc-a2f2-4bf6-9577-006d804df2c4,992ae373-a9bc-4ae6-9d74-7082cf0a4c12
aa93c9cc-a2f2-4bf6-9577-006d804df2c4,6ff9e82a-0eff-4a28-b5c4-68f943508bf2
a2474a3f-9fb5-4014-bb1b-db8c2c53621d,0ee9f564-1d84-4c16-8227-802613b88a09
64857a1c-345a-45fc-8274-7ec9a2d4b619,28408059-9560-428c-be43-378a604ac3e8
715dcebb-afd7-4d98-a556-80565eb6086d,1f33d527-6045-4358-afd9-602ae8644b43
c9bbd4e5-e456-484d-88c4-f0b02f102449,5fc091c1-fa87-45b5-878f-8deb38c39f5e
3e34b61a-c84a-4343-9494-0cb9f4721ad4,992ae373-a9bc-4ae6-9d74-7082cf0a4c12
8b8fe41c-24c1-4113-b8c4-6959828bc2fb,6ca59447-c208-40e3-ab57-7edb01549cbf
15df4753-c752-4664-a6a8-0d0c3d60e69f,6ca59447-c208-40e3-ab57-7edb01549cbf
98c864d6-3512-47ff-9b27-c506445cdeed,6e7ec579-d5fc-41c8-82f1-649532a23cb4
98c864d6-3512-47ff-9b27-c506445cdeed,f4053f71-94b5-40b2-92bd-fb588127fe38
77ea2159-a676-4a42-9ce0-19b34ffecfc1,6ca59447-c208-40e3-ab57-7edb01549cbf
090ca4b3-2271-4bd7-a01d-6f94d62607f8,992ae373-a9bc-4ae6-9d74-7082cf0a4c12
090ca4b3-2271-4bd7-a01d-6f94d62607f8,ae92de86-1329-4de8-bbcc-f478e9f8628b
090ca4b3-2271-4bd7-a01d-6f94d62607f8,9f6d5b2b-ac1c-4cc3-a7d1-7cedf98b7563
03752ac4-81ed-4859-8487-347a43877e27,bf26bafb-f799-4174-bac0-40338f3e8851
85eb912a-6880-4335-bc5d-bbb651c663d9,2a5e73d9-7acc-4ad2-8d42-61fdcc1b5c4d
e40419a4-9a79-46ef-8e9c-1e75735229d6,6e7ec579-d5fc-41c8-82f1-649532a23cb4
e40419a4-9a79-46ef-8e9c-1e75735229d6,be94b64f-b472-4e9c-b1ad-2d63fb3f469d
d748ff84-8b4d-4afa-94c3-c780f72b9c4d,2baf988b-c09f-420d-b2f1-07c3f3cb565b
518df16f-2f71-4e99-b69a-4706353b6950,dca26f5a-6485-43d1-9b87-82b066477f04
fb73b1ce-002f-4da7-9c34-c7c993a7f622,d89699f6-85db-4def-8de6-14cb07eb2c43
fb73b1ce-002f-4da7-9c34-c7c993a7f622,41d62f31-a92e-4ff2-9981-41f3cf46ebeb
fb73b1ce-002f-4da7-9c34-c7c993a7f622,9e87af73-6ec7-473e-86b9-93fc8311efba
b35f7162-8e87-446e-ac4d-03a1d4062567,3b16b9a9-28b5-4421-a419-f2c0a580a622
bbd63775-e0ab-4f4d-b68e-571cb71b5503,52796119-3d9a-42c7-bbf9-82061c9bb95d
3b579a99-e1a7-4979-9d86-d719c4062ae9,46d4a1d1-c057-49ba-a879-db85b0cda4b9
75f0aa7f-2a63-4181-b51c-92824959f0df,d89699f6-85db-4def-8de6-14cb07eb2c43
22171dbf-b97f-4683-b153-5c2408fff2d1,3b16b9a9-28b5-4421-a419-f2c0a580a622
096600b8-fb22-4b35-aa14-24a6f8d1a143,992ae373-a9bc-4ae6-9d74-7082cf0a4c12
2b4323c0-f8eb-4b90-943a-1ce6e7159f05,6ca59447-c208-40e3-ab57-7edb01549cbf
80a6f3b1-814a-450e-aea0-9702a82425a0,6ca59447-c208-40e3-ab57-7edb01549cbf
88d6b99c-f659-4e90-9497-3fce6ea19890,fc1941db-1098-4bd5-a9c7-d9fe8b94172d
88d6b99c-f659-4e90-9497-3fce6ea19890,72f27659-ea6c-40a3-9f2d-dfe7d82c853b
9a7c7949-2335-4a17-ae04-a5fce3f139f3,cde9a632-6add-43ce-8de9-84ce69637125
56752d94-f195-4f0d-997e-99d730a20acd,5fc091c1-fa87-45b5-878f-8deb38c39f5e
fb7b199c-2661-4022-8cda-ee7fdb8d7ed1,eddb9f19-4025-4f9a-8d44-a9bf94cb562e
fb7b199c-2661-4022-8cda-ee7fdb8d7ed1,c9f904db-1282-4b70-a753-596160a1136a
fb7b199c-2661-4022-8cda-ee7fdb8d7ed1,1f33d527-6045-4358-afd9-602ae8644b43
e7900371-2b11-45e6-9d93-e49e54de0e86,6ca59447-c208-40e3-ab57-7edb01549cbf
d55e7086-e326-472b-9d00-4a7e09c04f60,992ae373-a9bc-4ae6-9d74-7082cf0a4c12
d55e7086-e326-472b-9d00-4a7e09c04f60,eddb9f19-4025-4f9a-8d44-a9bf94cb562e
cf41bd56-111f-4199-b28d-21a62b575481,6ca59447-c208-40e3-ab57-7edb01549cbf
68978d02-5f07-4e91-9c75-bc7178ebf08a,eddb9f19-4025-4f9a-8d44-a9bf94cb562e
467a72c6-d525-40ec-9528-2b5f5efc4330,af68b454-0781-4ba1-a037-4444038ef730
802a83ae-4b92-4254-9bb2-cdcd1218a82a,d89699f6-85db-4def-8de6-14cb07eb2c43
802a83ae-4b92-4254-9bb2-cdcd1218a82a,1f33d527-6045-4358-afd9-602ae8644b43
802a83ae-4b92-4254-9bb2-cdcd1218a82a,9e87af73-6ec7-473e-86b9-93fc8311efba
b3c1232f-8444-4a1e-8432-531b031ae945,3b16b9a9-28b5-4421-a419-f2c0a580a622
84b8eca4-5b9a-406f-96e8-6832f0e9d438,3d947f3c-fa03-4667-b09a-25a8f2db2adb
21d7e921-240f-4111-bc52-f4eda1bf13b2,6359b0bf-3af6-44e9-bf13-71c9fe0ead77
b673a4a3-f370-44f4-8418-85d68f091ca8,1f33d527-6045-4358-afd9-602ae8644b43
b673a4a3-f370-44f4-8418-85d68f091ca8,2de89f91-6ef4-43e4-873b-ccf2b1bbfb52
b673a4a3-f370-44f4-8418-85d68f091ca8,1fa3719f-7f49-43d3-9416-c38e10968ac8
14c6a21e-6482-4f68-bc5c-95c76e18476d,fe5f9116-b18a-42bb-bead-1f0a20aae294
9d976be2-a35b-4c7b-94d1-09a6415e9eae,ff41c6fa-d1d3-461e-bc14-61438d2fe7d4
d93aeabb-9184-4d7b-a214-c74dc69c4945,0663a94d-7fc1-4427-9cdd-86e299c0fe86
bb466150-ddc6-4ee7-8778-9f4e53cbbabf,cde9a632-6add-43ce-8de9-84ce69637125
558ab0ec-f66d-4ee5-bcd9-64c225fe86ed,5fc091c1-fa87-45b5-878f-8deb38c39f5e
e0d819d8-a219-4753-bab6-ef0fb3689e00,1f33d527-6045-4358-afd9-602ae8644b43
e0d819d8-a219-4753-bab6-ef0fb3689e00,6ff9e82a-0eff-4a28-b5c4-68f943508bf2
193db29e-1674-4816-b1cd-838a16366ac5,992ae373-a9bc-4ae6-9d74-7082cf0a4c12
193db29e-1674-4816-b1cd-838a16366ac5,6ff9e82a-0eff-4a28-b5c4-68f943508bf2
f4a7d707-8811-4d5d-933b-036c6d8a4db5,6ca59447-c208-40e3-ab57-7edb01549cbf
0568d06f-cfe7-4b16-a38c-b31f92f1efbe,bff58644-e49e-473a-982c-92154bff459a
ca07329c-14b9-4391-b410-3a4590e3c23e,91f5ef84-d09b-4a54-a729-b6abe973e128
1c42a8b4-a855-44ba-b9d2-30c3bd2ce426,5fc091c1-fa87-45b5-878f-8deb38c39f5e
72b96edc-e909-4715-ab63-2aa49bc0b9f1,1f33d527-6045-4358-afd9-602ae8644b43
72b96edc-e909-4715-ab63-2aa49bc0b9f1,d89699f6-85db-4def-8de6-14cb07eb2c43
2446e913-3553-4682-b7fd-6f5cc9e08a7f,fe5f9116-b18a-42bb-bead-1f0a20aae294
a3574724-3497-4e7d-acf4-39e03c6f2687,6e7ec579-d5fc-41c8-82f1-649532a23cb4
a3574724-3497-4e7d-acf4-39e03c6f2687,1fa3719f-7f49-43d3-9416-c38e10968ac8
5b151104-01ee-4b57-a50a-d3589123707b,ff41c6fa-d1d3-461e-bc14-61438d2fe7d4
edbab038-2c7a-4964-aef2-d3b6559e22c5,1bcd244a-c2a5-4a4e-8572-b7459305a8b1
a5179f90-aa70-4c3c-a28d-8c3c8ec08218,1f33d527-6045-4358-afd9-602ae8644b43
a5179f90-aa70-4c3c-a28d-8c3c8ec08218,6ff9e82a-0eff-4a28-b5c4-68f943508bf2
0c794e4f-f4a7-4311-ab43-f82af6ac9893,f0bb5458-7dbd-465f-b961-41c32297788d
41569f10-c6d6-43e7-a21e-68b69b474b41,b9f30bc7-6fe4-42ff-81ef-6b73634f7220
9b979bc9-49ce-4b6a-a4c6-e48467f44c13,b41e3b3e-d27b-4705-b8c7-592b89508e12
12b04e6c-572b-4e16-8dc8-931e85bbac82,3b16b9a9-28b5-4421-a419-f2c0a580a622
cdf991ea-ceb5-4910-8a80-bfcbb8c0897d,9e87af73-6ec7-473e-86b9-93fc8311efba
31aea58a-71b1-43f7-a64b-524938128e6d,6ca59447-c208-40e3-ab57-7edb01549cbf
4583968a-dc74-43ac-b792-4652f58706de,ae92de86-1329-4de8-bbcc-f478e9f8628b
4583968a-dc74-43ac-b792-4652f58706de,9f6d5b2b-ac1c-4cc3-a7d1-7cedf98b7563
4583968a-dc74-43ac-b792-4652f58706de,fc1941db-1098-4bd5-a9c7-d9fe8b94172d
15d8480e-2bae-483f-a707-23e14e4b410f,6ca59447-c208-40e3-ab57-7edb01549cbf
c4138873-17ca-4ef4-8ee1-700cc291cdaa,6ff9e82a-0eff-4a28-b5c4-68f943508bf2
c4138873-17ca-4ef4-8ee1-700cc291cdaa,eddb9f19-4025-4f9a-8d44-a9bf94cb562e
ca9553a3-3e49-41be-9a95-d2e5ae844c51,6ca59447-c208-40e3-ab57-7edb01549cbf
e8dc266b-96f8-4b5a-aa81-7ad87f942120,402d7328-f91d-488a-ad1c-53ecfd349095
c153937f-841c-4603-94ae-5b267086d71e,fe8e1adf-281b-493b-a6ec-1b86629a19d7
d37e93fa-d200-4b44-a6dc-03448c3ddd50,6ca59447-c208-40e3-ab57-7edb01549cbf
d7069a14-5413-4353-bbcd-aca48002b2c9,20bc1485-d0c4-4b2b-b0b4-c282c203431a
dcf127c8-5b43-445f-9cb2-0be1fa282802,eddb9f19-4025-4f9a-8d44-a9bf94cb562e
7e318cc2-1476-41e7-ae2c-cb8fb76b319e,6bdd587c-344f-4fb7-b1c6-d48b8b15a2d1
a661ffe8-bd63-4d66-a30e-8e5000469461,e8a36e12-37a4-483d-be2e-2abcbbbbc70c
a7c48785-e97f-4150-a3a9-81b06b697586,c0616b1c-7741-4f55-9da3-7b115b34481c
226565a0-57fd-479e-b6bd-16c27356d655,6ca59447-c208-40e3-ab57-7edb01549cbf
38a13a41-0f60-4b2d-9a54-bf0156a8281f,992ae373-a9bc-4ae6-9d74-7082cf0a4c12
b647be2c-07be-4d33-90ee-e8de1567d753,386c578b-2a53-4c3a-b910-a980fb1773c0
f8148ce3-5ab4-45f0-92c7-295a2c228769,eddb9f19-4025-4f9a-8d44-a9bf94cb562e
c2369ac1-158c-4c55-b13f-8a101395c294,b41e3b3e-d27b-4705-b8c7-592b89508e12
03d4f806-ccd1-4f31-818a-a6c394d73001,e1f048ba-5b3e-4c91-9caf-28dca91525cf
bebc74f8-341e-41dd-bb30-3b92f23575ca,6ca59447-c208-40e3-ab57-7edb01549cbf
b4e93a70-a698-4044-a8e9-26e023e43504,992ae373-a9bc-4ae6-9d74-7082cf0a4c12
3fd93d38-1896-43a7-b1f9-7328a6fbd997,6ca59447-c208-40e3-ab57-7edb01549cbf
cdf991ea-ceb5-4910-8a80-bfcbb8c0897d,6e7ec579-d5fc-41c8-82f1-649532a23cb4
90e9524f-8d88-48c2-a294-82140fa661c3,6ca59447-c208-40e3-ab57-7edb01549cbf
cfe34ca5-b4c2-4f8a-804c-66d20a3142be,6ff9e82a-0eff-4a28-b5c4-68f943508bf2
e6a92d3d-939e-4d16-ac96-2e32ea66c3db,c7e9d8ec-9ba5-4048-82e7-c3d2ff02eb9b
c0cdc63a-7a60-4fcd-8807-d0a61582a94c,50d749ed-12a3-48bb-88a9-ac8403bdc400
77f3207f-4d7c-4da3-8cd1-a54f71c64908,5fc091c1-fa87-45b5-878f-8deb38c39f5e
5fa78a1b-2ca9-4892-93fb-b2f10905f068,1f33d527-6045-4358-afd9-602ae8644b43
e40b9d34-234f-4e0e-843d-79f1cc96380e,6bdd587c-344f-4fb7-b1c6-d48b8b15a2d1
e57ccfab-3a39-4e56-87e3-330672b9a92a,992ae373-a9bc-4ae6-9d74-7082cf0a4c12
e57ccfab-3a39-4e56-87e3-330672b9a92a,ae92de86-1329-4de8-bbcc-f478e9f8628b
d872b2ea-e9df-44b1-8ce4-8c0555109651,c0cdd49a-91fd-4557-95e5-236e2a601286
2a67384a-e3a6-4a86-a494-58ccc597807d,aa5350c6-5532-4604-b95c-938b8f7cb95c
9e93da17-7138-4b70-8290-cca8c6d0c944,3b16b9a9-28b5-4421-a419-f2c0a580a622
2366c832-c621-4d88-a5a6-22d840beb2dc,8d82500d-abce-4859-889f-991e369704e8
5b06d406-cbab-489d-9608-efbf460c550a,992ae373-a9bc-4ae6-9d74-7082cf0a4c12
932a9a81-e7cb-449c-ae82-76249583ec25,48b92705-c8ea-4e8e-9bc2-439bf30ce746
8e8b8e4f-b7e6-4541-bec8-4954e8b6673f,94d3c2e4-6c9d-45de-9663-14be2dcabf8d
dcdb8a04-23e8-4409-8805-22edd15f56f8,cde9a632-6add-43ce-8de9-84ce69637125
30328609-ed4d-4b3a-ab30-17857976b719,5fc091c1-fa87-45b5-878f-8deb38c39f5e
86920327-ac66-458f-be2f-6b89fb506606,6e7ec579-d5fc-41c8-82f1-649532a23cb4
a126263f-6ab3-439e-b73f-9544ca406bd6,c0616b1c-7741-4f55-9da3-7b115b34481c
08a7c425-24f2-439c-9022-1b67f61c8881,6359b0bf-3af6-44e9-bf13-71c9fe0ead77
a0b93851-9871-4b7f-8e73-3b07466ac351,992ae373-a9bc-4ae6-9d74-7082cf0a4c12
a0b93851-9871-4b7f-8e73-3b07466ac351,ae92de86-1329-4de8-bbcc-f478e9f8628b
401a2bc8-1698-4958-853c-2f79e48e2db5,8e47f6b9-4a44-4ce0-98bf-f3e7356fa1d2
ae0c87b3-e5cb-4102-b990-45fe586bba1d,d1c30f65-d081-40cd-91e8-193b4c51182a
8e840f54-f6a8-4a9d-acab-675b5e686bd8,41d62f31-a92e-4ff2-9981-41f3cf46ebeb
38e621be-0326-4e33-bb07-fbf6ee7aa8fa,5fc091c1-fa87-45b5-878f-8deb38c39f5e
c9de968f-2b84-4852-8282-91698fe71fbe,6ca59447-c208-40e3-ab57-7edb01549cbf
8f21f95d-1698-45e4-94ac-766c8e03c378,992ae373-a9bc-4ae6-9d74-7082cf0a4c12
8f21f95d-1698-45e4-94ac-766c8e03c378,ae92de86-1329-4de8-bbcc-f478e9f8628b
1feffa89-cbef-420a-88a6-6cf7addb6d60,2baf988b-c09f-420d-b2f1-07c3f3cb565b
22ff8fda-b235-4ac6-b57c-f4ee6ac0846c,dca26f5a-6485-43d1-9b87-82b066477f04
39b325c9-1a50-4cc9-9b88-115ab2533a45,d89699f6-85db-4def-8de6-14cb07eb2c43
39b325c9-1a50-4cc9-9b88-115ab2533a45,9e87af73-6ec7-473e-86b9-93fc8311efba
39b325c9-1a50-4cc9-9b88-115ab2533a45,41d62f31-a92e-4ff2-9981-41f3cf46ebeb
63292b9f-3f27-4472-bfa3-d13c608a08c3,3b16b9a9-28b5-4421-a419-f2c0a580a622
c5edee24-7a27-47ae-a780-35fe69461449,6ca59447-c208-40e3-ab57-7edb01549cbf
a6b85f00-71be-4faa-817a-2b40bad751bd,9d902a90-2e2d-4921-9d40-b5c18c6fe7ec
a6b85f00-71be-4faa-817a-2b40bad751bd,fe8e1adf-281b-493b-a6ec-1b86629a19d7
74dd1575-654d-42ad-843b-14731ee2c8a4,6ca59447-c208-40e3-ab57-7edb01549cbf
1dc2e7a4-0c9b-4a77-8567-75429af1e8f4,992ae373-a9bc-4ae6-9d74-7082cf0a4c12
1dc2e7a4-0c9b-4a77-8567-75429af1e8f4,6ff9e82a-0eff-4a28-b5c4-68f943508bf2
1dc2e7a4-0c9b-4a77-8567-75429af1e8f4,d89699f6-85db-4def-8de6-14cb07eb2c43
793e2b2a-41e2-4797-a9d6-4789a82476db,89816960-209a-4338-98c2-15cd395dd76b
bd35f625-583c-4698-9edb-8d488c362080,b1938d90-e95c-4a12-87a3-4e4e3b8b4658
a8e46246-1bf0-4437-a9e1-499817d6c859,dca26f5a-6485-43d1-9b87-82b066477f04
43270377-e47e-4f0f-858c-e8ebd0a2765e,402d7328-f91d-488a-ad1c-53ecfd349095
43270377-e47e-4f0f-858c-e8ebd0a2765e,6e7ec579-d5fc-41c8-82f1-649532a23cb4
359a6a20-ab73-42e4-a876-fd461577da3a,52d84173-882a-48bc-98c2-da35a45c13c1
2066ff79-f6a4-4cea-9563-6c7d8e36a6f4,6359b0bf-3af6-44e9-bf13-71c9fe0ead77
633dda87-88f3-43ab-8b1b-fb3321d48396,5fc091c1-fa87-45b5-878f-8deb38c39f5e
04c83eb0-d774-439f-bd59-3b8a1d2f4365,9e87af73-6ec7-473e-86b9-93fc8311efba
04c83eb0-d774-439f-bd59-3b8a1d2f4365,d89699f6-85db-4def-8de6-14cb07eb2c43
04c83eb0-d774-439f-bd59-3b8a1d2f4365,6e7ec579-d5fc-41c8-82f1-649532a23cb4
97b2d810-5029-473f-a71e-96f2d9cf07e7,943fa8e9-69df-4f6e-8e47-3a81150d8b3d
1f8f14ac-36ad-4e1a-bf0e-d9c09556191b,5fc091c1-fa87-45b5-878f-8deb38c39f5e
b05438b6-880f-4d2f-8018-ced8d12e3386,41d62f31-a92e-4ff2-9981-41f3cf46ebeb
66c8cc90-fb65-4aca-aed9-8a00315c4798,8d82500d-abce-4859-889f-991e369704e8
ad6e6aa0-389e-4218-b6a7-7d89b8237044,20bc1485-d0c4-4b2b-b0b4-c282c203431a
873a5837-3932-4d12-a2e8-2dbef60d96f6,dca26f5a-6485-43d1-9b87-82b066477f04
e2afccd8-4c98-4267-8041-ac0fbe3cdae2,1f33d527-6045-4358-afd9-602ae8644b43
34b86eec-7eb5-41cf-bf3e-185ca866569b,9e81cd13-e8cd-4e2a-93bc-7ab8e87c20d9
3c41fa59-2eb2-4911-97ef-c756605b724b,50d749ed-12a3-48bb-88a9-ac8403bdc400
3c7a3ed6-c6bf-4ec4-831e-ccb82652529a,8d82500d-abce-4859-889f-991e369704e8
44d7f336-632c-475e-8033-ce1303e56358,c1615e31-4a06-4e33-8d90-0d9273fbce91
e80c119f-5f98-402e-838c-9211ff843c0e,f4053f71-94b5-40b2-92bd-fb588127fe38
e80c119f-5f98-402e-838c-9211ff843c0e,1f33d527-6045-4358-afd9-602ae8644b43
adb8b9ad-4409-4680-9ec0-e82e290dd53f,50d749ed-12a3-48bb-88a9-ac8403bdc400
b9886b21-7819-4b0d-8b67-d441895b4c2f,4519ffb7-82ab-4f7a-b4b6-5fab503a5663
225bb077-8d41-40d3-9d70-4222febf81bc,cde9a632-6add-43ce-8de9-84ce69637125
3a849575-87e0-4acd-9ef4-5ae44a0033c0,5fc091c1-fa87-45b5-878f-8deb38c39f5e
a58e538f-3e2b-4f36-b1cd-04b2b5a0ce94,1f33d527-6045-4358-afd9-602ae8644b43
a58e538f-3e2b-4f36-b1cd-04b2b5a0ce94,d89699f6-85db-4def-8de6-14cb07eb2c43
500f610f-ced2-426c-9eca-bb04fa33a6ba,6ca59447-c208-40e3-ab57-7edb01549cbf
4b8e97e1-b0b6-4a82-be0c-329cdee6f1d6,fe8e1adf-281b-493b-a6ec-1b86629a19d7
4b8e97e1-b0b6-4a82-be0c-329cdee6f1d6,efde0ce9-21df-44b4-ba54-c6d738ec2e64
4b8e97e1-b0b6-4a82-be0c-329cdee6f1d6,9e87af73-6ec7-473e-86b9-93fc8311efba
4b8e97e1-b0b6-4a82-be0c-329cdee6f1d6,c9f904db-1282-4b70-a753-596160a1136a
9b461df4-57c8-4603-9e5a-6f90eed28238,6ca59447-c208-40e3-ab57-7edb01549cbf
50495446-9862-4401-97a4-29d2473bc084,6e7ec579-d5fc-41c8-82f1-649532a23cb4
90a1a362-c582-4065-8aff-2cbd653a94f6,992ae373-a9bc-4ae6-9d74-7082cf0a4c12
49289519-d585-4094-a1d5-241f544d5e25,6ca59447-c208-40e3-ab57-7edb01549cbf
c77f305b-74e4-4101-80d3-7033ec419623,eddb9f19-4025-4f9a-8d44-a9bf94cb562e
e14aff9e-114e-46c2-8534-59318f302676,6ca59447-c208-40e3-ab57-7edb01549cbf
3afa75b0-c840-414c-bd4c-f5eb9bdf9507,0a2353ed-3482-4163-9ca4-46e6cf6ab717
3afa75b0-c840-414c-bd4c-f5eb9bdf9507,d89699f6-85db-4def-8de6-14cb07eb2c43
8f706474-e404-4681-abc8-a5569b1f0632,6ca59447-c208-40e3-ab57-7edb01549cbf
e42a1e00-5304-4f5a-8bd9-26d5fb42b246,992ae373-a9bc-4ae6-9d74-7082cf0a4c12
e42a1e00-5304-4f5a-8bd9-26d5fb42b246,ae92de86-1329-4de8-bbcc-f478e9f8628b
e42a1e00-5304-4f5a-8bd9-26d5fb42b246,6ff9e82a-0eff-4a28-b5c4-68f943508bf2
99f38f69-3ecc-40a2-97c5-33c65b6efb60,af68b454-0781-4ba1-a037-4444038ef730
bcb7c452-3663-4783-aa2d-083e217380fc,3b16b9a9-28b5-4421-a419-f2c0a580a622
4b78fa07-af64-4975-b2a1-416160ec760f,41d62f31-a92e-4ff2-9981-41f3cf46ebeb
088c5e52-c7b0-462a-b4e5-e00ed4e190f9,6ca59447-c208-40e3-ab57-7edb01549cbf
ebf1bb62-cb13-4f4c-a43a-b1c684bcea0a,d8552976-9336-4818-a952-a6ada26a3006
ebf1bb62-cb13-4f4c-a43a-b1c684bcea0a,1f33d527-6045-4358-afd9-602ae8644b43
bf303f84-c60b-40d9-b2db-52a3acdaf50b,b4f75e2e-aded-4dd2-8b9c-740be0e9164d
65ff3dd1-4df8-4f78-9add-173b5042de68,1f33d527-6045-4358-afd9-602ae8644b43
314ccf85-62e3-49af-ba7e-07940bc27c22,8e47f6b9-4a44-4ce0-98bf-f3e7356fa1d2
0063a2a5-764c-4db5-8c4e-4a0ac6ad7919,6ca59447-c208-40e3-ab57-7edb01549cbf
1a041302-a5b5-44d9-98be-f74ebbdf227f,3ede1470-2ccd-442a-9411-0f2f431639e4
1a041302-a5b5-44d9-98be-f74ebbdf227f,571bec87-75f4-4fbd-bda4-05d7e7c4546b
1a041302-a5b5-44d9-98be-f74ebbdf227f,4233781b-0b6c-49b5-a398-eef49e34cd7c
07f0a3b0-5b5a-4951-894a-a8a592d1456f,6ccd09a6-df0b-427f-a639-7f3b30134426
4742168a-251d-4028-8049-518a4d168beb,386c578b-2a53-4c3a-b910-a980fb1773c0
4cf73915-f4ad-4573-85b2-cd783585cf6f,1f33d527-6045-4358-afd9-602ae8644b43
ddf6b77c-070f-4da2-b7c9-49b8a19fae2b,f0bb5458-7dbd-465f-b961-41c32297788d
2395caf5-ede7-4daf-baf7-6be459ca2242,f137d46d-5bac-404d-bfc9-d9fb8fc8a734
2395caf5-ede7-4daf-baf7-6be459ca2242,402d7328-f91d-488a-ad1c-53ecfd349095
79ccc3e2-3725-4bee-901c-f60961582a84,dc23b550-ff28-4b18-ae4c-dc17ca0235ab
0ed416dd-4455-48b2-8f5e-7ccd7f3656d7,9297f5e2-06f8-43dc-9765-87beb4350755
8810fc0a-9013-4be6-885e-5a01c9b7cbd3,af68b454-0781-4ba1-a037-4444038ef730
96c70219-940d-4a35-a7ee-9e2972576065,3b16b9a9-28b5-4421-a419-f2c0a580a622
5b781f33-a836-4c2f-b62c-2cc0fe66844b,41d62f31-a92e-4ff2-9981-41f3cf46ebeb
fdb0b93f-2a80-4947-aa66-b3f38c2f435b,6ca59447-c208-40e3-ab57-7edb01549cbf
dad44361-a260-4a5a-b4ab-a6ff989236b2,b47cb9fd-b9c9-4d77-916d-93ed0c1a1879
dad44361-a260-4a5a-b4ab-a6ff989236b2,ae92de86-1329-4de8-bbcc-f478e9f8628b
72fecee3-7abd-4718-86d9-994fd7e246a5,fe8e1adf-281b-493b-a6ec-1b86629a19d7
863bd6fd-c465-42c1-96e3-b2dd75ab2eda,6ca59447-c208-40e3-ab57-7edb01549cbf
1ca89234-5356-4458-b473-8775f195223d,6ca59447-c208-40e3-ab57-7edb01549cbf
d0c5520e-18b5-4417-aac7-ba91a6eb9167,d89699f6-85db-4def-8de6-14cb07eb2c43
d0c5520e-18b5-4417-aac7-ba91a6eb9167,a02e22cb-d235-4e41-99c0-73d63c06157e
d0c5520e-18b5-4417-aac7-ba91a6eb9167,571bec87-75f4-4fbd-bda4-05d7e7c4546b
db5e0178-ea66-4095-813f-82e9ac3b17b5,6ca59447-c208-40e3-ab57-7edb01549cbf
d0c17bd1-087b-44cd-bea5-ce6fbc6a9ba4,d8552976-9336-4818-a952-a6ada26a3006
a72fc2eb-3512-402e-8f23-e5b640a1c738,992ae373-a9bc-4ae6-9d74-7082cf0a4c12
a72fc2eb-3512-402e-8f23-e5b640a1c738,eddb9f19-4025-4f9a-8d44-a9bf94cb562e
cf60a63a-acbd-4f80-a0a8-85c5f32f4fa9,6ca59447-c208-40e3-ab57-7edb01549cbf
7c37e08c-dbfb-44e7-abba-b9978f04659d,6ca59447-c208-40e3-ab57-7edb01549cbf
816d8a04-c857-450f-a01a-58bd95dc033e,992ae373-a9bc-4ae6-9d74-7082cf0a4c12
816d8a04-c857-450f-a01a-58bd95dc033e,eddb9f19-4025-4f9a-8d44-a9bf94cb562e
ca0f23e0-ced1-4614-b7bf-5bd1a5a5dbf4,7a8e0e9d-28f2-40d7-8696-9db0a75a628d
abdc57ed-dd1a-4bc9-b84e-578bda8873e5,b41e3b3e-d27b-4705-b8c7-592b89508e12
a320c2ad-7335-427d-ba0a-a67f1cf5ac39,1f33d527-6045-4358-afd9-602ae8644b43
a320c2ad-7335-427d-ba0a-a67f1cf5ac39,9e87af73-6ec7-473e-86b9-93fc8311efba
52271874-a221-4e36-9059-7a5094d55bd7,c7e9d8ec-9ba5-4048-82e7-c3d2ff02eb9b
98d9ed8e-6cd4-40f2-93ef-a3c936b63fec,c0616b1c-7741-4f55-9da3-7b115b34481c
97e339e4-e3e0-4e5e-8490-a2c4cc32fa50,992ae373-a9bc-4ae6-9d74-7082cf0a4c12
97e339e4-e3e0-4e5e-8490-a2c4cc32fa50,6ff9e82a-0eff-4a28-b5c4-68f943508bf2
d496571b-29dc-44fc-b0ad-6d4fd1f40e30,c0616b1c-7741-4f55-9da3-7b115b34481c
449b6f70-31d5-466b-90b8-d0b53feb092d,6bdd587c-344f-4fb7-b1c6-d48b8b15a2d1
c7a47144-a21a-48cb-afe3-9631967914ac,1f33d527-6045-4358-afd9-602ae8644b43
04467edf-123a-4796-8155-5db86a608db9,0d262eed-551e-45d0-983c-bca05eabe980
4488fc55-6902-4dcb-a8f5-0fdb254f6846,21d8739d-25f6-48b7-a909-14d59848db24
7d33dd61-9d6d-4512-81e9-d3d307e05fc8,0956065f-f830-46ce-8db3-7c82b0df46c0
d141954d-7aa8-4cda-aff0-80e337a797f4,6359b0bf-3af6-44e9-bf13-71c9fe0ead77
bee9963b-91a9-4462-b771-1db16d297de9,6bdd587c-344f-4fb7-b1c6-d48b8b15a2d1
488bda17-5a5c-41f1-b3e0-3ddf81fe9bbe,3bf75b18-e479-43ff-b40e-b33f5996a5c4
488bda17-5a5c-41f1-b3e0-3ddf81fe9bbe,1f33d527-6045-4358-afd9-602ae8644b43
488bda17-5a5c-41f1-b3e0-3ddf81fe9bbe,d89699f6-85db-4def-8de6-14cb07eb2c43
b8259897-e978-4652-b315-6a5d1150b693,6bdd587c-344f-4fb7-b1c6-d48b8b15a2d1
ed0d495d-5667-4574-bd2f-c1f52ecc38de,e8a36e12-37a4-483d-be2e-2abcbbbbc70c
c27c6152-ac16-47ad-ae28-f34d714bdb83,6ca59447-c208-40e3-ab57-7edb01549cbf
129047c3-de88-4fc0-9984-3158ab60c59d,b213ee87-7a56-4876-ab1a-677ef56efede
eed14456-25c0-45c7-aaad-120c5b5276d1,6ca59447-c208-40e3-ab57-7edb01549cbf
dbe907d9-6e4a-4654-ab60-056f1d81fe9d,0663a94d-7fc1-4427-9cdd-86e299c0fe86
51fabac0-412a-4e24-bcef-12e6fce03721,af68b454-0781-4ba1-a037-4444038ef730
3d93b56f-0f40-4881-8d71-00fa7445b86e,3b16b9a9-28b5-4421-a419-f2c0a580a622
d147c727-eff5-45d2-aed1-2ad01ed03ef0,992ae373-a9bc-4ae6-9d74-7082cf0a4c12
d147c727-eff5-45d2-aed1-2ad01ed03ef0,1f33d527-6045-4358-afd9-602ae8644b43
f5fe8585-1435-4460-afb3-ed9e111f7a2c,8e47f6b9-4a44-4ce0-98bf-f3e7356fa1d2
e7053cbb-6acc-4b7d-905b-43cc754b32c5,b4f75e2e-aded-4dd2-8b9c-740be0e9164d
8d902f21-1551-4eff-bcf0-d951797c7719,4c9945e5-4487-40d3-ac4d-0f39caa452c4
8d902f21-1551-4eff-bcf0-d951797c7719,992ae373-a9bc-4ae6-9d74-7082cf0a4c12
8d902f21-1551-4eff-bcf0-d951797c7719,fc1941db-1098-4bd5-a9c7-d9fe8b94172d
97b6c8ea-63be-4da0-8977-7c846887cdc1,10ff94b7-bad0-4bf5-a0cd-921c05b38863
aacb1142-11b1-41a9-810b-9501dfa6899d,1e196050-b600-4580-be68-9b797e9f4849
2a8a0914-5efb-435d-873b-b840b21b0b6f,ff41c6fa-d1d3-461e-bc14-61438d2fe7d4
8ab8e8e2-061e-48c5-9490-0befb6a6ef5a,6bdd587c-344f-4fb7-b1c6-d48b8b15a2d1
cbc5a5fe-537d-4124-9caf-2070da4e0175,eddb9f19-4025-4f9a-8d44-a9bf94cb562e
cbc5a5fe-537d-4124-9caf-2070da4e0175,0a2353ed-3482-4163-9ca4-46e6cf6ab717
cbc5a5fe-537d-4124-9caf-2070da4e0175,1f33d527-6045-4358-afd9-602ae8644b43
0fb5e186-c216-45eb-ae3f-d23fe21884ff,6ca59447-c208-40e3-ab57-7edb01549cbf
e3367e00-b991-46c5-884a-bb240d6ff7b9,992ae373-a9bc-4ae6-9d74-7082cf0a4c12
e3367e00-b991-46c5-884a-bb240d6ff7b9,6ff9e82a-0eff-4a28-b5c4-68f943508bf2
09b98da2-857b-467e-8319-6846bedd8baa,6ca59447-c208-40e3-ab57-7edb01549cbf
0afc9ac6-5019-4aa2-be30-18cc16fbf3ec,992ae373-a9bc-4ae6-9d74-7082cf0a4c12
0afc9ac6-5019-4aa2-be30-18cc16fbf3ec,ae92de86-1329-4de8-bbcc-f478e9f8628b
0afc9ac6-5019-4aa2-be30-18cc16fbf3ec,6ff9e82a-0eff-4a28-b5c4-68f943508bf2
5c35cd02-ac69-4f2d-a1a1-42361b20de00,6ca59447-c208-40e3-ab57-7edb01549cbf
c84d3d02-5c0a-44b9-987c-7720f67c29ca,992ae373-a9bc-4ae6-9d74-7082cf0a4c12
c84d3d02-5c0a-44b9-987c-7720f67c29ca,ae92de86-1329-4de8-bbcc-f478e9f8628b
5abcc418-8d1f-4cdd-b186-60262e00298a,6ca59447-c208-40e3-ab57-7edb01549cbf
9677cd49-a7a8-4f64-88a3-fac51a8590a3,6e7ec579-d5fc-41c8-82f1-649532a23cb4
baf99c15-33af-4f6a-bf57-b5a3e2c4d710,d1c30f65-d081-40cd-91e8-193b4c51182a
3bea9968-c8d6-4b3f-92b3-16e19c7b8b1b,992ae373-a9bc-4ae6-9d74-7082cf0a4c12
0a464bd6-8ce3-4c14-a4f1-3858b7752e2c,c7e9d8ec-9ba5-4048-82e7-c3d2ff02eb9b
940ec124-b819-4759-b0cf-d8c27944c10d,6ca59447-c208-40e3-ab57-7edb01549cbf
e6ba6ded-f02f-4bc1-8e39-a423812bf7ca,eddb9f19-4025-4f9a-8d44-a9bf94cb562e
e6ba6ded-f02f-4bc1-8e39-a423812bf7ca,992ae373-a9bc-4ae6-9d74-7082cf0a4c12
e6ba6ded-f02f-4bc1-8e39-a423812bf7ca,72f27659-ea6c-40a3-9f2d-dfe7d82c853b
af630702-89bc-4abc-9d2b-768fc82072e9,6ca59447-c208-40e3-ab57-7edb01549cbf
50135484-cd3f-4ac9-b17e-d6ca3d2bc11a,992ae373-a9bc-4ae6-9d74-7082cf0a4c12
5662872e-6824-486a-947b-745f8b09a4b9,3d947f3c-fa03-4667-b09a-25a8f2db2adb
c77e6f74-3198-4ac7-9eb7-7404600feb49,1bcd244a-c2a5-4a4e-8572-b7459305a8b1
06068703-090c-4b7f-a150-313ca68f0c31,386c578b-2a53-4c3a-b910-a980fb1773c0
3b5cf3ac-a5d3-47b8-ace8-a4346cffaa13,eddb9f19-4025-4f9a-8d44-a9bf94cb562e
3b5cf3ac-a5d3-47b8-ace8-a4346cffaa13,1f33d527-6045-4358-afd9-602ae8644b43
ff801dfd-5c70-4831-b055-f9d50b8b9c6e,992ae373-a9bc-4ae6-9d74-7082cf0a4c12
ff801dfd-5c70-4831-b055-f9d50b8b9c6e,fc1941db-1098-4bd5-a9c7-d9fe8b94172d
679d29f9-81f9-4cc7-a850-560ff1f32242,6ca59447-c208-40e3-ab57-7edb01549cbf
787a014b-15d2-4ce6-b9b8-c08e07aba702,1f33d527-6045-4358-afd9-602ae8644b43
787a014b-15d2-4ce6-b9b8-c08e07aba702,fc1941db-1098-4bd5-a9c7-d9fe8b94172d
fdd31286-1ee9-416e-980b-416bdeba7162,0d89cd97-9e1b-4cb3-89fc-6773540db9e8
6b866c75-e930-4230-9ddb-7a0f57b13f4d,d89699f6-85db-4def-8de6-14cb07eb2c43
6b866c75-e930-4230-9ddb-7a0f57b13f4d,4c9945e5-4487-40d3-ac4d-0f39caa452c4
6b866c75-e930-4230-9ddb-7a0f57b13f4d,1f33d527-6045-4358-afd9-602ae8644b43
288355ae-e0f0-4b5c-9215-b510b20c57d6,6bdd587c-344f-4fb7-b1c6-d48b8b15a2d1
9ea49054-494c-4c20-b7d6-4ddfe7d3a01b,ca64a6a5-167f-4dc6-a828-596ec7fb7bcf
d4fcc6d6-dd78-4afd-bb35-0e1baa1512e2,6ca59447-c208-40e3-ab57-7edb01549cbf
1b29ca40-54e0-407b-8c04-4fcadb5d9de8,f137d46d-5bac-404d-bfc9-d9fb8fc8a734
b2580fca-1787-4718-8529-15da83205e84,dca26f5a-6485-43d1-9b87-82b066477f04
08332d71-c37f-40e9-beb9-72f0ddad7775,992ae373-a9bc-4ae6-9d74-7082cf0a4c12
08332d71-c37f-40e9-beb9-72f0ddad7775,41d62f31-a92e-4ff2-9981-41f3cf46ebeb
35625d35-72d1-48c5-aa89-0a24d6e30355,9e81cd13-e8cd-4e2a-93bc-7ab8e87c20d9
d756a464-f6c8-421c-be9b-ba765d4f7bbc,ca64a6a5-167f-4dc6-a828-596ec7fb7bcf
c8702847-a306-42df-a20a-e389bc83419e,50d749ed-12a3-48bb-88a9-ac8403bdc400
1cf2e0c3-b73d-40cd-b53e-d4c608ee5358,f137d46d-5bac-404d-bfc9-d9fb8fc8a734
1cf2e0c3-b73d-40cd-b53e-d4c608ee5358,72f27659-ea6c-40a3-9f2d-dfe7d82c853b
1cf2e0c3-b73d-40cd-b53e-d4c608ee5358,d89699f6-85db-4def-8de6-14cb07eb2c43
66f42fd8-600d-4a36-9fbd-cebf6b630538,ac2f7cb8-fe85-4eec-9dbd-11aab73b200d
2a3b4aec-d4b6-44f5-a24c-b17c5b25a9ab,40193610-2542-4d28-a63f-078467cb7f0a
0220e9d1-b4ed-48fd-80d6-c9b786e5c9b2,421187bb-ba8c-445a-a03c-e17ed8a34c0f
0220e9d1-b4ed-48fd-80d6-c9b786e5c9b2,992ae373-a9bc-4ae6-9d74-7082cf0a4c12
0220e9d1-b4ed-48fd-80d6-c9b786e5c9b2,1f33d527-6045-4358-afd9-602ae8644b43
2c56c949-31bd-4a7c-947f-8f0a2c7e904e,f5ae86d6-7b29-42fb-b3b0-3b474b2978f5
668b2814-0250-42f9-8094-8a0bbaacc53d,02257903-92fa-4ef4-8ba7-12758b989472
4b880fd5-5246-4615-a7aa-aadd4d7e3b8b,2a5e73d9-7acc-4ad2-8d42-61fdcc1b5c4d
fb36183e-1ddf-48b5-98f2-8910ebc4e7da,d89699f6-85db-4def-8de6-14cb07eb2c43
fb36183e-1ddf-48b5-98f2-8910ebc4e7da,41d62f31-a92e-4ff2-9981-41f3cf46ebeb
e843d3ce-0253-4aaa-a6eb-88f3c414165f,3b16b9a9-28b5-4421-a419-f2c0a580a622
e33fe77c-d0bf-48b7-8c6a-ec22d8dadff2,6ca59447-c208-40e3-ab57-7edb01549cbf
2bd93310-63e7-43f9-9a33-4d892d360994,992ae373-a9bc-4ae6-9d74-7082cf0a4c12
2bd93310-63e7-43f9-9a33-4d892d360994,9d902a90-2e2d-4921-9d40-b5c18c6fe7ec
7a73ce32-cc75-4a0d-987a-4946ab86f351,c0616b1c-7741-4f55-9da3-7b115b34481c
1f651620-ddbd-4953-bba2-86bda4e0b20a,c0616b1c-7741-4f55-9da3-7b115b34481c
dbb5963f-d00d-4c53-a17d-25731e1e56af,a02e22cb-d235-4e41-99c0-73d63c06157e
dbb5963f-d00d-4c53-a17d-25731e1e56af,1f33d527-6045-4358-afd9-602ae8644b43
dbb5963f-d00d-4c53-a17d-25731e1e56af,1fa3719f-7f49-43d3-9416-c38e10968ac8
d238d211-190c-4375-ae11-127b995ea916,0956065f-f830-46ce-8db3-7c82b0df46c0
375ef275-3c7e-45db-b7da-a4f99b69c925,abc6c08b-0d8b-4b68-9a5e-18e8122308ca
1eb8b6d3-9406-41fb-ad59-180ab7d14fec,3b16b9a9-28b5-4421-a419-f2c0a580a622
88d5ac08-25c3-4c0f-9e3c-3634f961287d,d89699f6-85db-4def-8de6-14cb07eb2c43
88d5ac08-25c3-4c0f-9e3c-3634f961287d,41d62f31-a92e-4ff2-9981-41f3cf46ebeb
30cd4071-530c-43c7-87e7-834bdc6f0a91,6ca59447-c208-40e3-ab57-7edb01549cbf
a97ae52e-f4a2-4382-a29a-2d7233886378,992ae373-a9bc-4ae6-9d74-7082cf0a4c12
fe2f5982-911b-48ba-8738-463a791682ef,636ec317-4c7e-4140-949e-b81cdece4be4
d2638227-52a2-43b1-90f5-6a1191c4f4bb,1f33d527-6045-4358-afd9-602ae8644b43
d2638227-52a2-43b1-90f5-6a1191c4f4bb,c9f904db-1282-4b70-a753-596160a1136a
f5117f1d-e149-4424-94c9-35e38b49b7fa,e1f048ba-5b3e-4c91-9caf-28dca91525cf
5d5d1ab4-d411-47d0-bcda-d757dd9a7cc7,6b0712f7-178e-473d-8bc6-3ca8e50b9053
1b3c8578-844c-4bb6-9308-6afd5a0b97d5,207fe291-5f03-43cd-b528-0e897e3a3159
7b90e92e-b4c7-4785-83fc-0556a80c14c9,992ae373-a9bc-4ae6-9d74-7082cf0a4c12
7b90e92e-b4c7-4785-83fc-0556a80c14c9,41d62f31-a92e-4ff2-9981-41f3cf46ebeb
b1477e37-acfa-4c7f-acce-27fe286c61c7,386c578b-2a53-4c3a-b910-a980fb1773c0
a8978643-bc93-449b-adf0-a6f19c82a81d,6ca59447-c208-40e3-ab57-7edb01549cbf
2874d68a-3384-4cf9-b102-90044b069d8c,9d902a90-2e2d-4921-9d40-b5c18c6fe7ec
2874d68a-3384-4cf9-b102-90044b069d8c,eddb9f19-4025-4f9a-8d44-a9bf94cb562e
4a02d6a2-bd12-4e50-b8a7-7210e1f92d6a,6ca59447-c208-40e3-ab57-7edb01549cbf
6b9e3679-a6fe-4fb6-b193-abbbca65d581,9e87af73-6ec7-473e-86b9-93fc8311efba
fc1de11f-3655-4214-baeb-884e76707376,6ca59447-c208-40e3-ab57-7edb01549cbf
15b7e171-1c05-459d-b2dc-b17c6abc0701,992ae373-a9bc-4ae6-9d74-7082cf0a4c12
15b7e171-1c05-459d-b2dc-b17c6abc0701,9f6d5b2b-ac1c-4cc3-a7d1-7cedf98b7563
799e4f9c-3e37-4e2d-be2a-36707ea52cd7,c0616b1c-7741-4f55-9da3-7b115b34481c
1a35b1e0-54d8-488d-a0b1-6d19d2e14dfc,c0616b1c-7741-4f55-9da3-7b115b34481c
18673231-f69a-48f1-b755-e4c578c9bc67,1f33d527-6045-4358-afd9-602ae8644b43
18673231-f69a-48f1-b755-e4c578c9bc67,992ae373-a9bc-4ae6-9d74-7082cf0a4c12
18f94ac2-6cc8-4082-b53c-c34ea487464e,6ca59447-c208-40e3-ab57-7edb01549cbf
36f9fae2-15fd-4802-b9a8-5338e5a9bb2f,992ae373-a9bc-4ae6-9d74-7082cf0a4c12
36f9fae2-15fd-4802-b9a8-5338e5a9bb2f,eddb9f19-4025-4f9a-8d44-a9bf94cb562e
36f9fae2-15fd-4802-b9a8-5338e5a9bb2f,1f33d527-6045-4358-afd9-602ae8644b43
0509d858-130f-4394-a3f8-826ac4b6f1ac,6ca59447-c208-40e3-ab57-7edb01549cbf
ae9f3991-a18e-4f34-b5a4-e34b09ade257,c12e9df5-302b-490d-8ee4-c29cb2b55541
ae9f3991-a18e-4f34-b5a4-e34b09ade257,9d902a90-2e2d-4921-9d40-b5c18c6fe7ec
03903ef1-213b-4163-b797-b3f31e484622,3d947f3c-fa03-4667-b09a-25a8f2db2adb
e42dbcc4-6a0c-4ab2-a0aa-f7fc7d1172d9,6359b0bf-3af6-44e9-bf13-71c9fe0ead77
31ed1ad7-f29b-4361-a6f9-42caebfa7940,992ae373-a9bc-4ae6-9d74-7082cf0a4c12
31ed1ad7-f29b-4361-a6f9-42caebfa7940,b47cb9fd-b9c9-4d77-916d-93ed0c1a1879
e59f1e73-f59a-471f-b8a0-9774634fc327,6ca59447-c208-40e3-ab57-7edb01549cbf
01915c43-cdbe-4295-82f7-bdc9f1fc96a0,992ae373-a9bc-4ae6-9d74-7082cf0a4c12
01915c43-cdbe-4295-82f7-bdc9f1fc96a0,eddb9f19-4025-4f9a-8d44-a9bf94cb562e
01915c43-cdbe-4295-82f7-bdc9f1fc96a0,72f27659-ea6c-40a3-9f2d-dfe7d82c853b
dbcf8cf0-7c6c-49fe-935c-8cfa674235fe,6ca59447-c208-40e3-ab57-7edb01549cbf
fe1d8a35-9b5a-435d-af40-08e93967dce8,992ae373-a9bc-4ae6-9d74-7082cf0a4c12
fe1d8a35-9b5a-435d-af40-08e93967dce8,9d902a90-2e2d-4921-9d40-b5c18c6fe7ec
f0844f27-bf06-416a-ac7f-c71e6a69a1e3,50d749ed-12a3-48bb-88a9-ac8403bdc400
2651e710-5301-4f94-8c7e-f1174732b6eb,cc81e6bc-9247-4f0e-9eb4-ca3900ac7217
b37048b3-9214-4d38-a0fb-4d41dc6e2072,eddb9f19-4025-4f9a-8d44-a9bf94cb562e
6359c14b-f591-41de-a7b3-dcedd61a16ba,6ca59447-c208-40e3-ab57-7edb01549cbf
1067bf1a-3fc1-4c79-ac9d-1f5981baa010,992ae373-a9bc-4ae6-9d74-7082cf0a4c12
1067bf1a-3fc1-4c79-ac9d-1f5981baa010,ae92de86-1329-4de8-bbcc-f478e9f8628b
1067bf1a-3fc1-4c79-ac9d-1f5981baa010,9f6d5b2b-ac1c-4cc3-a7d1-7cedf98b7563
4201b176-0d0c-450f-b5f2-f655f8ea5d09,2baf988b-c09f-420d-b2f1-07c3f3cb565b
fd3d02d4-724d-4ecd-a5fc-2587e4e81ca4,20bc1485-d0c4-4b2b-b0b4-c282c203431a
d62cd73f-9336-4e0d-b7ea-0532e6c2ff71,9d902a90-2e2d-4921-9d40-b5c18c6fe7ec
d62cd73f-9336-4e0d-b7ea-0532e6c2ff71,1f33d527-6045-4358-afd9-602ae8644b43
d62cd73f-9336-4e0d-b7ea-0532e6c2ff71,eddb9f19-4025-4f9a-8d44-a9bf94cb562e
d62cd73f-9336-4e0d-b7ea-0532e6c2ff71,d89699f6-85db-4def-8de6-14cb07eb2c43
7502e4dc-d4f8-42dd-8bbc-b2f8f3d55df3,6ca59447-c208-40e3-ab57-7edb01549cbf
2c552b42-e231-44ff-966d-1a8051978a2c,992ae373-a9bc-4ae6-9d74-7082cf0a4c12
2c552b42-e231-44ff-966d-1a8051978a2c,6ff9e82a-0eff-4a28-b5c4-68f943508bf2
2c552b42-e231-44ff-966d-1a8051978a2c,efde0ce9-21df-44b4-ba54-c6d738ec2e64
4d79313b-d38a-4f4f-b708-1087297daae7,fe8e1adf-281b-493b-a6ec-1b86629a19d7
28fc5c51-4b60-41b8-8fa1-ab26f025cf74,6ca59447-c208-40e3-ab57-7edb01549cbf
61047fb0-2203-4e81-8d6b-8ee7f252df2a,0956065f-f830-46ce-8db3-7c82b0df46c0
603c3d3f-b979-48c3-8989-505cc484aa42,7a8e0e9d-28f2-40d7-8696-9db0a75a628d
47470c90-cc5a-41ac-9af2-3d03ee1968ff,ae92de86-1329-4de8-bbcc-f478e9f8628b
47470c90-cc5a-41ac-9af2-3d03ee1968ff,1f33d527-6045-4358-afd9-602ae8644b43
ea68abbf-b87f-4d3a-a346-36676e4e05f5,6ca59447-c208-40e3-ab57-7edb01549cbf
9d562954-18dc-4615-95c4-ed729f31a9a2,1f33d527-6045-4358-afd9-602ae8644b43
09a0d4ae-1dec-49db-b94c-8db2c9a24882,6ca59447-c208-40e3-ab57-7edb01549cbf
04bee710-37a7-4d58-a81f-691f2b50df73,992ae373-a9bc-4ae6-9d74-7082cf0a4c12
04bee710-37a7-4d58-a81f-691f2b50df73,ae92de86-1329-4de8-bbcc-f478e9f8628b
f59f26d0-609b-4eac-a8ab-a7fe0b794d62,6fe661aa-ffec-44c5-8de9-c80eef106e6b
3578ed83-3838-4e29-acbb-e8b80fe15670,28408059-9560-428c-be43-378a604ac3e8
b5a4767a-6c0f-462b-971d-cdac88ff3bf6,d89699f6-85db-4def-8de6-14cb07eb2c43
b5a4767a-6c0f-462b-971d-cdac88ff3bf6,1f33d527-6045-4358-afd9-602ae8644b43
7e64ba41-adfe-46d6-beb8-2934103bbdf0,ed75086e-ad87-42df-b512-6dba1ac50161
57ff0473-fe07-4571-bde1-bd6547a5b459,3b16b9a9-28b5-4421-a419-f2c0a580a622
b37048b3-9214-4d38-a0fb-4d41dc6e2072,41d62f31-a92e-4ff2-9981-41f3cf46ebeb
b37048b3-9214-4d38-a0fb-4d41dc6e2072,992ae373-a9bc-4ae6-9d74-7082cf0a4c12
b37048b3-9214-4d38-a0fb-4d41dc6e2072,0a2353ed-3482-4163-9ca4-46e6cf6ab717
bf653a69-4545-4acb-ad7f-71fd1b7de5b1,09469f3b-ef30-4f6b-9f7a-40f44037e953
1186732d-dc49-4bfb-8b0b-4abd705e02cb,6ca59447-c208-40e3-ab57-7edb01549cbf
5ee140ac-6bc6-42e2-ba2c-28970e0c60fc,0a2353ed-3482-4163-9ca4-46e6cf6ab717
5ee140ac-6bc6-42e2-ba2c-28970e0c60fc,992ae373-a9bc-4ae6-9d74-7082cf0a4c12
10858cc6-b394-4146-8a3f-6e1dd9124aa5,6ca59447-c208-40e3-ab57-7edb01549cbf
635b1c26-756a-4f6b-8b52-f73bac20b425,d89699f6-85db-4def-8de6-14cb07eb2c43
635b1c26-756a-4f6b-8b52-f73bac20b425,1f33d527-6045-4358-afd9-602ae8644b43
96d6eece-6be7-4838-a1c0-853985e2db29,cde9a632-6add-43ce-8de9-84ce69637125
9add93d6-ff3f-4aa4-b7ea-8250a9073928,1f33d527-6045-4358-afd9-602ae8644b43
9add93d6-ff3f-4aa4-b7ea-8250a9073928,992ae373-a9bc-4ae6-9d74-7082cf0a4c12
83c8d7f0-9f05-409b-9f29-f3e05d7d0749,5fc091c1-fa87-45b5-878f-8deb38c39f5e
70a854df-2f4d-4403-b0d6-cac0ed3bc4f8,c0616b1c-7741-4f55-9da3-7b115b34481c
b1026fe6-40a2-4e12-b5aa-c14042d05e90,c0616b1c-7741-4f55-9da3-7b115b34481c
529a8ea2-b406-499a-ad87-84381766ad48,992ae373-a9bc-4ae6-9d74-7082cf0a4c12
216984e8-ce6b-47ca-bd63-bb09af057056,6ca59447-c208-40e3-ab57-7edb01549cbf
e5fdc10d-f3b3-427b-a633-b73df1479bba,f137d46d-5bac-404d-bfc9-d9fb8fc8a734
c6eca99b-1ed8-4b67-9c20-eb54274469ee,6ca59447-c208-40e3-ab57-7edb01549cbf
144cd7c5-890b-47d0-b1c9-ff942fd2df9a,992ae373-a9bc-4ae6-9d74-7082cf0a4c12
144cd7c5-890b-47d0-b1c9-ff942fd2df9a,eddb9f19-4025-4f9a-8d44-a9bf94cb562e
6fd207ed-9627-40b5-b158-f0a2c1208eec,6ca59447-c208-40e3-ab57-7edb01549cbf
c3893494-042e-45e7-8205-dfd503a672c2,6ff9e82a-0eff-4a28-b5c4-68f943508bf2
c3893494-042e-45e7-8205-dfd503a672c2,992ae373-a9bc-4ae6-9d74-7082cf0a4c12
2c54f8bb-53bb-4b9b-b220-99a314b698a4,6ca59447-c208-40e3-ab57-7edb01549cbf
fc5d73fb-1180-4b83-965f-9bfeb23244b0,6ff9e82a-0eff-4a28-b5c4-68f943508bf2
39a24d25-5333-4d1e-9937-a4d01daf3f6b,6ca59447-c208-40e3-ab57-7edb01549cbf
652cda32-229a-4eec-a5e9-b8c055c399ad,0f795c5c-53c8-4974-a826-e83132dd5671
fedc4c2b-7a45-41f4-9c6a-c74b8e41aa02,2baf988b-c09f-420d-b2f1-07c3f3cb565b
f3f704e1-81af-4e3d-aef1-faaa9da2b12d,6e7ec579-d5fc-41c8-82f1-649532a23cb4
f3f704e1-81af-4e3d-aef1-faaa9da2b12d,6ff9e82a-0eff-4a28-b5c4-68f943508bf2
21504d0e-94b2-4679-8f95-c5f6e5819ee7,20bc1485-d0c4-4b2b-b0b4-c282c203431a
3e48ac96-9637-4e39-a13c-73f993378793,05189b57-cd02-4472-9e21-bd3b54ab5dd6
79116a1e-1a16-41f9-820c-f1d49d549a2a,5fc091c1-fa87-45b5-878f-8deb38c39f5e
8e650b47-217c-45f4-9cf2-a1e5a4fa29be,d89699f6-85db-4def-8de6-14cb07eb2c43
8e650b47-217c-45f4-9cf2-a1e5a4fa29be,9e87af73-6ec7-473e-86b9-93fc8311efba
8e650b47-217c-45f4-9cf2-a1e5a4fa29be,1f33d527-6045-4358-afd9-602ae8644b43
8e650b47-217c-45f4-9cf2-a1e5a4fa29be,ea9c0ea2-5081-4036-bf32-b37dfc5c8301
17f9e19a-1ef4-4dd5-986e-44d64813903b,3b16b9a9-28b5-4421-a419-f2c0a580a622
3d643159-7bae-40c3-a15f-df4bfffe7d55,6b0712f7-178e-473d-8bc6-3ca8e50b9053
beb8ac27-7d2e-4d51-957d-bb632f6e19ea,207fe291-5f03-43cd-b528-0e897e3a3159
d2503559-f25f-4c8f-b03c-d185649df5f1,41d62f31-a92e-4ff2-9981-41f3cf46ebeb
d2503559-f25f-4c8f-b03c-d185649df5f1,f4053f71-94b5-40b2-92bd-fb588127fe38
f31b76e6-81f5-4262-b16a-0e196f95376d,386c578b-2a53-4c3a-b910-a980fb1773c0
8147aa1c-988d-4e4d-b3f3-9edf57190040,4519ffb7-82ab-4f7a-b4b6-5fab503a5663
acc9990a-f640-4f86-81d7-28b3e2e7df8a,6ca59447-c208-40e3-ab57-7edb01549cbf
b8b1ef57-325b-4ed1-ab60-20b2eae58d0e,efde0ce9-21df-44b4-ba54-c6d738ec2e64
b8b1ef57-325b-4ed1-ab60-20b2eae58d0e,992ae373-a9bc-4ae6-9d74-7082cf0a4c12
b8b1ef57-325b-4ed1-ab60-20b2eae58d0e,9d902a90-2e2d-4921-9d40-b5c18c6fe7ec
23d47445-1366-4b97-8665-4258b292d93c,cde9a632-6add-43ce-8de9-84ce69637125
e97d0b4b-74e3-41f5-bdca-2542ea8f5269,5fc091c1-fa87-45b5-878f-8deb38c39f5e
308604af-ae58-4f59-9079-e10efdab2287,1f33d527-6045-4358-afd9-602ae8644b43
308604af-ae58-4f59-9079-e10efdab2287,992ae373-a9bc-4ae6-9d74-7082cf0a4c12
308604af-ae58-4f59-9079-e10efdab2287,6ff9e82a-0eff-4a28-b5c4-68f943508bf2
308604af-ae58-4f59-9079-e10efdab2287,9d902a90-2e2d-4921-9d40-b5c18c6fe7ec
3ca28448-3b9d-46fc-8c90-40b3df9d4e37,6ca59447-c208-40e3-ab57-7edb01549cbf
bad5474f-19e6-40c7-b9f7-c0884b19066a,992ae373-a9bc-4ae6-9d74-7082cf0a4c12
bad5474f-19e6-40c7-b9f7-c0884b19066a,6ff9e82a-0eff-4a28-b5c4-68f943508bf2
bad5474f-19e6-40c7-b9f7-c0884b19066a,9f6d5b2b-ac1c-4cc3-a7d1-7cedf98b7563
cf75bd28-32c7-4e1b-804d-5249b8a77494,6ca59447-c208-40e3-ab57-7edb01549cbf
29b6c032-8238-4624-8a92-73099fec826e,992ae373-a9bc-4ae6-9d74-7082cf0a4c12
29b6c032-8238-4624-8a92-73099fec826e,fc1941db-1098-4bd5-a9c7-d9fe8b94172d
307e305a-5963-47ad-acd4-158dbc08cd48,e47cd590-4bd7-4399-a7ec-b5c1838ed835
36068015-1afd-431d-9631-0e6c389e5156,abc6c08b-0d8b-4b68-9a5e-18e8122308ca
db003567-49a9-477c-9ab1-b88efe32dbcb,cc81e6bc-9247-4f0e-9eb4-ca3900ac7217
398b5ef2-5f37-43b7-bff4-e2fa94b49919,eddb9f19-4025-4f9a-8d44-a9bf94cb562e
398b5ef2-5f37-43b7-bff4-e2fa94b49919,d8552976-9336-4818-a952-a6ada26a3006
d00ca0e7-5eb8-4d07-b38b-c5bce89d84d2,b4f75e2e-aded-4dd2-8b9c-740be0e9164d
c943ea4e-6a65-48fa-af4a-3cf0a6708c89,1f33d527-6045-4358-afd9-602ae8644b43
0b6c8757-5156-47bd-a42d-cc5fd141c482,8e47f6b9-4a44-4ce0-98bf-f3e7356fa1d2
b38a4e37-c925-4e06-9b77-d4e8fe65921c,bd521a9e-13b6-4c06-bac1-bc263ff9a172
bfaeb47a-f301-4e3e-a64c-b75129bafae2,03361f27-53e9-4b05-8323-5824a02f071a
67b84e10-f99d-49ab-8467-9d3327a0155d,6ccd09a6-df0b-427f-a639-7f3b30134426
d6465ef7-31bb-4e86-9014-94989dcff535,8d82500d-abce-4859-889f-991e369704e8
af32089d-72ce-4d94-bb6c-e5e39128b2bf,992ae373-a9bc-4ae6-9d74-7082cf0a4c12
af32089d-72ce-4d94-bb6c-e5e39128b2bf,72f27659-ea6c-40a3-9f2d-dfe7d82c853b
e85ae000-33ed-466a-9b82-5f79bc308ac9,21d8739d-25f6-48b7-a909-14d59848db24
3b3a74ed-8d03-498d-8fea-4272ed52a15b,992ae373-a9bc-4ae6-9d74-7082cf0a4c12
3b3a74ed-8d03-498d-8fea-4272ed52a15b,f137d46d-5bac-404d-bfc9-d9fb8fc8a734
eb3f3116-ef29-4ce3-b19b-805c51dbc2ce,ec2041c0-abc0-43e0-b203-b9c87571eacb
3cec79b9-019e-436b-a851-e86b413dda83,28408059-9560-428c-be43-378a604ac3e8
fabd7e53-a266-4943-b539-1ebcdf72cfab,207fe291-5f03-43cd-b528-0e897e3a3159
74844505-0a3f-4a3d-844d-9f0fb2dda2cc,0a2353ed-3482-4163-9ca4-46e6cf6ab717
74844505-0a3f-4a3d-844d-9f0fb2dda2cc,d89699f6-85db-4def-8de6-14cb07eb2c43
715e36dd-5faa-42db-b6ed-1d7bc18685f6,1e196050-b600-4580-be68-9b797e9f4849
bb70138a-bd45-4ea6-9e10-37375d82647d,12e1702a-7623-4b11-a224-44601b67328c
9e883968-8808-434b-8297-50207de44ece,91f5ef84-d09b-4a54-a729-b6abe973e128
2a49d89c-cb04-4baf-8e8a-0c866b1f8361,3b16b9a9-28b5-4421-a419-f2c0a580a622
4736beef-f85d-4b2b-ba22-35bc77e2f030,1f33d527-6045-4358-afd9-602ae8644b43
071102e5-0877-42aa-ad5f-d2716a4371e0,6ca59447-c208-40e3-ab57-7edb01549cbf
66fad0a2-0b3e-4869-af27-ecab0070c181,992ae373-a9bc-4ae6-9d74-7082cf0a4c12
66fad0a2-0b3e-4869-af27-ecab0070c181,9f6d5b2b-ac1c-4cc3-a7d1-7cedf98b7563
bf9a7dcc-b1ea-4a95-bd59-8845b68049c1,992ae373-a9bc-4ae6-9d74-7082cf0a4c12
bf9a7dcc-b1ea-4a95-bd59-8845b68049c1,6ff9e82a-0eff-4a28-b5c4-68f943508bf2
f225990c-d800-4c0c-893e-36237bb3bb11,6ca59447-c208-40e3-ab57-7edb01549cbf
2a701316-9abf-446e-8916-69ba5c4fae30,6ca59447-c208-40e3-ab57-7edb01549cbf
15555485-f575-471a-8740-a717f675b656,1f33d527-6045-4358-afd9-602ae8644b43
15555485-f575-471a-8740-a717f675b656,992ae373-a9bc-4ae6-9d74-7082cf0a4c12
a580c474-18a5-49dd-ab6f-70ae37ee4a6d,e1f048ba-5b3e-4c91-9caf-28dca91525cf
c6219411-d7f2-4137-b42a-44eb8944c477,636ec317-4c7e-4140-949e-b81cdece4be4
622eab3d-9c8e-4bd4-b669-eb960c0572ec,1f33d527-6045-4358-afd9-602ae8644b43
622eab3d-9c8e-4bd4-b669-eb960c0572ec,6ff9e82a-0eff-4a28-b5c4-68f943508bf2
562b41bb-d6e4-4d1c-9bf8-37dd13c78c8f,b5489408-529d-4ff3-bc71-57bc4e093158
6e78300b-bd55-4b04-b35b-7973cfaec3bc,abc6c08b-0d8b-4b68-9a5e-18e8122308ca
aba70e71-7723-43cc-aa4f-ae4d97aacde5,6bdd587c-344f-4fb7-b1c6-d48b8b15a2d1
8f2fe4c8-37c2-423a-8a28-7d77421de33e,1f33d527-6045-4358-afd9-602ae8644b43
5542f5bb-263d-4fc4-9e56-bf5d689c9273,6ca59447-c208-40e3-ab57-7edb01549cbf
46eb828f-c38d-4e5a-a7e7-28b00255559d,992ae373-a9bc-4ae6-9d74-7082cf0a4c12
46eb828f-c38d-4e5a-a7e7-28b00255559d,72f27659-ea6c-40a3-9f2d-dfe7d82c853b
46eb828f-c38d-4e5a-a7e7-28b00255559d,eddb9f19-4025-4f9a-8d44-a9bf94cb562e
8fea60c5-9d40-4034-a953-419ba8de40fb,f413d6b6-6542-41fc-940c-6177cf5606aa
c803c3a4-8ff1-43bd-a001-604af4ff0dea,386c578b-2a53-4c3a-b910-a980fb1773c0
d96f81ab-293c-459a-a708-c6592976bd01,9d902a90-2e2d-4921-9d40-b5c18c6fe7ec
d96f81ab-293c-459a-a708-c6592976bd01,c4cb37e8-fe1c-4d2b-b0b5-f04a69925d8f
d96f81ab-293c-459a-a708-c6592976bd01,a02e22cb-d235-4e41-99c0-73d63c06157e
d96f81ab-293c-459a-a708-c6592976bd01,6e7ec579-d5fc-41c8-82f1-649532a23cb4
af1706db-29a4-402a-ac1e-5a0080889949,6ca59447-c208-40e3-ab57-7edb01549cbf
f1c9a167-69f4-4f4e-8ec4-29cf11c75257,992ae373-a9bc-4ae6-9d74-7082cf0a4c12
f1c9a167-69f4-4f4e-8ec4-29cf11c75257,3ede1470-2ccd-442a-9411-0f2f431639e4
f1c9a167-69f4-4f4e-8ec4-29cf11c75257,4233781b-0b6c-49b5-a398-eef49e34cd7c
750baf29-2ed5-49ac-9050-6e2435e9be87,d1c30f65-d081-40cd-91e8-193b4c51182a
bc906cef-8b8a-43e0-a0a1-45d47f9a6885,992ae373-a9bc-4ae6-9d74-7082cf0a4c12
bc906cef-8b8a-43e0-a0a1-45d47f9a6885,eddb9f19-4025-4f9a-8d44-a9bf94cb562e
e13c6233-4cf5-46c0-948f-f261d15905c9,c7e9d8ec-9ba5-4048-82e7-c3d2ff02eb9b
b366ba8e-e11d-4ce6-8fff-b188354c26f6,b41e3b3e-d27b-4705-b8c7-592b89508e12
c9984775-b86f-4814-8929-aac96422adae,6ff9e82a-0eff-4a28-b5c4-68f943508bf2
5d1a7ad6-194f-4eb0-81f9-cb567ae85949,05189b57-cd02-4472-9e21-bd3b54ab5dd6
633a3150-ccb6-44af-afcf-a5eed29f8255,2baf988b-c09f-420d-b2f1-07c3f3cb565b
250083d0-678b-41e0-b44f-66e8c666389c,20bc1485-d0c4-4b2b-b0b4-c282c203431a
2fdcad0c-9662-47ac-98d4-c694ac30485e,992ae373-a9bc-4ae6-9d74-7082cf0a4c12
2fdcad0c-9662-47ac-98d4-c694ac30485e,1f33d527-6045-4358-afd9-602ae8644b43
2fdcad0c-9662-47ac-98d4-c694ac30485e,eddb9f19-4025-4f9a-8d44-a9bf94cb562e
2fdcad0c-9662-47ac-98d4-c694ac30485e,72f27659-ea6c-40a3-9f2d-dfe7d82c853b
8ffec0bc-967c-4213-b03d-a330dfa54ba3,992ae373-a9bc-4ae6-9d74-7082cf0a4c12
8ffec0bc-967c-4213-b03d-a330dfa54ba3,f137d46d-5bac-404d-bfc9-d9fb8fc8a734
381351a3-46cb-44ff-8534-635a16d38c33,6ca59447-c208-40e3-ab57-7edb01549cbf
fb28b901-5b98-44bf-8ca6-9bbdca0db4a8,6ff9e82a-0eff-4a28-b5c4-68f943508bf2
fb28b901-5b98-44bf-8ca6-9bbdca0db4a8,1f33d527-6045-4358-afd9-602ae8644b43
fb28b901-5b98-44bf-8ca6-9bbdca0db4a8,9d902a90-2e2d-4921-9d40-b5c18c6fe7ec
de6cf807-961f-410d-813a-5d6f95852733,6ca59447-c208-40e3-ab57-7edb01549cbf
8b2513bc-2859-418a-a7b2-b6c35ef7d955,1e0f1986-faed-4875-a21d-c3454979c0ff
3aaa9a7d-42af-40d7-a462-a3e7579eb564,91f5ef84-d09b-4a54-a729-b6abe973e128
c687341e-5d3d-4892-b84b-cedee9813cd9,21d8739d-25f6-48b7-a909-14d59848db24
6da12423-310c-4d97-a665-c882087bbfe7,d89699f6-85db-4def-8de6-14cb07eb2c43
6da12423-310c-4d97-a665-c882087bbfe7,41d62f31-a92e-4ff2-9981-41f3cf46ebeb
6da12423-310c-4d97-a665-c882087bbfe7,f4053f71-94b5-40b2-92bd-fb588127fe38
04786fef-46f0-4493-ab3a-7b5f5b160ea6,3b16b9a9-28b5-4421-a419-f2c0a580a622
326612bd-dff9-4cd2-8047-1b9abbdff39b,cde9a632-6add-43ce-8de9-84ce69637125
9a4d3ff1-3852-4bc4-9a07-7e2774e1f30f,5fc091c1-fa87-45b5-878f-8deb38c39f5e
f3fba913-ae79-4f24-bccc-6425088f0610,1f33d527-6045-4358-afd9-602ae8644b43
f3fba913-ae79-4f24-bccc-6425088f0610,eddb9f19-4025-4f9a-8d44-a9bf94cb562e
712d701f-240e-41d2-9d28-4581431fb124,6ca59447-c208-40e3-ab57-7edb01549cbf
cc6a581b-29d1-422a-bf21-b455dbcc19c0,992ae373-a9bc-4ae6-9d74-7082cf0a4c12
53473a9b-3d84-4b56-806b-b43bdedcbc4d,89816960-209a-4338-98c2-15cd395dd76b
202c426b-7068-4224-bee9-aa7a2c52b8ca,9297f5e2-06f8-43dc-9765-87beb4350755
d6330594-87e4-4ce7-bd2c-b1c6e6f929f4,636ec317-4c7e-4140-949e-b81cdece4be4
ffadcab4-d834-4470-962d-b7a318fe5b62,6e7ec579-d5fc-41c8-82f1-649532a23cb4
ffadcab4-d834-4470-962d-b7a318fe5b62,f4053f71-94b5-40b2-92bd-fb588127fe38
28ec5a4a-11e8-4c4c-a4b0-1b7c13c1c0af,3b16b9a9-28b5-4421-a419-f2c0a580a622
57f6c8af-897a-4b6e-a150-1cb2d8145695,dc23b550-ff28-4b18-ae4c-dc17ca0235ab
5578c308-c289-4c09-81b0-957027d543cc,9297f5e2-06f8-43dc-9765-87beb4350755
2a577963-f84f-4245-8904-906c928833c1,1f33d527-6045-4358-afd9-602ae8644b43
536c9e88-8d45-4806-a76c-d9753fac9565,c1615e31-4a06-4e33-8d90-0d9273fbce91
3ce8f381-d57b-4896-aac8-a126fb8c7a1d,992ae373-a9bc-4ae6-9d74-7082cf0a4c12
3ce8f381-d57b-4896-aac8-a126fb8c7a1d,6ff9e82a-0eff-4a28-b5c4-68f943508bf2
8fafefdd-dc10-4933-891d-307f0c605baf,c7e9d8ec-9ba5-4048-82e7-c3d2ff02eb9b
994a511b-1faa-4e28-9c53-897b7646c9c9,d1c30f65-d081-40cd-91e8-193b4c51182a
58e9fed7-9b22-4d1d-9ea2-abe9f18c4ec0,1f33d527-6045-4358-afd9-602ae8644b43
58e9fed7-9b22-4d1d-9ea2-abe9f18c4ec0,6ff9e82a-0eff-4a28-b5c4-68f943508bf2
58e9fed7-9b22-4d1d-9ea2-abe9f18c4ec0,0a2353ed-3482-4163-9ca4-46e6cf6ab717
a0134040-a766-472e-9952-e07d20552ff4,992ae373-a9bc-4ae6-9d74-7082cf0a4c12
eb01b0b5-b060-4e6b-bd3d-ea854fc683df,6ca59447-c208-40e3-ab57-7edb01549cbf
da17d5c5-bd4a-470a-840c-4ab1226a7f7e,07ca7e6e-9e19-4657-8a03-f8c68d078a6e
88607823-c440-49df-a694-7f196a990cfc,5fc091c1-fa87-45b5-878f-8deb38c39f5e
1b1c207f-b840-40b8-87fc-bfdbdc2a58ba,386c578b-2a53-4c3a-b910-a980fb1773c0
540252ff-6e34-438c-a952-21b1d8004daf,992ae373-a9bc-4ae6-9d74-7082cf0a4c12
30b9139c-7b0a-4cf1-8574-161c317a7f07,07ca7e6e-9e19-4657-8a03-f8c68d078a6e
f71ffe1f-2503-473d-8cae-47b95391f399,f77c85d9-e35a-426d-a5eb-256816aafe9f
d65cfe55-ffed-4c7f-92ab-c6b7f74b4228,ac105c9f-574b-4e17-bfcb-4ff03a5ab227
4f6dc64b-46e3-440f-9614-f400ea2305c3,643d43fe-baa8-4b50-937f-1afb03bd76e9
7c5cf976-44e3-47ec-8437-6e5feadaaaf0,6ca59447-c208-40e3-ab57-7edb01549cbf
47e6034e-ba50-45cc-bb49-2edabe2c5ef5,992ae373-a9bc-4ae6-9d74-7082cf0a4c12
47e6034e-ba50-45cc-bb49-2edabe2c5ef5,6ff9e82a-0eff-4a28-b5c4-68f943508bf2
0d0e96a3-ed89-43dc-a4a1-f46c9e1cf27c,b4f75e2e-aded-4dd2-8b9c-740be0e9164d
636bc75a-3818-417c-a56e-4d1e79b7c999,8e47f6b9-4a44-4ce0-98bf-f3e7356fa1d2
56a49e4e-6275-4fcf-8450-7b9bcd8202cd,9f6d5b2b-ac1c-4cc3-a7d1-7cedf98b7563
40ad7593-4132-431f-b4d9-f8293930d429,3d947f3c-fa03-4667-b09a-25a8f2db2adb
b794cec9-d3c7-4a14-8214-c64b674c43f3,6359b0bf-3af6-44e9-bf13-71c9fe0ead77
256df901-c211-48d8-be2a-2ea0740d8a2b,1fa3719f-7f49-43d3-9416-c38e10968ac8
256df901-c211-48d8-be2a-2ea0740d8a2b,1f33d527-6045-4358-afd9-602ae8644b43
6b946802-490c-4745-856a-c8727f688bfd,6ca59447-c208-40e3-ab57-7edb01549cbf
6c522e80-6777-4220-b64b-f7b306f74a48,992ae373-a9bc-4ae6-9d74-7082cf0a4c12
6a95e58a-fa6d-4203-b307-5a5c6db8f5fb,5fc091c1-fa87-45b5-878f-8deb38c39f5e
8d7929e9-2f2f-4e95-923a-bcfccabcaaeb,fc1941db-1098-4bd5-a9c7-d9fe8b94172d
695d6fc5-cc3a-441d-9bc8-41d5d36a7fbd,d89699f6-85db-4def-8de6-14cb07eb2c43
331238df-2c38-479c-97a5-6cbbf5399fe5,cde9a632-6add-43ce-8de9-84ce69637125
95720eca-7e9b-41a5-9593-5798a130a0d3,8e47f6b9-4a44-4ce0-98bf-f3e7356fa1d2
3fb521d1-0e56-409f-b2de-c6c5f29b04b1,91f5ef84-d09b-4a54-a729-b6abe973e128
21afc86e-46b1-458e-8bd4-1e494b4512c1,3bf75b18-e479-43ff-b40e-b33f5996a5c4
21afc86e-46b1-458e-8bd4-1e494b4512c1,6e7ec579-d5fc-41c8-82f1-649532a23cb4
093ae6bc-686f-4b46-8692-6a662ab6b9b5,dca26f5a-6485-43d1-9b87-82b066477f04
438be95b-d5a4-4561-965b-7e60f4a4c822,992ae373-a9bc-4ae6-9d74-7082cf0a4c12
438be95b-d5a4-4561-965b-7e60f4a4c822,0a2353ed-3482-4163-9ca4-46e6cf6ab717
332a0521-0a81-4bce-82b3-13d3bea99b16,6ca59447-c208-40e3-ab57-7edb01549cbf
cfdb50c6-09b0-4460-bf51-fc5178ea6a2c,992ae373-a9bc-4ae6-9d74-7082cf0a4c12
cfdb50c6-09b0-4460-bf51-fc5178ea6a2c,d8552976-9336-4818-a952-a6ada26a3006
cfdb50c6-09b0-4460-bf51-fc5178ea6a2c,9f6d5b2b-ac1c-4cc3-a7d1-7cedf98b7563
7376892c-ce84-41c5-8e99-62977a37cacd,6ca59447-c208-40e3-ab57-7edb01549cbf
b188d16d-253b-4cf1-9f60-7b015bc8d4e0,6ca59447-c208-40e3-ab57-7edb01549cbf
3d6dcf70-fc9e-4161-8723-9a364c349c1c,d8552976-9336-4818-a952-a6ada26a3006
c2d56cf0-c9b6-4c59-8a8f-55d7d11df411,6ca59447-c208-40e3-ab57-7edb01549cbf
e7dfef0e-60f3-4118-8404-6b1125c39c5f,1f33d527-6045-4358-afd9-602ae8644b43
0fd78bfb-a6a0-4195-85f1-af38eb8d6672,48b92705-c8ea-4e8e-9bc2-439bf30ce746
e405b77b-49df-47de-af7c-c90e3154f061,cc81e6bc-9247-4f0e-9eb4-ca3900ac7217
637bff8b-70f0-44c2-8662-e26216b39639,992ae373-a9bc-4ae6-9d74-7082cf0a4c12
637bff8b-70f0-44c2-8662-e26216b39639,eddb9f19-4025-4f9a-8d44-a9bf94cb562e
637bff8b-70f0-44c2-8662-e26216b39639,5115a7f4-c481-4f49-bf54-506badb69a95
da689388-aac5-47ca-ad5c-af05f3bdc65f,3d947f3c-fa03-4667-b09a-25a8f2db2adb
fec0bc61-7aa1-4c34-9156-82ac98054218,6359b0bf-3af6-44e9-bf13-71c9fe0ead77
0480366b-a02b-49f5-a304-94281cb4f2fb,eddb9f19-4025-4f9a-8d44-a9bf94cb562e
0480366b-a02b-49f5-a304-94281cb4f2fb,992ae373-a9bc-4ae6-9d74-7082cf0a4c12
0480366b-a02b-49f5-a304-94281cb4f2fb,1f33d527-6045-4358-afd9-602ae8644b43
dec32f48-17cb-4bf6-829e-57952e883f2e,6ca59447-c208-40e3-ab57-7edb01549cbf
17d8935b-936a-4750-b7bf-61f6372783ba,0a2353ed-3482-4163-9ca4-46e6cf6ab717
17d8935b-936a-4750-b7bf-61f6372783ba,efde0ce9-21df-44b4-ba54-c6d738ec2e64
89e1e216-ff18-4b2d-92d1-b6274ef03dac,89816960-209a-4338-98c2-15cd395dd76b
8b8a1883-bec9-4fd3-8ab7-5c7707e3dfcf,207fe291-5f03-43cd-b528-0e897e3a3159
69eba746-a11c-4c8a-ae0c-c188ad216412,1f33d527-6045-4358-afd9-602ae8644b43
5faa0f34-e5db-4fe8-96ef-15ed37c2a877,3b16b9a9-28b5-4421-a419-f2c0a580a622
4e756bdb-6e1b-4a16-8961-33988c4d3bd3,992ae373-a9bc-4ae6-9d74-7082cf0a4c12
4e756bdb-6e1b-4a16-8961-33988c4d3bd3,1f33d527-6045-4358-afd9-602ae8644b43
b22f018a-1843-4513-ba50-e06ec75c7302,992ae373-a9bc-4ae6-9d74-7082cf0a4c12
7a32f61d-0cb5-41b9-9988-f5a1219c343e,6ca59447-c208-40e3-ab57-7edb01549cbf
f8ec9c6f-7f90-4dd9-b2f7-d43edf5bb6a5,421187bb-ba8c-445a-a03c-e17ed8a34c0f
f8ec9c6f-7f90-4dd9-b2f7-d43edf5bb6a5,571bec87-75f4-4fbd-bda4-05d7e7c4546b
f8ec9c6f-7f90-4dd9-b2f7-d43edf5bb6a5,0a2353ed-3482-4163-9ca4-46e6cf6ab717
0fff3e18-9846-4014-8dbe-643c67d87ca6,6ca59447-c208-40e3-ab57-7edb01549cbf
e53b8a09-72ad-49bb-bfb7-475620d4630f,2407e3fc-726a-44f3-8344-0d8da811e1b8
2136f840-30c9-4bfd-8f9b-f1c293286279,2cac3d2f-fb6d-4fee-a989-09105ff99178
61a2ff46-aab0-4ae2-bb5a-a04e811d1e16,992ae373-a9bc-4ae6-9d74-7082cf0a4c12
61a2ff46-aab0-4ae2-bb5a-a04e811d1e16,1f33d527-6045-4358-afd9-602ae8644b43
26eafea8-a245-45e7-9426-2ce1cf84fbea,6ca59447-c208-40e3-ab57-7edb01549cbf
66af8a40-695d-4d99-9c9b-3aaca9b92b1c,571bec87-75f4-4fbd-bda4-05d7e7c4546b
66af8a40-695d-4d99-9c9b-3aaca9b92b1c,d89699f6-85db-4def-8de6-14cb07eb2c43
66af8a40-695d-4d99-9c9b-3aaca9b92b1c,f4053f71-94b5-40b2-92bd-fb588127fe38
3ee4e534-2b4b-4fd0-ac59-a7b74ba49b27,6ca59447-c208-40e3-ab57-7edb01549cbf
ff92ae5c-da63-4d32-8914-345e92d3d699,992ae373-a9bc-4ae6-9d74-7082cf0a4c12
ff92ae5c-da63-4d32-8914-345e92d3d699,ae92de86-1329-4de8-bbcc-f478e9f8628b
72ba291c-f2c1-4618-b493-15eda0c0830d,af68b454-0781-4ba1-a037-4444038ef730
c3d95ad7-1579-403d-b6cb-8a2cd83d2c31,9e87af73-6ec7-473e-86b9-93fc8311efba
c3d95ad7-1579-403d-b6cb-8a2cd83d2c31,6e7ec579-d5fc-41c8-82f1-649532a23cb4
37ff989b-4b2e-4482-a03d-5f0397ac6669,3b16b9a9-28b5-4421-a419-f2c0a580a622
f3d4e118-a6a7-4825-a36b-30cb3b10697c,6ca59447-c208-40e3-ab57-7edb01549cbf
15d0ef28-df09-4912-b9e6-2b7ba8c030aa,992ae373-a9bc-4ae6-9d74-7082cf0a4c12
15d0ef28-df09-4912-b9e6-2b7ba8c030aa,72f27659-ea6c-40a3-9f2d-dfe7d82c853b
15d0ef28-df09-4912-b9e6-2b7ba8c030aa,ae92de86-1329-4de8-bbcc-f478e9f8628b
15d0ef28-df09-4912-b9e6-2b7ba8c030aa,eddb9f19-4025-4f9a-8d44-a9bf94cb562e
c29a4d44-45a1-4fd2-b436-6665ab3cb562,6359b0bf-3af6-44e9-bf13-71c9fe0ead77
0538819d-eb47-49b2-bc3f-a2523fdc5a25,0a2353ed-3482-4163-9ca4-46e6cf6ab717
5454993d-d191-4885-8693-df8a0c2cfe5a,3d947f3c-fa03-4667-b09a-25a8f2db2adb
70abff31-fd46-41e4-8420-295716e251bf,6ca59447-c208-40e3-ab57-7edb01549cbf
f81a0699-eac5-4de9-80b6-d3a6daea3e05,992ae373-a9bc-4ae6-9d74-7082cf0a4c12
56ecab4e-7de5-45d6-aecf-1ff7236e9678,52d84173-882a-48bc-98c2-da35a45c13c1
de32582b-e0bd-4782-9e17-1fe00be70fc4,abc6c08b-0d8b-4b68-9a5e-18e8122308ca
bba7855e-3407-4e70-a658-4eb56a4e0a49,3b16b9a9-28b5-4421-a419-f2c0a580a622
2c912248-d6dd-48d4-aee5-0cc37e30c91d,992ae373-a9bc-4ae6-9d74-7082cf0a4c12
90031765-2679-4e44-b23b-9054fdc5e452,6ca59447-c208-40e3-ab57-7edb01549cbf
50f0c84d-d42d-40ed-98f2-75c779f3dc2f,992ae373-a9bc-4ae6-9d74-7082cf0a4c12
50f0c84d-d42d-40ed-98f2-75c779f3dc2f,ae92de86-1329-4de8-bbcc-f478e9f8628b
50f0c84d-d42d-40ed-98f2-75c779f3dc2f,6ff9e82a-0eff-4a28-b5c4-68f943508bf2
50f0c84d-d42d-40ed-98f2-75c779f3dc2f,5115a7f4-c481-4f49-bf54-506badb69a95
aa9a15ca-f643-4a4b-8ed8-ca981cf3574c,0956065f-f830-46ce-8db3-7c82b0df46c0
1cc0a791-8474-4d01-a5f6-ad4e5210de13,0d89cd97-9e1b-4cb3-89fc-6773540db9e8
b8ac6aba-ab75-4db5-89e4-2c330265a2c7,1f33d527-6045-4358-afd9-602ae8644b43
33a63374-36b6-413e-86ab-cc5fb5cf9c84,3b16b9a9-28b5-4421-a419-f2c0a580a622
ef57b1c1-10e9-415b-b7a2-8f2beda56947,6ca59447-c208-40e3-ab57-7edb01549cbf
f5d02025-0347-4f3b-8d4c-d4e603af42d0,eddb9f19-4025-4f9a-8d44-a9bf94cb562e
f5d02025-0347-4f3b-8d4c-d4e603af42d0,992ae373-a9bc-4ae6-9d74-7082cf0a4c12
f5d02025-0347-4f3b-8d4c-d4e603af42d0,ae92de86-1329-4de8-bbcc-f478e9f8628b
ee3bca75-2118-43c2-81e2-41cf5f60f488,ca64a6a5-167f-4dc6-a828-596ec7fb7bcf
5f5d23e3-1a6f-4a65-8790-48aaa4f25734,50d749ed-12a3-48bb-88a9-ac8403bdc400
9732e4f4-7e16-479c-9560-1f65faa5c9ee,ae92de86-1329-4de8-bbcc-f478e9f8628b
9732e4f4-7e16-479c-9560-1f65faa5c9ee,eddb9f19-4025-4f9a-8d44-a9bf94cb562e
2217d7ed-5b24-4068-bf9f-3c572e71dbaf,b1938d90-e95c-4a12-87a3-4e4e3b8b4658
881d197b-568f-400c-8a2d-58ef10572d1e,2a5e73d9-7acc-4ad2-8d42-61fdcc1b5c4d
2de51414-d2cd-4765-abb5-99d1b8ff7646,b41e3b3e-d27b-4705-b8c7-592b89508e12
a50d959a-d430-414a-8b3d-5306925fe68c,386c578b-2a53-4c3a-b910-a980fb1773c0
4307283b-dd19-4a7a-b088-cb5578d095af,643d43fe-baa8-4b50-937f-1afb03bd76e9
1c5f7202-efbe-4dfa-9220-7f651ead4dce,eddb9f19-4025-4f9a-8d44-a9bf94cb562e
45cc7fac-8465-4e9f-ac86-eea44106aa34,1f33d527-6045-4358-afd9-602ae8644b43
45cc7fac-8465-4e9f-ac86-eea44106aa34,f4053f71-94b5-40b2-92bd-fb588127fe38
4de3d3f6-36c1-4315-9663-76f8844afbcb,c1615e31-4a06-4e33-8d90-0d9273fbce91
d59b1164-a50b-468c-8876-9797bf59a814,8d82500d-abce-4859-889f-991e369704e8
8d07a349-95db-43c3-93e0-7c6a35c8a135,6ca59447-c208-40e3-ab57-7edb01549cbf
1dc25a66-bf9c-4fec-b264-d13a42241c6d,992ae373-a9bc-4ae6-9d74-7082cf0a4c12
1dc25a66-bf9c-4fec-b264-d13a42241c6d,eddb9f19-4025-4f9a-8d44-a9bf94cb562e
1dc25a66-bf9c-4fec-b264-d13a42241c6d,72f27659-ea6c-40a3-9f2d-dfe7d82c853b
1dc25a66-bf9c-4fec-b264-d13a42241c6d,0a2353ed-3482-4163-9ca4-46e6cf6ab717
1dc25a66-bf9c-4fec-b264-d13a42241c6d,fc1941db-1098-4bd5-a9c7-d9fe8b94172d
f2191ee9-8839-4a1f-b516-e6f1231cdf92,6ca59447-c208-40e3-ab57-7edb01549cbf
eed2fc28-344c-4ce8-b889-68e48dff67f8,d89699f6-85db-4def-8de6-14cb07eb2c43
48e959f0-3ec3-4e9c-92eb-5fbcb1a60f34,92a75c62-556e-4861-bd75-a29497ddf8cb
591d7517-79d2-4919-a2ca-8b6e9aee13af,0d89cd97-9e1b-4cb3-89fc-6773540db9e8
b901f2fc-188a-4ed6-b1e0-6f0bb73e310e,386c578b-2a53-4c3a-b910-a980fb1773c0
c6d5c985-11c4-4d41-ba5d-ba90d10c93a5,eddb9f19-4025-4f9a-8d44-a9bf94cb562e
c6d5c985-11c4-4d41-ba5d-ba90d10c93a5,0a2353ed-3482-4163-9ca4-46e6cf6ab717
c6d5c985-11c4-4d41-ba5d-ba90d10c93a5,1fa3719f-7f49-43d3-9416-c38e10968ac8
e73a85c2-0742-4182-9e9c-00b8b6a01bf2,91f5ef84-d09b-4a54-a729-b6abe973e128
4f3610ed-71ef-4bd8-8def-c89773b308c7,6ccd09a6-df0b-427f-a639-7f3b30134426
619f78b0-71dd-4687-bc67-78285dc1d0be,eddb9f19-4025-4f9a-8d44-a9bf94cb562e
7ccd4441-c0af-49be-9bad-db8f55bce5ac,643d43fe-baa8-4b50-937f-1afb03bd76e9
aab97261-875c-47e3-8e29-38309694cd07,af68b454-0781-4ba1-a037-4444038ef730
8bc3f9ac-22ff-42ef-9a06-7eb17bac3654,3b16b9a9-28b5-4421-a419-f2c0a580a622
a303282d-d032-4a48-92fa-a5940e2eb94a,d89699f6-85db-4def-8de6-14cb07eb2c43
a303282d-d032-4a48-92fa-a5940e2eb94a,1f33d527-6045-4358-afd9-602ae8644b43
a9e70a13-73b9-4346-89fb-a6c351bd0590,992ae373-a9bc-4ae6-9d74-7082cf0a4c12
08f047ce-720b-44be-9ae9-4d01b964ab92,6ca59447-c208-40e3-ab57-7edb01549cbf
b2b1a30b-df2c-4631-8418-419ec1749438,6ca59447-c208-40e3-ab57-7edb01549cbf
c9b336f1-d80e-446d-bb00-56721ccf3b54,6ff9e82a-0eff-4a28-b5c4-68f943508bf2
76b6a067-2c88-428d-9cb7-1f5c1a65f2a7,ff41c6fa-d1d3-461e-bc14-61438d2fe7d4
da7941f4-9212-4ee9-95f6-4be844793857,0663a94d-7fc1-4427-9cdd-86e299c0fe86
da7941f4-9212-4ee9-95f6-4be844793857,f137d46d-5bac-404d-bfc9-d9fb8fc8a734
1413bbb4-abbe-47fa-b15c-c044e83d6f99,fe5f9116-b18a-42bb-bead-1f0a20aae294
f4df8831-a163-4558-868b-14d0c297ee88,b5489408-529d-4ff3-bc71-57bc4e093158
14ab167c-54f2-46d5-80c4-b6235a9992ad,abc6c08b-0d8b-4b68-9a5e-18e8122308ca
5f1d9e4c-10e5-4e97-ae5f-7eb54d8466fd,6bdd587c-344f-4fb7-b1c6-d48b8b15a2d1
4eaa0fa5-ced9-494f-baba-919fa53d84e9,1f33d527-6045-4358-afd9-602ae8644b43
4eaa0fa5-ced9-494f-baba-919fa53d84e9,9e87af73-6ec7-473e-86b9-93fc8311efba
af49d9c3-b1d2-4566-97fc-aedb92037ba4,992ae373-a9bc-4ae6-9d74-7082cf0a4c12
23da5073-4852-4ad5-80ea-4678eb7f6935,6ca59447-c208-40e3-ab57-7edb01549cbf
0885ed78-fc4b-41ed-af85-37faf9eae59d,6ca59447-c208-40e3-ab57-7edb01549cbf
82cebadf-df66-4bd3-906f-01b7909d3c8b,fc1941db-1098-4bd5-a9c7-d9fe8b94172d
82cebadf-df66-4bd3-906f-01b7909d3c8b,d8552976-9336-4818-a952-a6ada26a3006
82cebadf-df66-4bd3-906f-01b7909d3c8b,0a2353ed-3482-4163-9ca4-46e6cf6ab717
4e546d22-aad0-48a6-bfe1-ac76406721fb,6ca59447-c208-40e3-ab57-7edb01549cbf
5add1444-2874-473b-8148-013af29fe100,9e87af73-6ec7-473e-86b9-93fc8311efba
5add1444-2874-473b-8148-013af29fe100,d89699f6-85db-4def-8de6-14cb07eb2c43
1fe8798b-ed6d-4aa2-8c05-1935a0bd94fa,52796119-3d9a-42c7-bbf9-82061c9bb95d
049682e4-efa8-4425-b624-5098e42351cc,41d62f31-a92e-4ff2-9981-41f3cf46ebeb
3ca70e09-b955-4b7a-a863-cfc1946235d6,7a8e0e9d-28f2-40d7-8696-9db0a75a628d
5f133835-07a7-4a2b-9990-fdcd4508e267,386c578b-2a53-4c3a-b910-a980fb1773c0
7ea3e431-2fa9-4ebe-ba00-11212cd897e8,ac2f7cb8-fe85-4eec-9dbd-11aab73b200d
e94ad333-614b-4014-aba2-678ad55ebbaf,40193610-2542-4d28-a63f-078467cb7f0a
5798d87f-444c-440c-a69c-115710f5d995,1f33d527-6045-4358-afd9-602ae8644b43
5798d87f-444c-440c-a69c-115710f5d995,992ae373-a9bc-4ae6-9d74-7082cf0a4c12
3a16ff88-802f-4e5f-b77f-97abe615eff7,ca64a6a5-167f-4dc6-a828-596ec7fb7bcf
3151008c-acf8-4212-b30a-b8d5ffd8504f,1f33d527-6045-4358-afd9-602ae8644b43
3151008c-acf8-4212-b30a-b8d5ffd8504f,eddb9f19-4025-4f9a-8d44-a9bf94cb562e
5d27dd87-d7da-4bdb-9a7c-50104ff19d4b,50d749ed-12a3-48bb-88a9-ac8403bdc400
b370c59f-5e41-4256-b162-0201eb0e54c8,6fe661aa-ffec-44c5-8de9-c80eef106e6b
225c6e0d-e31e-401c-87e7-9ed7cf2a5106,33f12961-e353-4d14-a7bc-4f20ffad7f00
4b244f32-9bb4-41a5-b4c5-3fc1837b5d29,abc6c08b-0d8b-4b68-9a5e-18e8122308ca
056816b1-defb-40d5-bebd-731aa23490b1,732d99fe-5806-481a-9bb4-8dff7085bfd4
056816b1-defb-40d5-bebd-731aa23490b1,1f33d527-6045-4358-afd9-602ae8644b43
ae2310e2-8dcc-457d-b552-22d7dea5d481,20bc1485-d0c4-4b2b-b0b4-c282c203431a
0cf043e9-529c-4129-bce5-02c0de93e371,69b294ca-7d15-4303-9762-216ec08f824e
0cf043e9-529c-4129-bce5-02c0de93e371,d8552976-9336-4818-a952-a6ada26a3006
ce9dc8f8-e928-4ae1-8c17-5d577c995f6c,2baf988b-c09f-420d-b2f1-07c3f3cb565b
14dd3c7f-f54c-4a3a-b917-e95b3afad4a0,af68b454-0781-4ba1-a037-4444038ef730
a97b659c-ea19-40a6-ab9d-a5689928c143,3b16b9a9-28b5-4421-a419-f2c0a580a622
c30f6907-02ca-4287-bdd0-75ba59dab915,992ae373-a9bc-4ae6-9d74-7082cf0a4c12
c30f6907-02ca-4287-bdd0-75ba59dab915,6e7ec579-d5fc-41c8-82f1-649532a23cb4
e1979dfe-b5df-4368-9dd9-b73d34f6d983,6ca59447-c208-40e3-ab57-7edb01549cbf
e7a3b9d9-dc42-455b-9643-4b7669457232,992ae373-a9bc-4ae6-9d74-7082cf0a4c12
e7a3b9d9-dc42-455b-9643-4b7669457232,ae92de86-1329-4de8-bbcc-f478e9f8628b
7406c8cc-7c25-4de7-b619-c8dfdcaf7158,c0616b1c-7741-4f55-9da3-7b115b34481c
96a32e25-bd34-450b-b755-455976de8831,d1c30f65-d081-40cd-91e8-193b4c51182a
867007bb-e7a9-4747-817e-88e3e12d3e79,1f33d527-6045-4358-afd9-602ae8644b43
867007bb-e7a9-4747-817e-88e3e12d3e79,1fa3719f-7f49-43d3-9416-c38e10968ac8
8cd5be70-4b77-4ccd-9e0c-58edfbbca87a,943fa8e9-69df-4f6e-8e47-3a81150d8b3d
564ba589-d248-4877-a973-91300e6be00b,6bdd587c-344f-4fb7-b1c6-d48b8b15a2d1
53e37fb8-c260-4e43-a4bf-0c140d66c83b,d89699f6-85db-4def-8de6-14cb07eb2c43
53e37fb8-c260-4e43-a4bf-0c140d66c83b,1f33d527-6045-4358-afd9-602ae8644b43
53e37fb8-c260-4e43-a4bf-0c140d66c83b,f4053f71-94b5-40b2-92bd-fb588127fe38
53e37fb8-c260-4e43-a4bf-0c140d66c83b,05155868-5a51-4328-bec7-587f5f081148
4dd14b24-9879-479d-a3f9-1ea523e5575c,3b16b9a9-28b5-4421-a419-f2c0a580a622
7d1ca70a-85ae-4fb2-88ea-c9132b2a5511,c0616b1c-7741-4f55-9da3-7b115b34481c
092714c7-a16c-425d-900b-b0583b63d1a8,1e0f1986-faed-4875-a21d-c3454979c0ff
c32bfe14-30d0-4103-a111-bddd8dcf2b25,20bc1485-d0c4-4b2b-b0b4-c282c203431a
7f0e1adc-6a42-4c8c-a2e3-15045c4a6586,1f33d527-6045-4358-afd9-602ae8644b43
7f0e1adc-6a42-4c8c-a2e3-15045c4a6586,992ae373-a9bc-4ae6-9d74-7082cf0a4c12
dd78695a-fb44-4983-82fe-a234974f0b3f,6ca59447-c208-40e3-ab57-7edb01549cbf
08ae88ea-a90b-4aeb-93bb-0ba5d5c1342d,d89699f6-85db-4def-8de6-14cb07eb2c43
9214101b-66e1-4413-8fb0-a239068f8458,ca64a6a5-167f-4dc6-a828-596ec7fb7bcf
52cba32e-8898-43a8-8677-2bff314112b5,50d749ed-12a3-48bb-88a9-ac8403bdc400
d97efca1-272f-4f69-9762-779aebaab23e,f137d46d-5bac-404d-bfc9-d9fb8fc8a734
d97efca1-272f-4f69-9762-779aebaab23e,72f27659-ea6c-40a3-9f2d-dfe7d82c853b
68cf6c15-df6a-4ce8-a8b8-90b1548181d1,6ca59447-c208-40e3-ab57-7edb01549cbf
eaa8bd45-2c6a-46ec-841c-4306960a39c8,eddb9f19-4025-4f9a-8d44-a9bf94cb562e
eaa8bd45-2c6a-46ec-841c-4306960a39c8,9d902a90-2e2d-4921-9d40-b5c18c6fe7ec
250c3d7c-e0eb-4041-9907-2d421a00a608,992ae373-a9bc-4ae6-9d74-7082cf0a4c12
bbce3a07-8a76-4fdf-b656-192353613d76,6ca59447-c208-40e3-ab57-7edb01549cbf
995a8b49-f96a-46a4-ac8f-ef1b6859d9a1,6ca59447-c208-40e3-ab57-7edb01549cbf
f0ef916d-1d3b-4594-a014-0dbb517d9a4f,6ff9e82a-0eff-4a28-b5c4-68f943508bf2
f0ef916d-1d3b-4594-a014-0dbb517d9a4f,eddb9f19-4025-4f9a-8d44-a9bf94cb562e
f0ef916d-1d3b-4594-a014-0dbb517d9a4f,992ae373-a9bc-4ae6-9d74-7082cf0a4c12
d9b3a6c4-7250-49d0-85c6-e5b466496a68,52d84173-882a-48bc-98c2-da35a45c13c1
04a66bbb-7bc1-4ed7-b278-abbb03811c29,02257903-92fa-4ef4-8ba7-12758b989472
5e250f6c-21a8-4fd3-ae64-14db2b2f9cba,fc1941db-1098-4bd5-a9c7-d9fe8b94172d
5e250f6c-21a8-4fd3-ae64-14db2b2f9cba,d89699f6-85db-4def-8de6-14cb07eb2c43
59ca0cf9-947d-4218-8ccd-24a2dbd378b1,0956065f-f830-46ce-8db3-7c82b0df46c0
251c364f-6ddf-4937-945c-f87faabd5265,b1938d90-e95c-4a12-87a3-4e4e3b8b4658
673182e4-e6ec-4ff3-804e-7b456aea7cdf,6e7ec579-d5fc-41c8-82f1-649532a23cb4
673182e4-e6ec-4ff3-804e-7b456aea7cdf,f4053f71-94b5-40b2-92bd-fb588127fe38
6d498cef-45b2-4b38-b5ab-48cc028fa3fe,8d82500d-abce-4859-889f-991e369704e8
3969e4dd-5c40-4417-84d0-5f1b85b19752,efde0ce9-21df-44b4-ba54-c6d738ec2e64
f9e145b8-09b8-4932-8f44-51a9f472ccf4,6ca59447-c208-40e3-ab57-7edb01549cbf
0fc0236f-0cde-4959-91a8-d3410b51fb5e,6ca59447-c208-40e3-ab57-7edb01549cbf
d54f802c-0e6b-4527-9d0c-cf654e7f03f0,1f33d527-6045-4358-afd9-602ae8644b43
d54f802c-0e6b-4527-9d0c-cf654e7f03f0,992ae373-a9bc-4ae6-9d74-7082cf0a4c12
a018892f-2e0f-4696-8eb2-0836bcd1993f,33f12961-e353-4d14-a7bc-4f20ffad7f00
41f513ce-3db2-46ed-8da9-786d5f50763f,5fc091c1-fa87-45b5-878f-8deb38c39f5e
dd32c00c-fc7c-4181-973d-2ad41ce23bd6,1f33d527-6045-4358-afd9-602ae8644b43
1491276d-2492-4d86-bc0c-25f432cc29d5,92a75c62-556e-4861-bd75-a29497ddf8cb
cfd79bbf-f9ff-45ec-a0ec-8ad9982baaa6,33f12961-e353-4d14-a7bc-4f20ffad7f00
2ea2e2bd-f4c0-45bc-ad1e-057a4e777ec0,386c578b-2a53-4c3a-b910-a980fb1773c0
d9c69a9f-2219-4bc9-9a74-05309ca18d4d,d89699f6-85db-4def-8de6-14cb07eb2c43
91ff2a4d-8b41-4334-8f4f-ad04e14d0f7b,c7e9d8ec-9ba5-4048-82e7-c3d2ff02eb9b
7f1b7458-c61d-4d73-9481-7899110daf0c,d1c30f65-d081-40cd-91e8-193b4c51182a
1c07812a-d3f5-4bf0-b8cf-fa3939ecf952,992ae373-a9bc-4ae6-9d74-7082cf0a4c12
1c07812a-d3f5-4bf0-b8cf-fa3939ecf952,1f33d527-6045-4358-afd9-602ae8644b43
1c07812a-d3f5-4bf0-b8cf-fa3939ecf952,eddb9f19-4025-4f9a-8d44-a9bf94cb562e
419a1c30-7692-4f31-8cb9-7f05b6642cb5,6ca59447-c208-40e3-ab57-7edb01549cbf
7399ed11-8968-4f75-9818-2f5f1ebeb4ba,992ae373-a9bc-4ae6-9d74-7082cf0a4c12
7399ed11-8968-4f75-9818-2f5f1ebeb4ba,1f33d527-6045-4358-afd9-602ae8644b43
3a0a851a-4ff6-415f-80ef-481eb9cdc1e6,c7e9d8ec-9ba5-4048-82e7-c3d2ff02eb9b
b1129c63-b773-44e2-9f4a-18b186bc1408,38fb6d40-46f1-4b8f-8b19-6769e6e92687
c52de54b-c505-421e-8f9c-299b3f16e8e4,3b16b9a9-28b5-4421-a419-f2c0a580a622
69512170-6b9f-40ba-9456-ea94e52db251,1f33d527-6045-4358-afd9-602ae8644b43
69512170-6b9f-40ba-9456-ea94e52db251,d89699f6-85db-4def-8de6-14cb07eb2c43
4ab66ed3-30dd-4c96-8757-5476d517e274,8e47f6b9-4a44-4ce0-98bf-f3e7356fa1d2
34ea236b-bce3-4018-bb66-b2a33f086d73,6359b0bf-3af6-44e9-bf13-71c9fe0ead77
acf43697-a659-416c-8894-b7fd2cbd3526,6359b0bf-3af6-44e9-bf13-71c9fe0ead77
feb65776-5a85-4f4c-961e-7681bcdaf6a7,eddb9f19-4025-4f9a-8d44-a9bf94cb562e
feb65776-5a85-4f4c-961e-7681bcdaf6a7,992ae373-a9bc-4ae6-9d74-7082cf0a4c12
feb65776-5a85-4f4c-961e-7681bcdaf6a7,1fa3719f-7f49-43d3-9416-c38e10968ac8
1f0ca6c7-7109-4eab-9717-836969b3b885,2baf988b-c09f-420d-b2f1-07c3f3cb565b
c4d55371-aa5c-49b4-a894-890341bdbe20,dca26f5a-6485-43d1-9b87-82b066477f04
aa18f701-4890-401f-80f8-6b7c97fc3188,1f33d527-6045-4358-afd9-602ae8644b43
7666d92a-8e1e-4f63-bd88-7c464e4c2f4e,3b16b9a9-28b5-4421-a419-f2c0a580a622
bf79e265-949b-4ea4-8831-52fd9dd6e672,c12e9df5-302b-490d-8ee4-c29cb2b55541
a22a68eb-72a6-407e-9e9d-f7b2dec559c9,6ca59447-c208-40e3-ab57-7edb01549cbf
12f656d0-6a69-45ba-9b20-03e094ffddd4,f413d6b6-6542-41fc-940c-6177cf5606aa
45c74849-35d4-4d50-8876-24e3428bdbdf,1f33d527-6045-4358-afd9-602ae8644b43
45c74849-35d4-4d50-8876-24e3428bdbdf,9e87af73-6ec7-473e-86b9-93fc8311efba
a1357772-9c19-4b17-8ab5-3a27eb01e3e0,386c578b-2a53-4c3a-b910-a980fb1773c0
2b8da516-e521-4880-9109-50225e7c8aa7,d4dbb265-4812-4b6c-a0fd-bab873e1106b
996a3cd8-01b1-498a-9244-5a61516a7859,46d4a1d1-c057-49ba-a879-db85b0cda4b9
c3f4ee8b-f358-40f7-8a42-4ec2ef3ebbde,386c578b-2a53-4c3a-b910-a980fb1773c0
61407b7e-f28f-4fec-8b1a-1b30e187a72a,1f33d527-6045-4358-afd9-602ae8644b43
61407b7e-f28f-4fec-8b1a-1b30e187a72a,f4053f71-94b5-40b2-92bd-fb588127fe38
61407b7e-f28f-4fec-8b1a-1b30e187a72a,ea9c0ea2-5081-4036-bf32-b37dfc5c8301
ebeb3ced-1920-4698-aca2-226da5b6fe59,992ae373-a9bc-4ae6-9d74-7082cf0a4c12
ebeb3ced-1920-4698-aca2-226da5b6fe59,fc1941db-1098-4bd5-a9c7-d9fe8b94172d
63d0db57-0dd8-4001-8cc5-80e92d4e37f8,3d947f3c-fa03-4667-b09a-25a8f2db2adb
681c6e18-b869-4f00-b59a-5e36ae1985e2,6359b0bf-3af6-44e9-bf13-71c9fe0ead77
d9c69a9f-2219-4bc9-9a74-05309ca18d4d,6e7ec579-d5fc-41c8-82f1-649532a23cb4
46960982-0585-427e-b385-788110a2b6bf,b5489408-529d-4ff3-bc71-57bc4e093158
c7e38fd8-19c1-4a3f-9c69-a68b44da024c,992ae373-a9bc-4ae6-9d74-7082cf0a4c12
c7e38fd8-19c1-4a3f-9c69-a68b44da024c,6ff9e82a-0eff-4a28-b5c4-68f943508bf2
2fbd328b-66cd-487f-90c6-1e21a82b7d92,6ca59447-c208-40e3-ab57-7edb01549cbf
ae563528-b0f2-48d8-a54b-a34743759954,6ca59447-c208-40e3-ab57-7edb01549cbf
83f9ac95-d0a4-42e4-ba40-ff13e8b0f533,992ae373-a9bc-4ae6-9d74-7082cf0a4c12
83f9ac95-d0a4-42e4-ba40-ff13e8b0f533,6ff9e82a-0eff-4a28-b5c4-68f943508bf2
83f9ac95-d0a4-42e4-ba40-ff13e8b0f533,eddb9f19-4025-4f9a-8d44-a9bf94cb562e
e110b379-71c8-4e2e-b3a4-628854fbe0d8,8e47f6b9-4a44-4ce0-98bf-f3e7356fa1d2
49297d1d-9255-4257-9ff7-c0e035af3028,d1c30f65-d081-40cd-91e8-193b4c51182a
778fcb75-c8b8-4d60-a4d5-e2148c76481c,d89699f6-85db-4def-8de6-14cb07eb2c43
778fcb75-c8b8-4d60-a4d5-e2148c76481c,6e7ec579-d5fc-41c8-82f1-649532a23cb4
778fcb75-c8b8-4d60-a4d5-e2148c76481c,69b294ca-7d15-4303-9762-216ec08f824e
20917c36-a959-4a59-b5f9-f3dcecbdf481,5fc091c1-fa87-45b5-878f-8deb38c39f5e
b6b7c0cf-54d8-4a9b-8aaf-a6bef5681a8b,6ca59447-c208-40e3-ab57-7edb01549cbf
2b181482-2ade-4581-a937-fe03df563d38,6ff9e82a-0eff-4a28-b5c4-68f943508bf2
2b181482-2ade-4581-a937-fe03df563d38,9f6d5b2b-ac1c-4cc3-a7d1-7cedf98b7563
55af140d-bd26-4ad7-88ae-fe866470b72a,dc23b550-ff28-4b18-ae4c-dc17ca0235ab
4dab32ad-4b2a-45c1-9004-634eadede3d8,9297f5e2-06f8-43dc-9765-87beb4350755
b6d95495-fafe-4cb1-8b1a-d085687d5d0e,69b294ca-7d15-4303-9762-216ec08f824e
b6d95495-fafe-4cb1-8b1a-d085687d5d0e,6ff9e82a-0eff-4a28-b5c4-68f943508bf2
b6d95495-fafe-4cb1-8b1a-d085687d5d0e,d8552976-9336-4818-a952-a6ada26a3006
fd70160a-6b69-47d0-b1b8-211acd5ba775,6ca59447-c208-40e3-ab57-7edb01549cbf
16b27789-bf08-440e-986f-ba782fdade7a,f137d46d-5bac-404d-bfc9-d9fb8fc8a734
16b27789-bf08-440e-986f-ba782fdade7a,992ae373-a9bc-4ae6-9d74-7082cf0a4c12
16b27789-bf08-440e-986f-ba782fdade7a,0a2353ed-3482-4163-9ca4-46e6cf6ab717
5fce3a18-3215-4f43-8be9-ab4ba0bfe678,6ca59447-c208-40e3-ab57-7edb01549cbf
75bfe1b5-64dc-4284-8294-ac0624082f67,5115a7f4-c481-4f49-bf54-506badb69a95
1b7f7f35-215f-4b07-b7e6-db97a2cc05c8,6ca59447-c208-40e3-ab57-7edb01549cbf
c820beff-c303-4d1a-9864-d7f3210f9a2b,992ae373-a9bc-4ae6-9d74-7082cf0a4c12
08287f85-6b86-4845-a121-d9c3cb5df20e,6ca59447-c208-40e3-ab57-7edb01549cbf
b4091af2-6b6b-415c-bfd7-417b03822114,eddb9f19-4025-4f9a-8d44-a9bf94cb562e
b4091af2-6b6b-415c-bfd7-417b03822114,992ae373-a9bc-4ae6-9d74-7082cf0a4c12
b4091af2-6b6b-415c-bfd7-417b03822114,6ff9e82a-0eff-4a28-b5c4-68f943508bf2
14861a95-90a7-4c17-87f0-2f1d7624fc50,c7e9d8ec-9ba5-4048-82e7-c3d2ff02eb9b
ff71e293-db1d-45cc-8a1d-18e5196f63d2,d1c30f65-d081-40cd-91e8-193b4c51182a
adaf6cf6-a342-4031-bf4a-e718f7eda1dd,992ae373-a9bc-4ae6-9d74-7082cf0a4c12
adaf6cf6-a342-4031-bf4a-e718f7eda1dd,ae92de86-1329-4de8-bbcc-f478e9f8628b
e8b4e90f-bae1-42ac-a742-8e130ad21e43,6ca59447-c208-40e3-ab57-7edb01549cbf
a24870f9-1a54-4457-aa30-98c285c96e83,ae92de86-1329-4de8-bbcc-f478e9f8628b
94a47a91-562a-41c2-bc3b-b8d5c1e5c612,6ca59447-c208-40e3-ab57-7edb01549cbf
9df8e2a9-a8e3-4efd-b405-006af5ed3663,992ae373-a9bc-4ae6-9d74-7082cf0a4c12
9df8e2a9-a8e3-4efd-b405-006af5ed3663,d89699f6-85db-4def-8de6-14cb07eb2c43
4a6e1ef8-a83b-425f-8495-e0522de67b4b,3d947f3c-fa03-4667-b09a-25a8f2db2adb
1bea40af-f179-403f-94d2-90c16c338289,aa5350c6-5532-4604-b95c-938b8f7cb95c
02db54b8-4407-4ae0-9f39-189cc76ba8f2,6bdd587c-344f-4fb7-b1c6-d48b8b15a2d1
4b07d864-19e2-49b6-bd21-df51d200ea0a,992ae373-a9bc-4ae6-9d74-7082cf0a4c12
c1fa6f6e-74ca-46b5-b0a1-4af668df610f,6ca59447-c208-40e3-ab57-7edb01549cbf
ea4fb63e-23c7-4754-8708-09805eb2da73,6ca59447-c208-40e3-ab57-7edb01549cbf
3d1db9e7-ae7b-410b-b9e6-4d70c7e852ef,eddb9f19-4025-4f9a-8d44-a9bf94cb562e
3d1db9e7-ae7b-410b-b9e6-4d70c7e852ef,ae92de86-1329-4de8-bbcc-f478e9f8628b
65e27ba1-2bd0-4cc9-8ba7-8c23e77ef1c8,6ca59447-c208-40e3-ab57-7edb01549cbf
0a40d031-e41e-4fb1-b5e7-6867bd9e6c9b,943fa8e9-69df-4f6e-8e47-3a81150d8b3d
e841a2ae-1b85-4bb1-91aa-dba786f83eff,6bdd587c-344f-4fb7-b1c6-d48b8b15a2d1
c7ae1c93-8faa-42f4-953f-2763056b8ec8,6ca59447-c208-40e3-ab57-7edb01549cbf
36566f72-f6c9-4579-a325-f10f41f541cb,943fa8e9-69df-4f6e-8e47-3a81150d8b3d
4b4a2255-cb83-47f5-91d0-c5646ed78037,6bdd587c-344f-4fb7-b1c6-d48b8b15a2d1
368e4a28-2d65-44b0-986d-76ca1b3be354,1f33d527-6045-4358-afd9-602ae8644b43
368e4a28-2d65-44b0-986d-76ca1b3be354,ea9c0ea2-5081-4036-bf32-b37dfc5c8301
368e4a28-2d65-44b0-986d-76ca1b3be354,f4053f71-94b5-40b2-92bd-fb588127fe38
ce928170-b806-4fb5-b82c-9c7d8dbf3e87,3b16b9a9-28b5-4421-a419-f2c0a580a622
1137a436-db5b-4731-9220-44a5cf689da9,0ee9f564-1d84-4c16-8227-802613b88a09
eca43f8f-ab5a-447a-bfd3-1c4e93705bfa,b1938d90-e95c-4a12-87a3-4e4e3b8b4658
1e9dc260-2de5-4690-9acf-86334f43ebfd,c7e9d8ec-9ba5-4048-82e7-c3d2ff02eb9b
8360fbab-22d6-499d-99b0-e808f524586f,6ca59447-c208-40e3-ab57-7edb01549cbf
735d6321-b59e-410f-b786-7dbb71afb344,992ae373-a9bc-4ae6-9d74-7082cf0a4c12
735d6321-b59e-410f-b786-7dbb71afb344,ae92de86-1329-4de8-bbcc-f478e9f8628b
735d6321-b59e-410f-b786-7dbb71afb344,eddb9f19-4025-4f9a-8d44-a9bf94cb562e
735d6321-b59e-410f-b786-7dbb71afb344,9f6d5b2b-ac1c-4cc3-a7d1-7cedf98b7563
b1692db4-02f7-4c50-aa6a-7048ec5a21e1,ae92de86-1329-4de8-bbcc-f478e9f8628b
b1692db4-02f7-4c50-aa6a-7048ec5a21e1,6ff9e82a-0eff-4a28-b5c4-68f943508bf2
b1692db4-02f7-4c50-aa6a-7048ec5a21e1,992ae373-a9bc-4ae6-9d74-7082cf0a4c12
9220d070-c90d-4bcb-bc1d-9101e2bdd1e4,6ca59447-c208-40e3-ab57-7edb01549cbf
4513eeb7-f549-4ee7-8d8e-3a1dafd96277,f413d6b6-6542-41fc-940c-6177cf5606aa
8d1800cc-c7e2-4448-8320-6a2f8e2e861a,eddb9f19-4025-4f9a-8d44-a9bf94cb562e
8d1800cc-c7e2-4448-8320-6a2f8e2e861a,1f33d527-6045-4358-afd9-602ae8644b43
8d1800cc-c7e2-4448-8320-6a2f8e2e861a,992ae373-a9bc-4ae6-9d74-7082cf0a4c12
c032da01-a7b9-4c2d-b505-aa9721ef0251,386c578b-2a53-4c3a-b910-a980fb1773c0
7c2ca65f-de1a-4702-a090-e1422ac2ac04,f413d6b6-6542-41fc-940c-6177cf5606aa
6a97a3c6-0fde-45dd-9f3c-6102f9888681,21d8739d-25f6-48b7-a909-14d59848db24
ad98e7a6-f034-487d-830b-ccb4e730c11a,5fc091c1-fa87-45b5-878f-8deb38c39f5e
c8f5fbab-aa7c-4ca5-b967-25776bcb4a13,d89699f6-85db-4def-8de6-14cb07eb2c43
15730273-146b-4a69-bdd1-8257d4bfe315,6ca59447-c208-40e3-ab57-7edb01549cbf
b36c5860-f4c6-49a1-898c-8e2df056ff28,6ca59447-c208-40e3-ab57-7edb01549cbf
8492c28c-f5df-430e-a88d-5bf2e027b759,992ae373-a9bc-4ae6-9d74-7082cf0a4c12
c46a52d9-219b-4f12-8fd3-bd4c6c663747,9e87af73-6ec7-473e-86b9-93fc8311efba
c46a52d9-219b-4f12-8fd3-bd4c6c663747,1f33d527-6045-4358-afd9-602ae8644b43
32e41240-977b-4d6c-8422-f25efaa2fd85,636ec317-4c7e-4140-949e-b81cdece4be4
90c4893e-7ea7-423a-a56f-e5f98e108786,4c9945e5-4487-40d3-ac4d-0f39caa452c4
90c4893e-7ea7-423a-a56f-e5f98e108786,992ae373-a9bc-4ae6-9d74-7082cf0a4c12
90c4893e-7ea7-423a-a56f-e5f98e108786,1f33d527-6045-4358-afd9-602ae8644b43
4e2d638d-40ee-4f3c-930a-9712955feb39,d1c30f65-d081-40cd-91e8-193b4c51182a
bc41a08b-41cc-468c-8ebc-3d40ec3ca121,992ae373-a9bc-4ae6-9d74-7082cf0a4c12
bc41a08b-41cc-468c-8ebc-3d40ec3ca121,6ff9e82a-0eff-4a28-b5c4-68f943508bf2
0c4b731c-ad0a-4f24-a386-acba061f9ee4,f137d46d-5bac-404d-bfc9-d9fb8fc8a734
5722b75a-32af-47db-86ae-392d563456cb,6ca59447-c208-40e3-ab57-7edb01549cbf
108277a1-9f5a-4433-a239-2e326798f388,992ae373-a9bc-4ae6-9d74-7082cf0a4c12
108277a1-9f5a-4433-a239-2e326798f388,ae92de86-1329-4de8-bbcc-f478e9f8628b
b8a9d93d-9a22-40d6-a440-141790f7eb67,d89699f6-85db-4def-8de6-14cb07eb2c43
b8a9d93d-9a22-40d6-a440-141790f7eb67,1f33d527-6045-4358-afd9-602ae8644b43
b8a9d93d-9a22-40d6-a440-141790f7eb67,05155868-5a51-4328-bec7-587f5f081148
0ca6fa5e-9e90-43ef-8a52-c16d99fa808d,3b16b9a9-28b5-4421-a419-f2c0a580a622
c7a63877-1d2e-446f-8ab2-8dd6cce53a5d,992ae373-a9bc-4ae6-9d74-7082cf0a4c12
70d59f6f-4e97-4bb9-a44a-0bdc511d4b4c,d89699f6-85db-4def-8de6-14cb07eb2c43
70d59f6f-4e97-4bb9-a44a-0bdc511d4b4c,6e7ec579-d5fc-41c8-82f1-649532a23cb4
70d59f6f-4e97-4bb9-a44a-0bdc511d4b4c,3ede1470-2ccd-442a-9411-0f2f431639e4
d16ae796-eae4-4ef5-b7cd-2e5ebd2a6f4e,386c578b-2a53-4c3a-b910-a980fb1773c0
e9d12e73-8b63-47f3-ae44-2328125a87d2,b5489408-529d-4ff3-bc71-57bc4e093158
3413c89a-b4a8-450c-911e-3724a2b7ef88,9e87af73-6ec7-473e-86b9-93fc8311efba
3413c89a-b4a8-450c-911e-3724a2b7ef88,a558c676-742a-40c3-ab74-60a0f34d0c43
8492c28c-f5df-430e-a88d-5bf2e027b759,ae92de86-1329-4de8-bbcc-f478e9f8628b
93c41a32-e0e6-4de4-8f04-59e560b61083,6ca59447-c208-40e3-ab57-7edb01549cbf
35ac5e92-ffc8-4890-8ac6-181ae1311546,992ae373-a9bc-4ae6-9d74-7082cf0a4c12
35ac5e92-ffc8-4890-8ac6-181ae1311546,6ff9e82a-0eff-4a28-b5c4-68f943508bf2
244d1dd4-004a-456f-a9a8-c63a04dc0bca,6fe661aa-ffec-44c5-8de9-c80eef106e6b
0783b972-61bd-4fd9-8c15-e19b25ce20e7,46d4a1d1-c057-49ba-a879-db85b0cda4b9
06bf49f2-1ac3-4771-909b-a495a6fb4d1b,1bcd244a-c2a5-4a4e-8572-b7459305a8b1
d8a5fe3c-5d92-4300-b933-79b820fdd8a6,c0616b1c-7741-4f55-9da3-7b115b34481c
34f884cf-3db3-437a-a852-64135cfe3ad2,386c578b-2a53-4c3a-b910-a980fb1773c0
2215b57c-fb53-4a06-aa8c-430ab4331304,6ff9e82a-0eff-4a28-b5c4-68f943508bf2
e07d385b-51d7-4474-b6f0-9b4975c4ca40,3d8714f0-dbd9-4987-a0b1-746d5ddc9c9b
b9c7fe3f-88a6-4c9a-9f73-57e1f12a8470,9d902a90-2e2d-4921-9d40-b5c18c6fe7ec
b9c7fe3f-88a6-4c9a-9f73-57e1f12a8470,c4cb37e8-fe1c-4d2b-b0b5-f04a69925d8f
b1220c8a-ca56-47b6-b669-d6344f18ee83,6ca59447-c208-40e3-ab57-7edb01549cbf
5a36acbf-f3d2-4a4d-8882-1060ccee6bb2,f413d6b6-6542-41fc-940c-6177cf5606aa
3faf5f45-8056-4f2e-884d-4c935951fe2d,386c578b-2a53-4c3a-b910-a980fb1773c0
afe7b3eb-8e86-4600-9953-2de8e0470a05,1f33d527-6045-4358-afd9-602ae8644b43
afe7b3eb-8e86-4600-9953-2de8e0470a05,eddb9f19-4025-4f9a-8d44-a9bf94cb562e
3cc59ca1-c134-41a4-a6a5-e526fa73c7e0,c0616b1c-7741-4f55-9da3-7b115b34481c
e2343cc7-23e0-4a87-aabc-5c54e7c7bb8f,1f33d527-6045-4358-afd9-602ae8644b43
e2343cc7-23e0-4a87-aabc-5c54e7c7bb8f,eddb9f19-4025-4f9a-8d44-a9bf94cb562e
5e097211-0a16-40dc-bf46-4e38c70a985c,6ca59447-c208-40e3-ab57-7edb01549cbf
f016fd2d-29bc-46fb-8f37-4e6b8e375587,6ca59447-c208-40e3-ab57-7edb01549cbf
756f60e3-3c5f-44ea-b552-341edc668803,6ca59447-c208-40e3-ab57-7edb01549cbf
e9a47d33-910b-4344-8bc8-fe78a2623890,643d43fe-baa8-4b50-937f-1afb03bd76e9
f3ba7805-c8be-493e-8d0e-64fa43e4d190,386c578b-2a53-4c3a-b910-a980fb1773c0
a7ee09f6-fe67-4321-a58f-fd4ca0eccda0,b41e3b3e-d27b-4705-b8c7-592b89508e12
12c1dd81-d8df-4f7d-9365-cd63128789ae,1f33d527-6045-4358-afd9-602ae8644b43
3647d02d-b078-4b81-a792-e17b6b48f5fd,8d82500d-abce-4859-889f-991e369704e8
068f7bee-e25a-43de-8e75-3253778db21a,d89699f6-85db-4def-8de6-14cb07eb2c43
068f7bee-e25a-43de-8e75-3253778db21a,1f33d527-6045-4358-afd9-602ae8644b43
d3fc6ea0-321f-418a-8fc2-c3c058b6f279,f413d6b6-6542-41fc-940c-6177cf5606aa
4d44b1c9-5ef8-4c70-849d-b8ded735e83a,6ca59447-c208-40e3-ab57-7edb01549cbf
487eb945-7802-4ae7-a917-837e1183fe21,0663a94d-7fc1-4427-9cdd-86e299c0fe86
0a8b41a1-f455-4cfa-ac86-adc5fc2d49c6,c0616b1c-7741-4f55-9da3-7b115b34481c
b263ac34-2ee5-4acc-8bc0-0f2dac2fad34,992ae373-a9bc-4ae6-9d74-7082cf0a4c12
b263ac34-2ee5-4acc-8bc0-0f2dac2fad34,9d902a90-2e2d-4921-9d40-b5c18c6fe7ec
b263ac34-2ee5-4acc-8bc0-0f2dac2fad34,6ff9e82a-0eff-4a28-b5c4-68f943508bf2
1aefb7cc-6973-4a4d-8d2a-eefe4880fbe4,992ae373-a9bc-4ae6-9d74-7082cf0a4c12
cadaa760-ee0e-40f5-80e5-58b92494e257,b1938d90-e95c-4a12-87a3-4e4e3b8b4658
a8a09859-de9e-4431-afde-3f7b8c924edc,2a5e73d9-7acc-4ad2-8d42-61fdcc1b5c4d
9f186800-ca1f-407d-9f9e-70bce776857f,9d902a90-2e2d-4921-9d40-b5c18c6fe7ec
9f186800-ca1f-407d-9f9e-70bce776857f,41d62f31-a92e-4ff2-9981-41f3cf46ebeb
03cbd71b-0bf6-412c-836b-0b9b33e119a8,d89699f6-85db-4def-8de6-14cb07eb2c43
03cbd71b-0bf6-412c-836b-0b9b33e119a8,6e7ec579-d5fc-41c8-82f1-649532a23cb4
03cbd71b-0bf6-412c-836b-0b9b33e119a8,f137d46d-5bac-404d-bfc9-d9fb8fc8a734
89a7e0c6-108b-4f7b-adc5-4209562fa998,402d7328-f91d-488a-ad1c-53ecfd349095
89a7e0c6-108b-4f7b-adc5-4209562fa998,6ff9e82a-0eff-4a28-b5c4-68f943508bf2
bb6e8685-5799-43ca-925d-2d888d7ceac8,e47cd590-4bd7-4399-a7ec-b5c1838ed835
f599425a-cf5c-4b0c-a81c-75513ef9b2bb,b4f75e2e-aded-4dd2-8b9c-740be0e9164d
bf9604c9-dd86-455e-80e9-ed4a6fbcd6bc,3b16b9a9-28b5-4421-a419-f2c0a580a622
f72b7ebf-e077-4baf-a7bc-d63b5e304e3f,c0616b1c-7741-4f55-9da3-7b115b34481c
2b4cace3-3081-4dcc-b3b2-c7810d2fa8f1,eddb9f19-4025-4f9a-8d44-a9bf94cb562e
18f92a8d-2304-44c1-8271-4bbc68048603,6ca59447-c208-40e3-ab57-7edb01549cbf
06b910b6-4982-4035-8f89-f26249f51a3b,9d902a90-2e2d-4921-9d40-b5c18c6fe7ec
e13b9cf5-35f6-4c7c-b0d1-9cebddfb55d2,6ca59447-c208-40e3-ab57-7edb01549cbf
70fdb6e3-9a58-4fb9-9b98-91d5c179bd8a,9d902a90-2e2d-4921-9d40-b5c18c6fe7ec
70fdb6e3-9a58-4fb9-9b98-91d5c179bd8a,eddb9f19-4025-4f9a-8d44-a9bf94cb562e
680aa373-41c6-419e-afa3-fa5681dd7a8e,6ca59447-c208-40e3-ab57-7edb01549cbf
08b09369-1435-4b8a-b4f6-55fc7e15497f,992ae373-a9bc-4ae6-9d74-7082cf0a4c12
08b09369-1435-4b8a-b4f6-55fc7e15497f,eddb9f19-4025-4f9a-8d44-a9bf94cb562e
08b09369-1435-4b8a-b4f6-55fc7e15497f,1f33d527-6045-4358-afd9-602ae8644b43
961db02a-41d2-4262-b6e0-b5a3b54d87d9,b41e3b3e-d27b-4705-b8c7-592b89508e12
3bb61666-ad33-4042-9307-7ec1e308e950,386c578b-2a53-4c3a-b910-a980fb1773c0
8c3747b3-e2e3-404d-9cb6-704e6e65491c,1f33d527-6045-4358-afd9-602ae8644b43
8c3747b3-e2e3-404d-9cb6-704e6e65491c,d8552976-9336-4818-a952-a6ada26a3006
b538f814-217d-4dd5-8889-08be87a00cf2,643d43fe-baa8-4b50-937f-1afb03bd76e9
bc9628d8-833b-434f-aa20-d2219c2a5198,c0616b1c-7741-4f55-9da3-7b115b34481c
8cbfd309-5cc2-4a28-9b06-c0756e3836ca,b1938d90-e95c-4a12-87a3-4e4e3b8b4658
31ac6b91-fabc-4b8d-850a-808426a34d8d,abc6c08b-0d8b-4b68-9a5e-18e8122308ca
1cb37dc1-ac9c-49aa-af69-29b376ae5749,6ca59447-c208-40e3-ab57-7edb01549cbf
16427f81-fbdf-4afa-b21e-8b56a7f9dd86,f5ae86d6-7b29-42fb-b3b0-3b474b2978f5
1a01c5c3-7429-4259-8665-efd035dc6795,20bc1485-d0c4-4b2b-b0b4-c282c203431a
a0df268b-2db5-43ef-9ed8-d230171c83ee,386c578b-2a53-4c3a-b910-a980fb1773c0
22249728-c162-4691-b64d-600ab9fc54fe,1f33d527-6045-4358-afd9-602ae8644b43
22249728-c162-4691-b64d-600ab9fc54fe,eddb9f19-4025-4f9a-8d44-a9bf94cb562e
f8bf3038-a20e-4095-9e8f-1f5e22a633bf,af68b454-0781-4ba1-a037-4444038ef730
51c2a7d7-78dc-43bc-9dfc-f230bb7f4ef5,ec2041c0-abc0-43e0-b203-b9c87571eacb
2ca57a5c-4c8c-458b-ac3b-51e539d2188b,a0ec4670-47c0-48d5-a9a0-c2012e886b58
7d6394f0-91a4-4279-80e6-60a962e18604,41d62f31-a92e-4ff2-9981-41f3cf46ebeb
7d6394f0-91a4-4279-80e6-60a962e18604,d89699f6-85db-4def-8de6-14cb07eb2c43
112d11e7-3adc-4098-bdeb-71c4a045c294,38fb6d40-46f1-4b8f-8b19-6769e6e92687
42eba87b-9bca-4a64-9334-7089910aa08d,5fc091c1-fa87-45b5-878f-8deb38c39f5e
fac62df7-35db-4a95-8039-9445f5dddf71,e8a36e12-37a4-483d-be2e-2abcbbbbc70c
7f708488-cee9-42d3-b367-479c936371dd,d4dbb265-4812-4b6c-a0fd-bab873e1106b
bb093754-c0ca-4126-ab30-44dd7f9b11c9,9297f5e2-06f8-43dc-9765-87beb4350755
422543a2-b39c-40b7-be9e-074eeed4bcb7,8ccdb142-81ed-489d-94a0-4041bd04a46e
422543a2-b39c-40b7-be9e-074eeed4bcb7,0a2353ed-3482-4163-9ca4-46e6cf6ab717
422543a2-b39c-40b7-be9e-074eeed4bcb7,72f27659-ea6c-40a3-9f2d-dfe7d82c853b
aa5a3d58-9d16-4153-9a44-66100c1f24bc,f4053f71-94b5-40b2-92bd-fb588127fe38
aa5a3d58-9d16-4153-9a44-66100c1f24bc,1f33d527-6045-4358-afd9-602ae8644b43
fa234d5b-d1d4-4955-ba7d-59e37d38f6ba,3b16b9a9-28b5-4421-a419-f2c0a580a622
77477682-6cbd-481f-8074-ebac0ed1f8ac,992ae373-a9bc-4ae6-9d74-7082cf0a4c12
77477682-6cbd-481f-8074-ebac0ed1f8ac,ae92de86-1329-4de8-bbcc-f478e9f8628b
a6d0d435-b18e-4df1-bd32-e9c87f006821,d89699f6-85db-4def-8de6-14cb07eb2c43
a6d0d435-b18e-4df1-bd32-e9c87f006821,1f33d527-6045-4358-afd9-602ae8644b43
24f62663-44fc-4af0-8959-88289662c6f3,6bdd587c-344f-4fb7-b1c6-d48b8b15a2d1
bbdb7fef-f152-4d01-a70c-e00568e1761d,992ae373-a9bc-4ae6-9d74-7082cf0a4c12
bbdb7fef-f152-4d01-a70c-e00568e1761d,fc1941db-1098-4bd5-a9c7-d9fe8b94172d
6a34a03a-2e48-4c80-b595-e1a663d3833b,1f33d527-6045-4358-afd9-602ae8644b43
6a34a03a-2e48-4c80-b595-e1a663d3833b,992ae373-a9bc-4ae6-9d74-7082cf0a4c12
6a34a03a-2e48-4c80-b595-e1a663d3833b,eddb9f19-4025-4f9a-8d44-a9bf94cb562e
d6b1b383-1c70-494f-872f-0acf5e5c38e7,6ca59447-c208-40e3-ab57-7edb01549cbf
4e3494d5-be1e-47ae-a776-14f8fae436b1,6ca59447-c208-40e3-ab57-7edb01549cbf
e2fb9261-c09a-4f41-84dd-17d549223808,6ca59447-c208-40e3-ab57-7edb01549cbf
477785b4-c997-4b48-9991-1ccafc90c8e1,d8552976-9336-4818-a952-a6ada26a3006
477785b4-c997-4b48-9991-1ccafc90c8e1,6ff9e82a-0eff-4a28-b5c4-68f943508bf2
e181d242-98e8-44f9-8468-c676b993b87f,6ca59447-c208-40e3-ab57-7edb01549cbf
e6315a3c-eb6b-4b2c-950c-e00608c0c506,6ca59447-c208-40e3-ab57-7edb01549cbf
2e3675d4-55c5-477e-be29-51fcb9ebe092,6ca59447-c208-40e3-ab57-7edb01549cbf
72845a7c-4c81-4629-95b3-ba76d8f79ce6,f413d6b6-6542-41fc-940c-6177cf5606aa
87f9c668-1cc5-4683-ad60-5f67e498d874,c0616b1c-7741-4f55-9da3-7b115b34481c
688b02e1-011e-4026-bb3b-c612b9191448,d8552976-9336-4818-a952-a6ada26a3006
3d470d5d-9250-44b7-b29d-e0d2d3a9c6ea,6ca59447-c208-40e3-ab57-7edb01549cbf
a82c6cf9-7436-4193-b84e-f4c6d86d235c,6ca59447-c208-40e3-ab57-7edb01549cbf
572e3a05-aeed-44e1-8099-2204779b022a,992ae373-a9bc-4ae6-9d74-7082cf0a4c12
572e3a05-aeed-44e1-8099-2204779b022a,9f6d5b2b-ac1c-4cc3-a7d1-7cedf98b7563
58602b90-9744-4431-aabc-0f4ac9fe4189,6ca59447-c208-40e3-ab57-7edb01549cbf
6a4aaf58-84c8-458d-acf8-8513a9876ad3,6ca59447-c208-40e3-ab57-7edb01549cbf
2a05d1a0-3ca4-4f70-a369-2aa5adaa75d4,6ca59447-c208-40e3-ab57-7edb01549cbf
a1bbe3d3-2de4-4740-ad27-3106e90fd4dd,1fad2edd-83ee-4028-b2a6-4664d26552cd
9672a8a1-3927-40d5-a60e-ba9121905a59,1f33d527-6045-4358-afd9-602ae8644b43
e5de170a-8158-494e-9bb7-f9d12c73cefe,af68b454-0781-4ba1-a037-4444038ef730
a7972969-228f-4779-b442-eb534e5ce034,3b16b9a9-28b5-4421-a419-f2c0a580a622
daa95985-67f8-4898-8006-ccd442552bec,b5489408-529d-4ff3-bc71-57bc4e093158
2707917a-27e8-435c-b8af-62d6211372c9,33f12961-e353-4d14-a7bc-4f20ffad7f00
68c5ef34-0d55-4deb-b6dc-6c51af19e965,6ca59447-c208-40e3-ab57-7edb01549cbf
dde479e5-16f7-4f1b-b16c-b15567ae0465,992ae373-a9bc-4ae6-9d74-7082cf0a4c12
dde479e5-16f7-4f1b-b16c-b15567ae0465,eddb9f19-4025-4f9a-8d44-a9bf94cb562e
dde479e5-16f7-4f1b-b16c-b15567ae0465,ae92de86-1329-4de8-bbcc-f478e9f8628b
dde479e5-16f7-4f1b-b16c-b15567ae0465,72f27659-ea6c-40a3-9f2d-dfe7d82c853b
48bf40c5-3220-4663-b59d-abf6e775ff74,af68b454-0781-4ba1-a037-4444038ef730
c14892f9-08b3-4b90-8232-dc40b842398c,c0616b1c-7741-4f55-9da3-7b115b34481c
f84b5abb-5d58-453e-940f-231e702e95e8,b1938d90-e95c-4a12-87a3-4e4e3b8b4658
faeb2bd1-aee9-4b7a-8b62-cd5115d9e143,386c578b-2a53-4c3a-b910-a980fb1773c0
88c1b8b9-f4b1-44f8-9c4c-7f5625f1b611,1f33d527-6045-4358-afd9-602ae8644b43
88c1b8b9-f4b1-44f8-9c4c-7f5625f1b611,eddb9f19-4025-4f9a-8d44-a9bf94cb562e
88c1b8b9-f4b1-44f8-9c4c-7f5625f1b611,a558c676-742a-40c3-ab74-60a0f34d0c43
88c1b8b9-f4b1-44f8-9c4c-7f5625f1b611,a02e22cb-d235-4e41-99c0-73d63c06157e
1e51e42c-e1f6-4209-b135-8642507cb01e,6ca59447-c208-40e3-ab57-7edb01549cbf
1d3855d3-3ca4-4ffb-8210-ab49def06b58,992ae373-a9bc-4ae6-9d74-7082cf0a4c12
1d3855d3-3ca4-4ffb-8210-ab49def06b58,ae92de86-1329-4de8-bbcc-f478e9f8628b
25e4d4a4-32f6-498e-9266-6512e3e8dd31,6ca59447-c208-40e3-ab57-7edb01549cbf
8888c197-37c1-469c-a5c8-2cd06c61ab57,d8552976-9336-4818-a952-a6ada26a3006
174791a0-34f5-4db2-a3ef-087095ab5b58,992ae373-a9bc-4ae6-9d74-7082cf0a4c12
174791a0-34f5-4db2-a3ef-087095ab5b58,eddb9f19-4025-4f9a-8d44-a9bf94cb562e
174791a0-34f5-4db2-a3ef-087095ab5b58,72f27659-ea6c-40a3-9f2d-dfe7d82c853b
0cb6598e-99ff-46b1-9ff9-4eec117da690,992ae373-a9bc-4ae6-9d74-7082cf0a4c12
0cb6598e-99ff-46b1-9ff9-4eec117da690,eddb9f19-4025-4f9a-8d44-a9bf94cb562e
0cb6598e-99ff-46b1-9ff9-4eec117da690,1f33d527-6045-4358-afd9-602ae8644b43
349fface-5446-4c43-8d57-ace9c1a6fe37,386c578b-2a53-4c3a-b910-a980fb1773c0
9068407c-6eac-4967-9e6e-02fd714ba761,992ae373-a9bc-4ae6-9d74-7082cf0a4c12
9068407c-6eac-4967-9e6e-02fd714ba761,6ff9e82a-0eff-4a28-b5c4-68f943508bf2
9068407c-6eac-4967-9e6e-02fd714ba761,ae92de86-1329-4de8-bbcc-f478e9f8628b
bb98568e-2a31-4a5b-bdf5-a4dbcf92fce2,c0616b1c-7741-4f55-9da3-7b115b34481c
9828337d-16c7-4018-8712-d4ba9534aec1,9e81cd13-e8cd-4e2a-93bc-7ab8e87c20d9
1d93e512-6e49-465b-bcb4-19830371b296,28408059-9560-428c-be43-378a604ac3e8
b89c38b4-072a-4667-b10e-ffab54335afb,1f33d527-6045-4358-afd9-602ae8644b43
bcadbe25-8771-4db8-a4d6-f927655969ea,992ae373-a9bc-4ae6-9d74-7082cf0a4c12
bcadbe25-8771-4db8-a4d6-f927655969ea,41d62f31-a92e-4ff2-9981-41f3cf46ebeb
bcadbe25-8771-4db8-a4d6-f927655969ea,f4053f71-94b5-40b2-92bd-fb588127fe38
ff938160-40a9-4a56-9d6d-123ac58e239d,386c578b-2a53-4c3a-b910-a980fb1773c0
e55dfd13-a637-45d7-b07c-c5a8ea8135ae,992ae373-a9bc-4ae6-9d74-7082cf0a4c12
cb1d1403-f6c9-4779-9d7e-9b6bd979f10c,3b16b9a9-28b5-4421-a419-f2c0a580a622
39075fa0-aaca-405b-989c-9e30d23067f0,eddb9f19-4025-4f9a-8d44-a9bf94cb562e
39075fa0-aaca-405b-989c-9e30d23067f0,c9f904db-1282-4b70-a753-596160a1136a
39075fa0-aaca-405b-989c-9e30d23067f0,1f33d527-6045-4358-afd9-602ae8644b43
2b268e2e-0431-4991-8b27-4e2a2de8f26d,6e7ec579-d5fc-41c8-82f1-649532a23cb4
69a7afa5-128c-4230-bd05-586c33ee83aa,aef4dfc9-2813-4a22-a2e2-92b10b9e7d01
3471752c-6732-4d2e-b535-49675d3ad657,386c578b-2a53-4c3a-b910-a980fb1773c0
d3183558-251a-4bc8-9596-d5d1fcfa3e41,ca64a6a5-167f-4dc6-a828-596ec7fb7bcf
b5c8adce-7f79-4f17-bedc-048b8897a408,9d902a90-2e2d-4921-9d40-b5c18c6fe7ec
b5c8adce-7f79-4f17-bedc-048b8897a408,efde0ce9-21df-44b4-ba54-c6d738ec2e64
73e76e88-ca4d-4646-8d84-aafa2e311586,d89699f6-85db-4def-8de6-14cb07eb2c43
73e76e88-ca4d-4646-8d84-aafa2e311586,6e7ec579-d5fc-41c8-82f1-649532a23cb4
3a7cbaed-539a-4b37-b642-316cec523a1a,ca64a6a5-167f-4dc6-a828-596ec7fb7bcf
76aff8b3-4c5e-479b-a10b-db9381c38f51,5fc091c1-fa87-45b5-878f-8deb38c39f5e
7a1a3f04-e628-4f47-9cb6-78d10bc166d8,d89699f6-85db-4def-8de6-14cb07eb2c43
089dc88f-f0a2-4de2-a812-d509c86e4430,d89699f6-85db-4def-8de6-14cb07eb2c43
089dc88f-f0a2-4de2-a812-d509c86e4430,9e87af73-6ec7-473e-86b9-93fc8311efba
089dc88f-f0a2-4de2-a812-d509c86e4430,41d62f31-a92e-4ff2-9981-41f3cf46ebeb
d406c4c8-b450-4bf5-b14b-86592b36df67,3b16b9a9-28b5-4421-a419-f2c0a580a622
3c488b67-596e-4996-8fe7-3cf1e5311f00,02257903-92fa-4ef4-8ba7-12758b989472
23888a07-b3c1-4a2f-9c81-c227913dbc91,2baf988b-c09f-420d-b2f1-07c3f3cb565b
69b9d3bb-70b2-4634-a104-96469f42f96e,dca26f5a-6485-43d1-9b87-82b066477f04
9222bca5-a5f8-42e6-a26c-500a66ea239e,c0616b1c-7741-4f55-9da3-7b115b34481c
b0c32a7a-519f-40e7-9c3b-6e3f19d8f774,c7e9d8ec-9ba5-4048-82e7-c3d2ff02eb9b
d9795e76-f7e8-4e3b-aaff-dd335ccd6751,38fb6d40-46f1-4b8f-8b19-6769e6e92687
fa617613-fcca-4acd-bf4e-14ef35ce17d1,50d749ed-12a3-48bb-88a9-ac8403bdc400
8f6afd39-85ce-442e-a344-127f3c17beb0,21d8739d-25f6-48b7-a909-14d59848db24
46280ab9-d113-4c15-8dc4-3f700d4c842b,386c578b-2a53-4c3a-b910-a980fb1773c0
67f97549-d70d-4905-9c45-9999f286ed2c,6e7ec579-d5fc-41c8-82f1-649532a23cb4
de531299-0344-4cb4-8a60-4f418082a6c1,6ca59447-c208-40e3-ab57-7edb01549cbf
b6815212-8207-4797-ac57-35d75a2110f6,b4f75e2e-aded-4dd2-8b9c-740be0e9164d
7310c80a-3ab0-40ed-ab17-ffcf76f08e0c,52d84173-882a-48bc-98c2-da35a45c13c1
34a556d8-7371-4cb4-9259-243308f3d4fc,b4f75e2e-aded-4dd2-8b9c-740be0e9164d
46c2f67e-6ad2-465a-9b61-3c19d6bedf28,636ec317-4c7e-4140-949e-b81cdece4be4
40ec059c-442e-423b-9b46-291b46b0aeff,1f33d527-6045-4358-afd9-602ae8644b43
40ec059c-442e-423b-9b46-291b46b0aeff,d8552976-9336-4818-a952-a6ada26a3006
1dcd3dca-3cf6-4b9c-a363-bc338bb34ad0,6ca59447-c208-40e3-ab57-7edb01549cbf
76eb97ec-2b61-4f64-b9b5-f7a9b57acaa1,992ae373-a9bc-4ae6-9d74-7082cf0a4c12
76eb97ec-2b61-4f64-b9b5-f7a9b57acaa1,9d902a90-2e2d-4921-9d40-b5c18c6fe7ec
d8b143c2-f2d9-4da1-8698-4d0d88d86743,af68b454-0781-4ba1-a037-4444038ef730
dc7cad79-64b0-4f41-8017-c6085771b4db,d89699f6-85db-4def-8de6-14cb07eb2c43
0eb64fa7-8d6e-4658-979e-761ea612d660,c0616b1c-7741-4f55-9da3-7b115b34481c
31b3d5bb-f1be-41d4-95fe-85669391c3b0,992ae373-a9bc-4ae6-9d74-7082cf0a4c12
31b3d5bb-f1be-41d4-95fe-85669391c3b0,6ff9e82a-0eff-4a28-b5c4-68f943508bf2
31b3d5bb-f1be-41d4-95fe-85669391c3b0,8ccdb142-81ed-489d-94a0-4041bd04a46e
2ba9e94e-3260-48cb-9126-38e097809d19,992ae373-a9bc-4ae6-9d74-7082cf0a4c12
2ba9e94e-3260-48cb-9126-38e097809d19,1f33d527-6045-4358-afd9-602ae8644b43
2ba9e94e-3260-48cb-9126-38e097809d19,f4053f71-94b5-40b2-92bd-fb588127fe38
7a436c30-11dc-456b-9200-d65f3a58275f,3b16b9a9-28b5-4421-a419-f2c0a580a622
763962c3-0907-47cf-8ab8-4d88a9d2917c,bd521a9e-13b6-4c06-bac1-bc263ff9a172
476e4c1a-d022-4542-bb64-afc827cc277a,0d89cd97-9e1b-4cb3-89fc-6773540db9e8
e17cf51f-21d0-4033-9548-3e600b2d106b,1f33d527-6045-4358-afd9-602ae8644b43
dc2769de-dc92-4b56-88ee-16b722f04bd6,6ca59447-c208-40e3-ab57-7edb01549cbf
22433923-7198-4d9d-b733-16b6626834ce,8e47f6b9-4a44-4ce0-98bf-f3e7356fa1d2
1ccaa726-1fd5-464e-9568-20c7317bdcbb,992ae373-a9bc-4ae6-9d74-7082cf0a4c12
1ccaa726-1fd5-464e-9568-20c7317bdcbb,6e7ec579-d5fc-41c8-82f1-649532a23cb4
c24c0450-1d11-4993-b9f0-454cc0dc0765,02257903-92fa-4ef4-8ba7-12758b989472
b5d8dc1b-b787-4444-9c46-6945bd936107,992ae373-a9bc-4ae6-9d74-7082cf0a4c12
b5d8dc1b-b787-4444-9c46-6945bd936107,1f33d527-6045-4358-afd9-602ae8644b43
b5d8dc1b-b787-4444-9c46-6945bd936107,c12e9df5-302b-490d-8ee4-c29cb2b55541
a1ea20ac-67a6-44be-903b-64b20289efbe,c0616b1c-7741-4f55-9da3-7b115b34481c
d9a52276-a5e7-4af6-8049-447cad6d9142,8e47f6b9-4a44-4ce0-98bf-f3e7356fa1d2
a4162e31-db0f-4492-8446-5fa3bf8a42b2,6ca59447-c208-40e3-ab57-7edb01549cbf
4c1caabc-f1c7-46fc-a535-fe851aed7636,8e47f6b9-4a44-4ce0-98bf-f3e7356fa1d2
e4989290-52ca-4f64-a0af-49f1985fed9d,992ae373-a9bc-4ae6-9d74-7082cf0a4c12
e4989290-52ca-4f64-a0af-49f1985fed9d,eddb9f19-4025-4f9a-8d44-a9bf94cb562e
e4989290-52ca-4f64-a0af-49f1985fed9d,69b294ca-7d15-4303-9762-216ec08f824e
4c81e7bb-a189-4c09-a1fe-d394e3d09599,50d749ed-12a3-48bb-88a9-ac8403bdc400
ef68c1bc-439f-4cce-8321-e4b963c631e6,eddb9f19-4025-4f9a-8d44-a9bf94cb562e
ef68c1bc-439f-4cce-8321-e4b963c631e6,992ae373-a9bc-4ae6-9d74-7082cf0a4c12
eb1acd8d-d420-4193-80ee-a88e351eac8c,69b294ca-7d15-4303-9762-216ec08f824e
eb1acd8d-d420-4193-80ee-a88e351eac8c,41d62f31-a92e-4ff2-9981-41f3cf46ebeb
eb1acd8d-d420-4193-80ee-a88e351eac8c,d89699f6-85db-4def-8de6-14cb07eb2c43
7a554370-d382-440f-8f46-fab8c5050e76,5fc091c1-fa87-45b5-878f-8deb38c39f5e
7338fe84-6b31-4c1d-8791-86043d656003,3b16b9a9-28b5-4421-a419-f2c0a580a622
e7dc7a96-6ab5-4377-b4aa-59bdaa2f6a4c,ca64a6a5-167f-4dc6-a828-596ec7fb7bcf
d809fdd5-fdeb-47fd-a717-bb1ef1fe423b,992ae373-a9bc-4ae6-9d74-7082cf0a4c12
d809fdd5-fdeb-47fd-a717-bb1ef1fe423b,eddb9f19-4025-4f9a-8d44-a9bf94cb562e
d809fdd5-fdeb-47fd-a717-bb1ef1fe423b,ae92de86-1329-4de8-bbcc-f478e9f8628b
f0259735-24e2-4a26-bf8b-552a14285076,6ca59447-c208-40e3-ab57-7edb01549cbf
71182e75-9897-4c84-8031-977287d16666,992ae373-a9bc-4ae6-9d74-7082cf0a4c12
71182e75-9897-4c84-8031-977287d16666,eddb9f19-4025-4f9a-8d44-a9bf94cb562e
71182e75-9897-4c84-8031-977287d16666,1f33d527-6045-4358-afd9-602ae8644b43
606d2628-7d5f-4fc8-bd14-d56571398eb3,6ca59447-c208-40e3-ab57-7edb01549cbf
b09e2770-2893-40a3-a2f4-f764f07a5b46,72f27659-ea6c-40a3-9f2d-dfe7d82c853b
b09e2770-2893-40a3-a2f4-f764f07a5b46,f137d46d-5bac-404d-bfc9-d9fb8fc8a734
695dffbd-1b61-40c5-bd5c-47d899a75d48,6ca59447-c208-40e3-ab57-7edb01549cbf
31e1732b-a83a-4f4d-90ca-3cd44eef79d8,992ae373-a9bc-4ae6-9d74-7082cf0a4c12
31e1732b-a83a-4f4d-90ca-3cd44eef79d8,ae92de86-1329-4de8-bbcc-f478e9f8628b
31e1732b-a83a-4f4d-90ca-3cd44eef79d8,6ff9e82a-0eff-4a28-b5c4-68f943508bf2
c7a728ef-e919-485e-9238-a3806a3d0a49,9f6d5b2b-ac1c-4cc3-a7d1-7cedf98b7563
c7a728ef-e919-485e-9238-a3806a3d0a49,6ff9e82a-0eff-4a28-b5c4-68f943508bf2
c7a728ef-e919-485e-9238-a3806a3d0a49,fc1941db-1098-4bd5-a9c7-d9fe8b94172d
fc8c297b-524c-458a-8838-4bdb24c42908,b4f75e2e-aded-4dd2-8b9c-740be0e9164d
0304ca10-4584-4a20-8171-69bad28a0aea,c12e9df5-302b-490d-8ee4-c29cb2b55541
0304ca10-4584-4a20-8171-69bad28a0aea,9e87af73-6ec7-473e-86b9-93fc8311efba
832dada7-c3af-4e7e-84cc-c3ada18d39eb,5115a7f4-c481-4f49-bf54-506badb69a95
832dada7-c3af-4e7e-84cc-c3ada18d39eb,f4053f71-94b5-40b2-92bd-fb588127fe38
748f2a56-b7a3-49c9-b950-ef3aa4e8be19,02257903-92fa-4ef4-8ba7-12758b989472
4da19057-18a4-471b-b4f3-9a472362f67e,254b263b-b58f-4212-b381-33c85da3e4c9
4da19057-18a4-471b-b4f3-9a472362f67e,402d7328-f91d-488a-ad1c-53ecfd349095
4da19057-18a4-471b-b4f3-9a472362f67e,1f33d527-6045-4358-afd9-602ae8644b43
dd88b3e9-561c-4f0d-b671-304b2de87a1d,ff41c6fa-d1d3-461e-bc14-61438d2fe7d4
a9c9808f-7df5-4810-a130-e1fb98da5bdf,ca64a6a5-167f-4dc6-a828-596ec7fb7bcf
6f649cf1-b922-4a33-abee-32a031504c84,6ca59447-c208-40e3-ab57-7edb01549cbf
296fb4e3-0f68-4dca-9996-7b74bfa4bc07,9e81cd13-e8cd-4e2a-93bc-7ab8e87c20d9
61608353-84a9-40b8-b7c9-67f894b451a4,e5c050af-918f-4377-8516-d61383dd7eeb
9df3b026-a42b-4e7b-a0f0-c0e1b4d49705,eddb9f19-4025-4f9a-8d44-a9bf94cb562e
9df3b026-a42b-4e7b-a0f0-c0e1b4d49705,6ff9e82a-0eff-4a28-b5c4-68f943508bf2
9df3b026-a42b-4e7b-a0f0-c0e1b4d49705,9d902a90-2e2d-4921-9d40-b5c18c6fe7ec
9df3b026-a42b-4e7b-a0f0-c0e1b4d49705,efde0ce9-21df-44b4-ba54-c6d738ec2e64
dc7cad79-64b0-4f41-8017-c6085771b4db,1f33d527-6045-4358-afd9-602ae8644b43
cedba23d-446a-4392-8df3-2ea4d965cdd0,2407e3fc-726a-44f3-8344-0d8da811e1b8
0a92a812-df23-435b-a834-58d610b8cb9a,e8a36e12-37a4-483d-be2e-2abcbbbbc70c
5527c470-865c-45f8-9a4f-3cbef2b96c0a,6ca59447-c208-40e3-ab57-7edb01549cbf
70c7a634-6edf-4c9e-b4fd-508f7cdcded2,d8552976-9336-4818-a952-a6ada26a3006
5f1600d9-3177-421d-bd3e-ea3b4a648fb6,ec2041c0-abc0-43e0-b203-b9c87571eacb
d544ec1d-e244-49c4-a32e-0ebbfe9a8bcb,a0ec4670-47c0-48d5-a9a0-c2012e886b58
84459a64-0980-4ccb-a030-d44b1987a3c1,6bdd587c-344f-4fb7-b1c6-d48b8b15a2d1
dffd0900-af7c-4ba2-8cb3-d2b13e4ce7e2,0d262eed-551e-45d0-983c-bca05eabe980
00f66d9f-ec53-4de8-a8fd-e42210370676,abc6c08b-0d8b-4b68-9a5e-18e8122308ca
58508630-70a4-4f12-97f5-2af58315805d,3b16b9a9-28b5-4421-a419-f2c0a580a622
fe73c0c3-d7e9-4c81-81cd-c017e3cbd70e,50d749ed-12a3-48bb-88a9-ac8403bdc400
f72817de-3430-40e9-86ff-17b996fac964,1f33d527-6045-4358-afd9-602ae8644b43
ef2b62a2-d797-416b-bc59-acd5dc582305,0ee9f564-1d84-4c16-8227-802613b88a09
964f565d-cf36-4d1b-9678-acc8648552d2,6ca59447-c208-40e3-ab57-7edb01549cbf
becaae48-a688-404b-a0a1-8c22446bbd6d,3bf75b18-e479-43ff-b40e-b33f5996a5c4
becaae48-a688-404b-a0a1-8c22446bbd6d,1f33d527-6045-4358-afd9-602ae8644b43
23b08f2e-df0b-456b-84e3-01733dd6c046,386c578b-2a53-4c3a-b910-a980fb1773c0
69f0eabb-c817-45b4-aeaf-ad6d5c09f1da,c7e9d8ec-9ba5-4048-82e7-c3d2ff02eb9b
e72dc308-f0b7-4eef-bae9-066adeb57802,6ca59447-c208-40e3-ab57-7edb01549cbf
c63eda7a-3a8e-4f28-8426-77f186f6ba1e,d89699f6-85db-4def-8de6-14cb07eb2c43
315a288a-6800-4204-a256-e8be6999975b,1f33d527-6045-4358-afd9-602ae8644b43
6cc3f2a6-b2c1-4a1a-8070-3d7f0d78c645,1f33d527-6045-4358-afd9-602ae8644b43
6cc3f2a6-b2c1-4a1a-8070-3d7f0d78c645,0a2353ed-3482-4163-9ca4-46e6cf6ab717
6cc3f2a6-b2c1-4a1a-8070-3d7f0d78c645,c12e9df5-302b-490d-8ee4-c29cb2b55541
206c1349-5f37-4bbc-b141-6b05b9a85f3e,41d62f31-a92e-4ff2-9981-41f3cf46ebeb
206c1349-5f37-4bbc-b141-6b05b9a85f3e,9e0438e5-793f-4371-97f4-f9db8f2c3bbc
d2afe516-5e37-47eb-8059-e2a582a5f809,8d82500d-abce-4859-889f-991e369704e8
021943db-2f95-4627-91f5-24117d0e15eb,ca64a6a5-167f-4dc6-a828-596ec7fb7bcf
1c354e3a-97b6-4cb5-b635-65e412abec51,1f33d527-6045-4358-afd9-602ae8644b43
6fc1997d-4750-4f5c-b6e4-d3a186f2009e,28408059-9560-428c-be43-378a604ac3e8
c474463a-e7a5-4f3a-a9f6-b763c7c2ebef,5fc091c1-fa87-45b5-878f-8deb38c39f5e
469b8a13-61a6-4ffb-b3fe-fc6e8ee52a17,d1c30f65-d081-40cd-91e8-193b4c51182a
48744f3c-507a-4032-9600-57c111706cf3,992ae373-a9bc-4ae6-9d74-7082cf0a4c12
715b3a70-a82f-475c-b55b-bd7e6b2deb7b,fe8e1adf-281b-493b-a6ec-1b86629a19d7
63570870-a9ec-4d88-8506-6626a000ca9e,b9f30bc7-6fe4-42ff-81ef-6b73634f7220
bd915b3f-2147-4c2c-8d86-bef17fa604ba,b41e3b3e-d27b-4705-b8c7-592b89508e12
b89206bf-10ac-4d8e-b079-d1bb3d2588fc,3b16b9a9-28b5-4421-a419-f2c0a580a622
0463bc7b-bab7-439e-8590-5bf9d25babf9,92a75c62-556e-4861-bd75-a29497ddf8cb
8445947f-8de9-49bf-8e2b-e8e0f0174c2b,b1938d90-e95c-4a12-87a3-4e4e3b8b4658
2af0e8ae-200d-47b2-9366-7f6ca97465cf,3b16b9a9-28b5-4421-a419-f2c0a580a622
5f0445c0-522d-4846-8974-df25cb565587,6ca59447-c208-40e3-ab57-7edb01549cbf
a8fcaf43-032b-4ba7-9af7-e94fdc7269a0,6ca59447-c208-40e3-ab57-7edb01549cbf
92cf78d3-01dd-4666-b292-5466a62bceab,92a75c62-556e-4861-bd75-a29497ddf8cb
c3b31553-d682-4ce8-b714-0fcb10581420,6ca59447-c208-40e3-ab57-7edb01549cbf
1ae9d1e5-da0a-4add-b92c-d73dcd2c3417,6ff9e82a-0eff-4a28-b5c4-68f943508bf2
693ab465-58d3-456b-8f0b-68381b48ee21,992ae373-a9bc-4ae6-9d74-7082cf0a4c12
693ab465-58d3-456b-8f0b-68381b48ee21,9d902a90-2e2d-4921-9d40-b5c18c6fe7ec
693ab465-58d3-456b-8f0b-68381b48ee21,6ff9e82a-0eff-4a28-b5c4-68f943508bf2
28018fd1-e524-4d71-9317-a3693bea081b,1f33d527-6045-4358-afd9-602ae8644b43
b9345cde-56fd-4aad-991e-001eb88f0e63,46d4a1d1-c057-49ba-a879-db85b0cda4b9
207a33b1-aa14-4b43-8353-03d9aec3e26b,eddb9f19-4025-4f9a-8d44-a9bf94cb562e
207a33b1-aa14-4b43-8353-03d9aec3e26b,992ae373-a9bc-4ae6-9d74-7082cf0a4c12
207a33b1-aa14-4b43-8353-03d9aec3e26b,1f33d527-6045-4358-afd9-602ae8644b43
207a33b1-aa14-4b43-8353-03d9aec3e26b,8ccdb142-81ed-489d-94a0-4041bd04a46e
207a33b1-aa14-4b43-8353-03d9aec3e26b,0a2353ed-3482-4163-9ca4-46e6cf6ab717
fc847ed3-5d29-495e-bfc8-a4ca3c582585,02257903-92fa-4ef4-8ba7-12758b989472
6f591aa3-a74c-4e8f-a496-3c233ca8d55e,eddb9f19-4025-4f9a-8d44-a9bf94cb562e
6f591aa3-a74c-4e8f-a496-3c233ca8d55e,a02e22cb-d235-4e41-99c0-73d63c06157e
8bc055cb-ae28-4140-ad2f-428b58b4cf96,992ae373-a9bc-4ae6-9d74-7082cf0a4c12
8bc055cb-ae28-4140-ad2f-428b58b4cf96,9f6d5b2b-ac1c-4cc3-a7d1-7cedf98b7563
fc59be69-6a5b-4869-a210-96a2542c2cd2,6ca59447-c208-40e3-ab57-7edb01549cbf
34013bec-c97b-4f36-b659-924cc8315fad,992ae373-a9bc-4ae6-9d74-7082cf0a4c12
34013bec-c97b-4f36-b659-924cc8315fad,9d902a90-2e2d-4921-9d40-b5c18c6fe7ec
34013bec-c97b-4f36-b659-924cc8315fad,6ff9e82a-0eff-4a28-b5c4-68f943508bf2
cd07031e-30f2-443a-b931-775d4e656333,b5489408-529d-4ff3-bc71-57bc4e093158
dd1fd329-8aff-4acb-a633-992fb357692b,abc6c08b-0d8b-4b68-9a5e-18e8122308ca
638d8bdf-a6f1-41cb-9bbf-b0f548eccde0,6bdd587c-344f-4fb7-b1c6-d48b8b15a2d1
83aaaffc-a39a-41c5-9f75-3010ae7fa89e,52d84173-882a-48bc-98c2-da35a45c13c1
966373a2-5655-4f16-a731-999beabb826c,6ca59447-c208-40e3-ab57-7edb01549cbf
07a9237d-78bd-431a-8010-1fd7a8781e48,571bec87-75f4-4fbd-bda4-05d7e7c4546b
07a9237d-78bd-431a-8010-1fd7a8781e48,0a2353ed-3482-4163-9ca4-46e6cf6ab717
9e386213-fc09-41a1-8dde-da191f2c8d51,992ae373-a9bc-4ae6-9d74-7082cf0a4c12
9e386213-fc09-41a1-8dde-da191f2c8d51,6ff9e82a-0eff-4a28-b5c4-68f943508bf2
1434ffdf-6492-437b-89ca-f3984d5a3de2,6ca59447-c208-40e3-ab57-7edb01549cbf
1cc076ab-5617-44ad-91cb-3430a5df52f8,6ca59447-c208-40e3-ab57-7edb01549cbf
59a6a76c-3ce3-4640-b34c-b1e036dec6f6,d8552976-9336-4818-a952-a6ada26a3006
59a6a76c-3ce3-4640-b34c-b1e036dec6f6,fc1941db-1098-4bd5-a9c7-d9fe8b94172d
ab0b73e1-40eb-4776-b394-140aa7cffa0f,b47cb9fd-b9c9-4d77-916d-93ed0c1a1879
ab0b73e1-40eb-4776-b394-140aa7cffa0f,992ae373-a9bc-4ae6-9d74-7082cf0a4c12
ab0b73e1-40eb-4776-b394-140aa7cffa0f,ae92de86-1329-4de8-bbcc-f478e9f8628b
e82b724a-81d3-4d43-a678-c5e0341282b7,6ca59447-c208-40e3-ab57-7edb01549cbf
916e9d95-5b6b-48f3-9dc1-1b471234f43e,0663a94d-7fc1-4427-9cdd-86e299c0fe86
916e9d95-5b6b-48f3-9dc1-1b471234f43e,4c9945e5-4487-40d3-ac4d-0f39caa452c4
eec6cbba-6761-482d-83a1-73c2f3788aab,3d947f3c-fa03-4667-b09a-25a8f2db2adb
7bfc952c-e9d1-4a8c-8f44-d35158348e25,bf26bafb-f799-4174-bac0-40338f3e8851
ba6fd0b9-4479-4687-b6d6-e1321eccdc3f,6ca59447-c208-40e3-ab57-7edb01549cbf
5ae6df64-4dac-45a0-b853-19cb95e41bfd,0956065f-f830-46ce-8db3-7c82b0df46c0
de6e8e4c-e4f0-4295-a04f-d50e3d181cee,1bcd244a-c2a5-4a4e-8572-b7459305a8b1
d23c7491-3f89-4a45-9b85-c3aded47ea4b,cde9a632-6add-43ce-8de9-84ce69637125
b96a84ee-c249-410e-9cca-4b1c49a94d03,5fc091c1-fa87-45b5-878f-8deb38c39f5e
cf837b4a-5382-4e80-a95d-e0ae0ae22a32,6ca59447-c208-40e3-ab57-7edb01549cbf
34cf4e50-aaf1-4e85-85c0-055bbd00085f,992ae373-a9bc-4ae6-9d74-7082cf0a4c12
34cf4e50-aaf1-4e85-85c0-055bbd00085f,eddb9f19-4025-4f9a-8d44-a9bf94cb562e
34cf4e50-aaf1-4e85-85c0-055bbd00085f,ae92de86-1329-4de8-bbcc-f478e9f8628b
f57b747a-8ef9-4d52-bf38-4cc2c8b41dac,cde9a632-6add-43ce-8de9-84ce69637125
c9d3a96c-92eb-4ea6-ac8b-e86bfdefa308,5fc091c1-fa87-45b5-878f-8deb38c39f5e
bb13c98f-abf1-41de-9a4f-e74820545b81,6359b0bf-3af6-44e9-bf13-71c9fe0ead77
53e0aca1-f01a-4638-a548-30069fb18a2f,9e87af73-6ec7-473e-86b9-93fc8311efba
53e0aca1-f01a-4638-a548-30069fb18a2f,d89699f6-85db-4def-8de6-14cb07eb2c43
178c6743-4eea-49f4-b22d-a6deca026314,6ca59447-c208-40e3-ab57-7edb01549cbf
d785085f-c072-4796-af6c-4d106f1aba24,6ca59447-c208-40e3-ab57-7edb01549cbf
9db75002-a4f2-4132-aca4-ff731813fcf7,6ca59447-c208-40e3-ab57-7edb01549cbf
27c3d8d2-7d4f-4d8f-beed-a0de595228f8,943fa8e9-69df-4f6e-8e47-3a81150d8b3d
4436b57d-8b3d-4c83-b252-d18b80a45e57,6bdd587c-344f-4fb7-b1c6-d48b8b15a2d1
075c1b34-3c05-43cf-b403-448f6098c3c5,6ca59447-c208-40e3-ab57-7edb01549cbf
96afae43-765e-4588-a0db-d83cdf631d0d,992ae373-a9bc-4ae6-9d74-7082cf0a4c12
96afae43-765e-4588-a0db-d83cdf631d0d,eddb9f19-4025-4f9a-8d44-a9bf94cb562e
eff26157-8ba2-4f27-8a8f-7fbd8f0b2311,fe5f9116-b18a-42bb-bead-1f0a20aae294
dd39131d-2a65-4fd2-8e5f-ae436464d537,ff41c6fa-d1d3-461e-bc14-61438d2fe7d4
ec487be7-6b9d-44cb-908f-35bd3dbe3233,6ca59447-c208-40e3-ab57-7edb01549cbf
1ea358a7-c75e-4e66-b865-84813235f8d5,1f33d527-6045-4358-afd9-602ae8644b43
d76a688c-7935-4138-bf36-4ecae5c7e5b4,6ca59447-c208-40e3-ab57-7edb01549cbf
60a312af-916a-4a06-b12d-6181a51c784f,d89699f6-85db-4def-8de6-14cb07eb2c43
3f9a655c-12c0-4b87-a26f-154ac4232711,1f33d527-6045-4358-afd9-602ae8644b43
cdf41f04-f31e-43ad-9ba2-e75f6bb92448,636ec317-4c7e-4140-949e-b81cdece4be4
0d18089a-4ea4-4204-979e-25e44e05d1ad,8d82500d-abce-4859-889f-991e369704e8
23c4184d-c4ea-4be5-a26a-17d35da8a82e,1fa3719f-7f49-43d3-9416-c38e10968ac8
23c4184d-c4ea-4be5-a26a-17d35da8a82e,1f33d527-6045-4358-afd9-602ae8644b43
23c4184d-c4ea-4be5-a26a-17d35da8a82e,eddb9f19-4025-4f9a-8d44-a9bf94cb562e
23c4184d-c4ea-4be5-a26a-17d35da8a82e,c9f904db-1282-4b70-a753-596160a1136a
78ef9487-5bba-4f7a-8651-3b7614c48338,992ae373-a9bc-4ae6-9d74-7082cf0a4c12
78ef9487-5bba-4f7a-8651-3b7614c48338,fc1941db-1098-4bd5-a9c7-d9fe8b94172d
78ef9487-5bba-4f7a-8651-3b7614c48338,f137d46d-5bac-404d-bfc9-d9fb8fc8a734
4ff892a2-6fb9-4726-87a7-ae6fa905f434,6ca59447-c208-40e3-ab57-7edb01549cbf
7fec796d-5522-44d9-82e9-3b3bef163143,6ca59447-c208-40e3-ab57-7edb01549cbf
b0ddcb6f-0caf-4601-bdd1-7a925a916142,992ae373-a9bc-4ae6-9d74-7082cf0a4c12
b0ddcb6f-0caf-4601-bdd1-7a925a916142,6ff9e82a-0eff-4a28-b5c4-68f943508bf2
342e34ca-936c-42ed-b59f-3786291e3659,3d947f3c-fa03-4667-b09a-25a8f2db2adb
263f8dc6-9362-4c1d-b768-a80390bf65c4,6359b0bf-3af6-44e9-bf13-71c9fe0ead77
d1a0fb9a-3bf3-497c-95ab-8bfe1c3e5e2b,1f33d527-6045-4358-afd9-602ae8644b43
d1a0fb9a-3bf3-497c-95ab-8bfe1c3e5e2b,992ae373-a9bc-4ae6-9d74-7082cf0a4c12
21e379fc-474a-4827-8caf-883907b5079d,eddb9f19-4025-4f9a-8d44-a9bf94cb562e
92649eaa-e91e-4fc4-a2eb-6df40644d8c5,2a5e73d9-7acc-4ad2-8d42-61fdcc1b5c4d
747aec18-30b0-4cee-99a5-af639b585a07,992ae373-a9bc-4ae6-9d74-7082cf0a4c12
747aec18-30b0-4cee-99a5-af639b585a07,0663a94d-7fc1-4427-9cdd-86e299c0fe86
d1596eca-03cb-440f-87db-89b8901a24e6,9e87af73-6ec7-473e-86b9-93fc8311efba
d1596eca-03cb-440f-87db-89b8901a24e6,eddb9f19-4025-4f9a-8d44-a9bf94cb562e
dae8f66c-c8ce-45e0-8ab5-d85155b0c798,eddb9f19-4025-4f9a-8d44-a9bf94cb562e
dae8f66c-c8ce-45e0-8ab5-d85155b0c798,05155868-5a51-4328-bec7-587f5f081148
8fb89d9d-c901-4547-918a-b7fe1872e39f,1f33d527-6045-4358-afd9-602ae8644b43
86573f25-47b3-4108-b557-df4103b1b4d0,3b16b9a9-28b5-4421-a419-f2c0a580a622
070e7ce4-6fed-44e9-beef-5e7341314d92,c0616b1c-7741-4f55-9da3-7b115b34481c
f56fa2b7-bcf2-4b00-b522-0c9f08605ee1,992ae373-a9bc-4ae6-9d74-7082cf0a4c12
f56fa2b7-bcf2-4b00-b522-0c9f08605ee1,eddb9f19-4025-4f9a-8d44-a9bf94cb562e
f56fa2b7-bcf2-4b00-b522-0c9f08605ee1,1f33d527-6045-4358-afd9-602ae8644b43
f3294364-819e-45ec-bd8d-5fcca1fa849b,fe5f9116-b18a-42bb-bead-1f0a20aae294
452298de-96a7-4cb9-a085-02f3952a085e,992ae373-a9bc-4ae6-9d74-7082cf0a4c12
452298de-96a7-4cb9-a085-02f3952a085e,9f6d5b2b-ac1c-4cc3-a7d1-7cedf98b7563
67b867ef-ce93-4f3c-9917-3fed18243f15,402d7328-f91d-488a-ad1c-53ecfd349095
67b867ef-ce93-4f3c-9917-3fed18243f15,992ae373-a9bc-4ae6-9d74-7082cf0a4c12
d48f4f16-5423-4f60-b330-1a755e1a147c,c0616b1c-7741-4f55-9da3-7b115b34481c
b369fc05-f87e-41ea-888d-5aba05f9ea6c,6ca59447-c208-40e3-ab57-7edb01549cbf
6076b5bf-8f3b-47da-8bca-a72e714af09d,992ae373-a9bc-4ae6-9d74-7082cf0a4c12
6076b5bf-8f3b-47da-8bca-a72e714af09d,eddb9f19-4025-4f9a-8d44-a9bf94cb562e
6076b5bf-8f3b-47da-8bca-a72e714af09d,ae92de86-1329-4de8-bbcc-f478e9f8628b
6076b5bf-8f3b-47da-8bca-a72e714af09d,72f27659-ea6c-40a3-9f2d-dfe7d82c853b
d544cf16-e914-464e-902d-5b6e4c58b349,992ae373-a9bc-4ae6-9d74-7082cf0a4c12
b0e87cd0-876d-4d98-865e-19c69131092c,636ec317-4c7e-4140-949e-b81cdece4be4
0db68601-79f4-456a-a07c-65ffb9b88cd5,5fc091c1-fa87-45b5-878f-8deb38c39f5e
a2f107bb-5428-4c6f-a63c-b31b06ef0307,6ff9e82a-0eff-4a28-b5c4-68f943508bf2
a2f107bb-5428-4c6f-a63c-b31b06ef0307,1f33d527-6045-4358-afd9-602ae8644b43
db1986f4-84f9-43c2-8085-add87c836e29,12e1702a-7623-4b11-a224-44601b67328c
16f1c789-6746-41a2-9f0b-ff3edd364d59,28408059-9560-428c-be43-378a604ac3e8
50a29a07-f2cc-464e-8351-ae236c15474d,6ca59447-c208-40e3-ab57-7edb01549cbf
72d1c492-a57e-48e7-ad9f-06ad679d6ff5,992ae373-a9bc-4ae6-9d74-7082cf0a4c12
72d1c492-a57e-48e7-ad9f-06ad679d6ff5,6ff9e82a-0eff-4a28-b5c4-68f943508bf2
64d06be3-ece9-4ab2-bc2e-784731dd358e,6ca59447-c208-40e3-ab57-7edb01549cbf
1054c887-4fee-4d76-99c3-f59959aa48f9,c0cdd49a-91fd-4557-95e5-236e2a601286
7b80854f-4c25-4b2d-b0e6-316f8f84838a,6ca59447-c208-40e3-ab57-7edb01549cbf
2b2da2cc-ba53-4888-816e-bcc616bc1cef,6ff9e82a-0eff-4a28-b5c4-68f943508bf2
2b2da2cc-ba53-4888-816e-bcc616bc1cef,eddb9f19-4025-4f9a-8d44-a9bf94cb562e
a117eac3-734d-4dfe-b0a7-db8eadd518c3,6ca59447-c208-40e3-ab57-7edb01549cbf
3ca568d3-c141-4f1d-aa27-1729779b6862,6ca59447-c208-40e3-ab57-7edb01549cbf
bf15a4c3-171e-4f45-80a3-53fd37fc7bd0,f413d6b6-6542-41fc-940c-6177cf5606aa
4c7bec80-b27c-4ad7-ba82-bc084e3ae030,c0616b1c-7741-4f55-9da3-7b115b34481c
ac8687f7-966f-405e-9cc3-953c3ea11269,6359b0bf-3af6-44e9-bf13-71c9fe0ead77
0bee9057-701b-4687-8d8d-6a63606b9b4b,3b16b9a9-28b5-4421-a419-f2c0a580a622
fda32f69-834a-4d55-982a-35115d089d41,1f33d527-6045-4358-afd9-602ae8644b43
0044648e-8704-4eb5-ac43-a3599c459ad0,6ca59447-c208-40e3-ab57-7edb01549cbf
964c5aab-a078-4cc9-8ee6-0f5ff6cb08ae,992ae373-a9bc-4ae6-9d74-7082cf0a4c12
964c5aab-a078-4cc9-8ee6-0f5ff6cb08ae,ae92de86-1329-4de8-bbcc-f478e9f8628b
964c5aab-a078-4cc9-8ee6-0f5ff6cb08ae,efde0ce9-21df-44b4-ba54-c6d738ec2e64
f0957274-2fc5-4bd0-9347-c642a8b87b65,6ca59447-c208-40e3-ab57-7edb01549cbf
e9e02973-425f-4ab5-93b8-749123a96429,386c578b-2a53-4c3a-b910-a980fb1773c0
3af716a9-2107-419c-b824-dff6c0f755dd,0a2353ed-3482-4163-9ca4-46e6cf6ab717
3af716a9-2107-419c-b824-dff6c0f755dd,1f33d527-6045-4358-afd9-602ae8644b43
063b994e-767b-4ffd-a362-8fa79a128610,6ca59447-c208-40e3-ab57-7edb01549cbf
e21c7cdf-38d2-4303-a8b6-6cb86035a7f8,1f33d527-6045-4358-afd9-602ae8644b43
e21c7cdf-38d2-4303-a8b6-6cb86035a7f8,992ae373-a9bc-4ae6-9d74-7082cf0a4c12
c1c3c91c-00ab-4369-b2bf-9017f11a330f,6bdd587c-344f-4fb7-b1c6-d48b8b15a2d1
c4235b56-0527-478a-b59a-d6bd817361ae,386c578b-2a53-4c3a-b910-a980fb1773c0
581fc873-a302-48f0-ab90-62828dc58539,992ae373-a9bc-4ae6-9d74-7082cf0a4c12
581fc873-a302-48f0-ab90-62828dc58539,6ff9e82a-0eff-4a28-b5c4-68f943508bf2
3e60c62b-122a-43d1-956b-8d251d664708,c0616b1c-7741-4f55-9da3-7b115b34481c
cceca81f-c3e1-4c15-a954-cd63ac4c9daa,d8552976-9336-4818-a952-a6ada26a3006
059d0d48-5ccc-4552-9b27-9e42d7f2740a,6ff9e82a-0eff-4a28-b5c4-68f943508bf2
9dbd6a39-aea9-49d5-b649-71df1e9cd7c2,6bdd587c-344f-4fb7-b1c6-d48b8b15a2d1
619f2e96-c81d-4501-b9c4-0b4137dab59d,992ae373-a9bc-4ae6-9d74-7082cf0a4c12
619f2e96-c81d-4501-b9c4-0b4137dab59d,eddb9f19-4025-4f9a-8d44-a9bf94cb562e
619f2e96-c81d-4501-b9c4-0b4137dab59d,ae92de86-1329-4de8-bbcc-f478e9f8628b
619f2e96-c81d-4501-b9c4-0b4137dab59d,6ff9e82a-0eff-4a28-b5c4-68f943508bf2
619f2e96-c81d-4501-b9c4-0b4137dab59d,a7c696e1-0357-44a1-bb35-61bd0c6cd855
6d0e5094-d83b-434c-b087-9ec786d1c99d,c0e1ac3f-43d4-49ec-a5c7-e4b40b200a57
f79aae2b-15d6-40e1-accd-b7700410db54,9297f5e2-06f8-43dc-9765-87beb4350755
0f287ffe-87f2-4439-b470-8539a614ba73,992ae373-a9bc-4ae6-9d74-7082cf0a4c12
0f287ffe-87f2-4439-b470-8539a614ba73,d8552976-9336-4818-a952-a6ada26a3006
0f287ffe-87f2-4439-b470-8539a614ba73,fc1941db-1098-4bd5-a9c7-d9fe8b94172d
cd81b9ca-1780-4a1f-8fa1-2a79e1bbbf2e,6fe661aa-ffec-44c5-8de9-c80eef106e6b
55510bd5-fcd8-44fb-bf1f-d0e991b7ab76,10ff94b7-bad0-4bf5-a0cd-921c05b38863
8d63bb68-62c8-47b0-b146-6666205d8555,eddb9f19-4025-4f9a-8d44-a9bf94cb562e
8d63bb68-62c8-47b0-b146-6666205d8555,6ff9e82a-0eff-4a28-b5c4-68f943508bf2
a16af505-93be-404d-9048-2922efc5e5d0,1f33d527-6045-4358-afd9-602ae8644b43
e8ba37d8-cede-4000-a603-833af86c7eac,1f33d527-6045-4358-afd9-602ae8644b43
e8ba37d8-cede-4000-a603-833af86c7eac,d8552976-9336-4818-a952-a6ada26a3006
e8ba37d8-cede-4000-a603-833af86c7eac,992ae373-a9bc-4ae6-9d74-7082cf0a4c12
3c0b1e9d-1855-48b1-ba9f-0360872a3450,3b16b9a9-28b5-4421-a419-f2c0a580a622
c18da5fa-5cb1-4c7a-9ba3-1f278dcdfa13,d89699f6-85db-4def-8de6-14cb07eb2c43
c18da5fa-5cb1-4c7a-9ba3-1f278dcdfa13,b47cb9fd-b9c9-4d77-916d-93ed0c1a1879
bfd8212a-c998-43e1-8fd5-fd5a8df8b085,02257903-92fa-4ef4-8ba7-12758b989472
825dfeb4-06f6-4953-8c92-95f93b28a4fe,992ae373-a9bc-4ae6-9d74-7082cf0a4c12
825dfeb4-06f6-4953-8c92-95f93b28a4fe,1f33d527-6045-4358-afd9-602ae8644b43
825dfeb4-06f6-4953-8c92-95f93b28a4fe,eddb9f19-4025-4f9a-8d44-a9bf94cb562e
ff9ca4e2-f28d-4c54-b814-a6b6ad67637f,992ae373-a9bc-4ae6-9d74-7082cf0a4c12
b08a6824-9e13-4932-a883-e53c0090eab5,992ae373-a9bc-4ae6-9d74-7082cf0a4c12
b08a6824-9e13-4932-a883-e53c0090eab5,9f6d5b2b-ac1c-4cc3-a7d1-7cedf98b7563
7bc955f2-f74b-4a4d-8764-179fc4711ebd,d89699f6-85db-4def-8de6-14cb07eb2c43
7bc955f2-f74b-4a4d-8764-179fc4711ebd,41d62f31-a92e-4ff2-9981-41f3cf46ebeb
e9f442f0-e457-4a13-bb04-cc522bce85f0,3b16b9a9-28b5-4421-a419-f2c0a580a622
ea46c491-6b53-4c8a-9e77-e2d53641579b,6ca59447-c208-40e3-ab57-7edb01549cbf
10dee9ee-f1bc-4d30-8e31-b611ccc9ad00,6ff9e82a-0eff-4a28-b5c4-68f943508bf2
2b90ddc3-ec3c-41fd-95bf-26554a39d39c,992ae373-a9bc-4ae6-9d74-7082cf0a4c12
2b90ddc3-ec3c-41fd-95bf-26554a39d39c,064e5945-259b-41b9-8d45-ac3fad89f5ff
656ea8f9-0dec-4fb6-875f-2bdb2bd88a49,c7e9d8ec-9ba5-4048-82e7-c3d2ff02eb9b
9e0c700d-70d2-4a69-9efd-e7d3a8e41b2d,d1c30f65-d081-40cd-91e8-193b4c51182a
94df0cad-a029-43ab-946a-bee12ff7b4c8,d8552976-9336-4818-a952-a6ada26a3006
8390bb52-9dda-496d-9a50-e8d06b68995a,6ca59447-c208-40e3-ab57-7edb01549cbf
ffb78968-2ee8-4521-8ca2-2deebac6881d,52d84173-882a-48bc-98c2-da35a45c13c1
0b3a72c1-51a3-4c9d-9ca5-e28d3b9b5e70,6ca59447-c208-40e3-ab57-7edb01549cbf
b5f7ccc5-f7e4-41d5-933e-6151b55b4cbb,4519ffb7-82ab-4f7a-b4b6-5fab503a5663
ecacb0d3-b33e-423e-a388-2b8c1a3e0815,992ae373-a9bc-4ae6-9d74-7082cf0a4c12
ecacb0d3-b33e-423e-a388-2b8c1a3e0815,6ff9e82a-0eff-4a28-b5c4-68f943508bf2
3698625f-aee3-4501-9c2f-e7372a3cef4d,992ae373-a9bc-4ae6-9d74-7082cf0a4c12
3698625f-aee3-4501-9c2f-e7372a3cef4d,1f33d527-6045-4358-afd9-602ae8644b43
d736baa0-d197-400d-8af1-552b72db2441,6ca59447-c208-40e3-ab57-7edb01549cbf
be8d7d0a-35f0-4d11-aa83-e8c0dcbe33e4,992ae373-a9bc-4ae6-9d74-7082cf0a4c12
be8d7d0a-35f0-4d11-aa83-e8c0dcbe33e4,ae92de86-1329-4de8-bbcc-f478e9f8628b
be8d7d0a-35f0-4d11-aa83-e8c0dcbe33e4,fc1941db-1098-4bd5-a9c7-d9fe8b94172d
e7eff286-1918-454f-9bc7-a0f99a9dbdcd,636ec317-4c7e-4140-949e-b81cdece4be4
45ddf62f-01a8-44f0-b930-d531cd5d0ead,6ca59447-c208-40e3-ab57-7edb01549cbf
d1eea61d-1a2a-4bea-9adb-993a97da05b1,b5489408-529d-4ff3-bc71-57bc4e093158
14f769c1-46fc-465d-b350-52441ec80050,02257903-92fa-4ef4-8ba7-12758b989472
8484a858-4f80-4029-96ff-62c84a25aa95,3d947f3c-fa03-4667-b09a-25a8f2db2adb
43921c27-8cda-450d-8460-b8f5afc80a48,6359b0bf-3af6-44e9-bf13-71c9fe0ead77
cde37830-8b6e-4746-a40b-c8378dd5be17,6ca59447-c208-40e3-ab57-7edb01549cbf
04530eee-70a4-40df-b972-e6abf30fae8d,c7e9d8ec-9ba5-4048-82e7-c3d2ff02eb9b
497cf463-2e76-401d-b9f5-094d81a0bb39,38fb6d40-46f1-4b8f-8b19-6769e6e92687
0bec7ea9-bb00-47d6-a4b7-4547ab50addd,6ca59447-c208-40e3-ab57-7edb01549cbf
2eede723-6149-47c1-935a-8770788f5a84,992ae373-a9bc-4ae6-9d74-7082cf0a4c12
2eede723-6149-47c1-935a-8770788f5a84,9d902a90-2e2d-4921-9d40-b5c18c6fe7ec
0d69b9c9-4818-4223-980f-8c9cd8d924f2,f413d6b6-6542-41fc-940c-6177cf5606aa
368d2c9c-b280-4149-8645-8f72b82008b3,6ca59447-c208-40e3-ab57-7edb01549cbf
711d19a5-72dc-45cb-a0e0-2d754444f100,6ca59447-c208-40e3-ab57-7edb01549cbf
325d9380-a51d-4707-9432-fb2b16dc6a21,6ca59447-c208-40e3-ab57-7edb01549cbf
674daa0a-4a3a-4fc8-9909-82bfa87f521f,992ae373-a9bc-4ae6-9d74-7082cf0a4c12
674daa0a-4a3a-4fc8-9909-82bfa87f521f,eddb9f19-4025-4f9a-8d44-a9bf94cb562e
674daa0a-4a3a-4fc8-9909-82bfa87f521f,1f33d527-6045-4358-afd9-602ae8644b43
c254b1be-f1f9-4c93-af47-b3b33c3c6dd5,6ca59447-c208-40e3-ab57-7edb01549cbf
1ae16ece-0c17-4526-91e8-75bea0d86645,0663a94d-7fc1-4427-9cdd-86e299c0fe86
133dfd86-b29e-4b03-98f1-45fef25cfd1b,6ca59447-c208-40e3-ab57-7edb01549cbf
7ed0094a-0dbb-4f56-bb77-ebb93ae89b49,aef4dfc9-2813-4a22-a2e2-92b10b9e7d01
707e6ca5-1e58-4c71-827c-e23afbf1ea16,6ca59447-c208-40e3-ab57-7edb01549cbf
a8e78a13-1598-434f-bf15-eaa5842766f0,386c578b-2a53-4c3a-b910-a980fb1773c0
dc5a306a-faa2-4148-a685-f9192f5e65fc,d89699f6-85db-4def-8de6-14cb07eb2c43
dc5a306a-faa2-4148-a685-f9192f5e65fc,6e7ec579-d5fc-41c8-82f1-649532a23cb4
dc5a306a-faa2-4148-a685-f9192f5e65fc,3ede1470-2ccd-442a-9411-0f2f431639e4
f4268d77-f97e-47d5-a4d1-b5241d0ad18b,992ae373-a9bc-4ae6-9d74-7082cf0a4c12
f4268d77-f97e-47d5-a4d1-b5241d0ad18b,6ff9e82a-0eff-4a28-b5c4-68f943508bf2
53568107-86a3-497a-85a2-71015b332a99,e1f048ba-5b3e-4c91-9caf-28dca91525cf
2d3780b5-f9aa-4702-9690-2aed7dd25146,992ae373-a9bc-4ae6-9d74-7082cf0a4c12
2d3780b5-f9aa-4702-9690-2aed7dd25146,eddb9f19-4025-4f9a-8d44-a9bf94cb562e
2d3780b5-f9aa-4702-9690-2aed7dd25146,6ff9e82a-0eff-4a28-b5c4-68f943508bf2
83251ca1-5589-493a-bea4-0cc4b4a7ad35,992ae373-a9bc-4ae6-9d74-7082cf0a4c12
83251ca1-5589-493a-bea4-0cc4b4a7ad35,eddb9f19-4025-4f9a-8d44-a9bf94cb562e
83251ca1-5589-493a-bea4-0cc4b4a7ad35,1f33d527-6045-4358-afd9-602ae8644b43
eb047b85-5451-4537-9e90-563e4f3c7df8,992ae373-a9bc-4ae6-9d74-7082cf0a4c12
eb047b85-5451-4537-9e90-563e4f3c7df8,ae92de86-1329-4de8-bbcc-f478e9f8628b
eb047b85-5451-4537-9e90-563e4f3c7df8,9d902a90-2e2d-4921-9d40-b5c18c6fe7ec
562f60df-f19f-490e-86bd-e191b3cd48a5,992ae373-a9bc-4ae6-9d74-7082cf0a4c12
562f60df-f19f-490e-86bd-e191b3cd48a5,1f33d527-6045-4358-afd9-602ae8644b43
562f60df-f19f-490e-86bd-e191b3cd48a5,eddb9f19-4025-4f9a-8d44-a9bf94cb562e
880ebfcf-bab2-425b-8eb4-14155c789338,c0616b1c-7741-4f55-9da3-7b115b34481c
b7a64cac-76c1-49f0-bb88-d914bd10863b,b1938d90-e95c-4a12-87a3-4e4e3b8b4658
21c5d696-84a3-4bf8-b4f0-39c127481a21,abc6c08b-0d8b-4b68-9a5e-18e8122308ca
9c768f25-f2b6-4a2a-a79a-4d1af8a299e4,6ca59447-c208-40e3-ab57-7edb01549cbf
819b2f95-b8e8-4229-b050-e95b2c698795,d8552976-9336-4818-a952-a6ada26a3006
819b2f95-b8e8-4229-b050-e95b2c698795,0a2353ed-3482-4163-9ca4-46e6cf6ab717
b06f4328-d2ea-4161-8c1a-86e58b7685ee,ac2f7cb8-fe85-4eec-9dbd-11aab73b200d
db1bd394-2dff-474f-8a07-51a22855e1f1,40193610-2542-4d28-a63f-078467cb7f0a
fec3cf64-018e-4c24-aad2-807e52335349,2407e3fc-726a-44f3-8344-0d8da811e1b8
0f1d4d75-9962-49ac-8b8d-9b594be32961,2cac3d2f-fb6d-4fee-a989-09105ff99178
4c9509df-cc40-4a8c-8d3b-2751e8fccc87,6ca59447-c208-40e3-ab57-7edb01549cbf
83551b3e-9d94-4cd2-9a7c-f094faade69e,6ca59447-c208-40e3-ab57-7edb01549cbf
2e5d2180-180c-4302-93de-ddd4ab150b2d,9d902a90-2e2d-4921-9d40-b5c18c6fe7ec
2e5d2180-180c-4302-93de-ddd4ab150b2d,6ff9e82a-0eff-4a28-b5c4-68f943508bf2
2e5d2180-180c-4302-93de-ddd4ab150b2d,eddb9f19-4025-4f9a-8d44-a9bf94cb562e
eadc840d-550d-4bc0-9d97-ef7283bf684a,6ca59447-c208-40e3-ab57-7edb01549cbf
3ac695dd-27aa-4b3d-9c94-805a4c076272,992ae373-a9bc-4ae6-9d74-7082cf0a4c12
3ac695dd-27aa-4b3d-9c94-805a4c076272,9f6d5b2b-ac1c-4cc3-a7d1-7cedf98b7563
1873ca21-0eff-42a1-b51a-1feaa512c3eb,eddb9f19-4025-4f9a-8d44-a9bf94cb562e
1873ca21-0eff-42a1-b51a-1feaa512c3eb,9d902a90-2e2d-4921-9d40-b5c18c6fe7ec
e350e350-8cf6-4f9d-9197-08d277d489ab,eddb9f19-4025-4f9a-8d44-a9bf94cb562e
8a82ac20-38b4-4c12-af42-ad9946bcec80,fc1941db-1098-4bd5-a9c7-d9fe8b94172d
33b64bd5-867d-4ca9-8e2b-b03579c99d2c,aef4dfc9-2813-4a22-a2e2-92b10b9e7d01
59462018-0078-4653-84ad-0e1be964c613,dca26f5a-6485-43d1-9b87-82b066477f04
f25da230-5891-4cd5-a394-1a14bb45f4a1,1f33d527-6045-4358-afd9-602ae8644b43
f25da230-5891-4cd5-a394-1a14bb45f4a1,eddb9f19-4025-4f9a-8d44-a9bf94cb562e
cde21d0b-d6da-4d0f-813b-f826d0e21afc,eddb9f19-4025-4f9a-8d44-a9bf94cb562e
cde21d0b-d6da-4d0f-813b-f826d0e21afc,6e7ec579-d5fc-41c8-82f1-649532a23cb4
04a78453-c397-4a01-95ff-ba2a61239876,6ff9e82a-0eff-4a28-b5c4-68f943508bf2
04a78453-c397-4a01-95ff-ba2a61239876,9e87af73-6ec7-473e-86b9-93fc8311efba
a879b74d-4000-4ec2-a079-c348d883230d,992ae373-a9bc-4ae6-9d74-7082cf0a4c12
a8eb93a4-9f53-4b38-b9e4-08e1cda76a30,9e87af73-6ec7-473e-86b9-93fc8311efba
a8eb93a4-9f53-4b38-b9e4-08e1cda76a30,d89699f6-85db-4def-8de6-14cb07eb2c43
4ca215cc-18e2-4928-9e3d-7e0a7321e696,ae92de86-1329-4de8-bbcc-f478e9f8628b
550912ae-41f9-4335-857e-1b695ec23960,6359b0bf-3af6-44e9-bf13-71c9fe0ead77
e4316780-6bba-4f53-9082-cad44b4d4e92,6ff9e82a-0eff-4a28-b5c4-68f943508bf2
78c149f3-c397-40bb-a46a-8101701eadca,6ca59447-c208-40e3-ab57-7edb01549cbf
14122c25-db05-4995-ba5e-adefc6e163a7,6ca59447-c208-40e3-ab57-7edb01549cbf
8d1d28e5-3047-45fb-a60c-3cd528d8b53d,3d947f3c-fa03-4667-b09a-25a8f2db2adb
455390ff-a757-4949-893b-960b738165e4,f5ae86d6-7b29-42fb-b3b0-3b474b2978f5
7e8489d1-5f15-4ece-8dc2-ebc974b0785c,38fb6d40-46f1-4b8f-8b19-6769e6e92687
c73e9d25-fef3-4b03-8235-6f8c2b74c1bb,5fc091c1-fa87-45b5-878f-8deb38c39f5e
e3244b8c-81d3-43ea-94e9-50f3a1edc815,992ae373-a9bc-4ae6-9d74-7082cf0a4c12
e3244b8c-81d3-43ea-94e9-50f3a1edc815,69b294ca-7d15-4303-9762-216ec08f824e
fac97a9e-6307-4701-a3b9-8040f30b6550,6ca59447-c208-40e3-ab57-7edb01549cbf
a2f927af-f5d4-426c-91e5-c243ba10baf4,6ff9e82a-0eff-4a28-b5c4-68f943508bf2
0b3513ce-1507-4daf-b54a-0337a9b18a85,6ca59447-c208-40e3-ab57-7edb01549cbf
0c7e6e46-2ae3-4e73-ba83-c8038e3b49c6,6ca59447-c208-40e3-ab57-7edb01549cbf
8ee7bea8-c870-43e3-863b-d9bdc0a7211b,6ca59447-c208-40e3-ab57-7edb01549cbf
c1901a3d-b8ff-420a-aeb3-02d78513a21e,d89699f6-85db-4def-8de6-14cb07eb2c43
c1901a3d-b8ff-420a-aeb3-02d78513a21e,f137d46d-5bac-404d-bfc9-d9fb8fc8a734
c2d5b4ea-3ac7-4b6d-8397-ba0834e116ab,6ca59447-c208-40e3-ab57-7edb01549cbf
e0970a95-c4e3-44d7-a157-637effd19f61,6ca59447-c208-40e3-ab57-7edb01549cbf
a488b5ff-2cf3-45e2-aba4-3a891347e9eb,6e7ec579-d5fc-41c8-82f1-649532a23cb4
a488b5ff-2cf3-45e2-aba4-3a891347e9eb,eddb9f19-4025-4f9a-8d44-a9bf94cb562e
c2cc5699-757c-49b3-af13-a6987f624598,6ca59447-c208-40e3-ab57-7edb01549cbf
d6706a3f-9e0c-4743-afec-af57c2b5c167,992ae373-a9bc-4ae6-9d74-7082cf0a4c12
d6706a3f-9e0c-4743-afec-af57c2b5c167,ae92de86-1329-4de8-bbcc-f478e9f8628b
d6706a3f-9e0c-4743-afec-af57c2b5c167,fc1941db-1098-4bd5-a9c7-d9fe8b94172d
cb874a29-5243-4b51-a88d-7760a4e10409,992ae373-a9bc-4ae6-9d74-7082cf0a4c12
cb874a29-5243-4b51-a88d-7760a4e10409,1f33d527-6045-4358-afd9-602ae8644b43
574f8c90-feb5-406f-8e14-8d5fa3a3f0cb,8d82500d-abce-4859-889f-991e369704e8
5532733b-0fb1-4f2a-af4a-c2f65018d4b7,992ae373-a9bc-4ae6-9d74-7082cf0a4c12
5532733b-0fb1-4f2a-af4a-c2f65018d4b7,eddb9f19-4025-4f9a-8d44-a9bf94cb562e
5532733b-0fb1-4f2a-af4a-c2f65018d4b7,72f27659-ea6c-40a3-9f2d-dfe7d82c853b
b1966b63-6743-432f-8fdd-8e2c188d7ac6,6ca59447-c208-40e3-ab57-7edb01549cbf
d6b726f1-a0a3-44c8-888e-a302752a1a4d,ae92de86-1329-4de8-bbcc-f478e9f8628b
d6b726f1-a0a3-44c8-888e-a302752a1a4d,992ae373-a9bc-4ae6-9d74-7082cf0a4c12
c98e74cf-6041-4e7e-a273-a78d4e9de2ec,992ae373-a9bc-4ae6-9d74-7082cf0a4c12
c98e74cf-6041-4e7e-a273-a78d4e9de2ec,9d902a90-2e2d-4921-9d40-b5c18c6fe7ec
c98e74cf-6041-4e7e-a273-a78d4e9de2ec,efde0ce9-21df-44b4-ba54-c6d738ec2e64
e86468ba-cd17-4862-a612-3ae78151bc81,ae92de86-1329-4de8-bbcc-f478e9f8628b
e86468ba-cd17-4862-a612-3ae78151bc81,3ede1470-2ccd-442a-9411-0f2f431639e4
50f63513-5228-4728-9c04-6f4cfe01ef95,6ca59447-c208-40e3-ab57-7edb01549cbf
ad13d42b-27f6-4d40-8acf-7ee37f0dff22,d89699f6-85db-4def-8de6-14cb07eb2c43
ad13d42b-27f6-4d40-8acf-7ee37f0dff22,992ae373-a9bc-4ae6-9d74-7082cf0a4c12
b237ea1b-9fc9-4d2e-b121-8ef6e140d195,6ca59447-c208-40e3-ab57-7edb01549cbf
2b80c3ef-1167-4018-95c0-2ba352b52218,ae92de86-1329-4de8-bbcc-f478e9f8628b
2b80c3ef-1167-4018-95c0-2ba352b52218,992ae373-a9bc-4ae6-9d74-7082cf0a4c12
64827338-32d7-4314-a11e-b583899279a6,8e47f6b9-4a44-4ce0-98bf-f3e7356fa1d2
987581c4-4cb3-4e58-86cd-fd1c9f32d748,207fe291-5f03-43cd-b528-0e897e3a3159
f0a50374-fb07-4869-8e51-238bf145896e,20bc1485-d0c4-4b2b-b0b4-c282c203431a
96d854ed-1968-4ba9-bcf7-4070c7bf9d5a,992ae373-a9bc-4ae6-9d74-7082cf0a4c12
1a38c003-7028-498e-a9e1-b0dcce8f3486,6ca59447-c208-40e3-ab57-7edb01549cbf
ac6ab399-d507-4001-9323-abb216870f7a,eddb9f19-4025-4f9a-8d44-a9bf94cb562e
ac6ab399-d507-4001-9323-abb216870f7a,1f33d527-6045-4358-afd9-602ae8644b43
dd2360e7-12eb-44ea-bd4e-05fb8dc52036,6e7ec579-d5fc-41c8-82f1-649532a23cb4
dd2360e7-12eb-44ea-bd4e-05fb8dc52036,3ede1470-2ccd-442a-9411-0f2f431639e4
dd2360e7-12eb-44ea-bd4e-05fb8dc52036,69b294ca-7d15-4303-9762-216ec08f824e
d3965fe0-c4c0-40fa-9e5a-f89685611dc4,0a2353ed-3482-4163-9ca4-46e6cf6ab717
e13d7a13-3e46-486b-bd0a-3968a170d733,c7e9d8ec-9ba5-4048-82e7-c3d2ff02eb9b
8e790e2d-12c8-4dab-bb0c-891cdbb81d97,38fb6d40-46f1-4b8f-8b19-6769e6e92687
5a5b3c84-b262-4000-b3d0-13bec11a6cb3,3b16b9a9-28b5-4421-a419-f2c0a580a622
b01436e6-2368-4f6e-83c8-0e74afc11e66,ca64a6a5-167f-4dc6-a828-596ec7fb7bcf
0914c692-5d39-4703-984b-f597369736fe,50d749ed-12a3-48bb-88a9-ac8403bdc400
8c7e5c4c-9711-40e2-9591-c00c559da5e3,6bdd587c-344f-4fb7-b1c6-d48b8b15a2d1
bac0c943-3301-4d94-a8ae-8e15f2c444c6,992ae373-a9bc-4ae6-9d74-7082cf0a4c12
bac0c943-3301-4d94-a8ae-8e15f2c444c6,6ff9e82a-0eff-4a28-b5c4-68f943508bf2
bac0c943-3301-4d94-a8ae-8e15f2c444c6,1f33d527-6045-4358-afd9-602ae8644b43
15a5904e-9cf6-4e1b-91db-1d207c3a6196,6ca59447-c208-40e3-ab57-7edb01549cbf
b28b707d-0a9a-4692-940d-c22c9f3505a9,6ca59447-c208-40e3-ab57-7edb01549cbf
dcf917c0-32c8-446c-b555-e623f3001d69,cde9a632-6add-43ce-8de9-84ce69637125
c7359c2e-5de0-4643-9ad7-9f0bf1096814,5fc091c1-fa87-45b5-878f-8deb38c39f5e
3b8f28ad-1570-4125-85b0-8d368382df68,0956065f-f830-46ce-8db3-7c82b0df46c0
149e1e4e-5997-48d3-b233-35e1106965bd,eddb9f19-4025-4f9a-8d44-a9bf94cb562e
5e6420e4-8ddd-49cc-89d1-db478e22feb0,636ec317-4c7e-4140-949e-b81cdece4be4
e360a10e-4728-445c-9e75-462407a3d062,992ae373-a9bc-4ae6-9d74-7082cf0a4c12
8891fbc5-8ad2-4308-a772-19903262dd72,ff41c6fa-d1d3-461e-bc14-61438d2fe7d4
ad05954a-8a6a-4660-8d66-27322af42aa5,636ec317-4c7e-4140-949e-b81cdece4be4
097f2012-a884-4690-a1d6-4859febc0d8f,1f33d527-6045-4358-afd9-602ae8644b43
bac4585e-6872-43e5-ac41-1a8e21401aef,6ca59447-c208-40e3-ab57-7edb01549cbf
8a82629f-80ce-4405-ab84-e38880e15b31,0ee9f564-1d84-4c16-8227-802613b88a09
35dc966a-01cb-4cb2-a75a-44a36fb7f455,abc6c08b-0d8b-4b68-9a5e-18e8122308ca
5284a145-a601-4299-a394-54dd0c3ec8bf,6ca59447-c208-40e3-ab57-7edb01549cbf
df20b35f-ab72-4ea0-865b-58e01e17c721,e1f048ba-5b3e-4c91-9caf-28dca91525cf
ec937338-ef3e-4bd0-9a58-39bd14286710,3d947f3c-fa03-4667-b09a-25a8f2db2adb
2233089e-7ff0-44f0-801e-107a2d76fa42,9d902a90-2e2d-4921-9d40-b5c18c6fe7ec
2233089e-7ff0-44f0-801e-107a2d76fa42,1f33d527-6045-4358-afd9-602ae8644b43
2233089e-7ff0-44f0-801e-107a2d76fa42,992ae373-a9bc-4ae6-9d74-7082cf0a4c12
b333cd08-a951-4a50-bf53-eaf54e0ab821,6e7ec579-d5fc-41c8-82f1-649532a23cb4
2df59ebb-6fef-48b8-bebf-7af4f7f9fb95,4519ffb7-82ab-4f7a-b4b6-5fab503a5663
643ff81a-3522-45de-98c4-51917b5fa785,992ae373-a9bc-4ae6-9d74-7082cf0a4c12
643ff81a-3522-45de-98c4-51917b5fa785,b47cb9fd-b9c9-4d77-916d-93ed0c1a1879
b25ffc6a-6168-4fa5-974e-d8b42f221a63,e47cd590-4bd7-4399-a7ec-b5c1838ed835
18e62b2c-d3ca-4a63-aa0a-10ecfa62cb19,e8a36e12-37a4-483d-be2e-2abcbbbbc70c
ea7df68d-09ea-4dc9-b431-137590f12dde,3bf75b18-e479-43ff-b40e-b33f5996a5c4
ea7df68d-09ea-4dc9-b431-137590f12dde,1f33d527-6045-4358-afd9-602ae8644b43
2870ecfe-c965-49d9-b9eb-a9105c0c3c87,02257903-92fa-4ef4-8ba7-12758b989472
029dc03e-479e-47a2-a5ea-ebf126a470df,386c578b-2a53-4c3a-b910-a980fb1773c0
e3d14a9b-b931-49bc-bad6-6601e5c5e4d1,0956065f-f830-46ce-8db3-7c82b0df46c0
e87c7f47-2bc3-4b4b-9466-0fb1790f9e7b,7a8e0e9d-28f2-40d7-8696-9db0a75a628d
22f8d734-fc09-4f07-b109-36377bf0a7b9,e1f048ba-5b3e-4c91-9caf-28dca91525cf
528f0163-b001-41f3-a3e4-1773b674f152,52d84173-882a-48bc-98c2-da35a45c13c1
1ff055b2-a299-4d85-b202-f2b86441f014,8d82500d-abce-4859-889f-991e369704e8
21da7b2c-49bc-4c7a-8ebb-757495319066,1f33d527-6045-4358-afd9-602ae8644b43
21da7b2c-49bc-4c7a-8ebb-757495319066,8ccdb142-81ed-489d-94a0-4041bd04a46e
eaafed90-b51b-440f-9990-9bb63656f68a,1f33d527-6045-4358-afd9-602ae8644b43
e19f418d-bfca-436e-a53c-a93c8b18a70e,6ca59447-c208-40e3-ab57-7edb01549cbf
0b9fb1fe-de26-49ee-9ff2-babe52490f89,d89699f6-85db-4def-8de6-14cb07eb2c43
0b9fb1fe-de26-49ee-9ff2-babe52490f89,0663a94d-7fc1-4427-9cdd-86e299c0fe86
2543eeca-b6dc-47c2-88c7-ea85a3f9c0a9,89816960-209a-4338-98c2-15cd395dd76b
25cb955f-b304-4ce4-a560-da3d367df8ec,28408059-9560-428c-be43-378a604ac3e8
848abd2c-fb81-4368-a3d3-7cf53028c30e,6ca59447-c208-40e3-ab57-7edb01549cbf
678e8245-3867-407f-a4d2-0443c7cd9792,1f33d527-6045-4358-afd9-602ae8644b43
678e8245-3867-407f-a4d2-0443c7cd9792,6ff9e82a-0eff-4a28-b5c4-68f943508bf2
678e8245-3867-407f-a4d2-0443c7cd9792,0a2353ed-3482-4163-9ca4-46e6cf6ab717
63859a5b-3178-41b6-a549-dd7aa70ff990,3d947f3c-fa03-4667-b09a-25a8f2db2adb
8049d8cf-edb4-4f8d-ae4a-db24350f7e56,6ca59447-c208-40e3-ab57-7edb01549cbf
59861fdc-4b6c-4609-aee7-ff071ddd251a,6ca59447-c208-40e3-ab57-7edb01549cbf
ff1703da-8e8a-49e5-8667-a3e5b6b3604a,ff41c6fa-d1d3-461e-bc14-61438d2fe7d4
c92f1b99-0bd3-4b10-98ba-34cdc74ee276,9e87af73-6ec7-473e-86b9-93fc8311efba
c92f1b99-0bd3-4b10-98ba-34cdc74ee276,a558c676-742a-40c3-ab74-60a0f34d0c43
c92f1b99-0bd3-4b10-98ba-34cdc74ee276,402d7328-f91d-488a-ad1c-53ecfd349095
fca94b90-1532-4337-ab92-ad9b51e4858d,636ec317-4c7e-4140-949e-b81cdece4be4
99785bcb-6721-41cd-9097-e6e290698b37,6bdd587c-344f-4fb7-b1c6-d48b8b15a2d1
0843631b-ea03-4ad2-a89d-ad169452e53f,992ae373-a9bc-4ae6-9d74-7082cf0a4c12
0843631b-ea03-4ad2-a89d-ad169452e53f,0a2353ed-3482-4163-9ca4-46e6cf6ab717
30434e21-5b09-4086-9046-b8d4a630d09f,1f33d527-6045-4358-afd9-602ae8644b43
28a52696-b673-4137-a8ff-42be96c615b3,20bc1485-d0c4-4b2b-b0b4-c282c203431a
977d3765-8e59-4763-ba56-b07edcc320c4,3b16b9a9-28b5-4421-a419-f2c0a580a622
ba188982-9878-4ec4-888d-43f8d0d0e4e5,6359b0bf-3af6-44e9-bf13-71c9fe0ead77
af024163-302d-43a6-beaa-1e1c8c52a8c8,1fa3719f-7f49-43d3-9416-c38e10968ac8
af024163-302d-43a6-beaa-1e1c8c52a8c8,a558c676-742a-40c3-ab74-60a0f34d0c43
9157d2f9-ce65-4e7a-a49e-e99db48d7b81,6359b0bf-3af6-44e9-bf13-71c9fe0ead77
ce03b82d-4a1f-4180-821d-efb5004e5279,1f33d527-6045-4358-afd9-602ae8644b43
ce03b82d-4a1f-4180-821d-efb5004e5279,8ccdb142-81ed-489d-94a0-4041bd04a46e
b4c750cf-1576-439e-a081-b3b23144d943,c9f904db-1282-4b70-a753-596160a1136a
fa1ae9bf-9dad-4709-97bd-8051ed9674e5,992ae373-a9bc-4ae6-9d74-7082cf0a4c12
29cd87ff-2321-47d3-92ee-94a7ddba0524,6fe661aa-ffec-44c5-8de9-c80eef106e6b
e2519f12-0e5b-449a-aebb-512231cbc730,33f12961-e353-4d14-a7bc-4f20ffad7f00
08ea0a7c-ae3e-4038-b1fe-91159cc0f72c,20bc1485-d0c4-4b2b-b0b4-c282c203431a
72a5be9f-d04a-4869-b5af-907419123e71,d8552976-9336-4818-a952-a6ada26a3006
72a5be9f-d04a-4869-b5af-907419123e71,992ae373-a9bc-4ae6-9d74-7082cf0a4c12
0ba802d5-5759-402f-90e8-5f4727e162a9,992ae373-a9bc-4ae6-9d74-7082cf0a4c12
4cd53961-6109-4c76-a302-e5460ae0adb3,c28dbac1-24bb-4e49-8ccc-6360d439be7d
7a4cdb70-ad06-4aa8-9b7a-0b725f220781,1fad2edd-83ee-4028-b2a6-4664d26552cd
c7d7950a-221f-4e19-ad2d-ff7fc2e9463a,2baf988b-c09f-420d-b2f1-07c3f3cb565b
ed119503-d779-4cfc-a9b4-44d602d7d941,20bc1485-d0c4-4b2b-b0b4-c282c203431a
7c1cc82b-8625-43ad-8a62-70edf2e70f92,6ca59447-c208-40e3-ab57-7edb01549cbf
4eb69369-45d0-44ee-95e1-4b2c2c93201e,6ca59447-c208-40e3-ab57-7edb01549cbf
1fcd4803-f2c9-4f00-aa27-4b02f9b2bc7c,6ca59447-c208-40e3-ab57-7edb01549cbf
30588061-bc1a-4405-939f-06fa85df5fda,6ca59447-c208-40e3-ab57-7edb01549cbf
0d600f57-e9ec-4876-ac4a-631ee6fe767f,d89699f6-85db-4def-8de6-14cb07eb2c43
0d600f57-e9ec-4876-ac4a-631ee6fe767f,0a2353ed-3482-4163-9ca4-46e6cf6ab717
0d600f57-e9ec-4876-ac4a-631ee6fe767f,c4cb37e8-fe1c-4d2b-b0b5-f04a69925d8f
04adfc2c-80be-466c-a548-b4c4fe0292bb,cde9a632-6add-43ce-8de9-84ce69637125
53e5a4f7-4a8f-470a-8fc8-33ddd077d08f,1f33d527-6045-4358-afd9-602ae8644b43
73415a13-584f-4b62-b05d-3ed850d96401,ac2f7cb8-fe85-4eec-9dbd-11aab73b200d
2fac6c42-d003-4fc6-865d-051ce58cda0e,21d8739d-25f6-48b7-a909-14d59848db24
92263783-f2e3-42b3-a30e-65558a84f6e9,6ca59447-c208-40e3-ab57-7edb01549cbf
ab7cf2b4-1f4e-4abd-b000-ef6380b8fbab,c0616b1c-7741-4f55-9da3-7b115b34481c
20c5f1b0-d2d2-4129-aab8-81d6adb1f62f,fe8e1adf-281b-493b-a6ec-1b86629a19d7
20c5f1b0-d2d2-4129-aab8-81d6adb1f62f,402d7328-f91d-488a-ad1c-53ecfd349095
51d60938-6680-4d6b-93f8-74d0d5129c71,992ae373-a9bc-4ae6-9d74-7082cf0a4c12
51d60938-6680-4d6b-93f8-74d0d5129c71,eddb9f19-4025-4f9a-8d44-a9bf94cb562e
51d60938-6680-4d6b-93f8-74d0d5129c71,1f33d527-6045-4358-afd9-602ae8644b43
51d60938-6680-4d6b-93f8-74d0d5129c71,72f27659-ea6c-40a3-9f2d-dfe7d82c853b
35187a14-d331-42b9-80a2-3b1d865931c3,992ae373-a9bc-4ae6-9d74-7082cf0a4c12
35187a14-d331-42b9-80a2-3b1d865931c3,6ff9e82a-0eff-4a28-b5c4-68f943508bf2
d9585b9f-d9dc-4880-bca5-7ae7c8d37e95,3bf75b18-e479-43ff-b40e-b33f5996a5c4
d9585b9f-d9dc-4880-bca5-7ae7c8d37e95,41d62f31-a92e-4ff2-9981-41f3cf46ebeb
88c80b21-2a64-49b2-b12a-ab935872f9be,992ae373-a9bc-4ae6-9d74-7082cf0a4c12
88c80b21-2a64-49b2-b12a-ab935872f9be,ae92de86-1329-4de8-bbcc-f478e9f8628b
88c80b21-2a64-49b2-b12a-ab935872f9be,eddb9f19-4025-4f9a-8d44-a9bf94cb562e
88c80b21-2a64-49b2-b12a-ab935872f9be,72f27659-ea6c-40a3-9f2d-dfe7d82c853b
90478135-2575-4a76-9690-637efcf3bc1a,5fc091c1-fa87-45b5-878f-8deb38c39f5e
7246f7e3-570a-48bb-9e7b-626fb3cb1831,6359b0bf-3af6-44e9-bf13-71c9fe0ead77
3243550b-8ac1-43be-943b-09c9f771e482,386c578b-2a53-4c3a-b910-a980fb1773c0
b1fced22-6d66-476d-9409-75f9e5c8df64,eddb9f19-4025-4f9a-8d44-a9bf94cb562e
b1fced22-6d66-476d-9409-75f9e5c8df64,402d7328-f91d-488a-ad1c-53ecfd349095
b1fced22-6d66-476d-9409-75f9e5c8df64,41d62f31-a92e-4ff2-9981-41f3cf46ebeb
336b8674-fd40-4d52-b863-c940039d9c50,b1938d90-e95c-4a12-87a3-4e4e3b8b4658
f882f203-1136-4866-b6f6-92db69d1f26c,abc6c08b-0d8b-4b68-9a5e-18e8122308ca
ab43ece2-c66d-479a-8508-88fbfb95877a,1f33d527-6045-4358-afd9-602ae8644b43
ab43ece2-c66d-479a-8508-88fbfb95877a,9d902a90-2e2d-4921-9d40-b5c18c6fe7ec
d30bc574-b740-43e4-ab78-a729f87d6436,6ca59447-c208-40e3-ab57-7edb01549cbf
dc41b637-10f3-46a4-8a9d-0cea97d0b7d2,6ff9e82a-0eff-4a28-b5c4-68f943508bf2
7fea6499-bdaa-4442-954c-2ab4cc053863,4c9945e5-4487-40d3-ac4d-0f39caa452c4
7fea6499-bdaa-4442-954c-2ab4cc053863,992ae373-a9bc-4ae6-9d74-7082cf0a4c12
9c4f1d2a-e0f4-4c78-ad44-eb5113b3ee72,35501750-04e3-48bd-bfe4-3aa7d22e3baa
d5c0b077-55de-4616-a5c7-adefb0fd21cf,6359b0bf-3af6-44e9-bf13-71c9fe0ead77
3155c564-3cd9-4445-8091-7602ad025fa6,386c578b-2a53-4c3a-b910-a980fb1773c0
0e931120-1c9f-464c-9c89-07b1da061769,40193610-2542-4d28-a63f-078467cb7f0a
0b2059a9-f505-4e36-93eb-6b18978eed06,d8552976-9336-4818-a952-a6ada26a3006
0b2059a9-f505-4e36-93eb-6b18978eed06,efde0ce9-21df-44b4-ba54-c6d738ec2e64
ebdf7c5f-46e1-4cac-889b-453bd0eee5f6,c7e9d8ec-9ba5-4048-82e7-c3d2ff02eb9b
84002180-a98e-40ac-9ad2-4eca7d654529,38fb6d40-46f1-4b8f-8b19-6769e6e92687
9cea5b17-6c04-45ca-aa8c-06962ee12d3e,3b16b9a9-28b5-4421-a419-f2c0a580a622
d51b7244-2990-434b-8714-0cb1c9bfd48f,c0616b1c-7741-4f55-9da3-7b115b34481c
8b070aef-87df-4463-8a56-40ac089109cc,f413d6b6-6542-41fc-940c-6177cf5606aa
add4c8c2-2638-4768-aff0-e778d1c4585b,386c578b-2a53-4c3a-b910-a980fb1773c0
7cae1777-7eae-4c8d-85bc-7e7cebe0829d,b5489408-529d-4ff3-bc71-57bc4e093158
fe0e9aa0-a173-4ecf-9613-a4ea7f4335d7,9297f5e2-06f8-43dc-9765-87beb4350755
7ea43ab6-8d75-4194-a9cb-49b5807b83d2,dca26f5a-6485-43d1-9b87-82b066477f04
aae03be8-dc0d-4927-a3dd-af3973673d60,6ca59447-c208-40e3-ab57-7edb01549cbf
810344cb-920e-4fd1-b801-ffc2fc9e3c86,ac2f7cb8-fe85-4eec-9dbd-11aab73b200d
d5fc33ff-0ea0-44b7-b80b-96a5f4886ef4,d89699f6-85db-4def-8de6-14cb07eb2c43
d5fc33ff-0ea0-44b7-b80b-96a5f4886ef4,1f33d527-6045-4358-afd9-602ae8644b43
dc0fc6b7-393b-4637-8d51-2dad662b89d2,c0616b1c-7741-4f55-9da3-7b115b34481c
c57ddbdd-207b-4470-ac2b-5550f174d3fd,d8552976-9336-4818-a952-a6ada26a3006
59cec33c-bed7-4301-9d3d-94754f9954aa,1f33d527-6045-4358-afd9-602ae8644b43
59cec33c-bed7-4301-9d3d-94754f9954aa,f4053f71-94b5-40b2-92bd-fb588127fe38
6ab67c16-9c2c-4113-99ff-7230a14ea468,d89699f6-85db-4def-8de6-14cb07eb2c43
6ab67c16-9c2c-4113-99ff-7230a14ea468,1f33d527-6045-4358-afd9-602ae8644b43
6ab67c16-9c2c-4113-99ff-7230a14ea468,eddb9f19-4025-4f9a-8d44-a9bf94cb562e
1019565a-333a-4781-b44b-b0980b51628a,992ae373-a9bc-4ae6-9d74-7082cf0a4c12
1019565a-333a-4781-b44b-b0980b51628a,eddb9f19-4025-4f9a-8d44-a9bf94cb562e
1019565a-333a-4781-b44b-b0980b51628a,72f27659-ea6c-40a3-9f2d-dfe7d82c853b
b38a0aa6-2a23-4d87-85f4-4f2d1850881d,992ae373-a9bc-4ae6-9d74-7082cf0a4c12
b38a0aa6-2a23-4d87-85f4-4f2d1850881d,6ff9e82a-0eff-4a28-b5c4-68f943508bf2
b38a0aa6-2a23-4d87-85f4-4f2d1850881d,fc1941db-1098-4bd5-a9c7-d9fe8b94172d
7ee0908e-c5cc-4abe-b66f-50702504a7f7,c1615e31-4a06-4e33-8d90-0d9273fbce91
76631b29-44a2-425e-9066-87a3ee75baac,c12e9df5-302b-490d-8ee4-c29cb2b55541
cbaa9371-ec2e-471e-beb9-b34b81c99429,992ae373-a9bc-4ae6-9d74-7082cf0a4c12
cbaa9371-ec2e-471e-beb9-b34b81c99429,0663a94d-7fc1-4427-9cdd-86e299c0fe86
17d6caf4-7ba2-4c33-9dac-2e13d820274f,6ca59447-c208-40e3-ab57-7edb01549cbf
d7438d8c-3b84-458a-99c3-711ee96922b0,6ca59447-c208-40e3-ab57-7edb01549cbf
3cd57d46-892e-4d71-83bf-9e90786d2b05,0a2353ed-3482-4163-9ca4-46e6cf6ab717
19ee2dac-f407-4a0c-bb4e-0ec6ac7690c3,6ca59447-c208-40e3-ab57-7edb01549cbf
32719125-a655-4111-a442-5ecadd681f26,d1c30f65-d081-40cd-91e8-193b4c51182a
dd97955e-4a96-4c84-ae32-285be1527add,ae92de86-1329-4de8-bbcc-f478e9f8628b
dd97955e-4a96-4c84-ae32-285be1527add,1f33d527-6045-4358-afd9-602ae8644b43
aa92bac8-542b-49b6-a68f-2079d029a48a,e1f048ba-5b3e-4c91-9caf-28dca91525cf
39df1f9a-8313-4b3a-b066-6a36069f2737,636ec317-4c7e-4140-949e-b81cdece4be4
82048ce8-28d4-40a2-95c6-f35e038ef00b,992ae373-a9bc-4ae6-9d74-7082cf0a4c12
82048ce8-28d4-40a2-95c6-f35e038ef00b,eddb9f19-4025-4f9a-8d44-a9bf94cb562e
82048ce8-28d4-40a2-95c6-f35e038ef00b,1f33d527-6045-4358-afd9-602ae8644b43
67ceb3fa-4ec2-474a-9644-00e91ee952ed,6ca59447-c208-40e3-ab57-7edb01549cbf
80627616-fd3d-469e-aaf2-caee6d995259,992ae373-a9bc-4ae6-9d74-7082cf0a4c12
668a6687-0a6b-4ba5-8c55-952c3451edb4,6ca59447-c208-40e3-ab57-7edb01549cbf
19b7d7e2-42f7-402c-b7e9-ab3a1e18357f,992ae373-a9bc-4ae6-9d74-7082cf0a4c12
19b7d7e2-42f7-402c-b7e9-ab3a1e18357f,d89699f6-85db-4def-8de6-14cb07eb2c43
19b7d7e2-42f7-402c-b7e9-ab3a1e18357f,8ccdb142-81ed-489d-94a0-4041bd04a46e
317bd6e8-9b6d-4f6b-8dcd-46e1b392fdcb,8d82500d-abce-4859-889f-991e369704e8
935620c0-d265-418e-8641-51c0ea5bfa9b,0a2353ed-3482-4163-9ca4-46e6cf6ab717
935620c0-d265-418e-8641-51c0ea5bfa9b,1f33d527-6045-4358-afd9-602ae8644b43
fbd24d8e-d06f-41ec-8b38-bd7ccdf62e16,f413d6b6-6542-41fc-940c-6177cf5606aa
6b222c9e-8017-4573-8b74-307d2ffc7a31,386c578b-2a53-4c3a-b910-a980fb1773c0
315b2a2d-32f3-4f11-98a7-4e768dbe94be,6ca59447-c208-40e3-ab57-7edb01549cbf
2bcf9205-ec49-428a-ba2d-ebaa0fcab471,6ff9e82a-0eff-4a28-b5c4-68f943508bf2
2bcf9205-ec49-428a-ba2d-ebaa0fcab471,eddb9f19-4025-4f9a-8d44-a9bf94cb562e
64923012-1e50-49a7-9586-b9caeb94c9f8,8e47f6b9-4a44-4ce0-98bf-f3e7356fa1d2
b4cd2abe-36b5-4aef-878a-59e00f9d8be7,6359b0bf-3af6-44e9-bf13-71c9fe0ead77
a249c26c-92df-4253-bdd5-d9613cdfd5eb,dca26f5a-6485-43d1-9b87-82b066477f04
25769dc5-b48b-4efa-ab68-5a0bf0b3b81a,6ca59447-c208-40e3-ab57-7edb01549cbf
f36e5d95-63b9-4f6a-9b28-009b529d9392,9e87af73-6ec7-473e-86b9-93fc8311efba
f36e5d95-63b9-4f6a-9b28-009b529d9392,d89699f6-85db-4def-8de6-14cb07eb2c43
e01a859e-a829-4874-92ed-e967cae0fa55,6ca59447-c208-40e3-ab57-7edb01549cbf
ab6587c6-3f91-4dcf-97e8-f2ff0228b58b,0a2353ed-3482-4163-9ca4-46e6cf6ab717
6c162cef-073b-4b39-994c-dc122d11a82b,6ca59447-c208-40e3-ab57-7edb01549cbf
694b4d47-0a1e-4ac8-80b2-2cc9ae4efbae,6ca59447-c208-40e3-ab57-7edb01549cbf
b0bd8262-9a46-4c08-aae3-e4be23ecc54d,6b0712f7-178e-473d-8bc6-3ca8e50b9053
e5632c74-c2e9-46a6-81f9-cc7502894ecd,c7e9d8ec-9ba5-4048-82e7-c3d2ff02eb9b
cd4996d0-88c5-4a61-9692-d333fa71dc0f,b4f75e2e-aded-4dd2-8b9c-740be0e9164d
c51e3c2f-ac2c-4a27-b17a-035d945a8457,6e7ec579-d5fc-41c8-82f1-649532a23cb4
09fa135f-de0f-4a0e-a691-e897432e01bd,0d262eed-551e-45d0-983c-bca05eabe980
f5f84471-fe1e-4989-8b96-0d9ba0b8284b,eddb9f19-4025-4f9a-8d44-a9bf94cb562e
f5f84471-fe1e-4989-8b96-0d9ba0b8284b,1f33d527-6045-4358-afd9-602ae8644b43
0cb05cfe-0a78-495a-b24c-a8b7ae264462,eddb9f19-4025-4f9a-8d44-a9bf94cb562e
05580d92-4c09-4e53-b40b-b9d33aee61d7,d8552976-9336-4818-a952-a6ada26a3006
bcb1fb15-7265-4a53-97c1-2d9c5011e257,d4dbb265-4812-4b6c-a0fd-bab873e1106b
d6894886-edf3-46af-982f-e67c96879a83,28408059-9560-428c-be43-378a604ac3e8
505d065c-34b2-42ce-a234-6796fdc87f3b,fc1941db-1098-4bd5-a9c7-d9fe8b94172d
505d065c-34b2-42ce-a234-6796fdc87f3b,d89699f6-85db-4def-8de6-14cb07eb2c43
505d065c-34b2-42ce-a234-6796fdc87f3b,8ccdb142-81ed-489d-94a0-4041bd04a46e
e222d958-6dbc-4ef6-b65b-dbc95bd4cc2b,abc6c08b-0d8b-4b68-9a5e-18e8122308ca
c775014b-8fb7-4a1b-8356-51ed9f4a4ed3,1f33d527-6045-4358-afd9-602ae8644b43
c775014b-8fb7-4a1b-8356-51ed9f4a4ed3,eddb9f19-4025-4f9a-8d44-a9bf94cb562e
49f03109-a4bb-4558-b55d-c7db7a54014b,b4f75e2e-aded-4dd2-8b9c-740be0e9164d
0558df78-c45f-4f81-8f03-5aa4d5301574,992ae373-a9bc-4ae6-9d74-7082cf0a4c12
0558df78-c45f-4f81-8f03-5aa4d5301574,c4cb37e8-fe1c-4d2b-b0b5-f04a69925d8f
28068eb5-a96c-41ab-b620-24e9406da72b,6ca59447-c208-40e3-ab57-7edb01549cbf
06c74395-bef3-4cd0-ac4f-84b9d0ea478e,d89699f6-85db-4def-8de6-14cb07eb2c43
06c74395-bef3-4cd0-ac4f-84b9d0ea478e,0a2353ed-3482-4163-9ca4-46e6cf6ab717
06c74395-bef3-4cd0-ac4f-84b9d0ea478e,f137d46d-5bac-404d-bfc9-d9fb8fc8a734
bfc57ec7-793a-446c-98c0-e8ea92760946,6ca59447-c208-40e3-ab57-7edb01549cbf
2be8829a-85b2-4372-bc3e-56d2b29ab9f6,af68b454-0781-4ba1-a037-4444038ef730
14582918-5f40-458a-b6b2-b0cdd3b8a55b,3b16b9a9-28b5-4421-a419-f2c0a580a622
04b9cdde-1f5a-47af-a3e1-6a0e5feedb09,386c578b-2a53-4c3a-b910-a980fb1773c0
6ef02e99-a32f-4c43-8326-0c5b5a25db11,1f33d527-6045-4358-afd9-602ae8644b43
822ab40f-0f0a-44b2-b886-e92a9dd13a0e,1f33d527-6045-4358-afd9-602ae8644b43
ef293b6c-b23b-47cc-a3ab-e7359c974a52,12e1702a-7623-4b11-a224-44601b67328c
479c966e-37c8-4920-9ca3-1f33f465742e,6bdd587c-344f-4fb7-b1c6-d48b8b15a2d1
b723a789-4ddd-4d34-ac05-5fc39fe4b9a8,1f33d527-6045-4358-afd9-602ae8644b43
9b1c25ab-2ac3-4588-9862-84d5eb744447,3b16b9a9-28b5-4421-a419-f2c0a580a622
15c6fb1b-3664-48ec-9469-391824bef1e5,992ae373-a9bc-4ae6-9d74-7082cf0a4c12
15c6fb1b-3664-48ec-9469-391824bef1e5,41d62f31-a92e-4ff2-9981-41f3cf46ebeb
92b4218b-f0b8-4634-9ef3-54e52c02463a,386c578b-2a53-4c3a-b910-a980fb1773c0
30bfd285-0420-4f97-b62b-247198f0b5f9,c0616b1c-7741-4f55-9da3-7b115b34481c
d7960e95-5a6e-4f5e-b9d0-ba1898e60755,b1938d90-e95c-4a12-87a3-4e4e3b8b4658
a41f85a5-ca13-413d-9637-39bc70d57680,8e47f6b9-4a44-4ce0-98bf-f3e7356fa1d2
32541939-59a8-4b21-8ac5-0cb538114d1a,e1f048ba-5b3e-4c91-9caf-28dca91525cf
9f94e1c8-2dab-4bac-b23a-ebce9af3a95b,992ae373-a9bc-4ae6-9d74-7082cf0a4c12
9f94e1c8-2dab-4bac-b23a-ebce9af3a95b,fc1941db-1098-4bd5-a9c7-d9fe8b94172d
9f94e1c8-2dab-4bac-b23a-ebce9af3a95b,ae92de86-1329-4de8-bbcc-f478e9f8628b
866133ec-d800-4564-8557-1ae6ade94eb0,41d62f31-a92e-4ff2-9981-41f3cf46ebeb
866133ec-d800-4564-8557-1ae6ade94eb0,f4053f71-94b5-40b2-92bd-fb588127fe38
311f0e63-a0ab-4180-95ee-1aadcf2cf53c,0a2353ed-3482-4163-9ca4-46e6cf6ab717
311f0e63-a0ab-4180-95ee-1aadcf2cf53c,992ae373-a9bc-4ae6-9d74-7082cf0a4c12
311f0e63-a0ab-4180-95ee-1aadcf2cf53c,efde0ce9-21df-44b4-ba54-c6d738ec2e64
10165c5f-8198-45eb-b91b-7183a3d0bcdf,e47cd590-4bd7-4399-a7ec-b5c1838ed835
73807875-aef2-48a4-bc89-785d9b9d2e25,e5c050af-918f-4377-8516-d61383dd7eeb
f2efa7f8-8614-43e2-9d4a-2b22f5efc525,03361f27-53e9-4b05-8323-5824a02f071a
3a8a2986-217b-4762-bd17-6240998eea28,992ae373-a9bc-4ae6-9d74-7082cf0a4c12
3a8a2986-217b-4762-bd17-6240998eea28,f137d46d-5bac-404d-bfc9-d9fb8fc8a734
3a8a2986-217b-4762-bd17-6240998eea28,1f33d527-6045-4358-afd9-602ae8644b43
56afffbb-8619-4f0c-80ee-be7c61316cf8,6ca59447-c208-40e3-ab57-7edb01549cbf
81c18115-be48-4a09-b343-bce52bba9725,0d262eed-551e-45d0-983c-bca05eabe980
4cb76514-49ce-4493-a73e-cf37d0d5cac0,21d8739d-25f6-48b7-a909-14d59848db24
c3e97d61-a4ca-424d-b062-c94be4642992,6ca59447-c208-40e3-ab57-7edb01549cbf
8eddedd0-8310-40b6-997f-e59d56f48612,207fe291-5f03-43cd-b528-0e897e3a3159
76a79d2e-9d53-46fd-be26-21448c5af4de,6ca59447-c208-40e3-ab57-7edb01549cbf
422110f4-7c7d-4041-a87d-081be5249014,992ae373-a9bc-4ae6-9d74-7082cf0a4c12
422110f4-7c7d-4041-a87d-081be5249014,ae92de86-1329-4de8-bbcc-f478e9f8628b
4680c526-7a0b-423a-80a2-c0cbe680a10f,636ec317-4c7e-4140-949e-b81cdece4be4
dd35a2eb-1e64-444c-bcd1-2214289384a2,c12e9df5-302b-490d-8ee4-c29cb2b55541
5acb672c-64ec-465b-be70-31b2bb013944,c0cdd49a-91fd-4557-95e5-236e2a601286
d3459053-d438-48b3-8e09-f3226530463a,6bdd587c-344f-4fb7-b1c6-d48b8b15a2d1
aa70846a-ab9f-4b57-abf6-319a07722671,6ca59447-c208-40e3-ab57-7edb01549cbf
39efe31f-b720-4763-b149-59ac6894215c,9f6d5b2b-ac1c-4cc3-a7d1-7cedf98b7563
c1603f91-a8bf-45e4-a35c-ea8561066ef2,f4053f71-94b5-40b2-92bd-fb588127fe38
80574777-9d21-4d58-bd2f-d93c81dcf52c,402d7328-f91d-488a-ad1c-53ecfd349095
b2263147-cae7-40da-93f9-a9a73ff76245,af68b454-0781-4ba1-a037-4444038ef730
640d0d49-98c0-44ec-a6c8-452095104b3c,41d62f31-a92e-4ff2-9981-41f3cf46ebeb
640d0d49-98c0-44ec-a6c8-452095104b3c,d89699f6-85db-4def-8de6-14cb07eb2c43
640d0d49-98c0-44ec-a6c8-452095104b3c,f4053f71-94b5-40b2-92bd-fb588127fe38
cdbd4d25-e7c5-46ce-815a-e439c2706b6a,6ca59447-c208-40e3-ab57-7edb01549cbf
f2ea3044-d6b5-4e14-a4c9-76f5f3aed9a7,636ec317-4c7e-4140-949e-b81cdece4be4
10b813a9-91a5-4aec-991d-dc89662bbffb,3d947f3c-fa03-4667-b09a-25a8f2db2adb
e0022aff-abc2-4838-9294-7da6a09dbd7e,ff41c6fa-d1d3-461e-bc14-61438d2fe7d4
c7b59c0e-dc15-4283-a38a-d1a2e5764800,992ae373-a9bc-4ae6-9d74-7082cf0a4c12
c7b59c0e-dc15-4283-a38a-d1a2e5764800,1f33d527-6045-4358-afd9-602ae8644b43
11d34528-fc66-4028-a7f6-afa04a873cea,1f33d527-6045-4358-afd9-602ae8644b43
11d34528-fc66-4028-a7f6-afa04a873cea,0a2353ed-3482-4163-9ca4-46e6cf6ab717
aa62c3a8-5c92-46a5-83c6-460bc2a09deb,5fc091c1-fa87-45b5-878f-8deb38c39f5e
bff9bcdf-e015-4b3e-a7df-48051c15a098,3d947f3c-fa03-4667-b09a-25a8f2db2adb
5d89f4bf-d324-4a50-bac6-68539cf779c6,8ccdb142-81ed-489d-94a0-4041bd04a46e
5d89f4bf-d324-4a50-bac6-68539cf779c6,992ae373-a9bc-4ae6-9d74-7082cf0a4c12
471d1ded-0ea5-41e3-9aac-178cde97221e,1f33d527-6045-4358-afd9-602ae8644b43
471d1ded-0ea5-41e3-9aac-178cde97221e,9e87af73-6ec7-473e-86b9-93fc8311efba
98c41d0e-59bb-4257-8011-c0e60feb481f,5fc091c1-fa87-45b5-878f-8deb38c39f5e
ab927aa5-6eef-4de7-9497-486488f489dd,d8552976-9336-4818-a952-a6ada26a3006
707a670d-1016-440e-958b-72a8126ce47f,5fc091c1-fa87-45b5-878f-8deb38c39f5e
44bf5049-b4ea-465f-a124-461139f28e5d,992ae373-a9bc-4ae6-9d74-7082cf0a4c12
44bf5049-b4ea-465f-a124-461139f28e5d,6e7ec579-d5fc-41c8-82f1-649532a23cb4
44bf5049-b4ea-465f-a124-461139f28e5d,fc1941db-1098-4bd5-a9c7-d9fe8b94172d
73846ec0-91a4-4ccd-800f-6f7591fb42d0,6ff9e82a-0eff-4a28-b5c4-68f943508bf2
73846ec0-91a4-4ccd-800f-6f7591fb42d0,402d7328-f91d-488a-ad1c-53ecfd349095
c56cf1f9-e4db-466c-a093-a0c1ae7de777,9d902a90-2e2d-4921-9d40-b5c18c6fe7ec
c2caa06f-d270-4a7d-8564-438063ddc0fc,1f33d527-6045-4358-afd9-602ae8644b43
bfda219f-ae63-4257-ae46-32276b42cc84,c0e1ac3f-43d4-49ec-a5c7-e4b40b200a57
4504f69e-7d7b-4017-9cb1-c90cec8bcbf2,3d947f3c-fa03-4667-b09a-25a8f2db2adb
a07e7467-1b5a-4022-a189-ab567d2ca1ea,f4053f71-94b5-40b2-92bd-fb588127fe38
c92d516e-67cf-4e8b-94cb-18d7d82ea4f7,cde9a632-6add-43ce-8de9-84ce69637125
c0130bae-4ae0-4d37-8700-ce16f1a98976,6ca59447-c208-40e3-ab57-7edb01549cbf
92132415-9718-46b0-bec0-7e304fa140cf,92a75c62-556e-4861-bd75-a29497ddf8cb
78e23bbd-2c34-4d6b-b7ae-bc8e32c5e621,33f12961-e353-4d14-a7bc-4f20ffad7f00
d08f9af7-b4c5-449f-9605-bc6498344ded,0ee9f564-1d84-4c16-8227-802613b88a09
0d124f31-622c-49f0-998b-9ebbda0447d4,1e196050-b600-4580-be68-9b797e9f4849
3240a043-1a83-44e8-be17-0f518fa9931b,9297f5e2-06f8-43dc-9765-87beb4350755
d6c6eaa6-a247-4b33-9359-6e4bce44b18e,6359b0bf-3af6-44e9-bf13-71c9fe0ead77
3c55c2fb-ea46-4de7-b945-70944b6ccd11,3b16b9a9-28b5-4421-a419-f2c0a580a622
d49f454e-7d73-4486-ace2-c79e16fb101f,c1615e31-4a06-4e33-8d90-0d9273fbce91
716b00cc-1370-4021-9792-4e40ad5f018d,d89699f6-85db-4def-8de6-14cb07eb2c43
716b00cc-1370-4021-9792-4e40ad5f018d,c4cb37e8-fe1c-4d2b-b0b5-f04a69925d8f
cb18ad21-088b-4ec1-bc17-ab4f7b549342,943fa8e9-69df-4f6e-8e47-3a81150d8b3d
56d1cbe1-9662-4408-beb2-3b7e6c6c54f0,6bdd587c-344f-4fb7-b1c6-d48b8b15a2d1
e1d88cd9-2c97-4c15-9fdb-cef359ddaa7d,6ca59447-c208-40e3-ab57-7edb01549cbf
b56ea4fe-d33c-414a-a90b-bcb0991ac1e4,6ca59447-c208-40e3-ab57-7edb01549cbf
eb7182f3-d091-4c3e-89c8-59333f7abeb6,6359b0bf-3af6-44e9-bf13-71c9fe0ead77
d96084a4-759e-4a89-81d2-cb87929d165c,992ae373-a9bc-4ae6-9d74-7082cf0a4c12
d96084a4-759e-4a89-81d2-cb87929d165c,1f33d527-6045-4358-afd9-602ae8644b43
6f5738ab-8625-4cde-bca0-5eeaac4b8252,8d82500d-abce-4859-889f-991e369704e8
8d6ef0d9-0ec1-4764-a1f0-30ac221c974f,6ca59447-c208-40e3-ab57-7edb01549cbf
88eb850c-0af3-4106-9515-43497afa5131,6ca59447-c208-40e3-ab57-7edb01549cbf
a6791476-e3fb-4226-a363-c6d0f9760868,6ca59447-c208-40e3-ab57-7edb01549cbf
5324edc6-d410-407a-b0c1-ff1c0e2676a4,5fc091c1-fa87-45b5-878f-8deb38c39f5e
92ba3879-6f39-4b6e-bef5-1e67fbc443ec,eddb9f19-4025-4f9a-8d44-a9bf94cb562e
fd17d4f2-6f86-42cb-9d11-4d4591644063,6ca59447-c208-40e3-ab57-7edb01549cbf
cac1a158-cf9f-4c14-aec9-da8f10080a7c,d89699f6-85db-4def-8de6-14cb07eb2c43
9ccf72b5-648a-4f22-9aa6-be36dcd152cc,6ca59447-c208-40e3-ab57-7edb01549cbf
1d2fba0d-43e6-4ee8-8d96-6331b314cf33,d8552976-9336-4818-a952-a6ada26a3006
d0d44da3-9407-4617-8960-4f498a7f0fa0,992ae373-a9bc-4ae6-9d74-7082cf0a4c12
bc02dc16-d1c8-4b8e-b48d-963df0cdc733,40193610-2542-4d28-a63f-078467cb7f0a
03cc19cf-f4f8-4efc-887c-6a2ed1addff3,6ca59447-c208-40e3-ab57-7edb01549cbf
94a77f1d-0b73-4b4e-b8ee-a7f2dc9ab322,6ff9e82a-0eff-4a28-b5c4-68f943508bf2
94a77f1d-0b73-4b4e-b8ee-a7f2dc9ab322,d89699f6-85db-4def-8de6-14cb07eb2c43
a02c03e5-5ae4-4708-89a8-6f98bacd4c91,992ae373-a9bc-4ae6-9d74-7082cf0a4c12
a02c03e5-5ae4-4708-89a8-6f98bacd4c91,6ff9e82a-0eff-4a28-b5c4-68f943508bf2
5ebce51b-68f7-4e64-856e-3f07f42eec78,9e87af73-6ec7-473e-86b9-93fc8311efba
5ebce51b-68f7-4e64-856e-3f07f42eec78,1f33d527-6045-4358-afd9-602ae8644b43
14116160-ed63-45ea-a2dd-6c466e401d1c,3b16b9a9-28b5-4421-a419-f2c0a580a622
c0a9a2e5-012b-4a8a-b5d2-02de07b88e98,0d262eed-551e-45d0-983c-bca05eabe980
4ab30acf-0a79-4828-ac17-9145c08cdf96,9297f5e2-06f8-43dc-9765-87beb4350755
eab78978-16d9-4157-994f-3f637a36096e,6ff9e82a-0eff-4a28-b5c4-68f943508bf2
eab78978-16d9-4157-994f-3f637a36096e,ae92de86-1329-4de8-bbcc-f478e9f8628b
f515fed9-b3e7-4fc8-ab05-b62e14ed85cd,dc23b550-ff28-4b18-ae4c-dc17ca0235ab
22ae15bb-5fa4-4ab0-932f-a113a1460c54,ac2f7cb8-fe85-4eec-9dbd-11aab73b200d
11168096-cde5-44ec-804a-1388b8e4618e,386c578b-2a53-4c3a-b910-a980fb1773c0
2011646a-46b3-4857-9537-95402e449913,0663a94d-7fc1-4427-9cdd-86e299c0fe86
d8a430f3-7daa-4432-b379-5346b40e3ada,e1f048ba-5b3e-4c91-9caf-28dca91525cf
62451e2a-04d7-4e64-9ab8-dd35eebabb2c,9e87af73-6ec7-473e-86b9-93fc8311efba
dd0e5c0c-496e-4b8c-83cc-a0367146ec35,9297f5e2-06f8-43dc-9765-87beb4350755
3aa7ed8f-7b5f-40d5-bc34-a65818d5e206,ae92de86-1329-4de8-bbcc-f478e9f8628b
3aa7ed8f-7b5f-40d5-bc34-a65818d5e206,69b294ca-7d15-4303-9762-216ec08f824e
d07d5a33-ef55-4bc5-8845-64d1d3392b2f,f413d6b6-6542-41fc-940c-6177cf5606aa
8febb4c1-e9cf-4dd3-a0dd-ed2bac8cd1b7,d89699f6-85db-4def-8de6-14cb07eb2c43
8febb4c1-e9cf-4dd3-a0dd-ed2bac8cd1b7,3ede1470-2ccd-442a-9411-0f2f431639e4
8febb4c1-e9cf-4dd3-a0dd-ed2bac8cd1b7,6e7ec579-d5fc-41c8-82f1-649532a23cb4
2a74d977-ef94-4042-8bea-57a009a50395,6ca59447-c208-40e3-ab57-7edb01549cbf
810c7c4f-59e6-4513-a28c-8ec574521482,20bc1485-d0c4-4b2b-b0b4-c282c203431a
0f70a798-5366-4e58-8d48-5c0b29fa6f44,3b16b9a9-28b5-4421-a419-f2c0a580a622
3cc70e01-9510-4d2d-ac3b-6ad1e1bb1d2c,6ca59447-c208-40e3-ab57-7edb01549cbf
a64b8712-b1de-46af-a3e5-95a667802e80,fe8e1adf-281b-493b-a6ec-1b86629a19d7
a64b8712-b1de-46af-a3e5-95a667802e80,d8552976-9336-4818-a952-a6ada26a3006
03e03f5d-32a5-43a6-9355-a4205427e442,6ca59447-c208-40e3-ab57-7edb01549cbf
67ac85b7-73c6-4108-afce-a8bf4176227b,992ae373-a9bc-4ae6-9d74-7082cf0a4c12
c4f38727-fddf-4fb9-80b2-a33776889924,af68b454-0781-4ba1-a037-4444038ef730
71400b9c-babd-4b8a-abda-e3ffea8050b5,5115a7f4-c481-4f49-bf54-506badb69a95
71400b9c-babd-4b8a-abda-e3ffea8050b5,f4053f71-94b5-40b2-92bd-fb588127fe38
3680872a-83b8-401e-b905-fabdf768fca4,6ca59447-c208-40e3-ab57-7edb01549cbf
d04b6c2b-8be2-4141-b5ea-75048bbc6c7f,fc1941db-1098-4bd5-a9c7-d9fe8b94172d
d04b6c2b-8be2-4141-b5ea-75048bbc6c7f,d8552976-9336-4818-a952-a6ada26a3006
75169eb1-33d5-4351-a4d5-ea7ae7909f0b,6ca59447-c208-40e3-ab57-7edb01549cbf
8ae2a6ab-1a1f-4ea8-b347-4026ce09bbd7,6ca59447-c208-40e3-ab57-7edb01549cbf
f20170b2-deda-4a2a-a107-ef2b3fa0f8fc,6ca59447-c208-40e3-ab57-7edb01549cbf
d630133c-f5d1-47d7-a9fa-30491f51bfe2,9d902a90-2e2d-4921-9d40-b5c18c6fe7ec
d630133c-f5d1-47d7-a9fa-30491f51bfe2,ae92de86-1329-4de8-bbcc-f478e9f8628b
e249db44-eb88-4d1d-9b76-819a9b073a44,9d902a90-2e2d-4921-9d40-b5c18c6fe7ec
e249db44-eb88-4d1d-9b76-819a9b073a44,992ae373-a9bc-4ae6-9d74-7082cf0a4c12
e249db44-eb88-4d1d-9b76-819a9b073a44,6ff9e82a-0eff-4a28-b5c4-68f943508bf2
f19a6483-6e87-4448-9b51-896051f63b4f,c7e9d8ec-9ba5-4048-82e7-c3d2ff02eb9b
03d9c4e0-3cc1-4a33-960f-d85220085fc5,6ca59447-c208-40e3-ab57-7edb01549cbf
c48500f3-d2ac-481e-a45a-e8225f43ab0a,fe8e1adf-281b-493b-a6ec-1b86629a19d7
c48500f3-d2ac-481e-a45a-e8225f43ab0a,efde0ce9-21df-44b4-ba54-c6d738ec2e64
548e64ed-1359-41d6-8097-27ed1c3d5b65,35501750-04e3-48bd-bfe4-3aa7d22e3baa
9fba0703-8ee3-447b-9354-5493305ebba5,6359b0bf-3af6-44e9-bf13-71c9fe0ead77
39b82987-7f79-4db9-ba25-02648627721c,6ca59447-c208-40e3-ab57-7edb01549cbf
6be4002f-53aa-43d5-8190-d261a4e741e6,52796119-3d9a-42c7-bbf9-82061c9bb95d
b2304fdb-f0dc-499b-82d1-403f91eef44c,46d4a1d1-c057-49ba-a879-db85b0cda4b9
f04f4808-a9e9-447c-b064-47666473595e,943fa8e9-69df-4f6e-8e47-3a81150d8b3d
d903ec3b-c65c-415c-8e2d-57b4be6d776a,6bdd587c-344f-4fb7-b1c6-d48b8b15a2d1
8ec4d7dd-3f19-43d1-b3b1-39c8c8c7c5df,6ca59447-c208-40e3-ab57-7edb01549cbf
a94c370e-ae40-441d-9f16-8b6f2f203346,6ca59447-c208-40e3-ab57-7edb01549cbf
738d53ef-f5b3-4d8b-b1fa-43a378028dd8,6ff9e82a-0eff-4a28-b5c4-68f943508bf2
bdf2ecf1-4f64-467e-bebb-f025219ae2c2,6ca59447-c208-40e3-ab57-7edb01549cbf
ccc16127-dc6e-4b8f-bf2d-fbcd6809c2ec,86ee7af8-32b3-4dea-ad35-ddeae2af469c
2dd120e9-efd2-4e32-b790-c1ae231c8928,6ccd09a6-df0b-427f-a639-7f3b30134426
8e824756-79b7-4635-b3c2-ea1c7a6f7866,6ca59447-c208-40e3-ab57-7edb01549cbf
ec13c83c-bad1-446a-904d-65a173a80858,6ca59447-c208-40e3-ab57-7edb01549cbf
a1e59279-e19d-4611-a11a-1fad6bd29e00,6ca59447-c208-40e3-ab57-7edb01549cbf
16947df5-c2a1-4b84-96b2-cb1d552ca1a4,d1c30f65-d081-40cd-91e8-193b4c51182a
05ab48b6-b0d6-4925-9a9a-afc05db78c81,992ae373-a9bc-4ae6-9d74-7082cf0a4c12
05ab48b6-b0d6-4925-9a9a-afc05db78c81,eddb9f19-4025-4f9a-8d44-a9bf94cb562e
04a5bf2f-344e-437f-91b6-0a55bb49e7f0,3b16b9a9-28b5-4421-a419-f2c0a580a622
77784515-817e-4d16-a068-0227d82d1806,d89699f6-85db-4def-8de6-14cb07eb2c43
77784515-817e-4d16-a068-0227d82d1806,1f33d527-6045-4358-afd9-602ae8644b43
ff2ece95-bd36-4851-97df-ef92cacdffa6,4c9945e5-4487-40d3-ac4d-0f39caa452c4
ff2ece95-bd36-4851-97df-ef92cacdffa6,992ae373-a9bc-4ae6-9d74-7082cf0a4c12
ff2ece95-bd36-4851-97df-ef92cacdffa6,6ff9e82a-0eff-4a28-b5c4-68f943508bf2
bf3bad94-591a-4830-b217-4fb23d5213c0,6ca59447-c208-40e3-ab57-7edb01549cbf
1fc214a8-a0b3-46c7-900c-4492dfffa158,6ca59447-c208-40e3-ab57-7edb01549cbf
12de81b8-410a-460f-aa64-e62df76adedb,386c578b-2a53-4c3a-b910-a980fb1773c0
c55ed827-6c8b-4b60-bb3c-23bd5710bde2,41d62f31-a92e-4ff2-9981-41f3cf46ebeb
278f19d4-f8ee-44d1-bb8a-8ace3464f5ab,992ae373-a9bc-4ae6-9d74-7082cf0a4c12
278f19d4-f8ee-44d1-bb8a-8ace3464f5ab,ae92de86-1329-4de8-bbcc-f478e9f8628b
278f19d4-f8ee-44d1-bb8a-8ace3464f5ab,6ff9e82a-0eff-4a28-b5c4-68f943508bf2
89f17b83-ea25-4138-9dbf-25e8624d6bce,992ae373-a9bc-4ae6-9d74-7082cf0a4c12
89f17b83-ea25-4138-9dbf-25e8624d6bce,eddb9f19-4025-4f9a-8d44-a9bf94cb562e
89f17b83-ea25-4138-9dbf-25e8624d6bce,05155868-5a51-4328-bec7-587f5f081148
f7304a74-ca07-486f-b3ac-65ed82340de5,992ae373-a9bc-4ae6-9d74-7082cf0a4c12
9da93ec7-42dc-4803-aa0c-9374557b0c15,1f33d527-6045-4358-afd9-602ae8644b43
d630133c-f5d1-47d7-a9fa-30491f51bfe2,6ff9e82a-0eff-4a28-b5c4-68f943508bf2
ba92854a-28f5-4cc2-8cd4-a4866f94dcb4,6ca59447-c208-40e3-ab57-7edb01549cbf
2910c286-9cb3-461b-a6d9-6d51b36edcdc,6ca59447-c208-40e3-ab57-7edb01549cbf
1bb7904c-39d4-4df3-a195-722e516c2e70,eddb9f19-4025-4f9a-8d44-a9bf94cb562e
1bb7904c-39d4-4df3-a195-722e516c2e70,992ae373-a9bc-4ae6-9d74-7082cf0a4c12
1bb7904c-39d4-4df3-a195-722e516c2e70,1f33d527-6045-4358-afd9-602ae8644b43
1bb7904c-39d4-4df3-a195-722e516c2e70,a935ba3a-86b5-400c-8948-e6375e9fc3fe
2b504b86-c246-491e-8c75-721161d76f4d,6ca59447-c208-40e3-ab57-7edb01549cbf
01f89d62-cbd9-49df-a594-dc61860afac5,3d8714f0-dbd9-4987-a0b1-746d5ddc9c9b
b4e366a5-d5d1-4369-9cf1-18f6a0902646,f413d6b6-6542-41fc-940c-6177cf5606aa
5eac6cb9-8800-414f-9a93-3d5f186b95f4,3b16b9a9-28b5-4421-a419-f2c0a580a622
3cce0694-4aa9-422f-85cd-caacb11d82a6,8d82500d-abce-4859-889f-991e369704e8
d5cb44f0-8cdb-49a9-8f36-bd4997d275e6,d89699f6-85db-4def-8de6-14cb07eb2c43
f7663342-e881-4215-b6ab-8cc43c9ee221,6ca59447-c208-40e3-ab57-7edb01549cbf
12e24519-7656-4e9c-9785-16a61b90fe1c,6ca59447-c208-40e3-ab57-7edb01549cbf
cb0b9404-a1db-4a5d-90d1-0a167c7faacf,ca64a6a5-167f-4dc6-a828-596ec7fb7bcf
e75f9c58-6a05-4053-914e-a17526f95526,50d749ed-12a3-48bb-88a9-ac8403bdc400
01f7581e-8c86-4048-94c8-9474b35262aa,3d947f3c-fa03-4667-b09a-25a8f2db2adb
545e0d7f-4d6f-46bf-baaf-1653080f5fcc,cde9a632-6add-43ce-8de9-84ce69637125
04bd0489-3ff2-4413-9687-ff1ab7897827,992ae373-a9bc-4ae6-9d74-7082cf0a4c12
04bd0489-3ff2-4413-9687-ff1ab7897827,41d62f31-a92e-4ff2-9981-41f3cf46ebeb
02a5f024-d871-453f-9d37-e29ce37f7170,3b16b9a9-28b5-4421-a419-f2c0a580a622
959db939-6352-4876-a210-84344975c298,992ae373-a9bc-4ae6-9d74-7082cf0a4c12
959db939-6352-4876-a210-84344975c298,b47cb9fd-b9c9-4d77-916d-93ed0c1a1879
74c88812-a64d-425c-acc8-84d61ea4536b,1f33d527-6045-4358-afd9-602ae8644b43
74c88812-a64d-425c-acc8-84d61ea4536b,f4053f71-94b5-40b2-92bd-fb588127fe38
af2efb4e-254c-40d9-87d7-da512ae175d7,3b16b9a9-28b5-4421-a419-f2c0a580a622
d5b1b7f4-f4c9-4d80-9315-54e424cf03da,9f6d5b2b-ac1c-4cc3-a7d1-7cedf98b7563
d5b1b7f4-f4c9-4d80-9315-54e424cf03da,6ff9e82a-0eff-4a28-b5c4-68f943508bf2
480f12ff-07fa-4efc-861d-cf276e71c4d4,fc1941db-1098-4bd5-a9c7-d9fe8b94172d
480f12ff-07fa-4efc-861d-cf276e71c4d4,d8552976-9336-4818-a952-a6ada26a3006
480f12ff-07fa-4efc-861d-cf276e71c4d4,b47cb9fd-b9c9-4d77-916d-93ed0c1a1879
219d8990-785d-440d-aeba-92b286772b97,3b16b9a9-28b5-4421-a419-f2c0a580a622
8b7bf9b7-538d-4941-9fc1-a591441969ba,992ae373-a9bc-4ae6-9d74-7082cf0a4c12
8b7bf9b7-538d-4941-9fc1-a591441969ba,ae92de86-1329-4de8-bbcc-f478e9f8628b
8b7bf9b7-538d-4941-9fc1-a591441969ba,6ff9e82a-0eff-4a28-b5c4-68f943508bf2
8b7bf9b7-538d-4941-9fc1-a591441969ba,fc1941db-1098-4bd5-a9c7-d9fe8b94172d
bce5c86f-d724-4120-b8cd-b08d67c59de0,1f33d527-6045-4358-afd9-602ae8644b43
bce5c86f-d724-4120-b8cd-b08d67c59de0,6ff9e82a-0eff-4a28-b5c4-68f943508bf2
ed942326-37ac-43c5-a3ed-fb2533c0eb29,6359b0bf-3af6-44e9-bf13-71c9fe0ead77
dd0c92dc-da8b-463b-87b6-b14faa3b11f6,992ae373-a9bc-4ae6-9d74-7082cf0a4c12
dd0c92dc-da8b-463b-87b6-b14faa3b11f6,eddb9f19-4025-4f9a-8d44-a9bf94cb562e
dd0c92dc-da8b-463b-87b6-b14faa3b11f6,1f33d527-6045-4358-afd9-602ae8644b43
5211117d-4fdf-4276-a42a-55e91378128f,02257903-92fa-4ef4-8ba7-12758b989472
b86fea8d-803d-442d-8352-fd1d3c8aa3d9,1f33d527-6045-4358-afd9-602ae8644b43
b86fea8d-803d-442d-8352-fd1d3c8aa3d9,5115a7f4-c481-4f49-bf54-506badb69a95
b9c6df2c-b47b-4ed2-8a61-a2b5923b04c1,386c578b-2a53-4c3a-b910-a980fb1773c0
25f38da6-27b1-469f-a76f-01e0829b00bc,efde0ce9-21df-44b4-ba54-c6d738ec2e64
25f38da6-27b1-469f-a76f-01e0829b00bc,1fa3719f-7f49-43d3-9416-c38e10968ac8
25f38da6-27b1-469f-a76f-01e0829b00bc,1f33d527-6045-4358-afd9-602ae8644b43
6cea9321-35db-4e68-a861-ebaadb3845dc,3d947f3c-fa03-4667-b09a-25a8f2db2adb
a73498fd-6537-4541-b6b6-d20568244463,52d84173-882a-48bc-98c2-da35a45c13c1
4bc7b16b-e760-40ac-863b-b4c8530944ee,6ca59447-c208-40e3-ab57-7edb01549cbf
68f53ed5-f327-4395-b468-732e03be76db,c0616b1c-7741-4f55-9da3-7b115b34481c
3c890371-9222-4990-b6a1-7eacbba4de09,aef4dfc9-2813-4a22-a2e2-92b10b9e7d01
67f12db6-74c0-4b71-bc09-2d585bab6d66,41d62f31-a92e-4ff2-9981-41f3cf46ebeb
6e1d0ab8-41a1-4d4a-a1c8-a51310d1b1b6,abc6c08b-0d8b-4b68-9a5e-18e8122308ca
5310557f-bc04-4a07-95f0-39ebcd129867,1f33d527-6045-4358-afd9-602ae8644b43
5310557f-bc04-4a07-95f0-39ebcd129867,eddb9f19-4025-4f9a-8d44-a9bf94cb562e
2ade2a1b-e779-4b7f-8149-c83031deaf46,b4f75e2e-aded-4dd2-8b9c-740be0e9164d
d9bdc55b-c2ec-4ce3-a7ad-44ac43f89972,9e87af73-6ec7-473e-86b9-93fc8311efba
d9bdc55b-c2ec-4ce3-a7ad-44ac43f89972,402d7328-f91d-488a-ad1c-53ecfd349095
6bc7b003-0bb5-4771-bbfb-f5b65301610e,3d947f3c-fa03-4667-b09a-25a8f2db2adb
2efb1c82-3196-4833-a570-d46b27448245,ff41c6fa-d1d3-461e-bc14-61438d2fe7d4
569fbe5f-0a73-4bd9-a9d5-95eae95094ba,5fc091c1-fa87-45b5-878f-8deb38c39f5e
463986e3-0121-4cc5-ba29-6dd1cf3ac8da,992ae373-a9bc-4ae6-9d74-7082cf0a4c12
463986e3-0121-4cc5-ba29-6dd1cf3ac8da,d8552976-9336-4818-a952-a6ada26a3006
b957cd0d-7240-4c0c-a291-d7498400fc72,a0ec4670-47c0-48d5-a9a0-c2012e886b58
b7f5685c-1f56-44a9-ad28-fa0c17ab2f84,6bdd587c-344f-4fb7-b1c6-d48b8b15a2d1
30ba4cec-7959-400e-a078-fc767761091e,52d84173-882a-48bc-98c2-da35a45c13c1
ee7f2c8b-2820-48a6-b8b5-928effa3848c,992ae373-a9bc-4ae6-9d74-7082cf0a4c12
ee7f2c8b-2820-48a6-b8b5-928effa3848c,ae92de86-1329-4de8-bbcc-f478e9f8628b
ee7f2c8b-2820-48a6-b8b5-928effa3848c,9f6d5b2b-ac1c-4cc3-a7d1-7cedf98b7563
53fef4ba-9e58-4986-a448-f4572c60a8f1,d89699f6-85db-4def-8de6-14cb07eb2c43
53fef4ba-9e58-4986-a448-f4572c60a8f1,6e7ec579-d5fc-41c8-82f1-649532a23cb4
8059014c-3004-4244-a80b-27fc67dadacb,386c578b-2a53-4c3a-b910-a980fb1773c0
5504e3c8-72bf-4f17-a0a3-b65da208afe1,992ae373-a9bc-4ae6-9d74-7082cf0a4c12
2ab1e3f8-fe7d-43fe-8f14-33eeaae017fc,f137d46d-5bac-404d-bfc9-d9fb8fc8a734
2ab1e3f8-fe7d-43fe-8f14-33eeaae017fc,992ae373-a9bc-4ae6-9d74-7082cf0a4c12
2ab1e3f8-fe7d-43fe-8f14-33eeaae017fc,72f27659-ea6c-40a3-9f2d-dfe7d82c853b
78ad01cc-62c5-4f6f-8ea1-4e2f90e69aec,6359b0bf-3af6-44e9-bf13-71c9fe0ead77
dfbdbbb6-dfa4-4e48-83ce-926261e51758,fc1941db-1098-4bd5-a9c7-d9fe8b94172d
dfbdbbb6-dfa4-4e48-83ce-926261e51758,41d62f31-a92e-4ff2-9981-41f3cf46ebeb
dfbdbbb6-dfa4-4e48-83ce-926261e51758,4c9945e5-4487-40d3-ac4d-0f39caa452c4
761e32cc-1e86-418c-9afa-ee1ac1be1099,5fc091c1-fa87-45b5-878f-8deb38c39f5e
3415a01c-12dd-410e-9b73-6d54f513ca56,1f33d527-6045-4358-afd9-602ae8644b43
3415a01c-12dd-410e-9b73-6d54f513ca56,6ff9e82a-0eff-4a28-b5c4-68f943508bf2
385be275-5100-44ae-9ece-9a5477a840eb,c1615e31-4a06-4e33-8d90-0d9273fbce91
6f1de5f9-b3ec-4bf3-abb9-18744ef6b30e,8d82500d-abce-4859-889f-991e369704e8
a44b19b6-55d2-4de1-9126-fb7ad11258c2,992ae373-a9bc-4ae6-9d74-7082cf0a4c12
a44b19b6-55d2-4de1-9126-fb7ad11258c2,6ff9e82a-0eff-4a28-b5c4-68f943508bf2
a44b19b6-55d2-4de1-9126-fb7ad11258c2,72f27659-ea6c-40a3-9f2d-dfe7d82c853b
5e3f3f85-6a91-4a5e-bca3-a525226ec0d2,c0616b1c-7741-4f55-9da3-7b115b34481c
8db2a4e3-ee4b-474f-a6d2-d9492c8254c6,b1938d90-e95c-4a12-87a3-4e4e3b8b4658
da8995ec-5621-4849-9928-8f9c5a1f712b,03361f27-53e9-4b05-8323-5824a02f071a
569401a7-46a4-438e-9d20-37ff7a563249,992ae373-a9bc-4ae6-9d74-7082cf0a4c12
569401a7-46a4-438e-9d20-37ff7a563249,f137d46d-5bac-404d-bfc9-d9fb8fc8a734
d2a8fd9c-67d9-4f01-97c9-de3bcacd88a0,8e47f6b9-4a44-4ce0-98bf-f3e7356fa1d2
25b0111d-44b7-4fa7-bf30-dc5e43ae9225,6ca59447-c208-40e3-ab57-7edb01549cbf
e06b6e19-5b8a-4008-90cd-e24fe49a9561,12e1702a-7623-4b11-a224-44601b67328c
5d920e75-91b6-4f57-b2cf-ed16cd98ef31,6ca59447-c208-40e3-ab57-7edb01549cbf
948bedb1-d4cb-4e4d-b6f2-b8394c28c0eb,6ca59447-c208-40e3-ab57-7edb01549cbf
61dd9029-0c8f-4135-ad46-fdf10c299a44,6ca59447-c208-40e3-ab57-7edb01549cbf
6f1301dc-60ff-4d06-bc91-e46d8b2c5ef8,40193610-2542-4d28-a63f-078467cb7f0a
8b41ea98-f111-4aff-86ab-55db8769c8b6,3b16b9a9-28b5-4421-a419-f2c0a580a622
549de44e-f55d-4c12-a0fe-350d5a88976a,3b16b9a9-28b5-4421-a419-f2c0a580a622
f9f15c82-b392-4db8-ba37-4841d44fb8b4,6ca59447-c208-40e3-ab57-7edb01549cbf
4375de96-759a-460b-a348-da5a53b3f98c,386c578b-2a53-4c3a-b910-a980fb1773c0
af1ac6a6-330f-4f6d-8e69-cef363516efc,fdcf52f4-837d-4eb2-8b19-a40395d6034f
cd197774-f2de-45bd-a516-e44cc014feab,6ca59447-c208-40e3-ab57-7edb01549cbf
b1a6094d-8101-4b54-9d0b-ccbf6c5b5669,992ae373-a9bc-4ae6-9d74-7082cf0a4c12
a3981979-1a3c-4cb1-9360-8d16280f58fe,ae92de86-1329-4de8-bbcc-f478e9f8628b
a3981979-1a3c-4cb1-9360-8d16280f58fe,992ae373-a9bc-4ae6-9d74-7082cf0a4c12
c11f2056-dd15-45fd-9f73-16a3436c6c1a,eddb9f19-4025-4f9a-8d44-a9bf94cb562e
b7e80d31-653d-426b-8cba-4c3c5d99834a,6359b0bf-3af6-44e9-bf13-71c9fe0ead77
f3b0d81c-a376-455f-bbfe-7666382a452b,6ff9e82a-0eff-4a28-b5c4-68f943508bf2
f3b0d81c-a376-455f-bbfe-7666382a452b,1f33d527-6045-4358-afd9-602ae8644b43
f3b0d81c-a376-455f-bbfe-7666382a452b,eddb9f19-4025-4f9a-8d44-a9bf94cb562e
2fd75ef1-eec6-4f36-b2f7-d134208b3867,992ae373-a9bc-4ae6-9d74-7082cf0a4c12
115f32c6-2b24-4b9d-834a-4ec7863881de,3d947f3c-fa03-4667-b09a-25a8f2db2adb
2aec9de8-c381-4f01-a4c8-e82b5378d802,9e87af73-6ec7-473e-86b9-93fc8311efba
2aec9de8-c381-4f01-a4c8-e82b5378d802,d89699f6-85db-4def-8de6-14cb07eb2c43
2aec9de8-c381-4f01-a4c8-e82b5378d802,6e7ec579-d5fc-41c8-82f1-649532a23cb4
2aec9de8-c381-4f01-a4c8-e82b5378d802,f4053f71-94b5-40b2-92bd-fb588127fe38
101aaac0-e525-434e-aad6-fd7cf1a43012,4c9945e5-4487-40d3-ac4d-0f39caa452c4
101aaac0-e525-434e-aad6-fd7cf1a43012,1f33d527-6045-4358-afd9-602ae8644b43
975a810a-f2b4-4058-9267-901932d2c92d,09469f3b-ef30-4f6b-9f7a-40f44037e953
e5b6f60a-865a-4222-af71-5a09d8dc8391,992ae373-a9bc-4ae6-9d74-7082cf0a4c12
e5b6f60a-865a-4222-af71-5a09d8dc8391,1f33d527-6045-4358-afd9-602ae8644b43
1a63f6ff-531a-4279-b3ae-5d7725d0c783,e5c050af-918f-4377-8516-d61383dd7eeb
7aa010c2-fc8e-4a37-b855-0d91e6b99288,992ae373-a9bc-4ae6-9d74-7082cf0a4c12
7aa010c2-fc8e-4a37-b855-0d91e6b99288,d89699f6-85db-4def-8de6-14cb07eb2c43
75ab87dd-6421-4007-8aa7-04fa5505ed83,41d62f31-a92e-4ff2-9981-41f3cf46ebeb
5bfffb49-e9d8-40bb-8af0-c67bc7db0bc2,8d82500d-abce-4859-889f-991e369704e8
a55c749a-b0a3-4589-8954-f5d501121e8b,ec2041c0-abc0-43e0-b203-b9c87571eacb
8ee10f26-2b25-4dc7-8d87-db8d61176ac6,cc81e6bc-9247-4f0e-9eb4-ca3900ac7217
75bc7c17-f318-4f8c-9ef5-3cea74cd192b,3b16b9a9-28b5-4421-a419-f2c0a580a622
0857328d-e2f5-4f20-9b5a-608b323591c0,1f33d527-6045-4358-afd9-602ae8644b43
0857328d-e2f5-4f20-9b5a-608b323591c0,eddb9f19-4025-4f9a-8d44-a9bf94cb562e
a69d83cd-1b92-4556-91fa-ee4823069b45,af68b454-0781-4ba1-a037-4444038ef730
9aab3d26-8e81-433d-a565-5a94aa8a3b9d,3b16b9a9-28b5-4421-a419-f2c0a580a622
b16f1353-ce52-4c6e-9c3f-2416771875fa,e47cd590-4bd7-4399-a7ec-b5c1838ed835
b8f8683f-2b24-4ebb-9ca9-cb8bed6fdb26,386c578b-2a53-4c3a-b910-a980fb1773c0
2a6ff8ef-549f-4126-81a6-3907c192350e,6fe661aa-ffec-44c5-8de9-c80eef106e6b
0e856e0a-4287-406b-98c8-752138eef542,46d4a1d1-c057-49ba-a879-db85b0cda4b9
ffdfd154-abc9-4e77-bbba-0073700d9e43,1bcd244a-c2a5-4a4e-8572-b7459305a8b1
c9708c61-c8d0-44a6-9ac6-3d69a95c698a,b4f75e2e-aded-4dd2-8b9c-740be0e9164d
2deec31a-8a06-41c9-9e5e-1486b199ef62,ff41c6fa-d1d3-461e-bc14-61438d2fe7d4
d62289f9-72d6-46fd-9b67-c35306af696a,e1f048ba-5b3e-4c91-9caf-28dca91525cf
3f7abc4e-00fc-4835-9ef1-696f1d1b2652,6ca59447-c208-40e3-ab57-7edb01549cbf
5b4101c4-131b-4e07-8cf6-15b2931681c2,992ae373-a9bc-4ae6-9d74-7082cf0a4c12
5b4101c4-131b-4e07-8cf6-15b2931681c2,ae92de86-1329-4de8-bbcc-f478e9f8628b
642a1fa2-dc47-47c1-9381-7a29d5f51eb0,6ca59447-c208-40e3-ab57-7edb01549cbf
4bf4fd7a-1ee7-4f02-b6fa-78a06ecf9118,6ca59447-c208-40e3-ab57-7edb01549cbf
16dd1d44-9db4-4611-afa9-89d393c003b4,6ff9e82a-0eff-4a28-b5c4-68f943508bf2
badd2133-7503-4933-aad8-034ea3a51f8b,a558c676-742a-40c3-ab74-60a0f34d0c43
caa8857f-246d-4b9c-9da2-6f02f054e842,02257903-92fa-4ef4-8ba7-12758b989472
5bd2a241-936a-4b00-9b05-41f0e195bd18,02257903-92fa-4ef4-8ba7-12758b989472
1f5010f9-5e69-4ae0-90ce-ba9b4ecae786,1f33d527-6045-4358-afd9-602ae8644b43
1f5010f9-5e69-4ae0-90ce-ba9b4ecae786,f4053f71-94b5-40b2-92bd-fb588127fe38
826e771e-4c07-47a5-86af-6e4a79043153,386c578b-2a53-4c3a-b910-a980fb1773c0
d66447f3-ca84-402d-b7f8-ea101cf84ce6,dc23b550-ff28-4b18-ae4c-dc17ca0235ab
b694faa3-2fce-4830-9bd2-8cabdab0e0f6,d89699f6-85db-4def-8de6-14cb07eb2c43
16012b69-ca4a-44ee-a055-77267d03b396,992ae373-a9bc-4ae6-9d74-7082cf0a4c12
16012b69-ca4a-44ee-a055-77267d03b396,eddb9f19-4025-4f9a-8d44-a9bf94cb562e
823d316e-0c32-4804-b92d-a718430b0e68,ff41c6fa-d1d3-461e-bc14-61438d2fe7d4
dd696430-0b06-4ee0-af9c-99b42a972a87,ff41c6fa-d1d3-461e-bc14-61438d2fe7d4
c136571c-2100-42ff-b864-2222946349cd,6ccd09a6-df0b-427f-a639-7f3b30134426
02d55f9e-37af-449e-b18e-aa21247d9734,dca26f5a-6485-43d1-9b87-82b066477f04
dcef0925-53f1-4ee8-a50e-f23ea2c79e4b,52796119-3d9a-42c7-bbf9-82061c9bb95d
00687dce-4810-4a9e-8fd6-04b598ebb2d7,7a8e0e9d-28f2-40d7-8696-9db0a75a628d
3b0d9759-27fd-49d4-bcf1-ff7b38d2a484,636ec317-4c7e-4140-949e-b81cdece4be4
2028ee56-db7c-4732-bae5-f55aa2294b36,992ae373-a9bc-4ae6-9d74-7082cf0a4c12
2028ee56-db7c-4732-bae5-f55aa2294b36,0663a94d-7fc1-4427-9cdd-86e299c0fe86
8e6a2b5e-89c9-4325-bc0c-00a3a223cb18,9297f5e2-06f8-43dc-9765-87beb4350755
4b7c55a2-adf3-4db0-ba7b-9d960cf69131,1f33d527-6045-4358-afd9-602ae8644b43
132dbade-cb67-41b5-9309-33afe0154fbd,992ae373-a9bc-4ae6-9d74-7082cf0a4c12
132dbade-cb67-41b5-9309-33afe0154fbd,3ede1470-2ccd-442a-9411-0f2f431639e4
132dbade-cb67-41b5-9309-33afe0154fbd,4233781b-0b6c-49b5-a398-eef49e34cd7c
25b36272-7969-4471-8764-12515b3a41ba,f413d6b6-6542-41fc-940c-6177cf5606aa
707250b5-ba69-4b80-b872-4f0b75181e15,386c578b-2a53-4c3a-b910-a980fb1773c0
a6260262-1212-4938-95d7-43b1eaedfe43,6ca59447-c208-40e3-ab57-7edb01549cbf
9634d9ac-f4f3-4821-a5bd-5425e124e4b2,6ca59447-c208-40e3-ab57-7edb01549cbf
3d7f84b1-11e6-4125-a82f-a896a5dcda7c,eddb9f19-4025-4f9a-8d44-a9bf94cb562e
3d7f84b1-11e6-4125-a82f-a896a5dcda7c,1f33d527-6045-4358-afd9-602ae8644b43
a139bfbe-0321-461a-b318-863d55e9d122,6e7ec579-d5fc-41c8-82f1-649532a23cb4
a139bfbe-0321-461a-b318-863d55e9d122,6ff9e82a-0eff-4a28-b5c4-68f943508bf2
a139bfbe-0321-461a-b318-863d55e9d122,992ae373-a9bc-4ae6-9d74-7082cf0a4c12
a876801a-06e7-43a3-b465-9df6897be5cb,d1c30f65-d081-40cd-91e8-193b4c51182a
c02cfb7a-a73b-4e55-b3ae-8935aa837d08,c7e9d8ec-9ba5-4048-82e7-c3d2ff02eb9b
82efee0a-8f36-4d9e-89b3-f7a4d6b52606,28408059-9560-428c-be43-378a604ac3e8
9f4333ad-985f-44e7-a823-561f7347d4e8,6e7ec579-d5fc-41c8-82f1-649532a23cb4
b6771f75-9232-4fe8-81c8-fe71f7039eca,0ee9f564-1d84-4c16-8227-802613b88a09
72ca78a4-b760-4368-93a3-fbff92cc2091,5fc091c1-fa87-45b5-878f-8deb38c39f5e
c3e8cfd4-0a24-4085-8e8a-0449a3683097,1f33d527-6045-4358-afd9-602ae8644b43
359c2db2-ea1d-48dd-b88a-f709d037c181,5fc091c1-fa87-45b5-878f-8deb38c39f5e
67f5fd6a-ecea-4d48-9fc1-9726e8e149ef,28408059-9560-428c-be43-378a604ac3e8
740fcfee-37c1-4214-a8aa-bc7d184b5d37,0ee9f564-1d84-4c16-8227-802613b88a09
c75923ad-832c-4b46-b830-9776b62dd70e,cc81e6bc-9247-4f0e-9eb4-ca3900ac7217
d41f97a1-47d2-4494-883e-f6da621167d2,20bc1485-d0c4-4b2b-b0b4-c282c203431a
eee31884-5b0b-4a18-95ee-43a228db47ac,ca64a6a5-167f-4dc6-a828-596ec7fb7bcf
11ddd7dc-f771-467b-abf5-be1c0a4b4404,386c578b-2a53-4c3a-b910-a980fb1773c0
16b5ac8b-11dc-49c9-9d24-59c9c992f5d8,d89699f6-85db-4def-8de6-14cb07eb2c43
16b5ac8b-11dc-49c9-9d24-59c9c992f5d8,1f33d527-6045-4358-afd9-602ae8644b43
068f9586-3f41-4331-b4f2-1488c04e0085,cde9a632-6add-43ce-8de9-84ce69637125
2210039d-69fe-44a3-8dd9-fe68cd51e2d0,eddb9f19-4025-4f9a-8d44-a9bf94cb562e
2210039d-69fe-44a3-8dd9-fe68cd51e2d0,1f33d527-6045-4358-afd9-602ae8644b43
4eda66b6-c191-4157-8938-b9a1d5b22081,5fc091c1-fa87-45b5-878f-8deb38c39f5e
1ea7c9e0-4dfd-4da6-b202-cb78f8a830fc,1fa3719f-7f49-43d3-9416-c38e10968ac8
1ea7c9e0-4dfd-4da6-b202-cb78f8a830fc,eddb9f19-4025-4f9a-8d44-a9bf94cb562e
2703416c-36c2-4164-a0b8-5411deaaf87d,cc81e6bc-9247-4f0e-9eb4-ca3900ac7217
5f662f02-81d1-41fd-b095-fdf7530fd9ba,48b92705-c8ea-4e8e-9bc2-439bf30ce746
e0703604-ab78-444b-8401-6fe6b52249b4,d89699f6-85db-4def-8de6-14cb07eb2c43
e0703604-ab78-444b-8401-6fe6b52249b4,f137d46d-5bac-404d-bfc9-d9fb8fc8a734
0f83c7b4-e5cb-431a-88d6-1d2c75811965,50d749ed-12a3-48bb-88a9-ac8403bdc400
78348f94-593c-443c-af36-f5e7c01a1add,ca64a6a5-167f-4dc6-a828-596ec7fb7bcf
09345e48-4729-4907-bf84-c94f9bfd32d5,fe5f9116-b18a-42bb-bead-1f0a20aae294
1e67fa21-b522-495c-b0f5-e93bc221bf34,3b16b9a9-28b5-4421-a419-f2c0a580a622
1eb20316-1429-4d61-935c-458d7eaefca4,d89699f6-85db-4def-8de6-14cb07eb2c43
1eb20316-1429-4d61-935c-458d7eaefca4,f4053f71-94b5-40b2-92bd-fb588127fe38
1eb20316-1429-4d61-935c-458d7eaefca4,1f33d527-6045-4358-afd9-602ae8644b43
42432c50-ca04-47c3-aacd-1ba1db08931c,ed75086e-ad87-42df-b512-6dba1ac50161
cf5b4582-b8a6-4bbe-b7ad-72f60fe54d55,aef4dfc9-2813-4a22-a2e2-92b10b9e7d01
26290975-dc51-4364-9701-057cfae6c2c5,eddb9f19-4025-4f9a-8d44-a9bf94cb562e
26290975-dc51-4364-9701-057cfae6c2c5,1f33d527-6045-4358-afd9-602ae8644b43
33bb369f-f7aa-4bd3-a23a-77ebd038b21a,7a8e0e9d-28f2-40d7-8696-9db0a75a628d
3f0ec6e3-f88b-452f-b476-904d7a5a7364,02257903-92fa-4ef4-8ba7-12758b989472
806c20f4-a3e9-4550-87da-0bf26ea0a39f,6ccd09a6-df0b-427f-a639-7f3b30134426
9833493f-8796-41f7-9641-e1aad940d885,cc81e6bc-9247-4f0e-9eb4-ca3900ac7217
e2bc982d-9e43-49f9-b01c-0de76ce23fac,1f33d527-6045-4358-afd9-602ae8644b43
4d3c3f95-3b5f-4d52-8bcd-837c6ebd6e88,8d82500d-abce-4859-889f-991e369704e8
51f28214-edbe-438c-bd32-1f885e4c0274,636ec317-4c7e-4140-949e-b81cdece4be4
778793ea-cd07-40a3-9cff-c9bbd0344c37,9e81cd13-e8cd-4e2a-93bc-7ab8e87c20d9
c3e89682-219f-476b-97b9-a0eb7e95917d,e1f048ba-5b3e-4c91-9caf-28dca91525cf
4bbc8ede-14e2-4912-a19a-dce23a3d5fc7,eddb9f19-4025-4f9a-8d44-a9bf94cb562e
4bbc8ede-14e2-4912-a19a-dce23a3d5fc7,1f33d527-6045-4358-afd9-602ae8644b43
640e6f97-2bc3-41c1-b04d-cee088ea3d40,636ec317-4c7e-4140-949e-b81cdece4be4
cf96277e-e5bc-47c6-9d31-ef0b2b2b077c,02257903-92fa-4ef4-8ba7-12758b989472
f7e70603-3279-4b29-914f-07684519f684,992ae373-a9bc-4ae6-9d74-7082cf0a4c12
fc12dadb-88d5-4276-97ef-34aabe638177,8e47f6b9-4a44-4ce0-98bf-f3e7356fa1d2
1faca66a-5697-446a-a626-218a4de56727,ff41c6fa-d1d3-461e-bc14-61438d2fe7d4
2012e1c1-3713-4186-bfc6-e74311d27159,f5ae86d6-7b29-42fb-b3b0-3b474b2978f5
30c63668-be87-4dcb-9f52-ea68924ba0de,28408059-9560-428c-be43-378a604ac3e8
4b871f54-c5ed-48c3-956c-d7abc1ca666a,6e7ec579-d5fc-41c8-82f1-649532a23cb4
6473c95e-d37e-4853-97e6-69aa1830630d,dca26f5a-6485-43d1-9b87-82b066477f04
8089d17e-aa22-4ebd-84e0-5f7661475a94,9e87af73-6ec7-473e-86b9-93fc8311efba
8089d17e-aa22-4ebd-84e0-5f7661475a94,c1b2a3c9-ac3a-4dee-9cb6-1cb1c80d0b9b
bd491e89-3b94-4946-81fc-4e440b44ba8f,6ca59447-c208-40e3-ab57-7edb01549cbf
91df69ba-f6f8-4a64-8957-84a4cd89d4d6,6e7ec579-d5fc-41c8-82f1-649532a23cb4
bd4312b2-9c0d-47ac-9bca-c4ec69a97b89,af68b454-0781-4ba1-a037-4444038ef730
4af79832-64c0-40e5-9545-0d91a79c996e,3b16b9a9-28b5-4421-a419-f2c0a580a622
